fecha,entidad_id,tipo_credito,deudores
2015-01-31,ALFIN,consumo,425372.000000
2015-01-31,BANCOM,consumo,64509.000000
2015-01-31,BANCOM,corporativo,5.000000
2015-01-31,BANCOM,grandes_empresas,42.000000
2015-01-31,BANCOM,hipotecario,302.000000
2015-01-31,BANCOM,medianas_empresas,241.000000
2015-01-31,BANCOM,microempresas,924.000000
2015-01-31,BANCOM,pequenas_empresas,1080.000000
2015-01-31,BBVA,consumo,346080.000000
2015-01-31,BBVA,corporativo,212.000000
2015-01-31,BBVA,grandes_empresas,1519.000000
2015-01-31,BBVA,hipotecario,50276.000000
2015-01-31,BBVA,medianas_empresas,13692.000000
2015-01-31,BBVA,microempresas,2646.000000
2015-01-31,BBVA,pequenas_empresas,17365.000000
2015-01-31,BCP,consumo,868911.000000
2015-01-31,BCP,corporativo,403.000000
2015-01-31,BCP,grandes_empresas,1657.000000
2015-01-31,BCP,hipotecario,62011.000000
2015-01-31,BCP,medianas_empresas,16536.000000
2015-01-31,BCP,microempresas,26362.000000
2015-01-31,BCP,pequenas_empresas,65109.000000
2015-01-31,BIF,consumo,62590.000000
2015-01-31,BIF,corporativo,67.000000
2015-01-31,BIF,grandes_empresas,362.000000
2015-01-31,BIF,hipotecario,9028.000000
2015-01-31,BIF,medianas_empresas,3889.000000
2015-01-31,BIF,microempresas,3034.000000
2015-01-31,BIF,pequenas_empresas,3871.000000
2015-01-31,CENCOSUD,consumo,240678.000000
2015-01-31,CITIBANK,consumo,83514.000000
2015-01-31,CITIBANK,corporativo,55.000000
2015-01-31,CITIBANK,grandes_empresas,96.000000
2015-01-31,CITIBANK,hipotecario,33.000000
2015-01-31,CITIBANK,medianas_empresas,32.000000
2015-01-31,CITIBANK,microempresas,8.000000
2015-01-31,CITIBANK,pequenas_empresas,6.000000
2015-01-31,FALABELLA,consumo,1097387.000000
2015-01-31,FALABELLA,hipotecario,222.000000
2015-01-31,FALABELLA,medianas_empresas,1.000000
2015-01-31,GNB,consumo,43852.000000
2015-01-31,GNB,corporativo,25.000000
2015-01-31,GNB,grandes_empresas,145.000000
2015-01-31,GNB,hipotecario,4340.000000
2015-01-31,GNB,medianas_empresas,410.000000
2015-01-31,GNB,microempresas,8.000000
2015-01-31,GNB,pequenas_empresas,52.000000
2015-01-31,ICBC,corporativo,8.000000
2015-01-31,ICBC,grandes_empresas,3.000000
2015-01-31,INTERBANK,consumo,811014.000000
2015-01-31,INTERBANK,corporativo,130.000000
2015-01-31,INTERBANK,grandes_empresas,573.000000
2015-01-31,INTERBANK,hipotecario,35962.000000
2015-01-31,INTERBANK,medianas_empresas,3882.000000
2015-01-31,INTERBANK,microempresas,1226.000000
2015-01-31,INTERBANK,pequenas_empresas,8050.000000
2015-01-31,MIBANCO,consumo,26897.000000
2015-01-31,MIBANCO,hipotecario,4773.000000
2015-01-31,MIBANCO,medianas_empresas,2780.000000
2015-01-31,MIBANCO,microempresas,186456.000000
2015-01-31,MIBANCO,pequenas_empresas,77370.000000
2015-01-31,PICHINCHA,consumo,215609.000000
2015-01-31,PICHINCHA,corporativo,101.000000
2015-01-31,PICHINCHA,grandes_empresas,312.000000
2015-01-31,PICHINCHA,hipotecario,7906.000000
2015-01-31,PICHINCHA,medianas_empresas,2229.000000
2015-01-31,PICHINCHA,microempresas,20440.000000
2015-01-31,PICHINCHA,pequenas_empresas,17799.000000
2015-01-31,RIPLEY,consumo,507124.000000
2015-01-31,RIPLEY,microempresas,9.000000
2015-01-31,SANTANDER,consumo,17.000000
2015-01-31,SANTANDER,corporativo,62.000000
2015-01-31,SANTANDER,grandes_empresas,167.000000
2015-01-31,SANTANDER,medianas_empresas,143.000000
2015-01-31,SANTANDER,pequenas_empresas,7.000000
2015-01-31,SCOTIABANK,consumo,251913.000000
2015-01-31,SCOTIABANK,corporativo,137.000000
2015-01-31,SCOTIABANK,grandes_empresas,791.000000
2015-01-31,SCOTIABANK,hipotecario,28500.000000
2015-01-31,SCOTIABANK,medianas_empresas,11211.000000
2015-01-31,SCOTIABANK,microempresas,4669.000000
2015-01-31,SCOTIABANK,pequenas_empresas,51824.000000
2015-02-28,ALFIN,consumo,418724.000000
2015-02-28,BANCOM,consumo,64415.000000
2015-02-28,BANCOM,corporativo,5.000000
2015-02-28,BANCOM,grandes_empresas,46.000000
2015-02-28,BANCOM,hipotecario,305.000000
2015-02-28,BANCOM,medianas_empresas,234.000000
2015-02-28,BANCOM,microempresas,885.000000
2015-02-28,BANCOM,pequenas_empresas,1024.000000
2015-02-28,BBVA,consumo,348355.000000
2015-02-28,BBVA,corporativo,209.000000
2015-02-28,BBVA,grandes_empresas,1543.000000
2015-02-28,BBVA,hipotecario,50378.000000
2015-02-28,BBVA,medianas_empresas,13806.000000
2015-02-28,BBVA,microempresas,2708.000000
2015-02-28,BBVA,pequenas_empresas,17307.000000
2015-02-28,BCP,consumo,864112.000000
2015-02-28,BCP,corporativo,418.000000
2015-02-28,BCP,grandes_empresas,1652.000000
2015-02-28,BCP,hipotecario,62080.000000
2015-02-28,BCP,medianas_empresas,16841.000000
2015-02-28,BCP,microempresas,26864.000000
2015-02-28,BCP,pequenas_empresas,65288.000000
2015-02-28,BIF,consumo,63588.000000
2015-02-28,BIF,corporativo,72.000000
2015-02-28,BIF,grandes_empresas,367.000000
2015-02-28,BIF,hipotecario,9125.000000
2015-02-28,BIF,medianas_empresas,3877.000000
2015-02-28,BIF,microempresas,2950.000000
2015-02-28,BIF,pequenas_empresas,3897.000000
2015-02-28,CENCOSUD,consumo,240292.000000
2015-02-28,CITIBANK,consumo,82589.000000
2015-02-28,CITIBANK,corporativo,57.000000
2015-02-28,CITIBANK,grandes_empresas,92.000000
2015-02-28,CITIBANK,hipotecario,33.000000
2015-02-28,CITIBANK,medianas_empresas,31.000000
2015-02-28,CITIBANK,microempresas,7.000000
2015-02-28,CITIBANK,pequenas_empresas,6.000000
2015-02-28,FALABELLA,consumo,1098988.000000
2015-02-28,FALABELLA,grandes_empresas,1.000000
2015-02-28,FALABELLA,hipotecario,220.000000
2015-02-28,FALABELLA,medianas_empresas,1.000000
2015-02-28,GNB,consumo,43789.000000
2015-02-28,GNB,corporativo,25.000000
2015-02-28,GNB,grandes_empresas,139.000000
2015-02-28,GNB,hipotecario,4408.000000
2015-02-28,GNB,medianas_empresas,420.000000
2015-02-28,GNB,microempresas,8.000000
2015-02-28,GNB,pequenas_empresas,67.000000
2015-02-28,ICBC,corporativo,8.000000
2015-02-28,ICBC,grandes_empresas,3.000000
2015-02-28,INTERBANK,consumo,815558.000000
2015-02-28,INTERBANK,corporativo,127.000000
2015-02-28,INTERBANK,grandes_empresas,557.000000
2015-02-28,INTERBANK,hipotecario,36016.000000
2015-02-28,INTERBANK,medianas_empresas,3856.000000
2015-02-28,INTERBANK,microempresas,1106.000000
2015-02-28,INTERBANK,pequenas_empresas,7994.000000
2015-02-28,MIBANCO,consumo,26961.000000
2015-02-28,MIBANCO,hipotecario,4813.000000
2015-02-28,MIBANCO,medianas_empresas,2632.000000
2015-02-28,MIBANCO,microempresas,185954.000000
2015-02-28,MIBANCO,pequenas_empresas,75999.000000
2015-02-28,PICHINCHA,consumo,212841.000000
2015-02-28,PICHINCHA,corporativo,103.000000
2015-02-28,PICHINCHA,grandes_empresas,309.000000
2015-02-28,PICHINCHA,hipotecario,7975.000000
2015-02-28,PICHINCHA,medianas_empresas,2196.000000
2015-02-28,PICHINCHA,microempresas,19933.000000
2015-02-28,PICHINCHA,pequenas_empresas,17507.000000
2015-02-28,RIPLEY,consumo,498341.000000
2015-02-28,RIPLEY,microempresas,9.000000
2015-02-28,SANTANDER,consumo,14.000000
2015-02-28,SANTANDER,corporativo,59.000000
2015-02-28,SANTANDER,grandes_empresas,174.000000
2015-02-28,SANTANDER,medianas_empresas,148.000000
2015-02-28,SANTANDER,pequenas_empresas,5.000000
2015-02-28,SCOTIABANK,consumo,254931.000000
2015-02-28,SCOTIABANK,corporativo,139.000000
2015-02-28,SCOTIABANK,grandes_empresas,788.000000
2015-02-28,SCOTIABANK,hipotecario,28653.000000
2015-02-28,SCOTIABANK,medianas_empresas,11316.000000
2015-02-28,SCOTIABANK,microempresas,4595.000000
2015-02-28,SCOTIABANK,pequenas_empresas,50720.000000
2015-03-31,ALFIN,consumo,414525.000000
2015-03-31,BANCOM,consumo,63607.000000
2015-03-31,BANCOM,corporativo,6.000000
2015-03-31,BANCOM,grandes_empresas,43.000000
2015-03-31,BANCOM,hipotecario,310.000000
2015-03-31,BANCOM,medianas_empresas,207.000000
2015-03-31,BANCOM,microempresas,773.000000
2015-03-31,BANCOM,pequenas_empresas,886.000000
2015-03-31,BBVA,consumo,344750.000000
2015-03-31,BBVA,corporativo,230.000000
2015-03-31,BBVA,grandes_empresas,1498.000000
2015-03-31,BBVA,hipotecario,50443.000000
2015-03-31,BBVA,medianas_empresas,13907.000000
2015-03-31,BBVA,microempresas,2749.000000
2015-03-31,BBVA,pequenas_empresas,17147.000000
2015-03-31,BCP,consumo,867068.000000
2015-03-31,BCP,corporativo,419.000000
2015-03-31,BCP,grandes_empresas,1655.000000
2015-03-31,BCP,hipotecario,62622.000000
2015-03-31,BCP,medianas_empresas,16855.000000
2015-03-31,BCP,microempresas,27049.000000
2015-03-31,BCP,pequenas_empresas,64481.000000
2015-03-31,BIF,consumo,62926.000000
2015-03-31,BIF,corporativo,75.000000
2015-03-31,BIF,grandes_empresas,373.000000
2015-03-31,BIF,hipotecario,9267.000000
2015-03-31,BIF,medianas_empresas,3917.000000
2015-03-31,BIF,microempresas,3370.000000
2015-03-31,BIF,pequenas_empresas,3271.000000
2015-03-31,CENCOSUD,consumo,241497.000000
2015-03-31,CITIBANK,consumo,81436.000000
2015-03-31,CITIBANK,corporativo,51.000000
2015-03-31,CITIBANK,grandes_empresas,97.000000
2015-03-31,CITIBANK,hipotecario,29.000000
2015-03-31,CITIBANK,medianas_empresas,30.000000
2015-03-31,CITIBANK,microempresas,8.000000
2015-03-31,CITIBANK,pequenas_empresas,6.000000
2015-03-31,FALABELLA,consumo,1108138.000000
2015-03-31,FALABELLA,grandes_empresas,1.000000
2015-03-31,FALABELLA,hipotecario,215.000000
2015-03-31,FALABELLA,medianas_empresas,1.000000
2015-03-31,GNB,consumo,43230.000000
2015-03-31,GNB,corporativo,25.000000
2015-03-31,GNB,grandes_empresas,143.000000
2015-03-31,GNB,hipotecario,4449.000000
2015-03-31,GNB,medianas_empresas,433.000000
2015-03-31,GNB,microempresas,10.000000
2015-03-31,GNB,pequenas_empresas,76.000000
2015-03-31,ICBC,corporativo,8.000000
2015-03-31,ICBC,grandes_empresas,4.000000
2015-03-31,INTERBANK,consumo,824131.000000
2015-03-31,INTERBANK,corporativo,130.000000
2015-03-31,INTERBANK,grandes_empresas,555.000000
2015-03-31,INTERBANK,hipotecario,36128.000000
2015-03-31,INTERBANK,medianas_empresas,3845.000000
2015-03-31,INTERBANK,microempresas,1085.000000
2015-03-31,INTERBANK,pequenas_empresas,7994.000000
2015-03-31,MIBANCO,consumo,195958.000000
2015-03-31,MIBANCO,hipotecario,4631.000000
2015-03-31,MIBANCO,medianas_empresas,2728.000000
2015-03-31,MIBANCO,microempresas,562797.000000
2015-03-31,MIBANCO,pequenas_empresas,124459.000000
2015-03-31,PICHINCHA,consumo,221075.000000
2015-03-31,PICHINCHA,corporativo,109.000000
2015-03-31,PICHINCHA,grandes_empresas,319.000000
2015-03-31,PICHINCHA,hipotecario,8036.000000
2015-03-31,PICHINCHA,medianas_empresas,2192.000000
2015-03-31,PICHINCHA,microempresas,19513.000000
2015-03-31,PICHINCHA,pequenas_empresas,17305.000000
2015-03-31,RIPLEY,consumo,491460.000000
2015-03-31,RIPLEY,microempresas,9.000000
2015-03-31,SANTANDER,consumo,11.000000
2015-03-31,SANTANDER,corporativo,61.000000
2015-03-31,SANTANDER,grandes_empresas,173.000000
2015-03-31,SANTANDER,medianas_empresas,154.000000
2015-03-31,SANTANDER,pequenas_empresas,4.000000
2015-03-31,SCOTIABANK,consumo,256857.000000
2015-03-31,SCOTIABANK,corporativo,162.000000
2015-03-31,SCOTIABANK,grandes_empresas,946.000000
2015-03-31,SCOTIABANK,hipotecario,28820.000000
2015-03-31,SCOTIABANK,medianas_empresas,11101.000000
2015-03-31,SCOTIABANK,microempresas,4594.000000
2015-03-31,SCOTIABANK,pequenas_empresas,50122.000000
2015-04-30,ALFIN,consumo,406761.000000
2015-04-30,BANCOM,consumo,63052.000000
2015-04-30,BANCOM,corporativo,3.000000
2015-04-30,BANCOM,grandes_empresas,40.000000
2015-04-30,BANCOM,hipotecario,314.000000
2015-04-30,BANCOM,medianas_empresas,202.000000
2015-04-30,BANCOM,microempresas,722.000000
2015-04-30,BANCOM,pequenas_empresas,859.000000
2015-04-30,BBVA,consumo,348083.000000
2015-04-30,BBVA,corporativo,226.000000
2015-04-30,BBVA,grandes_empresas,1509.000000
2015-04-30,BBVA,hipotecario,50501.000000
2015-04-30,BBVA,medianas_empresas,13957.000000
2015-04-30,BBVA,microempresas,2773.000000
2015-04-30,BBVA,pequenas_empresas,17261.000000
2015-04-30,BCP,consumo,861179.000000
2015-04-30,BCP,corporativo,411.000000
2015-04-30,BCP,grandes_empresas,1645.000000
2015-04-30,BCP,hipotecario,62618.000000
2015-04-30,BCP,medianas_empresas,16842.000000
2015-04-30,BCP,microempresas,26115.000000
2015-04-30,BCP,pequenas_empresas,63897.000000
2015-04-30,BIF,consumo,62446.000000
2015-04-30,BIF,corporativo,69.000000
2015-04-30,BIF,grandes_empresas,364.000000
2015-04-30,BIF,hipotecario,9377.000000
2015-04-30,BIF,medianas_empresas,3940.000000
2015-04-30,BIF,microempresas,3237.000000
2015-04-30,BIF,pequenas_empresas,3255.000000
2015-04-30,CENCOSUD,consumo,248100.000000
2015-04-30,CITIBANK,consumo,80220.000000
2015-04-30,CITIBANK,corporativo,47.000000
2015-04-30,CITIBANK,grandes_empresas,93.000000
2015-04-30,CITIBANK,hipotecario,28.000000
2015-04-30,CITIBANK,medianas_empresas,30.000000
2015-04-30,CITIBANK,microempresas,7.000000
2015-04-30,CITIBANK,pequenas_empresas,6.000000
2015-04-30,FALABELLA,consumo,1116533.000000
2015-04-30,FALABELLA,grandes_empresas,1.000000
2015-04-30,FALABELLA,hipotecario,215.000000
2015-04-30,FALABELLA,medianas_empresas,1.000000
2015-04-30,GNB,consumo,43172.000000
2015-04-30,GNB,corporativo,29.000000
2015-04-30,GNB,grandes_empresas,148.000000
2015-04-30,GNB,hipotecario,4498.000000
2015-04-30,GNB,medianas_empresas,436.000000
2015-04-30,GNB,microempresas,10.000000
2015-04-30,GNB,pequenas_empresas,82.000000
2015-04-30,ICBC,corporativo,7.000000
2015-04-30,ICBC,grandes_empresas,3.000000
2015-04-30,INTERBANK,consumo,831442.000000
2015-04-30,INTERBANK,corporativo,129.000000
2015-04-30,INTERBANK,grandes_empresas,550.000000
2015-04-30,INTERBANK,hipotecario,36199.000000
2015-04-30,INTERBANK,medianas_empresas,3839.000000
2015-04-30,INTERBANK,microempresas,1067.000000
2015-04-30,INTERBANK,pequenas_empresas,7995.000000
2015-04-30,MIBANCO,consumo,197086.000000
2015-04-30,MIBANCO,hipotecario,4626.000000
2015-04-30,MIBANCO,medianas_empresas,2672.000000
2015-04-30,MIBANCO,microempresas,561422.000000
2015-04-30,MIBANCO,pequenas_empresas,124862.000000
2015-04-30,PICHINCHA,consumo,248740.000000
2015-04-30,PICHINCHA,corporativo,115.000000
2015-04-30,PICHINCHA,grandes_empresas,314.000000
2015-04-30,PICHINCHA,hipotecario,8093.000000
2015-04-30,PICHINCHA,medianas_empresas,2194.000000
2015-04-30,PICHINCHA,microempresas,19092.000000
2015-04-30,PICHINCHA,pequenas_empresas,17115.000000
2015-04-30,RIPLEY,consumo,490554.000000
2015-04-30,RIPLEY,microempresas,9.000000
2015-04-30,SANTANDER,consumo,13.000000
2015-04-30,SANTANDER,corporativo,62.000000
2015-04-30,SANTANDER,grandes_empresas,177.000000
2015-04-30,SANTANDER,medianas_empresas,153.000000
2015-04-30,SANTANDER,pequenas_empresas,6.000000
2015-04-30,SCOTIABANK,consumo,259387.000000
2015-04-30,SCOTIABANK,corporativo,179.000000
2015-04-30,SCOTIABANK,grandes_empresas,933.000000
2015-04-30,SCOTIABANK,hipotecario,28915.000000
2015-04-30,SCOTIABANK,medianas_empresas,11118.000000
2015-04-30,SCOTIABANK,microempresas,4509.000000
2015-04-30,SCOTIABANK,pequenas_empresas,49486.000000
2015-05-31,ALFIN,consumo,401240.000000
2015-05-31,BANCOM,consumo,62604.000000
2015-05-31,BANCOM,corporativo,4.000000
2015-05-31,BANCOM,grandes_empresas,46.000000
2015-05-31,BANCOM,hipotecario,318.000000
2015-05-31,BANCOM,medianas_empresas,192.000000
2015-05-31,BANCOM,microempresas,670.000000
2015-05-31,BANCOM,pequenas_empresas,839.000000
2015-05-31,BBVA,consumo,352184.000000
2015-05-31,BBVA,corporativo,225.000000
2015-05-31,BBVA,grandes_empresas,1544.000000
2015-05-31,BBVA,hipotecario,50644.000000
2015-05-31,BBVA,medianas_empresas,13879.000000
2015-05-31,BBVA,microempresas,2800.000000
2015-05-31,BBVA,pequenas_empresas,17391.000000
2015-05-31,BCP,consumo,866357.000000
2015-05-31,BCP,corporativo,416.000000
2015-05-31,BCP,grandes_empresas,1651.000000
2015-05-31,BCP,hipotecario,62674.000000
2015-05-31,BCP,medianas_empresas,16726.000000
2015-05-31,BCP,microempresas,27147.000000
2015-05-31,BCP,pequenas_empresas,63903.000000
2015-05-31,BIF,consumo,62131.000000
2015-05-31,BIF,corporativo,69.000000
2015-05-31,BIF,grandes_empresas,368.000000
2015-05-31,BIF,hipotecario,9455.000000
2015-05-31,BIF,medianas_empresas,3930.000000
2015-05-31,BIF,microempresas,3228.000000
2015-05-31,BIF,pequenas_empresas,3172.000000
2015-05-31,CENCOSUD,consumo,260166.000000
2015-05-31,CITIBANK,corporativo,41.000000
2015-05-31,CITIBANK,grandes_empresas,58.000000
2015-05-31,CITIBANK,medianas_empresas,17.000000
2015-05-31,CITIBANK,microempresas,6.000000
2015-05-31,CITIBANK,pequenas_empresas,6.000000
2015-05-31,FALABELLA,consumo,1122096.000000
2015-05-31,FALABELLA,grandes_empresas,1.000000
2015-05-31,FALABELLA,hipotecario,213.000000
2015-05-31,FALABELLA,medianas_empresas,1.000000
2015-05-31,GNB,consumo,43468.000000
2015-05-31,GNB,corporativo,26.000000
2015-05-31,GNB,grandes_empresas,155.000000
2015-05-31,GNB,hipotecario,4548.000000
2015-05-31,GNB,medianas_empresas,446.000000
2015-05-31,GNB,microempresas,8.000000
2015-05-31,GNB,pequenas_empresas,91.000000
2015-05-31,ICBC,corporativo,6.000000
2015-05-31,ICBC,grandes_empresas,4.000000
2015-05-31,INTERBANK,consumo,840533.000000
2015-05-31,INTERBANK,corporativo,124.000000
2015-05-31,INTERBANK,grandes_empresas,550.000000
2015-05-31,INTERBANK,hipotecario,36352.000000
2015-05-31,INTERBANK,medianas_empresas,3845.000000
2015-05-31,INTERBANK,microempresas,1077.000000
2015-05-31,INTERBANK,pequenas_empresas,8017.000000
2015-05-31,MIBANCO,consumo,198052.000000
2015-05-31,MIBANCO,hipotecario,4622.000000
2015-05-31,MIBANCO,medianas_empresas,2612.000000
2015-05-31,MIBANCO,microempresas,557824.000000
2015-05-31,MIBANCO,pequenas_empresas,125350.000000
2015-05-31,PICHINCHA,consumo,249938.000000
2015-05-31,PICHINCHA,corporativo,100.000000
2015-05-31,PICHINCHA,grandes_empresas,316.000000
2015-05-31,PICHINCHA,hipotecario,8156.000000
2015-05-31,PICHINCHA,medianas_empresas,2161.000000
2015-05-31,PICHINCHA,microempresas,18643.000000
2015-05-31,PICHINCHA,pequenas_empresas,16875.000000
2015-05-31,RIPLEY,consumo,499937.000000
2015-05-31,RIPLEY,microempresas,9.000000
2015-05-31,SANTANDER,consumo,15.000000
2015-05-31,SANTANDER,corporativo,59.000000
2015-05-31,SANTANDER,grandes_empresas,181.000000
2015-05-31,SANTANDER,medianas_empresas,150.000000
2015-05-31,SANTANDER,pequenas_empresas,6.000000
2015-05-31,SCOTIABANK,consumo,342313.000000
2015-05-31,SCOTIABANK,corporativo,199.000000
2015-05-31,SCOTIABANK,grandes_empresas,1098.000000
2015-05-31,SCOTIABANK,hipotecario,29105.000000
2015-05-31,SCOTIABANK,medianas_empresas,10973.000000
2015-05-31,SCOTIABANK,microempresas,4506.000000
2015-05-31,SCOTIABANK,pequenas_empresas,48804.000000
2015-06-30,ALFIN,consumo,387612.000000
2015-06-30,BANCOM,consumo,63313.000000
2015-06-30,BANCOM,corporativo,6.000000
2015-06-30,BANCOM,grandes_empresas,46.000000
2015-06-30,BANCOM,hipotecario,319.000000
2015-06-30,BANCOM,medianas_empresas,186.000000
2015-06-30,BANCOM,microempresas,645.000000
2015-06-30,BANCOM,pequenas_empresas,793.000000
2015-06-30,BBVA,consumo,350791.000000
2015-06-30,BBVA,corporativo,229.000000
2015-06-30,BBVA,grandes_empresas,1563.000000
2015-06-30,BBVA,hipotecario,50019.000000
2015-06-30,BBVA,medianas_empresas,13805.000000
2015-06-30,BBVA,microempresas,2787.000000
2015-06-30,BBVA,pequenas_empresas,17079.000000
2015-06-30,BCP,consumo,866488.000000
2015-06-30,BCP,corporativo,427.000000
2015-06-30,BCP,grandes_empresas,1653.000000
2015-06-30,BCP,hipotecario,62812.000000
2015-06-30,BCP,medianas_empresas,16768.000000
2015-06-30,BCP,microempresas,26714.000000
2015-06-30,BCP,pequenas_empresas,63725.000000
2015-06-30,BIF,consumo,62505.000000
2015-06-30,BIF,corporativo,68.000000
2015-06-30,BIF,grandes_empresas,363.000000
2015-06-30,BIF,hipotecario,9628.000000
2015-06-30,BIF,medianas_empresas,3936.000000
2015-06-30,BIF,microempresas,3106.000000
2015-06-30,BIF,pequenas_empresas,3041.000000
2015-06-30,CENCOSUD,consumo,272417.000000
2015-06-30,CITIBANK,corporativo,40.000000
2015-06-30,CITIBANK,grandes_empresas,59.000000
2015-06-30,CITIBANK,medianas_empresas,15.000000
2015-06-30,CITIBANK,microempresas,7.000000
2015-06-30,CITIBANK,pequenas_empresas,6.000000
2015-06-30,FALABELLA,consumo,1121269.000000
2015-06-30,FALABELLA,grandes_empresas,1.000000
2015-06-30,FALABELLA,hipotecario,211.000000
2015-06-30,FALABELLA,medianas_empresas,1.000000
2015-06-30,GNB,consumo,43754.000000
2015-06-30,GNB,corporativo,28.000000
2015-06-30,GNB,grandes_empresas,158.000000
2015-06-30,GNB,hipotecario,4571.000000
2015-06-30,GNB,medianas_empresas,458.000000
2015-06-30,GNB,microempresas,10.000000
2015-06-30,GNB,pequenas_empresas,105.000000
2015-06-30,ICBC,corporativo,7.000000
2015-06-30,ICBC,grandes_empresas,3.000000
2015-06-30,INTERBANK,consumo,857544.000000
2015-06-30,INTERBANK,corporativo,128.000000
2015-06-30,INTERBANK,grandes_empresas,542.000000
2015-06-30,INTERBANK,hipotecario,36494.000000
2015-06-30,INTERBANK,medianas_empresas,3821.000000
2015-06-30,INTERBANK,microempresas,1043.000000
2015-06-30,INTERBANK,pequenas_empresas,8060.000000
2015-06-30,MIBANCO,consumo,199217.000000
2015-06-30,MIBANCO,hipotecario,4650.000000
2015-06-30,MIBANCO,medianas_empresas,2550.000000
2015-06-30,MIBANCO,microempresas,556123.000000
2015-06-30,MIBANCO,pequenas_empresas,125151.000000
2015-06-30,PICHINCHA,consumo,252367.000000
2015-06-30,PICHINCHA,corporativo,111.000000
2015-06-30,PICHINCHA,grandes_empresas,291.000000
2015-06-30,PICHINCHA,hipotecario,8234.000000
2015-06-30,PICHINCHA,medianas_empresas,2213.000000
2015-06-30,PICHINCHA,microempresas,18114.000000
2015-06-30,PICHINCHA,pequenas_empresas,16804.000000
2015-06-30,RIPLEY,consumo,500028.000000
2015-06-30,RIPLEY,microempresas,9.000000
2015-06-30,SANTANDER,consumo,18.000000
2015-06-30,SANTANDER,corporativo,60.000000
2015-06-30,SANTANDER,grandes_empresas,195.000000
2015-06-30,SANTANDER,medianas_empresas,142.000000
2015-06-30,SANTANDER,pequenas_empresas,5.000000
2015-06-30,SCOTIABANK,consumo,346892.000000
2015-06-30,SCOTIABANK,corporativo,220.000000
2015-06-30,SCOTIABANK,grandes_empresas,1121.000000
2015-06-30,SCOTIABANK,hipotecario,29202.000000
2015-06-30,SCOTIABANK,medianas_empresas,10956.000000
2015-06-30,SCOTIABANK,microempresas,4426.000000
2015-06-30,SCOTIABANK,pequenas_empresas,48077.000000
2015-07-31,ALFIN,consumo,374196.000000
2015-07-31,BANCOM,consumo,63511.000000
2015-07-31,BANCOM,corporativo,5.000000
2015-07-31,BANCOM,grandes_empresas,48.000000
2015-07-31,BANCOM,hipotecario,317.000000
2015-07-31,BANCOM,medianas_empresas,174.000000
2015-07-31,BANCOM,microempresas,600.000000
2015-07-31,BANCOM,pequenas_empresas,780.000000
2015-07-31,BBVA,consumo,350467.000000
2015-07-31,BBVA,corporativo,230.000000
2015-07-31,BBVA,grandes_empresas,1572.000000
2015-07-31,BBVA,hipotecario,50003.000000
2015-07-31,BBVA,medianas_empresas,13767.000000
2015-07-31,BBVA,microempresas,2861.000000
2015-07-31,BBVA,pequenas_empresas,17051.000000
2015-07-31,BCP,consumo,849654.000000
2015-07-31,BCP,corporativo,409.000000
2015-07-31,BCP,grandes_empresas,1769.000000
2015-07-31,BCP,hipotecario,62752.000000
2015-07-31,BCP,medianas_empresas,16796.000000
2015-07-31,BCP,microempresas,26061.000000
2015-07-31,BCP,pequenas_empresas,63203.000000
2015-07-31,BIF,consumo,61890.000000
2015-07-31,BIF,corporativo,71.000000
2015-07-31,BIF,grandes_empresas,366.000000
2015-07-31,BIF,hipotecario,9720.000000
2015-07-31,BIF,medianas_empresas,3902.000000
2015-07-31,BIF,microempresas,2959.000000
2015-07-31,BIF,pequenas_empresas,3014.000000
2015-07-31,CENCOSUD,consumo,281195.000000
2015-07-31,CITIBANK,corporativo,43.000000
2015-07-31,CITIBANK,grandes_empresas,55.000000
2015-07-31,CITIBANK,medianas_empresas,16.000000
2015-07-31,CITIBANK,microempresas,8.000000
2015-07-31,CITIBANK,pequenas_empresas,6.000000
2015-07-31,FALABELLA,consumo,1124241.000000
2015-07-31,FALABELLA,grandes_empresas,1.000000
2015-07-31,FALABELLA,hipotecario,211.000000
2015-07-31,FALABELLA,medianas_empresas,1.000000
2015-07-31,GNB,consumo,43682.000000
2015-07-31,GNB,corporativo,27.000000
2015-07-31,GNB,grandes_empresas,162.000000
2015-07-31,GNB,hipotecario,4680.000000
2015-07-31,GNB,medianas_empresas,456.000000
2015-07-31,GNB,microempresas,12.000000
2015-07-31,GNB,pequenas_empresas,116.000000
2015-07-31,ICBC,corporativo,9.000000
2015-07-31,ICBC,grandes_empresas,4.000000
2015-07-31,INTERBANK,consumo,861247.000000
2015-07-31,INTERBANK,corporativo,122.000000
2015-07-31,INTERBANK,grandes_empresas,700.000000
2015-07-31,INTERBANK,hipotecario,36600.000000
2015-07-31,INTERBANK,medianas_empresas,3669.000000
2015-07-31,INTERBANK,microempresas,1035.000000
2015-07-31,INTERBANK,pequenas_empresas,8026.000000
2015-07-31,MIBANCO,consumo,200012.000000
2015-07-31,MIBANCO,hipotecario,4666.000000
2015-07-31,MIBANCO,medianas_empresas,2478.000000
2015-07-31,MIBANCO,microempresas,552671.000000
2015-07-31,MIBANCO,pequenas_empresas,125647.000000
2015-07-31,PICHINCHA,consumo,250077.000000
2015-07-31,PICHINCHA,corporativo,101.000000
2015-07-31,PICHINCHA,grandes_empresas,310.000000
2015-07-31,PICHINCHA,hipotecario,8327.000000
2015-07-31,PICHINCHA,medianas_empresas,2197.000000
2015-07-31,PICHINCHA,microempresas,17729.000000
2015-07-31,PICHINCHA,pequenas_empresas,16626.000000
2015-07-31,RIPLEY,consumo,496195.000000
2015-07-31,RIPLEY,microempresas,9.000000
2015-07-31,SANTANDER,consumo,18.000000
2015-07-31,SANTANDER,corporativo,64.000000
2015-07-31,SANTANDER,grandes_empresas,211.000000
2015-07-31,SANTANDER,medianas_empresas,123.000000
2015-07-31,SANTANDER,pequenas_empresas,7.000000
2015-07-31,SCOTIABANK,consumo,331414.000000
2015-07-31,SCOTIABANK,corporativo,222.000000
2015-07-31,SCOTIABANK,grandes_empresas,1111.000000
2015-07-31,SCOTIABANK,hipotecario,29267.000000
2015-07-31,SCOTIABANK,medianas_empresas,11043.000000
2015-07-31,SCOTIABANK,microempresas,4483.000000
2015-07-31,SCOTIABANK,pequenas_empresas,47229.000000
2015-08-31,ALFIN,consumo,361868.000000
2015-08-31,BANCOM,consumo,63378.000000
2015-08-31,BANCOM,corporativo,6.000000
2015-08-31,BANCOM,grandes_empresas,46.000000
2015-08-31,BANCOM,hipotecario,318.000000
2015-08-31,BANCOM,medianas_empresas,168.000000
2015-08-31,BANCOM,microempresas,582.000000
2015-08-31,BANCOM,pequenas_empresas,732.000000
2015-08-31,BBVA,consumo,352200.000000
2015-08-31,BBVA,corporativo,246.000000
2015-08-31,BBVA,grandes_empresas,1547.000000
2015-08-31,BBVA,hipotecario,50019.000000
2015-08-31,BBVA,medianas_empresas,13733.000000
2015-08-31,BBVA,microempresas,2828.000000
2015-08-31,BBVA,pequenas_empresas,17041.000000
2015-08-31,BCP,consumo,842952.000000
2015-08-31,BCP,corporativo,432.000000
2015-08-31,BCP,grandes_empresas,1772.000000
2015-08-31,BCP,hipotecario,62772.000000
2015-08-31,BCP,medianas_empresas,16664.000000
2015-08-31,BCP,microempresas,27617.000000
2015-08-31,BCP,pequenas_empresas,63356.000000
2015-08-31,BIF,consumo,61255.000000
2015-08-31,BIF,corporativo,69.000000
2015-08-31,BIF,grandes_empresas,367.000000
2015-08-31,BIF,hipotecario,9875.000000
2015-08-31,BIF,medianas_empresas,3873.000000
2015-08-31,BIF,microempresas,2966.000000
2015-08-31,BIF,pequenas_empresas,2920.000000
2015-08-31,CENCOSUD,consumo,291001.000000
2015-08-31,CITIBANK,corporativo,44.000000
2015-08-31,CITIBANK,grandes_empresas,54.000000
2015-08-31,CITIBANK,medianas_empresas,16.000000
2015-08-31,CITIBANK,microempresas,6.000000
2015-08-31,CITIBANK,pequenas_empresas,6.000000
2015-08-31,FALABELLA,consumo,1121705.000000
2015-08-31,FALABELLA,grandes_empresas,1.000000
2015-08-31,FALABELLA,hipotecario,208.000000
2015-08-31,FALABELLA,medianas_empresas,1.000000
2015-08-31,GNB,consumo,43990.000000
2015-08-31,GNB,corporativo,33.000000
2015-08-31,GNB,grandes_empresas,154.000000
2015-08-31,GNB,hipotecario,4815.000000
2015-08-31,GNB,medianas_empresas,473.000000
2015-08-31,GNB,microempresas,14.000000
2015-08-31,GNB,pequenas_empresas,126.000000
2015-08-31,ICBC,corporativo,9.000000
2015-08-31,ICBC,grandes_empresas,5.000000
2015-08-31,INTERBANK,consumo,867937.000000
2015-08-31,INTERBANK,corporativo,123.000000
2015-08-31,INTERBANK,grandes_empresas,713.000000
2015-08-31,INTERBANK,hipotecario,36726.000000
2015-08-31,INTERBANK,medianas_empresas,3631.000000
2015-08-31,INTERBANK,microempresas,1041.000000
2015-08-31,INTERBANK,pequenas_empresas,7984.000000
2015-08-31,MIBANCO,consumo,201721.000000
2015-08-31,MIBANCO,hipotecario,4659.000000
2015-08-31,MIBANCO,medianas_empresas,2441.000000
2015-08-31,MIBANCO,microempresas,551026.000000
2015-08-31,MIBANCO,pequenas_empresas,126060.000000
2015-08-31,PICHINCHA,consumo,247616.000000
2015-08-31,PICHINCHA,corporativo,112.000000
2015-08-31,PICHINCHA,grandes_empresas,318.000000
2015-08-31,PICHINCHA,hipotecario,8405.000000
2015-08-31,PICHINCHA,medianas_empresas,2155.000000
2015-08-31,PICHINCHA,microempresas,17430.000000
2015-08-31,PICHINCHA,pequenas_empresas,16549.000000
2015-08-31,RIPLEY,consumo,487885.000000
2015-08-31,RIPLEY,microempresas,8.000000
2015-08-31,SANTANDER,consumo,20.000000
2015-08-31,SANTANDER,corporativo,64.000000
2015-08-31,SANTANDER,grandes_empresas,210.000000
2015-08-31,SANTANDER,medianas_empresas,121.000000
2015-08-31,SANTANDER,pequenas_empresas,6.000000
2015-08-31,SCOTIABANK,consumo,332549.000000
2015-08-31,SCOTIABANK,corporativo,218.000000
2015-08-31,SCOTIABANK,grandes_empresas,1101.000000
2015-08-31,SCOTIABANK,hipotecario,29404.000000
2015-08-31,SCOTIABANK,medianas_empresas,11033.000000
2015-08-31,SCOTIABANK,microempresas,4406.000000
2015-08-31,SCOTIABANK,pequenas_empresas,46365.000000
2015-09-30,ALFIN,consumo,353431.000000
2015-09-30,BANCOM,consumo,63492.000000
2015-09-30,BANCOM,corporativo,7.000000
2015-09-30,BANCOM,grandes_empresas,43.000000
2015-09-30,BANCOM,hipotecario,316.000000
2015-09-30,BANCOM,medianas_empresas,160.000000
2015-09-30,BANCOM,microempresas,543.000000
2015-09-30,BANCOM,pequenas_empresas,692.000000
2015-09-30,BBVA,consumo,347778.000000
2015-09-30,BBVA,corporativo,252.000000
2015-09-30,BBVA,grandes_empresas,1547.000000
2015-09-30,BBVA,hipotecario,50024.000000
2015-09-30,BBVA,medianas_empresas,13659.000000
2015-09-30,BBVA,microempresas,2851.000000
2015-09-30,BBVA,pequenas_empresas,16917.000000
2015-09-30,BCP,consumo,839207.000000
2015-09-30,BCP,corporativo,427.000000
2015-09-30,BCP,grandes_empresas,1772.000000
2015-09-30,BCP,hipotecario,63003.000000
2015-09-30,BCP,medianas_empresas,16771.000000
2015-09-30,BCP,microempresas,26568.000000
2015-09-30,BCP,pequenas_empresas,63330.000000
2015-09-30,BIF,consumo,60275.000000
2015-09-30,BIF,corporativo,71.000000
2015-09-30,BIF,grandes_empresas,355.000000
2015-09-30,BIF,hipotecario,9957.000000
2015-09-30,BIF,medianas_empresas,3855.000000
2015-09-30,BIF,microempresas,2822.000000
2015-09-30,BIF,pequenas_empresas,2813.000000
2015-09-30,CENCOSUD,consumo,299045.000000
2015-09-30,CITIBANK,corporativo,45.000000
2015-09-30,CITIBANK,grandes_empresas,50.000000
2015-09-30,CITIBANK,medianas_empresas,17.000000
2015-09-30,CITIBANK,microempresas,6.000000
2015-09-30,CITIBANK,pequenas_empresas,5.000000
2015-09-30,FALABELLA,consumo,1120202.000000
2015-09-30,FALABELLA,grandes_empresas,1.000000
2015-09-30,FALABELLA,hipotecario,196.000000
2015-09-30,FALABELLA,medianas_empresas,1.000000
2015-09-30,GNB,consumo,44265.000000
2015-09-30,GNB,corporativo,27.000000
2015-09-30,GNB,grandes_empresas,151.000000
2015-09-30,GNB,hipotecario,4852.000000
2015-09-30,GNB,medianas_empresas,481.000000
2015-09-30,GNB,microempresas,17.000000
2015-09-30,GNB,pequenas_empresas,143.000000
2015-09-30,ICBC,corporativo,7.000000
2015-09-30,ICBC,grandes_empresas,6.000000
2015-09-30,INTERBANK,consumo,881461.000000
2015-09-30,INTERBANK,corporativo,121.000000
2015-09-30,INTERBANK,grandes_empresas,706.000000
2015-09-30,INTERBANK,hipotecario,36912.000000
2015-09-30,INTERBANK,medianas_empresas,3607.000000
2015-09-30,INTERBANK,microempresas,1029.000000
2015-09-30,INTERBANK,pequenas_empresas,8077.000000
2015-09-30,MIBANCO,consumo,200239.000000
2015-09-30,MIBANCO,hipotecario,4669.000000
2015-09-30,MIBANCO,medianas_empresas,2360.000000
2015-09-30,MIBANCO,microempresas,539871.000000
2015-09-30,MIBANCO,pequenas_empresas,124523.000000
2015-09-30,PICHINCHA,consumo,246829.000000
2015-09-30,PICHINCHA,corporativo,103.000000
2015-09-30,PICHINCHA,grandes_empresas,327.000000
2015-09-30,PICHINCHA,hipotecario,8477.000000
2015-09-30,PICHINCHA,medianas_empresas,2135.000000
2015-09-30,PICHINCHA,microempresas,17251.000000
2015-09-30,PICHINCHA,pequenas_empresas,16135.000000
2015-09-30,RIPLEY,consumo,481751.000000
2015-09-30,RIPLEY,microempresas,8.000000
2015-09-30,SANTANDER,consumo,23.000000
2015-09-30,SANTANDER,corporativo,64.000000
2015-09-30,SANTANDER,grandes_empresas,208.000000
2015-09-30,SANTANDER,medianas_empresas,118.000000
2015-09-30,SANTANDER,microempresas,1.000000
2015-09-30,SANTANDER,pequenas_empresas,7.000000
2015-09-30,SCOTIABANK,consumo,336246.000000
2015-09-30,SCOTIABANK,corporativo,225.000000
2015-09-30,SCOTIABANK,grandes_empresas,1099.000000
2015-09-30,SCOTIABANK,hipotecario,29553.000000
2015-09-30,SCOTIABANK,medianas_empresas,11030.000000
2015-09-30,SCOTIABANK,microempresas,4305.000000
2015-09-30,SCOTIABANK,pequenas_empresas,45543.000000
2015-10-31,ALFIN,consumo,347778.000000
2015-10-31,BANCOM,consumo,63285.000000
2015-10-31,BANCOM,corporativo,5.000000
2015-10-31,BANCOM,grandes_empresas,43.000000
2015-10-31,BANCOM,hipotecario,317.000000
2015-10-31,BANCOM,medianas_empresas,146.000000
2015-10-31,BANCOM,microempresas,498.000000
2015-10-31,BANCOM,pequenas_empresas,658.000000
2015-10-31,BBVA,consumo,351274.000000
2015-10-31,BBVA,corporativo,247.000000
2015-10-31,BBVA,grandes_empresas,1525.000000
2015-10-31,BBVA,hipotecario,49976.000000
2015-10-31,BBVA,medianas_empresas,13677.000000
2015-10-31,BBVA,microempresas,2839.000000
2015-10-31,BBVA,pequenas_empresas,17059.000000
2015-10-31,BCP,consumo,838848.000000
2015-10-31,BCP,corporativo,440.000000
2015-10-31,BCP,grandes_empresas,1749.000000
2015-10-31,BCP,hipotecario,62998.000000
2015-10-31,BCP,medianas_empresas,16817.000000
2015-10-31,BCP,microempresas,26696.000000
2015-10-31,BCP,pequenas_empresas,62979.000000
2015-10-31,BIF,consumo,60611.000000
2015-10-31,BIF,corporativo,68.000000
2015-10-31,BIF,grandes_empresas,354.000000
2015-10-31,BIF,hipotecario,10027.000000
2015-10-31,BIF,medianas_empresas,3835.000000
2015-10-31,BIF,microempresas,2800.000000
2015-10-31,BIF,pequenas_empresas,2728.000000
2015-10-31,CENCOSUD,consumo,307419.000000
2015-10-31,CITIBANK,corporativo,44.000000
2015-10-31,CITIBANK,grandes_empresas,49.000000
2015-10-31,CITIBANK,medianas_empresas,17.000000
2015-10-31,CITIBANK,microempresas,6.000000
2015-10-31,CITIBANK,pequenas_empresas,7.000000
2015-10-31,FALABELLA,consumo,1116430.000000
2015-10-31,FALABELLA,grandes_empresas,1.000000
2015-10-31,FALABELLA,hipotecario,193.000000
2015-10-31,FALABELLA,medianas_empresas,1.000000
2015-10-31,GNB,consumo,44518.000000
2015-10-31,GNB,corporativo,27.000000
2015-10-31,GNB,grandes_empresas,148.000000
2015-10-31,GNB,hipotecario,4955.000000
2015-10-31,GNB,medianas_empresas,476.000000
2015-10-31,GNB,microempresas,16.000000
2015-10-31,GNB,pequenas_empresas,173.000000
2015-10-31,ICBC,corporativo,7.000000
2015-10-31,ICBC,grandes_empresas,5.000000
2015-10-31,INTERBANK,consumo,892373.000000
2015-10-31,INTERBANK,corporativo,124.000000
2015-10-31,INTERBANK,grandes_empresas,694.000000
2015-10-31,INTERBANK,hipotecario,37048.000000
2015-10-31,INTERBANK,medianas_empresas,3625.000000
2015-10-31,INTERBANK,microempresas,1041.000000
2015-10-31,INTERBANK,pequenas_empresas,8242.000000
2015-10-31,MIBANCO,consumo,204294.000000
2015-10-31,MIBANCO,hipotecario,4683.000000
2015-10-31,MIBANCO,medianas_empresas,2271.000000
2015-10-31,MIBANCO,microempresas,540301.000000
2015-10-31,MIBANCO,pequenas_empresas,125327.000000
2015-10-31,PICHINCHA,consumo,241084.000000
2015-10-31,PICHINCHA,corporativo,114.000000
2015-10-31,PICHINCHA,grandes_empresas,332.000000
2015-10-31,PICHINCHA,hipotecario,8621.000000
2015-10-31,PICHINCHA,medianas_empresas,2115.000000
2015-10-31,PICHINCHA,microempresas,17018.000000
2015-10-31,PICHINCHA,pequenas_empresas,15972.000000
2015-10-31,RIPLEY,consumo,475894.000000
2015-10-31,RIPLEY,microempresas,8.000000
2015-10-31,SANTANDER,consumo,28.000000
2015-10-31,SANTANDER,corporativo,68.000000
2015-10-31,SANTANDER,grandes_empresas,219.000000
2015-10-31,SANTANDER,medianas_empresas,116.000000
2015-10-31,SANTANDER,microempresas,1.000000
2015-10-31,SANTANDER,pequenas_empresas,6.000000
2015-10-31,SCOTIABANK,consumo,340825.000000
2015-10-31,SCOTIABANK,corporativo,230.000000
2015-10-31,SCOTIABANK,grandes_empresas,1085.000000
2015-10-31,SCOTIABANK,hipotecario,29676.000000
2015-10-31,SCOTIABANK,medianas_empresas,11028.000000
2015-10-31,SCOTIABANK,microempresas,4304.000000
2015-10-31,SCOTIABANK,pequenas_empresas,44894.000000
2015-11-30,ALFIN,consumo,340421.000000
2015-11-30,BANCOM,consumo,62793.000000
2015-11-30,BANCOM,corporativo,6.000000
2015-11-30,BANCOM,grandes_empresas,41.000000
2015-11-30,BANCOM,hipotecario,318.000000
2015-11-30,BANCOM,medianas_empresas,140.000000
2015-11-30,BANCOM,microempresas,338.000000
2015-11-30,BANCOM,pequenas_empresas,527.000000
2015-11-30,BBVA,consumo,352667.000000
2015-11-30,BBVA,corporativo,243.000000
2015-11-30,BBVA,grandes_empresas,1529.000000
2015-11-30,BBVA,hipotecario,49942.000000
2015-11-30,BBVA,medianas_empresas,13614.000000
2015-11-30,BBVA,microempresas,2903.000000
2015-11-30,BBVA,pequenas_empresas,16694.000000
2015-11-30,BCP,consumo,834444.000000
2015-11-30,BCP,corporativo,455.000000
2015-11-30,BCP,grandes_empresas,1748.000000
2015-11-30,BCP,hipotecario,63082.000000
2015-11-30,BCP,medianas_empresas,16771.000000
2015-11-30,BCP,microempresas,25546.000000
2015-11-30,BCP,pequenas_empresas,63145.000000
2015-11-30,BIF,consumo,60351.000000
2015-11-30,BIF,corporativo,68.000000
2015-11-30,BIF,grandes_empresas,352.000000
2015-11-30,BIF,hipotecario,10115.000000
2015-11-30,BIF,medianas_empresas,3772.000000
2015-11-30,BIF,microempresas,2695.000000
2015-11-30,BIF,pequenas_empresas,2635.000000
2015-11-30,CENCOSUD,consumo,315852.000000
2015-11-30,CITIBANK,corporativo,43.000000
2015-11-30,CITIBANK,grandes_empresas,52.000000
2015-11-30,CITIBANK,medianas_empresas,16.000000
2015-11-30,CITIBANK,microempresas,5.000000
2015-11-30,CITIBANK,pequenas_empresas,8.000000
2015-11-30,FALABELLA,consumo,1122314.000000
2015-11-30,FALABELLA,grandes_empresas,1.000000
2015-11-30,FALABELLA,hipotecario,192.000000
2015-11-30,FALABELLA,medianas_empresas,1.000000
2015-11-30,GNB,consumo,44813.000000
2015-11-30,GNB,corporativo,27.000000
2015-11-30,GNB,grandes_empresas,153.000000
2015-11-30,GNB,hipotecario,4992.000000
2015-11-30,GNB,medianas_empresas,493.000000
2015-11-30,GNB,microempresas,18.000000
2015-11-30,GNB,pequenas_empresas,199.000000
2015-11-30,ICBC,corporativo,6.000000
2015-11-30,ICBC,grandes_empresas,4.000000
2015-11-30,INTERBANK,consumo,901898.000000
2015-11-30,INTERBANK,corporativo,123.000000
2015-11-30,INTERBANK,grandes_empresas,682.000000
2015-11-30,INTERBANK,hipotecario,37168.000000
2015-11-30,INTERBANK,medianas_empresas,3636.000000
2015-11-30,INTERBANK,microempresas,1013.000000
2015-11-30,INTERBANK,pequenas_empresas,8447.000000
2015-11-30,MIBANCO,consumo,207082.000000
2015-11-30,MIBANCO,hipotecario,4707.000000
2015-11-30,MIBANCO,medianas_empresas,2184.000000
2015-11-30,MIBANCO,microempresas,539493.000000
2015-11-30,MIBANCO,pequenas_empresas,125105.000000
2015-11-30,PICHINCHA,consumo,256514.000000
2015-11-30,PICHINCHA,corporativo,183.000000
2015-11-30,PICHINCHA,grandes_empresas,329.000000
2015-11-30,PICHINCHA,hipotecario,8731.000000
2015-11-30,PICHINCHA,medianas_empresas,2091.000000
2015-11-30,PICHINCHA,microempresas,16733.000000
2015-11-30,PICHINCHA,pequenas_empresas,15876.000000
2015-11-30,RIPLEY,consumo,470630.000000
2015-11-30,SANTANDER,consumo,29.000000
2015-11-30,SANTANDER,corporativo,155.000000
2015-11-30,SANTANDER,grandes_empresas,227.000000
2015-11-30,SANTANDER,medianas_empresas,86.000000
2015-11-30,SANTANDER,microempresas,10.000000
2015-11-30,SANTANDER,pequenas_empresas,5.000000
2015-11-30,SCOTIABANK,consumo,344331.000000
2015-11-30,SCOTIABANK,corporativo,236.000000
2015-11-30,SCOTIABANK,grandes_empresas,1078.000000
2015-11-30,SCOTIABANK,hipotecario,29811.000000
2015-11-30,SCOTIABANK,medianas_empresas,11117.000000
2015-11-30,SCOTIABANK,microempresas,4275.000000
2015-11-30,SCOTIABANK,pequenas_empresas,44633.000000
2015-12-31,ALFIN,consumo,337140.000000
2015-12-31,ALFIN,grandes_empresas,2.000000
2015-12-31,BANCOM,consumo,62614.000000
2015-12-31,BANCOM,corporativo,5.000000
2015-12-31,BANCOM,grandes_empresas,39.000000
2015-12-31,BANCOM,hipotecario,319.000000
2015-12-31,BANCOM,medianas_empresas,131.000000
2015-12-31,BANCOM,microempresas,112.000000
2015-12-31,BANCOM,pequenas_empresas,185.000000
2015-12-31,BBVA,consumo,346791.000000
2015-12-31,BBVA,corporativo,243.000000
2015-12-31,BBVA,grandes_empresas,1520.000000
2015-12-31,BBVA,hipotecario,49806.000000
2015-12-31,BBVA,medianas_empresas,13580.000000
2015-12-31,BBVA,microempresas,2834.000000
2015-12-31,BBVA,pequenas_empresas,16444.000000
2015-12-31,BCP,consumo,822147.000000
2015-12-31,BCP,corporativo,447.000000
2015-12-31,BCP,grandes_empresas,1742.000000
2015-12-31,BCP,hipotecario,63169.000000
2015-12-31,BCP,medianas_empresas,16673.000000
2015-12-31,BCP,microempresas,25966.000000
2015-12-31,BCP,pequenas_empresas,62858.000000
2015-12-31,BIF,consumo,60101.000000
2015-12-31,BIF,corporativo,66.000000
2015-12-31,BIF,grandes_empresas,348.000000
2015-12-31,BIF,hipotecario,10178.000000
2015-12-31,BIF,medianas_empresas,3729.000000
2015-12-31,BIF,microempresas,2698.000000
2015-12-31,BIF,pequenas_empresas,2606.000000
2015-12-31,CENCOSUD,consumo,330272.000000
2015-12-31,CITIBANK,corporativo,45.000000
2015-12-31,CITIBANK,grandes_empresas,48.000000
2015-12-31,CITIBANK,medianas_empresas,16.000000
2015-12-31,CITIBANK,microempresas,4.000000
2015-12-31,CITIBANK,pequenas_empresas,8.000000
2015-12-31,FALABELLA,consumo,1142333.000000
2015-12-31,FALABELLA,grandes_empresas,1.000000
2015-12-31,FALABELLA,hipotecario,190.000000
2015-12-31,FALABELLA,medianas_empresas,1.000000
2015-12-31,GNB,consumo,44715.000000
2015-12-31,GNB,corporativo,26.000000
2015-12-31,GNB,grandes_empresas,154.000000
2015-12-31,GNB,hipotecario,5200.000000
2015-12-31,GNB,medianas_empresas,517.000000
2015-12-31,GNB,microempresas,16.000000
2015-12-31,GNB,pequenas_empresas,208.000000
2015-12-31,ICBC,corporativo,7.000000
2015-12-31,ICBC,grandes_empresas,4.000000
2015-12-31,INTERBANK,consumo,906610.000000
2015-12-31,INTERBANK,corporativo,124.000000
2015-12-31,INTERBANK,grandes_empresas,673.000000
2015-12-31,INTERBANK,hipotecario,37422.000000
2015-12-31,INTERBANK,medianas_empresas,3607.000000
2015-12-31,INTERBANK,microempresas,988.000000
2015-12-31,INTERBANK,pequenas_empresas,8376.000000
2015-12-31,MIBANCO,consumo,210300.000000
2015-12-31,MIBANCO,hipotecario,4750.000000
2015-12-31,MIBANCO,medianas_empresas,2142.000000
2015-12-31,MIBANCO,microempresas,538006.000000
2015-12-31,MIBANCO,pequenas_empresas,126428.000000
2015-12-31,PICHINCHA,consumo,255416.000000
2015-12-31,PICHINCHA,corporativo,92.000000
2015-12-31,PICHINCHA,grandes_empresas,332.000000
2015-12-31,PICHINCHA,hipotecario,8822.000000
2015-12-31,PICHINCHA,medianas_empresas,2080.000000
2015-12-31,PICHINCHA,microempresas,16429.000000
2015-12-31,PICHINCHA,pequenas_empresas,15586.000000
2015-12-31,RIPLEY,consumo,497417.000000
2015-12-31,SANTANDER,consumo,28.000000
2015-12-31,SANTANDER,corporativo,90.000000
2015-12-31,SANTANDER,grandes_empresas,226.000000
2015-12-31,SANTANDER,medianas_empresas,77.000000
2015-12-31,SANTANDER,microempresas,5.000000
2015-12-31,SANTANDER,pequenas_empresas,5.000000
2015-12-31,SCOTIABANK,consumo,345980.000000
2015-12-31,SCOTIABANK,corporativo,240.000000
2015-12-31,SCOTIABANK,grandes_empresas,1079.000000
2015-12-31,SCOTIABANK,hipotecario,29931.000000
2015-12-31,SCOTIABANK,medianas_empresas,11137.000000
2015-12-31,SCOTIABANK,microempresas,4149.000000
2015-12-31,SCOTIABANK,pequenas_empresas,43505.000000
2016-01-31,ALFIN,consumo,327761.000000
2016-01-31,ALFIN,grandes_empresas,2.000000
2016-01-31,BANCOM,consumo,62591.000000
2016-01-31,BANCOM,corporativo,5.000000
2016-01-31,BANCOM,grandes_empresas,39.000000
2016-01-31,BANCOM,hipotecario,318.000000
2016-01-31,BANCOM,medianas_empresas,127.000000
2016-01-31,BANCOM,microempresas,112.000000
2016-01-31,BANCOM,pequenas_empresas,174.000000
2016-01-31,BBVA,consumo,348796.000000
2016-01-31,BBVA,corporativo,244.000000
2016-01-31,BBVA,grandes_empresas,1519.000000
2016-01-31,BBVA,hipotecario,49666.000000
2016-01-31,BBVA,medianas_empresas,13504.000000
2016-01-31,BBVA,microempresas,2777.000000
2016-01-31,BBVA,pequenas_empresas,16520.000000
2016-01-31,BCP,consumo,816899.000000
2016-01-31,BCP,corporativo,453.000000
2016-01-31,BCP,grandes_empresas,1737.000000
2016-01-31,BCP,hipotecario,63136.000000
2016-01-31,BCP,medianas_empresas,16772.000000
2016-01-31,BCP,microempresas,26360.000000
2016-01-31,BCP,pequenas_empresas,62774.000000
2016-01-31,BIF,consumo,60355.000000
2016-01-31,BIF,corporativo,66.000000
2016-01-31,BIF,grandes_empresas,357.000000
2016-01-31,BIF,hipotecario,10250.000000
2016-01-31,BIF,medianas_empresas,3702.000000
2016-01-31,BIF,microempresas,2597.000000
2016-01-31,BIF,pequenas_empresas,2615.000000
2016-01-31,CENCOSUD,consumo,332361.000000
2016-01-31,CITIBANK,corporativo,47.000000
2016-01-31,CITIBANK,grandes_empresas,52.000000
2016-01-31,CITIBANK,medianas_empresas,16.000000
2016-01-31,CITIBANK,microempresas,7.000000
2016-01-31,CITIBANK,pequenas_empresas,8.000000
2016-01-31,FALABELLA,consumo,1117653.000000
2016-01-31,FALABELLA,grandes_empresas,1.000000
2016-01-31,FALABELLA,hipotecario,186.000000
2016-01-31,FALABELLA,medianas_empresas,1.000000
2016-01-31,GNB,consumo,44448.000000
2016-01-31,GNB,corporativo,28.000000
2016-01-31,GNB,grandes_empresas,153.000000
2016-01-31,GNB,hipotecario,5244.000000
2016-01-31,GNB,medianas_empresas,527.000000
2016-01-31,GNB,microempresas,14.000000
2016-01-31,GNB,pequenas_empresas,238.000000
2016-01-31,ICBC,corporativo,6.000000
2016-01-31,ICBC,grandes_empresas,4.000000
2016-01-31,INTERBANK,consumo,903812.000000
2016-01-31,INTERBANK,corporativo,129.000000
2016-01-31,INTERBANK,grandes_empresas,658.000000
2016-01-31,INTERBANK,hipotecario,37505.000000
2016-01-31,INTERBANK,medianas_empresas,3552.000000
2016-01-31,INTERBANK,microempresas,973.000000
2016-01-31,INTERBANK,pequenas_empresas,8254.000000
2016-01-31,MIBANCO,consumo,212778.000000
2016-01-31,MIBANCO,hipotecario,4765.000000
2016-01-31,MIBANCO,medianas_empresas,2089.000000
2016-01-31,MIBANCO,microempresas,536522.000000
2016-01-31,MIBANCO,pequenas_empresas,127410.000000
2016-01-31,PICHINCHA,consumo,251002.000000
2016-01-31,PICHINCHA,corporativo,120.000000
2016-01-31,PICHINCHA,grandes_empresas,325.000000
2016-01-31,PICHINCHA,hipotecario,8927.000000
2016-01-31,PICHINCHA,medianas_empresas,2046.000000
2016-01-31,PICHINCHA,microempresas,16209.000000
2016-01-31,PICHINCHA,pequenas_empresas,15430.000000
2016-01-31,RIPLEY,consumo,483387.000000
2016-01-31,SANTANDER,consumo,28.000000
2016-01-31,SANTANDER,corporativo,94.000000
2016-01-31,SANTANDER,grandes_empresas,224.000000
2016-01-31,SANTANDER,medianas_empresas,80.000000
2016-01-31,SANTANDER,microempresas,3.000000
2016-01-31,SANTANDER,pequenas_empresas,7.000000
2016-01-31,SCOTIABANK,consumo,348459.000000
2016-01-31,SCOTIABANK,corporativo,244.000000
2016-01-31,SCOTIABANK,grandes_empresas,1077.000000
2016-01-31,SCOTIABANK,hipotecario,29994.000000
2016-01-31,SCOTIABANK,medianas_empresas,11125.000000
2016-01-31,SCOTIABANK,microempresas,4040.000000
2016-01-31,SCOTIABANK,pequenas_empresas,42875.000000
2016-02-29,ALFIN,consumo,318690.000000
2016-02-29,ALFIN,grandes_empresas,2.000000
2016-02-29,BANCOM,consumo,62947.000000
2016-02-29,BANCOM,corporativo,5.000000
2016-02-29,BANCOM,grandes_empresas,38.000000
2016-02-29,BANCOM,hipotecario,317.000000
2016-02-29,BANCOM,medianas_empresas,131.000000
2016-02-29,BANCOM,microempresas,106.000000
2016-02-29,BANCOM,pequenas_empresas,165.000000
2016-02-29,BBVA,consumo,352347.000000
2016-02-29,BBVA,corporativo,245.000000
2016-02-29,BBVA,grandes_empresas,1540.000000
2016-02-29,BBVA,hipotecario,49629.000000
2016-02-29,BBVA,medianas_empresas,13501.000000
2016-02-29,BBVA,microempresas,2867.000000
2016-02-29,BBVA,pequenas_empresas,16729.000000
2016-02-29,BCP,consumo,811434.000000
2016-02-29,BCP,corporativo,453.000000
2016-02-29,BCP,grandes_empresas,1726.000000
2016-02-29,BCP,hipotecario,63114.000000
2016-02-29,BCP,medianas_empresas,16830.000000
2016-02-29,BCP,microempresas,26494.000000
2016-02-29,BCP,pequenas_empresas,62225.000000
2016-02-29,BIF,consumo,61127.000000
2016-02-29,BIF,corporativo,68.000000
2016-02-29,BIF,grandes_empresas,359.000000
2016-02-29,BIF,hipotecario,10336.000000
2016-02-29,BIF,medianas_empresas,3674.000000
2016-02-29,BIF,microempresas,2542.000000
2016-02-29,BIF,pequenas_empresas,2487.000000
2016-02-29,CENCOSUD,consumo,339539.000000
2016-02-29,CITIBANK,corporativo,39.000000
2016-02-29,CITIBANK,grandes_empresas,52.000000
2016-02-29,CITIBANK,medianas_empresas,16.000000
2016-02-29,CITIBANK,microempresas,6.000000
2016-02-29,CITIBANK,pequenas_empresas,8.000000
2016-02-29,FALABELLA,consumo,1107974.000000
2016-02-29,FALABELLA,grandes_empresas,1.000000
2016-02-29,FALABELLA,hipotecario,181.000000
2016-02-29,GNB,consumo,44690.000000
2016-02-29,GNB,corporativo,29.000000
2016-02-29,GNB,grandes_empresas,147.000000
2016-02-29,GNB,hipotecario,5291.000000
2016-02-29,GNB,medianas_empresas,526.000000
2016-02-29,GNB,microempresas,11.000000
2016-02-29,GNB,pequenas_empresas,273.000000
2016-02-29,ICBC,corporativo,8.000000
2016-02-29,ICBC,grandes_empresas,4.000000
2016-02-29,INTERBANK,consumo,909879.000000
2016-02-29,INTERBANK,corporativo,120.000000
2016-02-29,INTERBANK,grandes_empresas,657.000000
2016-02-29,INTERBANK,hipotecario,37672.000000
2016-02-29,INTERBANK,medianas_empresas,3546.000000
2016-02-29,INTERBANK,microempresas,988.000000
2016-02-29,INTERBANK,pequenas_empresas,8229.000000
2016-02-29,MIBANCO,consumo,217132.000000
2016-02-29,MIBANCO,hipotecario,4791.000000
2016-02-29,MIBANCO,medianas_empresas,2054.000000
2016-02-29,MIBANCO,microempresas,537453.000000
2016-02-29,MIBANCO,pequenas_empresas,129354.000000
2016-02-29,PICHINCHA,consumo,247196.000000
2016-02-29,PICHINCHA,corporativo,127.000000
2016-02-29,PICHINCHA,grandes_empresas,326.000000
2016-02-29,PICHINCHA,hipotecario,9026.000000
2016-02-29,PICHINCHA,medianas_empresas,2042.000000
2016-02-29,PICHINCHA,microempresas,16092.000000
2016-02-29,PICHINCHA,pequenas_empresas,15378.000000
2016-02-29,RIPLEY,consumo,475002.000000
2016-02-29,SANTANDER,consumo,26.000000
2016-02-29,SANTANDER,corporativo,91.000000
2016-02-29,SANTANDER,grandes_empresas,221.000000
2016-02-29,SANTANDER,medianas_empresas,78.000000
2016-02-29,SANTANDER,microempresas,3.000000
2016-02-29,SANTANDER,pequenas_empresas,8.000000
2016-02-29,SCOTIABANK,consumo,351813.000000
2016-02-29,SCOTIABANK,corporativo,247.000000
2016-02-29,SCOTIABANK,grandes_empresas,1076.000000
2016-02-29,SCOTIABANK,hipotecario,30062.000000
2016-02-29,SCOTIABANK,medianas_empresas,11163.000000
2016-02-29,SCOTIABANK,microempresas,3960.000000
2016-02-29,SCOTIABANK,pequenas_empresas,42262.000000
2016-03-31,ALFIN,consumo,311476.000000
2016-03-31,BANCOM,consumo,63594.000000
2016-03-31,BANCOM,corporativo,5.000000
2016-03-31,BANCOM,grandes_empresas,38.000000
2016-03-31,BANCOM,hipotecario,316.000000
2016-03-31,BANCOM,medianas_empresas,125.000000
2016-03-31,BANCOM,microempresas,108.000000
2016-03-31,BANCOM,pequenas_empresas,166.000000
2016-03-31,BBVA,consumo,353023.000000
2016-03-31,BBVA,corporativo,253.000000
2016-03-31,BBVA,grandes_empresas,1537.000000
2016-03-31,BBVA,hipotecario,49381.000000
2016-03-31,BBVA,medianas_empresas,13502.000000
2016-03-31,BBVA,microempresas,2979.000000
2016-03-31,BBVA,pequenas_empresas,16692.000000
2016-03-31,BCP,consumo,804070.000000
2016-03-31,BCP,corporativo,475.000000
2016-03-31,BCP,grandes_empresas,1715.000000
2016-03-31,BCP,hipotecario,63129.000000
2016-03-31,BCP,medianas_empresas,17038.000000
2016-03-31,BCP,microempresas,26750.000000
2016-03-31,BCP,pequenas_empresas,61696.000000
2016-03-31,BIF,consumo,61363.000000
2016-03-31,BIF,corporativo,69.000000
2016-03-31,BIF,grandes_empresas,352.000000
2016-03-31,BIF,hipotecario,10459.000000
2016-03-31,BIF,medianas_empresas,3616.000000
2016-03-31,BIF,microempresas,2397.000000
2016-03-31,BIF,pequenas_empresas,2442.000000
2016-03-31,CENCOSUD,consumo,349315.000000
2016-03-31,CITIBANK,corporativo,38.000000
2016-03-31,CITIBANK,grandes_empresas,51.000000
2016-03-31,CITIBANK,medianas_empresas,18.000000
2016-03-31,CITIBANK,microempresas,5.000000
2016-03-31,CITIBANK,pequenas_empresas,8.000000
2016-03-31,FALABELLA,consumo,1103257.000000
2016-03-31,FALABELLA,grandes_empresas,1.000000
2016-03-31,FALABELLA,hipotecario,180.000000
2016-03-31,FALABELLA,medianas_empresas,1.000000
2016-03-31,GNB,consumo,44460.000000
2016-03-31,GNB,corporativo,27.000000
2016-03-31,GNB,grandes_empresas,152.000000
2016-03-31,GNB,hipotecario,5332.000000
2016-03-31,GNB,medianas_empresas,534.000000
2016-03-31,GNB,microempresas,12.000000
2016-03-31,GNB,pequenas_empresas,314.000000
2016-03-31,ICBC,corporativo,10.000000
2016-03-31,ICBC,grandes_empresas,5.000000
2016-03-31,INTERBANK,consumo,913104.000000
2016-03-31,INTERBANK,corporativo,117.000000
2016-03-31,INTERBANK,grandes_empresas,661.000000
2016-03-31,INTERBANK,hipotecario,37824.000000
2016-03-31,INTERBANK,medianas_empresas,3573.000000
2016-03-31,INTERBANK,microempresas,996.000000
2016-03-31,INTERBANK,pequenas_empresas,8193.000000
2016-03-31,MIBANCO,consumo,222858.000000
2016-03-31,MIBANCO,hipotecario,4829.000000
2016-03-31,MIBANCO,medianas_empresas,2035.000000
2016-03-31,MIBANCO,microempresas,540118.000000
2016-03-31,MIBANCO,pequenas_empresas,130887.000000
2016-03-31,PICHINCHA,consumo,245278.000000
2016-03-31,PICHINCHA,corporativo,105.000000
2016-03-31,PICHINCHA,grandes_empresas,319.000000
2016-03-31,PICHINCHA,hipotecario,9194.000000
2016-03-31,PICHINCHA,medianas_empresas,2007.000000
2016-03-31,PICHINCHA,microempresas,16096.000000
2016-03-31,PICHINCHA,pequenas_empresas,15270.000000
2016-03-31,RIPLEY,consumo,466669.000000
2016-03-31,SANTANDER,consumo,20.000000
2016-03-31,SANTANDER,corporativo,91.000000
2016-03-31,SANTANDER,grandes_empresas,221.000000
2016-03-31,SANTANDER,medianas_empresas,76.000000
2016-03-31,SANTANDER,microempresas,3.000000
2016-03-31,SANTANDER,pequenas_empresas,5.000000
2016-03-31,SCOTIABANK,consumo,354661.000000
2016-03-31,SCOTIABANK,corporativo,237.000000
2016-03-31,SCOTIABANK,grandes_empresas,1073.000000
2016-03-31,SCOTIABANK,hipotecario,30166.000000
2016-03-31,SCOTIABANK,medianas_empresas,11154.000000
2016-03-31,SCOTIABANK,microempresas,3861.000000
2016-03-31,SCOTIABANK,pequenas_empresas,41485.000000
2016-04-30,ALFIN,consumo,303600.000000
2016-04-30,BANCOM,consumo,64064.000000
2016-04-30,BANCOM,corporativo,5.000000
2016-04-30,BANCOM,grandes_empresas,39.000000
2016-04-30,BANCOM,hipotecario,317.000000
2016-04-30,BANCOM,medianas_empresas,121.000000
2016-04-30,BANCOM,microempresas,105.000000
2016-04-30,BANCOM,pequenas_empresas,156.000000
2016-04-30,BBVA,consumo,348899.000000
2016-04-30,BBVA,corporativo,256.000000
2016-04-30,BBVA,grandes_empresas,1565.000000
2016-04-30,BBVA,hipotecario,49029.000000
2016-04-30,BBVA,medianas_empresas,13429.000000
2016-04-30,BBVA,microempresas,2792.000000
2016-04-30,BBVA,pequenas_empresas,16713.000000
2016-04-30,BCP,consumo,799313.000000
2016-04-30,BCP,corporativo,469.000000
2016-04-30,BCP,grandes_empresas,1722.000000
2016-04-30,BCP,hipotecario,63064.000000
2016-04-30,BCP,medianas_empresas,17137.000000
2016-04-30,BCP,microempresas,26916.000000
2016-04-30,BCP,pequenas_empresas,61800.000000
2016-04-30,BIF,consumo,61616.000000
2016-04-30,BIF,corporativo,67.000000
2016-04-30,BIF,grandes_empresas,346.000000
2016-04-30,BIF,hipotecario,10547.000000
2016-04-30,BIF,medianas_empresas,3578.000000
2016-04-30,BIF,microempresas,2266.000000
2016-04-30,BIF,pequenas_empresas,2393.000000
2016-04-30,CENCOSUD,consumo,357186.000000
2016-04-30,CITIBANK,corporativo,30.000000
2016-04-30,CITIBANK,grandes_empresas,58.000000
2016-04-30,CITIBANK,medianas_empresas,14.000000
2016-04-30,CITIBANK,microempresas,6.000000
2016-04-30,CITIBANK,pequenas_empresas,9.000000
2016-04-30,FALABELLA,consumo,1106512.000000
2016-04-30,FALABELLA,grandes_empresas,1.000000
2016-04-30,FALABELLA,hipotecario,180.000000
2016-04-30,FALABELLA,medianas_empresas,1.000000
2016-04-30,GNB,consumo,44326.000000
2016-04-30,GNB,corporativo,26.000000
2016-04-30,GNB,grandes_empresas,146.000000
2016-04-30,GNB,hipotecario,5364.000000
2016-04-30,GNB,medianas_empresas,550.000000
2016-04-30,GNB,microempresas,16.000000
2016-04-30,GNB,pequenas_empresas,345.000000
2016-04-30,ICBC,corporativo,11.000000
2016-04-30,ICBC,grandes_empresas,4.000000
2016-04-30,INTERBANK,consumo,912085.000000
2016-04-30,INTERBANK,corporativo,119.000000
2016-04-30,INTERBANK,grandes_empresas,708.000000
2016-04-30,INTERBANK,hipotecario,37954.000000
2016-04-30,INTERBANK,medianas_empresas,3494.000000
2016-04-30,INTERBANK,microempresas,971.000000
2016-04-30,INTERBANK,pequenas_empresas,8234.000000
2016-04-30,MIBANCO,consumo,227398.000000
2016-04-30,MIBANCO,hipotecario,4881.000000
2016-04-30,MIBANCO,medianas_empresas,2024.000000
2016-04-30,MIBANCO,microempresas,542739.000000
2016-04-30,MIBANCO,pequenas_empresas,132499.000000
2016-04-30,PICHINCHA,consumo,246986.000000
2016-04-30,PICHINCHA,corporativo,117.000000
2016-04-30,PICHINCHA,grandes_empresas,317.000000
2016-04-30,PICHINCHA,hipotecario,9296.000000
2016-04-30,PICHINCHA,medianas_empresas,1997.000000
2016-04-30,PICHINCHA,microempresas,16288.000000
2016-04-30,PICHINCHA,pequenas_empresas,15181.000000
2016-04-30,RIPLEY,consumo,470150.000000
2016-04-30,SANTANDER,consumo,20.000000
2016-04-30,SANTANDER,corporativo,93.000000
2016-04-30,SANTANDER,grandes_empresas,216.000000
2016-04-30,SANTANDER,medianas_empresas,72.000000
2016-04-30,SANTANDER,microempresas,2.000000
2016-04-30,SANTANDER,pequenas_empresas,4.000000
2016-04-30,SCOTIABANK,consumo,358134.000000
2016-04-30,SCOTIABANK,corporativo,241.000000
2016-04-30,SCOTIABANK,grandes_empresas,1066.000000
2016-04-30,SCOTIABANK,hipotecario,30263.000000
2016-04-30,SCOTIABANK,medianas_empresas,11132.000000
2016-04-30,SCOTIABANK,microempresas,3878.000000
2016-04-30,SCOTIABANK,pequenas_empresas,40803.000000
2016-05-31,ALFIN,consumo,297205.000000
2016-05-31,BANCOM,consumo,63803.000000
2016-05-31,BANCOM,corporativo,6.000000
2016-05-31,BANCOM,grandes_empresas,41.000000
2016-05-31,BANCOM,hipotecario,317.000000
2016-05-31,BANCOM,medianas_empresas,109.000000
2016-05-31,BANCOM,microempresas,51.000000
2016-05-31,BANCOM,pequenas_empresas,112.000000
2016-05-31,BBVA,consumo,358030.000000
2016-05-31,BBVA,corporativo,259.000000
2016-05-31,BBVA,grandes_empresas,1581.000000
2016-05-31,BBVA,hipotecario,49456.000000
2016-05-31,BBVA,medianas_empresas,13566.000000
2016-05-31,BBVA,microempresas,2809.000000
2016-05-31,BBVA,pequenas_empresas,16773.000000
2016-05-31,BCP,consumo,797076.000000
2016-05-31,BCP,corporativo,460.000000
2016-05-31,BCP,grandes_empresas,1727.000000
2016-05-31,BCP,hipotecario,63148.000000
2016-05-31,BCP,medianas_empresas,17307.000000
2016-05-31,BCP,microempresas,26081.000000
2016-05-31,BCP,pequenas_empresas,61677.000000
2016-05-31,BIF,consumo,62337.000000
2016-05-31,BIF,corporativo,65.000000
2016-05-31,BIF,grandes_empresas,346.000000
2016-05-31,BIF,hipotecario,10654.000000
2016-05-31,BIF,medianas_empresas,3518.000000
2016-05-31,BIF,microempresas,2290.000000
2016-05-31,BIF,pequenas_empresas,2263.000000
2016-05-31,CENCOSUD,consumo,366175.000000
2016-05-31,CITIBANK,corporativo,32.000000
2016-05-31,CITIBANK,grandes_empresas,61.000000
2016-05-31,CITIBANK,medianas_empresas,15.000000
2016-05-31,CITIBANK,microempresas,6.000000
2016-05-31,CITIBANK,pequenas_empresas,9.000000
2016-05-31,FALABELLA,consumo,1117336.000000
2016-05-31,FALABELLA,grandes_empresas,1.000000
2016-05-31,FALABELLA,hipotecario,179.000000
2016-05-31,GNB,consumo,44100.000000
2016-05-31,GNB,corporativo,24.000000
2016-05-31,GNB,grandes_empresas,151.000000
2016-05-31,GNB,hipotecario,5393.000000
2016-05-31,GNB,medianas_empresas,549.000000
2016-05-31,GNB,microempresas,19.000000
2016-05-31,GNB,pequenas_empresas,377.000000
2016-05-31,ICBC,corporativo,11.000000
2016-05-31,ICBC,grandes_empresas,4.000000
2016-05-31,INTERBANK,consumo,923465.000000
2016-05-31,INTERBANK,corporativo,118.000000
2016-05-31,INTERBANK,grandes_empresas,724.000000
2016-05-31,INTERBANK,hipotecario,38108.000000
2016-05-31,INTERBANK,medianas_empresas,3492.000000
2016-05-31,INTERBANK,microempresas,963.000000
2016-05-31,INTERBANK,pequenas_empresas,8197.000000
2016-05-31,MIBANCO,consumo,231262.000000
2016-05-31,MIBANCO,hipotecario,4927.000000
2016-05-31,MIBANCO,medianas_empresas,2010.000000
2016-05-31,MIBANCO,microempresas,544301.000000
2016-05-31,MIBANCO,pequenas_empresas,133696.000000
2016-05-31,PICHINCHA,consumo,251127.000000
2016-05-31,PICHINCHA,corporativo,120.000000
2016-05-31,PICHINCHA,grandes_empresas,312.000000
2016-05-31,PICHINCHA,hipotecario,9425.000000
2016-05-31,PICHINCHA,medianas_empresas,2017.000000
2016-05-31,PICHINCHA,microempresas,16454.000000
2016-05-31,PICHINCHA,pequenas_empresas,15139.000000
2016-05-31,RIPLEY,consumo,474867.000000
2016-05-31,SANTANDER,consumo,19.000000
2016-05-31,SANTANDER,corporativo,89.000000
2016-05-31,SANTANDER,grandes_empresas,217.000000
2016-05-31,SANTANDER,medianas_empresas,70.000000
2016-05-31,SANTANDER,microempresas,1.000000
2016-05-31,SANTANDER,pequenas_empresas,5.000000
2016-05-31,SCOTIABANK,consumo,361988.000000
2016-05-31,SCOTIABANK,corporativo,243.000000
2016-05-31,SCOTIABANK,grandes_empresas,1068.000000
2016-05-31,SCOTIABANK,hipotecario,30323.000000
2016-05-31,SCOTIABANK,medianas_empresas,11094.000000
2016-05-31,SCOTIABANK,microempresas,3853.000000
2016-05-31,SCOTIABANK,pequenas_empresas,40275.000000
2016-06-30,ALFIN,consumo,289789.000000
2016-06-30,BANCOM,consumo,63629.000000
2016-06-30,BANCOM,corporativo,7.000000
2016-06-30,BANCOM,grandes_empresas,36.000000
2016-06-30,BANCOM,hipotecario,322.000000
2016-06-30,BANCOM,medianas_empresas,105.000000
2016-06-30,BANCOM,microempresas,46.000000
2016-06-30,BANCOM,pequenas_empresas,106.000000
2016-06-30,BBVA,consumo,363382.000000
2016-06-30,BBVA,corporativo,265.000000
2016-06-30,BBVA,grandes_empresas,1595.000000
2016-06-30,BBVA,hipotecario,49621.000000
2016-06-30,BBVA,medianas_empresas,13491.000000
2016-06-30,BBVA,microempresas,2954.000000
2016-06-30,BBVA,pequenas_empresas,16879.000000
2016-06-30,BCP,consumo,795171.000000
2016-06-30,BCP,corporativo,455.000000
2016-06-30,BCP,grandes_empresas,1722.000000
2016-06-30,BCP,hipotecario,63272.000000
2016-06-30,BCP,medianas_empresas,17430.000000
2016-06-30,BCP,microempresas,26892.000000
2016-06-30,BCP,pequenas_empresas,61455.000000
2016-06-30,BIF,consumo,63068.000000
2016-06-30,BIF,corporativo,72.000000
2016-06-30,BIF,grandes_empresas,346.000000
2016-06-30,BIF,hipotecario,10720.000000
2016-06-30,BIF,medianas_empresas,3463.000000
2016-06-30,BIF,microempresas,2227.000000
2016-06-30,BIF,pequenas_empresas,2189.000000
2016-06-30,CENCOSUD,consumo,370376.000000
2016-06-30,CITIBANK,corporativo,37.000000
2016-06-30,CITIBANK,grandes_empresas,57.000000
2016-06-30,CITIBANK,medianas_empresas,15.000000
2016-06-30,CITIBANK,microempresas,6.000000
2016-06-30,CITIBANK,pequenas_empresas,10.000000
2016-06-30,FALABELLA,consumo,1123315.000000
2016-06-30,FALABELLA,grandes_empresas,1.000000
2016-06-30,FALABELLA,hipotecario,178.000000
2016-06-30,FALABELLA,medianas_empresas,1.000000
2016-06-30,GNB,consumo,43896.000000
2016-06-30,GNB,corporativo,29.000000
2016-06-30,GNB,grandes_empresas,153.000000
2016-06-30,GNB,hipotecario,5413.000000
2016-06-30,GNB,medianas_empresas,557.000000
2016-06-30,GNB,microempresas,20.000000
2016-06-30,GNB,pequenas_empresas,403.000000
2016-06-30,ICBC,corporativo,9.000000
2016-06-30,ICBC,grandes_empresas,4.000000
2016-06-30,INTERBANK,consumo,933411.000000
2016-06-30,INTERBANK,corporativo,127.000000
2016-06-30,INTERBANK,grandes_empresas,713.000000
2016-06-30,INTERBANK,hipotecario,38184.000000
2016-06-30,INTERBANK,medianas_empresas,3443.000000
2016-06-30,INTERBANK,microempresas,958.000000
2016-06-30,INTERBANK,pequenas_empresas,8114.000000
2016-06-30,MIBANCO,consumo,234501.000000
2016-06-30,MIBANCO,hipotecario,4950.000000
2016-06-30,MIBANCO,medianas_empresas,1974.000000
2016-06-30,MIBANCO,microempresas,543472.000000
2016-06-30,MIBANCO,pequenas_empresas,134763.000000
2016-06-30,PICHINCHA,consumo,254453.000000
2016-06-30,PICHINCHA,corporativo,97.000000
2016-06-30,PICHINCHA,grandes_empresas,286.000000
2016-06-30,PICHINCHA,hipotecario,9528.000000
2016-06-30,PICHINCHA,medianas_empresas,2049.000000
2016-06-30,PICHINCHA,microempresas,16742.000000
2016-06-30,PICHINCHA,pequenas_empresas,15056.000000
2016-06-30,RIPLEY,consumo,483951.000000
2016-06-30,SANTANDER,consumo,21.000000
2016-06-30,SANTANDER,corporativo,91.000000
2016-06-30,SANTANDER,grandes_empresas,211.000000
2016-06-30,SANTANDER,medianas_empresas,73.000000
2016-06-30,SANTANDER,microempresas,2.000000
2016-06-30,SANTANDER,pequenas_empresas,5.000000
2016-06-30,SCOTIABANK,consumo,366018.000000
2016-06-30,SCOTIABANK,corporativo,238.000000
2016-06-30,SCOTIABANK,grandes_empresas,1065.000000
2016-06-30,SCOTIABANK,hipotecario,30401.000000
2016-06-30,SCOTIABANK,medianas_empresas,11045.000000
2016-06-30,SCOTIABANK,microempresas,3758.000000
2016-06-30,SCOTIABANK,pequenas_empresas,39731.000000
2016-07-31,ALFIN,consumo,282619.000000
2016-07-31,BANCOM,consumo,63172.000000
2016-07-31,BANCOM,corporativo,6.000000
2016-07-31,BANCOM,grandes_empresas,36.000000
2016-07-31,BANCOM,hipotecario,326.000000
2016-07-31,BANCOM,medianas_empresas,104.000000
2016-07-31,BANCOM,microempresas,65.000000
2016-07-31,BANCOM,pequenas_empresas,104.000000
2016-07-31,BBVA,consumo,365411.000000
2016-07-31,BBVA,corporativo,267.000000
2016-07-31,BBVA,grandes_empresas,1597.000000
2016-07-31,BBVA,hipotecario,49678.000000
2016-07-31,BBVA,medianas_empresas,13439.000000
2016-07-31,BBVA,microempresas,2809.000000
2016-07-31,BBVA,pequenas_empresas,16806.000000
2016-07-31,BCP,consumo,777111.000000
2016-07-31,BCP,corporativo,455.000000
2016-07-31,BCP,grandes_empresas,1847.000000
2016-07-31,BCP,hipotecario,63270.000000
2016-07-31,BCP,medianas_empresas,17289.000000
2016-07-31,BCP,microempresas,27798.000000
2016-07-31,BCP,pequenas_empresas,61378.000000
2016-07-31,BIF,consumo,62768.000000
2016-07-31,BIF,corporativo,74.000000
2016-07-31,BIF,grandes_empresas,348.000000
2016-07-31,BIF,hipotecario,10748.000000
2016-07-31,BIF,medianas_empresas,3412.000000
2016-07-31,BIF,microempresas,2179.000000
2016-07-31,BIF,pequenas_empresas,2157.000000
2016-07-31,CENCOSUD,consumo,365920.000000
2016-07-31,CITIBANK,corporativo,33.000000
2016-07-31,CITIBANK,grandes_empresas,66.000000
2016-07-31,CITIBANK,medianas_empresas,12.000000
2016-07-31,CITIBANK,microempresas,4.000000
2016-07-31,CITIBANK,pequenas_empresas,9.000000
2016-07-31,FALABELLA,consumo,1122112.000000
2016-07-31,FALABELLA,grandes_empresas,1.000000
2016-07-31,FALABELLA,hipotecario,177.000000
2016-07-31,FALABELLA,medianas_empresas,1.000000
2016-07-31,GNB,consumo,43843.000000
2016-07-31,GNB,corporativo,27.000000
2016-07-31,GNB,grandes_empresas,156.000000
2016-07-31,GNB,hipotecario,5407.000000
2016-07-31,GNB,medianas_empresas,563.000000
2016-07-31,GNB,microempresas,19.000000
2016-07-31,GNB,pequenas_empresas,427.000000
2016-07-31,ICBC,corporativo,12.000000
2016-07-31,ICBC,grandes_empresas,4.000000
2016-07-31,ICBC,medianas_empresas,1.000000
2016-07-31,INTERBANK,consumo,925237.000000
2016-07-31,INTERBANK,corporativo,137.000000
2016-07-31,INTERBANK,grandes_empresas,697.000000
2016-07-31,INTERBANK,hipotecario,38346.000000
2016-07-31,INTERBANK,medianas_empresas,3405.000000
2016-07-31,INTERBANK,microempresas,960.000000
2016-07-31,INTERBANK,pequenas_empresas,8093.000000
2016-07-31,MIBANCO,consumo,236332.000000
2016-07-31,MIBANCO,hipotecario,4979.000000
2016-07-31,MIBANCO,medianas_empresas,1928.000000
2016-07-31,MIBANCO,microempresas,543862.000000
2016-07-31,MIBANCO,pequenas_empresas,135763.000000
2016-07-31,PICHINCHA,consumo,257769.000000
2016-07-31,PICHINCHA,corporativo,90.000000
2016-07-31,PICHINCHA,grandes_empresas,304.000000
2016-07-31,PICHINCHA,hipotecario,9599.000000
2016-07-31,PICHINCHA,medianas_empresas,1982.000000
2016-07-31,PICHINCHA,microempresas,17233.000000
2016-07-31,PICHINCHA,pequenas_empresas,15097.000000
2016-07-31,RIPLEY,consumo,490394.000000
2016-07-31,SANTANDER,consumo,21.000000
2016-07-31,SANTANDER,corporativo,94.000000
2016-07-31,SANTANDER,grandes_empresas,213.000000
2016-07-31,SANTANDER,medianas_empresas,72.000000
2016-07-31,SANTANDER,microempresas,1.000000
2016-07-31,SANTANDER,pequenas_empresas,9.000000
2016-07-31,SCOTIABANK,consumo,367248.000000
2016-07-31,SCOTIABANK,corporativo,235.000000
2016-07-31,SCOTIABANK,grandes_empresas,1069.000000
2016-07-31,SCOTIABANK,hipotecario,30481.000000
2016-07-31,SCOTIABANK,medianas_empresas,11068.000000
2016-07-31,SCOTIABANK,microempresas,3812.000000
2016-07-31,SCOTIABANK,pequenas_empresas,39901.000000
2016-08-31,ALFIN,consumo,277407.000000
2016-08-31,BANCOM,consumo,62878.000000
2016-08-31,BANCOM,corporativo,6.000000
2016-08-31,BANCOM,grandes_empresas,38.000000
2016-08-31,BANCOM,hipotecario,325.000000
2016-08-31,BANCOM,medianas_empresas,108.000000
2016-08-31,BANCOM,microempresas,67.000000
2016-08-31,BANCOM,pequenas_empresas,98.000000
2016-08-31,BBVA,consumo,373920.000000
2016-08-31,BBVA,corporativo,260.000000
2016-08-31,BBVA,grandes_empresas,1611.000000
2016-08-31,BBVA,hipotecario,49781.000000
2016-08-31,BBVA,medianas_empresas,13347.000000
2016-08-31,BBVA,microempresas,2837.000000
2016-08-31,BBVA,pequenas_empresas,16524.000000
2016-08-31,BCP,consumo,778133.000000
2016-08-31,BCP,corporativo,463.000000
2016-08-31,BCP,grandes_empresas,1847.000000
2016-08-31,BCP,hipotecario,63344.000000
2016-08-31,BCP,medianas_empresas,17329.000000
2016-08-31,BCP,microempresas,27170.000000
2016-08-31,BCP,pequenas_empresas,61018.000000
2016-08-31,BIF,consumo,63485.000000
2016-08-31,BIF,corporativo,80.000000
2016-08-31,BIF,grandes_empresas,337.000000
2016-08-31,BIF,hipotecario,10831.000000
2016-08-31,BIF,medianas_empresas,3334.000000
2016-08-31,BIF,microempresas,2109.000000
2016-08-31,BIF,pequenas_empresas,2096.000000
2016-08-31,CENCOSUD,consumo,359481.000000
2016-08-31,CITIBANK,corporativo,28.000000
2016-08-31,CITIBANK,grandes_empresas,64.000000
2016-08-31,CITIBANK,medianas_empresas,13.000000
2016-08-31,CITIBANK,microempresas,5.000000
2016-08-31,CITIBANK,pequenas_empresas,10.000000
2016-08-31,FALABELLA,consumo,1112013.000000
2016-08-31,FALABELLA,grandes_empresas,1.000000
2016-08-31,FALABELLA,hipotecario,164.000000
2016-08-31,FALABELLA,medianas_empresas,1.000000
2016-08-31,GNB,consumo,44008.000000
2016-08-31,GNB,corporativo,29.000000
2016-08-31,GNB,grandes_empresas,156.000000
2016-08-31,GNB,hipotecario,5432.000000
2016-08-31,GNB,medianas_empresas,565.000000
2016-08-31,GNB,microempresas,21.000000
2016-08-31,GNB,pequenas_empresas,457.000000
2016-08-31,ICBC,corporativo,12.000000
2016-08-31,ICBC,grandes_empresas,3.000000
2016-08-31,ICBC,medianas_empresas,1.000000
2016-08-31,INTERBANK,consumo,933024.000000
2016-08-31,INTERBANK,corporativo,138.000000
2016-08-31,INTERBANK,grandes_empresas,709.000000
2016-08-31,INTERBANK,hipotecario,38440.000000
2016-08-31,INTERBANK,medianas_empresas,3378.000000
2016-08-31,INTERBANK,microempresas,931.000000
2016-08-31,INTERBANK,pequenas_empresas,8082.000000
2016-08-31,MIBANCO,consumo,239480.000000
2016-08-31,MIBANCO,hipotecario,5009.000000
2016-08-31,MIBANCO,medianas_empresas,1901.000000
2016-08-31,MIBANCO,microempresas,544920.000000
2016-08-31,MIBANCO,pequenas_empresas,136848.000000
2016-08-31,PICHINCHA,consumo,263196.000000
2016-08-31,PICHINCHA,corporativo,98.000000
2016-08-31,PICHINCHA,grandes_empresas,311.000000
2016-08-31,PICHINCHA,hipotecario,9682.000000
2016-08-31,PICHINCHA,medianas_empresas,1963.000000
2016-08-31,PICHINCHA,microempresas,17624.000000
2016-08-31,PICHINCHA,pequenas_empresas,15241.000000
2016-08-31,RIPLEY,consumo,477360.000000
2016-08-31,SANTANDER,consumo,21.000000
2016-08-31,SANTANDER,corporativo,95.000000
2016-08-31,SANTANDER,grandes_empresas,219.000000
2016-08-31,SANTANDER,medianas_empresas,78.000000
2016-08-31,SANTANDER,microempresas,2.000000
2016-08-31,SANTANDER,pequenas_empresas,3.000000
2016-08-31,SCOTIABANK,consumo,370290.000000
2016-08-31,SCOTIABANK,corporativo,239.000000
2016-08-31,SCOTIABANK,grandes_empresas,1058.000000
2016-08-31,SCOTIABANK,hipotecario,30551.000000
2016-08-31,SCOTIABANK,medianas_empresas,10977.000000
2016-08-31,SCOTIABANK,microempresas,3664.000000
2016-08-31,SCOTIABANK,pequenas_empresas,39417.000000
2016-09-30,ALFIN,consumo,270818.000000
2016-09-30,BANCOM,consumo,62402.000000
2016-09-30,BANCOM,corporativo,6.000000
2016-09-30,BANCOM,grandes_empresas,38.000000
2016-09-30,BANCOM,hipotecario,324.000000
2016-09-30,BANCOM,medianas_empresas,93.000000
2016-09-30,BANCOM,microempresas,57.000000
2016-09-30,BANCOM,pequenas_empresas,75.000000
2016-09-30,BBVA,consumo,373210.000000
2016-09-30,BBVA,corporativo,268.000000
2016-09-30,BBVA,grandes_empresas,1595.000000
2016-09-30,BBVA,hipotecario,49633.000000
2016-09-30,BBVA,medianas_empresas,13332.000000
2016-09-30,BBVA,microempresas,2912.000000
2016-09-30,BBVA,pequenas_empresas,16857.000000
2016-09-30,BCP,consumo,769593.000000
2016-09-30,BCP,corporativo,457.000000
2016-09-30,BCP,grandes_empresas,1852.000000
2016-09-30,BCP,hipotecario,63483.000000
2016-09-30,BCP,medianas_empresas,17317.000000
2016-09-30,BCP,microempresas,26077.000000
2016-09-30,BCP,pequenas_empresas,60716.000000
2016-09-30,BIF,consumo,64587.000000
2016-09-30,BIF,corporativo,80.000000
2016-09-30,BIF,grandes_empresas,332.000000
2016-09-30,BIF,hipotecario,10838.000000
2016-09-30,BIF,medianas_empresas,3241.000000
2016-09-30,BIF,microempresas,2016.000000
2016-09-30,BIF,pequenas_empresas,2047.000000
2016-09-30,CENCOSUD,consumo,354380.000000
2016-09-30,CITIBANK,corporativo,28.000000
2016-09-30,CITIBANK,grandes_empresas,60.000000
2016-09-30,CITIBANK,medianas_empresas,14.000000
2016-09-30,CITIBANK,microempresas,5.000000
2016-09-30,CITIBANK,pequenas_empresas,10.000000
2016-09-30,FALABELLA,consumo,1110670.000000
2016-09-30,FALABELLA,grandes_empresas,1.000000
2016-09-30,FALABELLA,hipotecario,149.000000
2016-09-30,GNB,consumo,44233.000000
2016-09-30,GNB,corporativo,26.000000
2016-09-30,GNB,grandes_empresas,159.000000
2016-09-30,GNB,hipotecario,5512.000000
2016-09-30,GNB,medianas_empresas,567.000000
2016-09-30,GNB,microempresas,28.000000
2016-09-30,GNB,pequenas_empresas,485.000000
2016-09-30,ICBC,corporativo,12.000000
2016-09-30,ICBC,grandes_empresas,3.000000
2016-09-30,ICBC,medianas_empresas,3.000000
2016-09-30,INTERBANK,consumo,929457.000000
2016-09-30,INTERBANK,corporativo,138.000000
2016-09-30,INTERBANK,grandes_empresas,693.000000
2016-09-30,INTERBANK,hipotecario,38300.000000
2016-09-30,INTERBANK,medianas_empresas,3341.000000
2016-09-30,INTERBANK,microempresas,914.000000
2016-09-30,INTERBANK,pequenas_empresas,8046.000000
2016-09-30,MIBANCO,consumo,242138.000000
2016-09-30,MIBANCO,hipotecario,5040.000000
2016-09-30,MIBANCO,medianas_empresas,1849.000000
2016-09-30,MIBANCO,microempresas,545722.000000
2016-09-30,MIBANCO,pequenas_empresas,137659.000000
2016-09-30,PICHINCHA,consumo,269020.000000
2016-09-30,PICHINCHA,corporativo,102.000000
2016-09-30,PICHINCHA,grandes_empresas,313.000000
2016-09-30,PICHINCHA,hipotecario,9696.000000
2016-09-30,PICHINCHA,medianas_empresas,1919.000000
2016-09-30,PICHINCHA,microempresas,18057.000000
2016-09-30,PICHINCHA,pequenas_empresas,15357.000000
2016-09-30,RIPLEY,consumo,471101.000000
2016-09-30,SANTANDER,consumo,23.000000
2016-09-30,SANTANDER,corporativo,94.000000
2016-09-30,SANTANDER,grandes_empresas,223.000000
2016-09-30,SANTANDER,medianas_empresas,69.000000
2016-09-30,SANTANDER,microempresas,3.000000
2016-09-30,SANTANDER,pequenas_empresas,6.000000
2016-09-30,SCOTIABANK,consumo,373919.000000
2016-09-30,SCOTIABANK,corporativo,248.000000
2016-09-30,SCOTIABANK,grandes_empresas,1050.000000
2016-09-30,SCOTIABANK,hipotecario,30536.000000
2016-09-30,SCOTIABANK,medianas_empresas,10940.000000
2016-09-30,SCOTIABANK,microempresas,3663.000000
2016-09-30,SCOTIABANK,pequenas_empresas,39167.000000
2016-10-31,ALFIN,consumo,266029.000000
2016-10-31,BANCOM,consumo,61976.000000
2016-10-31,BANCOM,corporativo,8.000000
2016-10-31,BANCOM,grandes_empresas,35.000000
2016-10-31,BANCOM,hipotecario,327.000000
2016-10-31,BANCOM,medianas_empresas,92.000000
2016-10-31,BANCOM,microempresas,35.000000
2016-10-31,BANCOM,pequenas_empresas,65.000000
2016-10-31,BBVA,consumo,379822.000000
2016-10-31,BBVA,corporativo,269.000000
2016-10-31,BBVA,grandes_empresas,1604.000000
2016-10-31,BBVA,hipotecario,49206.000000
2016-10-31,BBVA,medianas_empresas,13278.000000
2016-10-31,BBVA,microempresas,2923.000000
2016-10-31,BBVA,pequenas_empresas,16699.000000
2016-10-31,BCP,consumo,769064.000000
2016-10-31,BCP,corporativo,463.000000
2016-10-31,BCP,grandes_empresas,1848.000000
2016-10-31,BCP,hipotecario,63024.000000
2016-10-31,BCP,medianas_empresas,17364.000000
2016-10-31,BCP,microempresas,26702.000000
2016-10-31,BCP,pequenas_empresas,60622.000000
2016-10-31,BIF,consumo,65700.000000
2016-10-31,BIF,corporativo,74.000000
2016-10-31,BIF,grandes_empresas,336.000000
2016-10-31,BIF,hipotecario,10797.000000
2016-10-31,BIF,medianas_empresas,3225.000000
2016-10-31,BIF,microempresas,2031.000000
2016-10-31,BIF,pequenas_empresas,1997.000000
2016-10-31,CENCOSUD,consumo,347808.000000
2016-10-31,CITIBANK,corporativo,29.000000
2016-10-31,CITIBANK,grandes_empresas,62.000000
2016-10-31,CITIBANK,medianas_empresas,16.000000
2016-10-31,CITIBANK,microempresas,4.000000
2016-10-31,CITIBANK,pequenas_empresas,7.000000
2016-10-31,FALABELLA,consumo,1112474.000000
2016-10-31,FALABELLA,hipotecario,139.000000
2016-10-31,FALABELLA,medianas_empresas,1.000000
2016-10-31,GNB,consumo,44313.000000
2016-10-31,GNB,corporativo,30.000000
2016-10-31,GNB,grandes_empresas,156.000000
2016-10-31,GNB,hipotecario,5521.000000
2016-10-31,GNB,medianas_empresas,587.000000
2016-10-31,GNB,microempresas,45.000000
2016-10-31,GNB,pequenas_empresas,493.000000
2016-10-31,ICBC,corporativo,12.000000
2016-10-31,ICBC,grandes_empresas,3.000000
2016-10-31,ICBC,medianas_empresas,3.000000
2016-10-31,INTERBANK,consumo,932913.000000
2016-10-31,INTERBANK,corporativo,143.000000
2016-10-31,INTERBANK,grandes_empresas,701.000000
2016-10-31,INTERBANK,hipotecario,38239.000000
2016-10-31,INTERBANK,medianas_empresas,3321.000000
2016-10-31,INTERBANK,microempresas,899.000000
2016-10-31,INTERBANK,pequenas_empresas,8023.000000
2016-10-31,MIBANCO,consumo,245480.000000
2016-10-31,MIBANCO,hipotecario,5050.000000
2016-10-31,MIBANCO,medianas_empresas,1837.000000
2016-10-31,MIBANCO,microempresas,547061.000000
2016-10-31,MIBANCO,pequenas_empresas,138821.000000
2016-10-31,PICHINCHA,consumo,272270.000000
2016-10-31,PICHINCHA,corporativo,113.000000
2016-10-31,PICHINCHA,grandes_empresas,313.000000
2016-10-31,PICHINCHA,hipotecario,9719.000000
2016-10-31,PICHINCHA,medianas_empresas,1884.000000
2016-10-31,PICHINCHA,microempresas,18608.000000
2016-10-31,PICHINCHA,pequenas_empresas,15410.000000
2016-10-31,RIPLEY,consumo,469716.000000
2016-10-31,SANTANDER,consumo,23.000000
2016-10-31,SANTANDER,corporativo,95.000000
2016-10-31,SANTANDER,grandes_empresas,222.000000
2016-10-31,SANTANDER,medianas_empresas,73.000000
2016-10-31,SANTANDER,microempresas,2.000000
2016-10-31,SANTANDER,pequenas_empresas,5.000000
2016-10-31,SCOTIABANK,consumo,379971.000000
2016-10-31,SCOTIABANK,corporativo,248.000000
2016-10-31,SCOTIABANK,grandes_empresas,1086.000000
2016-10-31,SCOTIABANK,hipotecario,30418.000000
2016-10-31,SCOTIABANK,medianas_empresas,10853.000000
2016-10-31,SCOTIABANK,microempresas,3667.000000
2016-10-31,SCOTIABANK,pequenas_empresas,38816.000000
2016-11-30,ALFIN,consumo,263168.000000
2016-11-30,BANCOM,consumo,61539.000000
2016-11-30,BANCOM,corporativo,8.000000
2016-11-30,BANCOM,grandes_empresas,36.000000
2016-11-30,BANCOM,hipotecario,326.000000
2016-11-30,BANCOM,medianas_empresas,91.000000
2016-11-30,BANCOM,microempresas,59.000000
2016-11-30,BANCOM,pequenas_empresas,75.000000
2016-11-30,BBVA,consumo,386451.000000
2016-11-30,BBVA,corporativo,269.000000
2016-11-30,BBVA,grandes_empresas,1608.000000
2016-11-30,BBVA,hipotecario,49136.000000
2016-11-30,BBVA,medianas_empresas,13346.000000
2016-11-30,BBVA,microempresas,2961.000000
2016-11-30,BBVA,pequenas_empresas,16836.000000
2016-11-30,BCP,consumo,763654.000000
2016-11-30,BCP,corporativo,479.000000
2016-11-30,BCP,grandes_empresas,1842.000000
2016-11-30,BCP,hipotecario,62673.000000
2016-11-30,BCP,medianas_empresas,17535.000000
2016-11-30,BCP,microempresas,26934.000000
2016-11-30,BCP,pequenas_empresas,60553.000000
2016-11-30,BIF,consumo,66478.000000
2016-11-30,BIF,corporativo,77.000000
2016-11-30,BIF,grandes_empresas,331.000000
2016-11-30,BIF,hipotecario,10783.000000
2016-11-30,BIF,medianas_empresas,3193.000000
2016-11-30,BIF,microempresas,2053.000000
2016-11-30,BIF,pequenas_empresas,1983.000000
2016-11-30,CENCOSUD,consumo,346236.000000
2016-11-30,CITIBANK,corporativo,30.000000
2016-11-30,CITIBANK,grandes_empresas,64.000000
2016-11-30,CITIBANK,medianas_empresas,19.000000
2016-11-30,CITIBANK,microempresas,3.000000
2016-11-30,CITIBANK,pequenas_empresas,8.000000
2016-11-30,FALABELLA,consumo,1115767.000000
2016-11-30,FALABELLA,grandes_empresas,1.000000
2016-11-30,FALABELLA,hipotecario,135.000000
2016-11-30,FALABELLA,medianas_empresas,1.000000
2016-11-30,GNB,consumo,44716.000000
2016-11-30,GNB,corporativo,31.000000
2016-11-30,GNB,grandes_empresas,163.000000
2016-11-30,GNB,hipotecario,5520.000000
2016-11-30,GNB,medianas_empresas,596.000000
2016-11-30,GNB,microempresas,50.000000
2016-11-30,GNB,pequenas_empresas,505.000000
2016-11-30,ICBC,corporativo,12.000000
2016-11-30,ICBC,grandes_empresas,3.000000
2016-11-30,ICBC,medianas_empresas,3.000000
2016-11-30,INTERBANK,consumo,928963.000000
2016-11-30,INTERBANK,corporativo,143.000000
2016-11-30,INTERBANK,grandes_empresas,703.000000
2016-11-30,INTERBANK,hipotecario,38275.000000
2016-11-30,INTERBANK,medianas_empresas,3304.000000
2016-11-30,INTERBANK,microempresas,871.000000
2016-11-30,INTERBANK,pequenas_empresas,7931.000000
2016-11-30,MIBANCO,consumo,248036.000000
2016-11-30,MIBANCO,hipotecario,5107.000000
2016-11-30,MIBANCO,medianas_empresas,1814.000000
2016-11-30,MIBANCO,microempresas,548644.000000
2016-11-30,MIBANCO,pequenas_empresas,139806.000000
2016-11-30,PICHINCHA,consumo,280200.000000
2016-11-30,PICHINCHA,corporativo,110.000000
2016-11-30,PICHINCHA,grandes_empresas,314.000000
2016-11-30,PICHINCHA,hipotecario,9703.000000
2016-11-30,PICHINCHA,medianas_empresas,1863.000000
2016-11-30,PICHINCHA,microempresas,19129.000000
2016-11-30,PICHINCHA,pequenas_empresas,15540.000000
2016-11-30,RIPLEY,consumo,473985.000000
2016-11-30,SANTANDER,consumo,24.000000
2016-11-30,SANTANDER,corporativo,91.000000
2016-11-30,SANTANDER,grandes_empresas,222.000000
2016-11-30,SANTANDER,medianas_empresas,71.000000
2016-11-30,SANTANDER,pequenas_empresas,4.000000
2016-11-30,SCOTIABANK,consumo,384084.000000
2016-11-30,SCOTIABANK,corporativo,256.000000
2016-11-30,SCOTIABANK,grandes_empresas,1085.000000
2016-11-30,SCOTIABANK,hipotecario,30294.000000
2016-11-30,SCOTIABANK,medianas_empresas,10853.000000
2016-11-30,SCOTIABANK,microempresas,3597.000000
2016-11-30,SCOTIABANK,pequenas_empresas,38631.000000
2016-12-31,ALFIN,consumo,266483.000000
2016-12-31,BANCOM,consumo,61012.000000
2016-12-31,BANCOM,corporativo,9.000000
2016-12-31,BANCOM,grandes_empresas,36.000000
2016-12-31,BANCOM,hipotecario,362.000000
2016-12-31,BANCOM,medianas_empresas,91.000000
2016-12-31,BANCOM,microempresas,31.000000
2016-12-31,BANCOM,pequenas_empresas,52.000000
2016-12-31,BBVA,consumo,382187.000000
2016-12-31,BBVA,corporativo,265.000000
2016-12-31,BBVA,grandes_empresas,1579.000000
2016-12-31,BBVA,hipotecario,49099.000000
2016-12-31,BBVA,medianas_empresas,13365.000000
2016-12-31,BBVA,microempresas,2903.000000
2016-12-31,BBVA,pequenas_empresas,16455.000000
2016-12-31,BCP,consumo,747356.000000
2016-12-31,BCP,corporativo,485.000000
2016-12-31,BCP,grandes_empresas,1861.000000
2016-12-31,BCP,hipotecario,62543.000000
2016-12-31,BCP,medianas_empresas,17563.000000
2016-12-31,BCP,microempresas,26719.000000
2016-12-31,BCP,pequenas_empresas,60083.000000
2016-12-31,BIF,consumo,66279.000000
2016-12-31,BIF,corporativo,79.000000
2016-12-31,BIF,grandes_empresas,324.000000
2016-12-31,BIF,hipotecario,10832.000000
2016-12-31,BIF,medianas_empresas,3145.000000
2016-12-31,BIF,microempresas,2044.000000
2016-12-31,BIF,pequenas_empresas,1937.000000
2016-12-31,CENCOSUD,consumo,350222.000000
2016-12-31,CITIBANK,corporativo,29.000000
2016-12-31,CITIBANK,grandes_empresas,63.000000
2016-12-31,CITIBANK,medianas_empresas,19.000000
2016-12-31,CITIBANK,microempresas,3.000000
2016-12-31,CITIBANK,pequenas_empresas,8.000000
2016-12-31,FALABELLA,consumo,1134353.000000
2016-12-31,FALABELLA,grandes_empresas,1.000000
2016-12-31,FALABELLA,hipotecario,132.000000
2016-12-31,FALABELLA,medianas_empresas,1.000000
2016-12-31,GNB,consumo,44689.000000
2016-12-31,GNB,corporativo,28.000000
2016-12-31,GNB,grandes_empresas,161.000000
2016-12-31,GNB,hipotecario,5586.000000
2016-12-31,GNB,medianas_empresas,592.000000
2016-12-31,GNB,microempresas,54.000000
2016-12-31,GNB,pequenas_empresas,505.000000
2016-12-31,ICBC,corporativo,10.000000
2016-12-31,ICBC,grandes_empresas,2.000000
2016-12-31,ICBC,medianas_empresas,3.000000
2016-12-31,INTERBANK,consumo,933998.000000
2016-12-31,INTERBANK,corporativo,146.000000
2016-12-31,INTERBANK,grandes_empresas,698.000000
2016-12-31,INTERBANK,hipotecario,38304.000000
2016-12-31,INTERBANK,medianas_empresas,3304.000000
2016-12-31,INTERBANK,microempresas,858.000000
2016-12-31,INTERBANK,pequenas_empresas,7791.000000
2016-12-31,MIBANCO,consumo,249728.000000
2016-12-31,MIBANCO,hipotecario,5142.000000
2016-12-31,MIBANCO,medianas_empresas,1807.000000
2016-12-31,MIBANCO,microempresas,548523.000000
2016-12-31,MIBANCO,pequenas_empresas,140323.000000
2016-12-31,PICHINCHA,consumo,285319.000000
2016-12-31,PICHINCHA,corporativo,92.000000
2016-12-31,PICHINCHA,grandes_empresas,305.000000
2016-12-31,PICHINCHA,hipotecario,9746.000000
2016-12-31,PICHINCHA,medianas_empresas,1857.000000
2016-12-31,PICHINCHA,microempresas,19306.000000
2016-12-31,PICHINCHA,pequenas_empresas,15474.000000
2016-12-31,RIPLEY,consumo,498285.000000
2016-12-31,SANTANDER,consumo,25.000000
2016-12-31,SANTANDER,corporativo,91.000000
2016-12-31,SANTANDER,grandes_empresas,218.000000
2016-12-31,SANTANDER,medianas_empresas,72.000000
2016-12-31,SANTANDER,pequenas_empresas,4.000000
2016-12-31,SCOTIABANK,consumo,387183.000000
2016-12-31,SCOTIABANK,corporativo,252.000000
2016-12-31,SCOTIABANK,grandes_empresas,1080.000000
2016-12-31,SCOTIABANK,hipotecario,30416.000000
2016-12-31,SCOTIABANK,medianas_empresas,10792.000000
2016-12-31,SCOTIABANK,microempresas,3500.000000
2016-12-31,SCOTIABANK,pequenas_empresas,37921.000000
2017-01-31,ALFIN,consumo,263583.000000
2017-01-31,BANCOM,consumo,61154.000000
2017-01-31,BANCOM,corporativo,8.000000
2017-01-31,BANCOM,grandes_empresas,37.000000
2017-01-31,BANCOM,hipotecario,366.000000
2017-01-31,BANCOM,medianas_empresas,85.000000
2017-01-31,BANCOM,microempresas,35.000000
2017-01-31,BANCOM,pequenas_empresas,51.000000
2017-01-31,BBVA,consumo,387164.000000
2017-01-31,BBVA,corporativo,264.000000
2017-01-31,BBVA,grandes_empresas,1579.000000
2017-01-31,BBVA,hipotecario,48938.000000
2017-01-31,BBVA,medianas_empresas,13348.000000
2017-01-31,BBVA,microempresas,2833.000000
2017-01-31,BBVA,pequenas_empresas,16309.000000
2017-01-31,BCP,consumo,743541.000000
2017-01-31,BCP,corporativo,495.000000
2017-01-31,BCP,grandes_empresas,1837.000000
2017-01-31,BCP,hipotecario,62391.000000
2017-01-31,BCP,medianas_empresas,17584.000000
2017-01-31,BCP,microempresas,27212.000000
2017-01-31,BCP,pequenas_empresas,59430.000000
2017-01-31,BIF,consumo,66815.000000
2017-01-31,BIF,corporativo,78.000000
2017-01-31,BIF,grandes_empresas,322.000000
2017-01-31,BIF,hipotecario,10856.000000
2017-01-31,BIF,medianas_empresas,3074.000000
2017-01-31,BIF,microempresas,2058.000000
2017-01-31,BIF,pequenas_empresas,1885.000000
2017-01-31,CENCOSUD,consumo,342850.000000
2017-01-31,CITIBANK,corporativo,28.000000
2017-01-31,CITIBANK,grandes_empresas,62.000000
2017-01-31,CITIBANK,medianas_empresas,20.000000
2017-01-31,CITIBANK,microempresas,4.000000
2017-01-31,CITIBANK,pequenas_empresas,7.000000
2017-01-31,FALABELLA,consumo,1116648.000000
2017-01-31,FALABELLA,grandes_empresas,1.000000
2017-01-31,FALABELLA,hipotecario,130.000000
2017-01-31,FALABELLA,medianas_empresas,1.000000
2017-01-31,GNB,consumo,44655.000000
2017-01-31,GNB,corporativo,28.000000
2017-01-31,GNB,grandes_empresas,152.000000
2017-01-31,GNB,hipotecario,5587.000000
2017-01-31,GNB,medianas_empresas,604.000000
2017-01-31,GNB,microempresas,64.000000
2017-01-31,GNB,pequenas_empresas,510.000000
2017-01-31,ICBC,corporativo,11.000000
2017-01-31,ICBC,grandes_empresas,2.000000
2017-01-31,ICBC,medianas_empresas,3.000000
2017-01-31,INTERBANK,consumo,919468.000000
2017-01-31,INTERBANK,corporativo,146.000000
2017-01-31,INTERBANK,grandes_empresas,679.000000
2017-01-31,INTERBANK,hipotecario,38307.000000
2017-01-31,INTERBANK,medianas_empresas,3251.000000
2017-01-31,INTERBANK,microempresas,816.000000
2017-01-31,INTERBANK,pequenas_empresas,7655.000000
2017-01-31,MIBANCO,consumo,250495.000000
2017-01-31,MIBANCO,hipotecario,5183.000000
2017-01-31,MIBANCO,medianas_empresas,1793.000000
2017-01-31,MIBANCO,microempresas,544785.000000
2017-01-31,MIBANCO,pequenas_empresas,140799.000000
2017-01-31,PICHINCHA,consumo,288656.000000
2017-01-31,PICHINCHA,corporativo,120.000000
2017-01-31,PICHINCHA,grandes_empresas,305.000000
2017-01-31,PICHINCHA,hipotecario,9796.000000
2017-01-31,PICHINCHA,medianas_empresas,1846.000000
2017-01-31,PICHINCHA,microempresas,19458.000000
2017-01-31,PICHINCHA,pequenas_empresas,15527.000000
2017-01-31,RIPLEY,consumo,482153.000000
2017-01-31,SANTANDER,consumo,25.000000
2017-01-31,SANTANDER,corporativo,92.000000
2017-01-31,SANTANDER,grandes_empresas,220.000000
2017-01-31,SANTANDER,medianas_empresas,69.000000
2017-01-31,SANTANDER,pequenas_empresas,5.000000
2017-01-31,SCOTIABANK,consumo,388671.000000
2017-01-31,SCOTIABANK,corporativo,246.000000
2017-01-31,SCOTIABANK,grandes_empresas,1068.000000
2017-01-31,SCOTIABANK,hipotecario,30476.000000
2017-01-31,SCOTIABANK,medianas_empresas,10771.000000
2017-01-31,SCOTIABANK,microempresas,3478.000000
2017-01-31,SCOTIABANK,pequenas_empresas,37615.000000
2017-02-28,ALFIN,consumo,262300.000000
2017-02-28,BANCOM,consumo,61046.000000
2017-02-28,BANCOM,corporativo,8.000000
2017-02-28,BANCOM,grandes_empresas,35.000000
2017-02-28,BANCOM,hipotecario,365.000000
2017-02-28,BANCOM,medianas_empresas,87.000000
2017-02-28,BANCOM,microempresas,32.000000
2017-02-28,BANCOM,pequenas_empresas,43.000000
2017-02-28,BBVA,consumo,392856.000000
2017-02-28,BBVA,corporativo,259.000000
2017-02-28,BBVA,grandes_empresas,1589.000000
2017-02-28,BBVA,hipotecario,48879.000000
2017-02-28,BBVA,medianas_empresas,13392.000000
2017-02-28,BBVA,microempresas,2906.000000
2017-02-28,BBVA,pequenas_empresas,16158.000000
2017-02-28,BCP,consumo,736243.000000
2017-02-28,BCP,corporativo,490.000000
2017-02-28,BCP,grandes_empresas,1836.000000
2017-02-28,BCP,hipotecario,62461.000000
2017-02-28,BCP,medianas_empresas,17754.000000
2017-02-28,BCP,microempresas,28214.000000
2017-02-28,BCP,pequenas_empresas,59461.000000
2017-02-28,BIF,consumo,67711.000000
2017-02-28,BIF,corporativo,78.000000
2017-02-28,BIF,grandes_empresas,314.000000
2017-02-28,BIF,hipotecario,10871.000000
2017-02-28,BIF,medianas_empresas,3012.000000
2017-02-28,BIF,microempresas,2092.000000
2017-02-28,BIF,pequenas_empresas,1854.000000
2017-02-28,CENCOSUD,consumo,336707.000000
2017-02-28,CITIBANK,corporativo,29.000000
2017-02-28,CITIBANK,grandes_empresas,60.000000
2017-02-28,CITIBANK,medianas_empresas,21.000000
2017-02-28,CITIBANK,microempresas,5.000000
2017-02-28,CITIBANK,pequenas_empresas,8.000000
2017-02-28,FALABELLA,consumo,1109186.000000
2017-02-28,FALABELLA,grandes_empresas,1.000000
2017-02-28,FALABELLA,hipotecario,127.000000
2017-02-28,FALABELLA,medianas_empresas,1.000000
2017-02-28,GNB,consumo,44499.000000
2017-02-28,GNB,corporativo,32.000000
2017-02-28,GNB,grandes_empresas,155.000000
2017-02-28,GNB,hipotecario,5916.000000
2017-02-28,GNB,medianas_empresas,618.000000
2017-02-28,GNB,microempresas,71.000000
2017-02-28,GNB,pequenas_empresas,535.000000
2017-02-28,ICBC,corporativo,11.000000
2017-02-28,ICBC,grandes_empresas,2.000000
2017-02-28,ICBC,medianas_empresas,4.000000
2017-02-28,INTERBANK,consumo,920994.000000
2017-02-28,INTERBANK,corporativo,145.000000
2017-02-28,INTERBANK,grandes_empresas,688.000000
2017-02-28,INTERBANK,hipotecario,38404.000000
2017-02-28,INTERBANK,medianas_empresas,3218.000000
2017-02-28,INTERBANK,microempresas,815.000000
2017-02-28,INTERBANK,pequenas_empresas,7689.000000
2017-02-28,MIBANCO,consumo,252985.000000
2017-02-28,MIBANCO,hipotecario,5228.000000
2017-02-28,MIBANCO,medianas_empresas,1818.000000
2017-02-28,MIBANCO,microempresas,545157.000000
2017-02-28,MIBANCO,pequenas_empresas,141992.000000
2017-02-28,PICHINCHA,consumo,294114.000000
2017-02-28,PICHINCHA,corporativo,88.000000
2017-02-28,PICHINCHA,grandes_empresas,302.000000
2017-02-28,PICHINCHA,hipotecario,9842.000000
2017-02-28,PICHINCHA,medianas_empresas,1850.000000
2017-02-28,PICHINCHA,microempresas,19775.000000
2017-02-28,PICHINCHA,pequenas_empresas,15533.000000
2017-02-28,RIPLEY,consumo,475006.000000
2017-02-28,SANTANDER,consumo,24.000000
2017-02-28,SANTANDER,corporativo,89.000000
2017-02-28,SANTANDER,grandes_empresas,218.000000
2017-02-28,SANTANDER,medianas_empresas,65.000000
2017-02-28,SANTANDER,pequenas_empresas,7.000000
2017-02-28,SCOTIABANK,consumo,392961.000000
2017-02-28,SCOTIABANK,corporativo,252.000000
2017-02-28,SCOTIABANK,grandes_empresas,1066.000000
2017-02-28,SCOTIABANK,hipotecario,30559.000000
2017-02-28,SCOTIABANK,medianas_empresas,10817.000000
2017-02-28,SCOTIABANK,microempresas,3493.000000
2017-02-28,SCOTIABANK,pequenas_empresas,37440.000000
2017-03-31,ALFIN,consumo,262415.000000
2017-03-31,BANCOM,consumo,61137.000000
2017-03-31,BANCOM,corporativo,8.000000
2017-03-31,BANCOM,grandes_empresas,37.000000
2017-03-31,BANCOM,hipotecario,372.000000
2017-03-31,BANCOM,medianas_empresas,85.000000
2017-03-31,BANCOM,microempresas,27.000000
2017-03-31,BANCOM,pequenas_empresas,42.000000
2017-03-31,BBVA,consumo,387202.000000
2017-03-31,BBVA,corporativo,276.000000
2017-03-31,BBVA,grandes_empresas,1709.000000
2017-03-31,BBVA,hipotecario,48952.000000
2017-03-31,BBVA,medianas_empresas,13244.000000
2017-03-31,BBVA,microempresas,2905.000000
2017-03-31,BBVA,pequenas_empresas,16124.000000
2017-03-31,BCP,consumo,725303.000000
2017-03-31,BCP,corporativo,492.000000
2017-03-31,BCP,grandes_empresas,1833.000000
2017-03-31,BCP,hipotecario,62614.000000
2017-03-31,BCP,medianas_empresas,17911.000000
2017-03-31,BCP,microempresas,27599.000000
2017-03-31,BCP,pequenas_empresas,58770.000000
2017-03-31,BIF,consumo,68085.000000
2017-03-31,BIF,corporativo,74.000000
2017-03-31,BIF,grandes_empresas,309.000000
2017-03-31,BIF,hipotecario,10944.000000
2017-03-31,BIF,medianas_empresas,2998.000000
2017-03-31,BIF,microempresas,2061.000000
2017-03-31,BIF,pequenas_empresas,1776.000000
2017-03-31,CENCOSUD,consumo,330160.000000
2017-03-31,CITIBANK,corporativo,25.000000
2017-03-31,CITIBANK,grandes_empresas,61.000000
2017-03-31,CITIBANK,medianas_empresas,19.000000
2017-03-31,CITIBANK,microempresas,5.000000
2017-03-31,CITIBANK,pequenas_empresas,8.000000
2017-03-31,FALABELLA,consumo,1096120.000000
2017-03-31,FALABELLA,hipotecario,123.000000
2017-03-31,GNB,consumo,44022.000000
2017-03-31,GNB,corporativo,32.000000
2017-03-31,GNB,grandes_empresas,157.000000
2017-03-31,GNB,hipotecario,5999.000000
2017-03-31,GNB,medianas_empresas,635.000000
2017-03-31,GNB,microempresas,64.000000
2017-03-31,GNB,pequenas_empresas,570.000000
2017-03-31,ICBC,corporativo,12.000000
2017-03-31,ICBC,grandes_empresas,2.000000
2017-03-31,ICBC,medianas_empresas,5.000000
2017-03-31,INTERBANK,consumo,925208.000000
2017-03-31,INTERBANK,corporativo,131.000000
2017-03-31,INTERBANK,grandes_empresas,722.000000
2017-03-31,INTERBANK,hipotecario,38579.000000
2017-03-31,INTERBANK,medianas_empresas,3255.000000
2017-03-31,INTERBANK,microempresas,821.000000
2017-03-31,INTERBANK,pequenas_empresas,7876.000000
2017-03-31,MIBANCO,consumo,255011.000000
2017-03-31,MIBANCO,hipotecario,5253.000000
2017-03-31,MIBANCO,medianas_empresas,1847.000000
2017-03-31,MIBANCO,microempresas,544811.000000
2017-03-31,MIBANCO,pequenas_empresas,143102.000000
2017-03-31,PICHINCHA,consumo,296572.000000
2017-03-31,PICHINCHA,corporativo,74.000000
2017-03-31,PICHINCHA,grandes_empresas,313.000000
2017-03-31,PICHINCHA,hipotecario,9915.000000
2017-03-31,PICHINCHA,medianas_empresas,1862.000000
2017-03-31,PICHINCHA,microempresas,19906.000000
2017-03-31,PICHINCHA,pequenas_empresas,15588.000000
2017-03-31,RIPLEY,consumo,465526.000000
2017-03-31,SANTANDER,consumo,19.000000
2017-03-31,SANTANDER,corporativo,95.000000
2017-03-31,SANTANDER,grandes_empresas,228.000000
2017-03-31,SANTANDER,medianas_empresas,76.000000
2017-03-31,SANTANDER,pequenas_empresas,8.000000
2017-03-31,SCOTIABANK,consumo,394701.000000
2017-03-31,SCOTIABANK,corporativo,255.000000
2017-03-31,SCOTIABANK,grandes_empresas,1092.000000
2017-03-31,SCOTIABANK,hipotecario,30684.000000
2017-03-31,SCOTIABANK,medianas_empresas,10882.000000
2017-03-31,SCOTIABANK,microempresas,3540.000000
2017-03-31,SCOTIABANK,pequenas_empresas,37371.000000
2017-04-30,ALFIN,consumo,259233.000000
2017-04-30,BANCOM,consumo,61156.000000
2017-04-30,BANCOM,corporativo,8.000000
2017-04-30,BANCOM,grandes_empresas,37.000000
2017-04-30,BANCOM,hipotecario,378.000000
2017-04-30,BANCOM,medianas_empresas,87.000000
2017-04-30,BANCOM,microempresas,25.000000
2017-04-30,BANCOM,pequenas_empresas,39.000000
2017-04-30,BBVA,consumo,389395.000000
2017-04-30,BBVA,corporativo,269.000000
2017-04-30,BBVA,grandes_empresas,1681.000000
2017-04-30,BBVA,hipotecario,48918.000000
2017-04-30,BBVA,medianas_empresas,13274.000000
2017-04-30,BBVA,microempresas,2899.000000
2017-04-30,BBVA,pequenas_empresas,16021.000000
2017-04-30,BCP,consumo,723701.000000
2017-04-30,BCP,corporativo,489.000000
2017-04-30,BCP,grandes_empresas,1829.000000
2017-04-30,BCP,hipotecario,62567.000000
2017-04-30,BCP,medianas_empresas,18033.000000
2017-04-30,BCP,microempresas,28391.000000
2017-04-30,BCP,pequenas_empresas,58528.000000
2017-04-30,BIF,consumo,68822.000000
2017-04-30,BIF,corporativo,78.000000
2017-04-30,BIF,grandes_empresas,311.000000
2017-04-30,BIF,hipotecario,10994.000000
2017-04-30,BIF,medianas_empresas,2990.000000
2017-04-30,BIF,microempresas,2036.000000
2017-04-30,BIF,pequenas_empresas,1745.000000
2017-04-30,CENCOSUD,consumo,326168.000000
2017-04-30,CITIBANK,corporativo,25.000000
2017-04-30,CITIBANK,grandes_empresas,68.000000
2017-04-30,CITIBANK,medianas_empresas,17.000000
2017-04-30,CITIBANK,microempresas,7.000000
2017-04-30,CITIBANK,pequenas_empresas,8.000000
2017-04-30,FALABELLA,consumo,1094480.000000
2017-04-30,FALABELLA,grandes_empresas,1.000000
2017-04-30,FALABELLA,hipotecario,118.000000
2017-04-30,GNB,consumo,43690.000000
2017-04-30,GNB,corporativo,34.000000
2017-04-30,GNB,grandes_empresas,163.000000
2017-04-30,GNB,hipotecario,6050.000000
2017-04-30,GNB,medianas_empresas,629.000000
2017-04-30,GNB,microempresas,56.000000
2017-04-30,GNB,pequenas_empresas,596.000000
2017-04-30,ICBC,corporativo,15.000000
2017-04-30,ICBC,grandes_empresas,2.000000
2017-04-30,ICBC,medianas_empresas,5.000000
2017-04-30,INTERBANK,consumo,923741.000000
2017-04-30,INTERBANK,corporativo,130.000000
2017-04-30,INTERBANK,grandes_empresas,726.000000
2017-04-30,INTERBANK,hipotecario,38617.000000
2017-04-30,INTERBANK,medianas_empresas,3223.000000
2017-04-30,INTERBANK,microempresas,811.000000
2017-04-30,INTERBANK,pequenas_empresas,7976.000000
2017-04-30,MIBANCO,consumo,252142.000000
2017-04-30,MIBANCO,hipotecario,5272.000000
2017-04-30,MIBANCO,medianas_empresas,1846.000000
2017-04-30,MIBANCO,microempresas,542919.000000
2017-04-30,MIBANCO,pequenas_empresas,144515.000000
2017-04-30,PICHINCHA,consumo,298733.000000
2017-04-30,PICHINCHA,corporativo,80.000000
2017-04-30,PICHINCHA,grandes_empresas,334.000000
2017-04-30,PICHINCHA,hipotecario,9945.000000
2017-04-30,PICHINCHA,medianas_empresas,1801.000000
2017-04-30,PICHINCHA,microempresas,19827.000000
2017-04-30,PICHINCHA,pequenas_empresas,15501.000000
2017-04-30,RIPLEY,consumo,469758.000000
2017-04-30,SANTANDER,consumo,19.000000
2017-04-30,SANTANDER,corporativo,94.000000
2017-04-30,SANTANDER,grandes_empresas,227.000000
2017-04-30,SANTANDER,medianas_empresas,79.000000
2017-04-30,SANTANDER,microempresas,1.000000
2017-04-30,SANTANDER,pequenas_empresas,8.000000
2017-04-30,SCOTIABANK,consumo,399523.000000
2017-04-30,SCOTIABANK,corporativo,259.000000
2017-04-30,SCOTIABANK,grandes_empresas,1088.000000
2017-04-30,SCOTIABANK,hipotecario,30736.000000
2017-04-30,SCOTIABANK,medianas_empresas,10906.000000
2017-04-30,SCOTIABANK,microempresas,3637.000000
2017-04-30,SCOTIABANK,pequenas_empresas,37085.000000
2017-05-31,ALFIN,consumo,255501.000000
2017-05-31,BANCOM,consumo,61322.000000
2017-05-31,BANCOM,corporativo,8.000000
2017-05-31,BANCOM,grandes_empresas,36.000000
2017-05-31,BANCOM,hipotecario,382.000000
2017-05-31,BANCOM,medianas_empresas,85.000000
2017-05-31,BANCOM,microempresas,36.000000
2017-05-31,BANCOM,pequenas_empresas,45.000000
2017-05-31,BBVA,consumo,391238.000000
2017-05-31,BBVA,corporativo,267.000000
2017-05-31,BBVA,grandes_empresas,1654.000000
2017-05-31,BBVA,hipotecario,48873.000000
2017-05-31,BBVA,medianas_empresas,13308.000000
2017-05-31,BBVA,microempresas,2997.000000
2017-05-31,BBVA,pequenas_empresas,15990.000000
2017-05-31,BCP,consumo,719118.000000
2017-05-31,BCP,corporativo,498.000000
2017-05-31,BCP,grandes_empresas,1841.000000
2017-05-31,BCP,hipotecario,62661.000000
2017-05-31,BCP,medianas_empresas,18114.000000
2017-05-31,BCP,microempresas,27957.000000
2017-05-31,BCP,pequenas_empresas,58320.000000
2017-05-31,BIF,consumo,70284.000000
2017-05-31,BIF,corporativo,83.000000
2017-05-31,BIF,grandes_empresas,299.000000
2017-05-31,BIF,hipotecario,11047.000000
2017-05-31,BIF,medianas_empresas,3019.000000
2017-05-31,BIF,microempresas,2045.000000
2017-05-31,BIF,pequenas_empresas,1705.000000
2017-05-31,CENCOSUD,consumo,329008.000000
2017-05-31,CITIBANK,corporativo,26.000000
2017-05-31,CITIBANK,grandes_empresas,67.000000
2017-05-31,CITIBANK,medianas_empresas,18.000000
2017-05-31,CITIBANK,microempresas,6.000000
2017-05-31,CITIBANK,pequenas_empresas,8.000000
2017-05-31,FALABELLA,consumo,1101118.000000
2017-05-31,FALABELLA,grandes_empresas,1.000000
2017-05-31,FALABELLA,hipotecario,117.000000
2017-05-31,GNB,consumo,43313.000000
2017-05-31,GNB,corporativo,33.000000
2017-05-31,GNB,grandes_empresas,169.000000
2017-05-31,GNB,hipotecario,6058.000000
2017-05-31,GNB,medianas_empresas,636.000000
2017-05-31,GNB,microempresas,51.000000
2017-05-31,GNB,pequenas_empresas,605.000000
2017-05-31,ICBC,corporativo,14.000000
2017-05-31,ICBC,grandes_empresas,2.000000
2017-05-31,ICBC,medianas_empresas,5.000000
2017-05-31,INTERBANK,consumo,931482.000000
2017-05-31,INTERBANK,corporativo,128.000000
2017-05-31,INTERBANK,grandes_empresas,744.000000
2017-05-31,INTERBANK,hipotecario,38780.000000
2017-05-31,INTERBANK,medianas_empresas,3230.000000
2017-05-31,INTERBANK,microempresas,816.000000
2017-05-31,INTERBANK,pequenas_empresas,8063.000000
2017-05-31,MIBANCO,consumo,247698.000000
2017-05-31,MIBANCO,hipotecario,5352.000000
2017-05-31,MIBANCO,medianas_empresas,1845.000000
2017-05-31,MIBANCO,microempresas,545940.000000
2017-05-31,MIBANCO,pequenas_empresas,146035.000000
2017-05-31,PICHINCHA,consumo,305721.000000
2017-05-31,PICHINCHA,corporativo,87.000000
2017-05-31,PICHINCHA,grandes_empresas,341.000000
2017-05-31,PICHINCHA,hipotecario,10018.000000
2017-05-31,PICHINCHA,medianas_empresas,1807.000000
2017-05-31,PICHINCHA,microempresas,19633.000000
2017-05-31,PICHINCHA,pequenas_empresas,15556.000000
2017-05-31,RIPLEY,consumo,478132.000000
2017-05-31,SANTANDER,consumo,20.000000
2017-05-31,SANTANDER,corporativo,94.000000
2017-05-31,SANTANDER,grandes_empresas,239.000000
2017-05-31,SANTANDER,medianas_empresas,80.000000
2017-05-31,SANTANDER,pequenas_empresas,7.000000
2017-05-31,SCOTIABANK,consumo,404643.000000
2017-05-31,SCOTIABANK,corporativo,257.000000
2017-05-31,SCOTIABANK,grandes_empresas,1092.000000
2017-05-31,SCOTIABANK,hipotecario,30855.000000
2017-05-31,SCOTIABANK,medianas_empresas,11006.000000
2017-05-31,SCOTIABANK,microempresas,3560.000000
2017-05-31,SCOTIABANK,pequenas_empresas,36951.000000
2017-06-30,ALFIN,consumo,252136.000000
2017-06-30,BANCOM,consumo,61170.000000
2017-06-30,BANCOM,corporativo,9.000000
2017-06-30,BANCOM,grandes_empresas,35.000000
2017-06-30,BANCOM,hipotecario,390.000000
2017-06-30,BANCOM,medianas_empresas,75.000000
2017-06-30,BANCOM,microempresas,26.000000
2017-06-30,BANCOM,pequenas_empresas,34.000000
2017-06-30,BBVA,consumo,389765.000000
2017-06-30,BBVA,corporativo,269.000000
2017-06-30,BBVA,grandes_empresas,1578.000000
2017-06-30,BBVA,hipotecario,48919.000000
2017-06-30,BBVA,medianas_empresas,13408.000000
2017-06-30,BBVA,microempresas,3014.000000
2017-06-30,BBVA,pequenas_empresas,15692.000000
2017-06-30,BCP,consumo,711910.000000
2017-06-30,BCP,corporativo,518.000000
2017-06-30,BCP,grandes_empresas,1817.000000
2017-06-30,BCP,hipotecario,62823.000000
2017-06-30,BCP,medianas_empresas,18386.000000
2017-06-30,BCP,microempresas,31317.000000
2017-06-30,BCP,pequenas_empresas,59597.000000
2017-06-30,BIF,consumo,72739.000000
2017-06-30,BIF,corporativo,78.000000
2017-06-30,BIF,grandes_empresas,304.000000
2017-06-30,BIF,hipotecario,11130.000000
2017-06-30,BIF,medianas_empresas,2980.000000
2017-06-30,BIF,microempresas,2057.000000
2017-06-30,BIF,pequenas_empresas,1718.000000
2017-06-30,CENCOSUD,consumo,332640.000000
2017-06-30,CITIBANK,corporativo,25.000000
2017-06-30,CITIBANK,grandes_empresas,65.000000
2017-06-30,CITIBANK,medianas_empresas,16.000000
2017-06-30,CITIBANK,microempresas,7.000000
2017-06-30,CITIBANK,pequenas_empresas,7.000000
2017-06-30,FALABELLA,consumo,1107687.000000
2017-06-30,FALABELLA,grandes_empresas,1.000000
2017-06-30,FALABELLA,hipotecario,115.000000
2017-06-30,GNB,consumo,42809.000000
2017-06-30,GNB,corporativo,30.000000
2017-06-30,GNB,grandes_empresas,180.000000
2017-06-30,GNB,hipotecario,6050.000000
2017-06-30,GNB,medianas_empresas,636.000000
2017-06-30,GNB,microempresas,49.000000
2017-06-30,GNB,pequenas_empresas,631.000000
2017-06-30,ICBC,corporativo,12.000000
2017-06-30,ICBC,grandes_empresas,2.000000
2017-06-30,ICBC,medianas_empresas,5.000000
2017-06-30,INTERBANK,consumo,934933.000000
2017-06-30,INTERBANK,corporativo,140.000000
2017-06-30,INTERBANK,grandes_empresas,746.000000
2017-06-30,INTERBANK,hipotecario,38897.000000
2017-06-30,INTERBANK,medianas_empresas,3231.000000
2017-06-30,INTERBANK,microempresas,827.000000
2017-06-30,INTERBANK,pequenas_empresas,8151.000000
2017-06-30,MIBANCO,consumo,243409.000000
2017-06-30,MIBANCO,hipotecario,5419.000000
2017-06-30,MIBANCO,medianas_empresas,1833.000000
2017-06-30,MIBANCO,microempresas,551145.000000
2017-06-30,MIBANCO,pequenas_empresas,147002.000000
2017-06-30,PICHINCHA,consumo,306341.000000
2017-06-30,PICHINCHA,corporativo,79.000000
2017-06-30,PICHINCHA,grandes_empresas,356.000000
2017-06-30,PICHINCHA,hipotecario,10050.000000
2017-06-30,PICHINCHA,medianas_empresas,1792.000000
2017-06-30,PICHINCHA,microempresas,19632.000000
2017-06-30,PICHINCHA,pequenas_empresas,15653.000000
2017-06-30,RIPLEY,consumo,486390.000000
2017-06-30,SANTANDER,consumo,21.000000
2017-06-30,SANTANDER,corporativo,95.000000
2017-06-30,SANTANDER,grandes_empresas,240.000000
2017-06-30,SANTANDER,medianas_empresas,82.000000
2017-06-30,SANTANDER,pequenas_empresas,8.000000
2017-06-30,SCOTIABANK,consumo,408055.000000
2017-06-30,SCOTIABANK,corporativo,258.000000
2017-06-30,SCOTIABANK,grandes_empresas,1082.000000
2017-06-30,SCOTIABANK,hipotecario,30907.000000
2017-06-30,SCOTIABANK,medianas_empresas,11003.000000
2017-06-30,SCOTIABANK,microempresas,3553.000000
2017-06-30,SCOTIABANK,pequenas_empresas,36459.000000
2017-07-31,ALFIN,consumo,248862.000000
2017-07-31,BANCOM,consumo,61045.000000
2017-07-31,BANCOM,corporativo,9.000000
2017-07-31,BANCOM,grandes_empresas,35.000000
2017-07-31,BANCOM,hipotecario,393.000000
2017-07-31,BANCOM,medianas_empresas,71.000000
2017-07-31,BANCOM,microempresas,27.000000
2017-07-31,BANCOM,pequenas_empresas,33.000000
2017-07-31,BBVA,consumo,388699.000000
2017-07-31,BBVA,corporativo,269.000000
2017-07-31,BBVA,grandes_empresas,1568.000000
2017-07-31,BBVA,hipotecario,48901.000000
2017-07-31,BBVA,medianas_empresas,13377.000000
2017-07-31,BBVA,microempresas,2896.000000
2017-07-31,BBVA,pequenas_empresas,15837.000000
2017-07-31,BCP,consumo,697393.000000
2017-07-31,BCP,corporativo,527.000000
2017-07-31,BCP,grandes_empresas,1896.000000
2017-07-31,BCP,hipotecario,62763.000000
2017-07-31,BCP,medianas_empresas,18306.000000
2017-07-31,BCP,microempresas,28659.000000
2017-07-31,BCP,pequenas_empresas,57758.000000
2017-07-31,BIF,consumo,74009.000000
2017-07-31,BIF,corporativo,83.000000
2017-07-31,BIF,grandes_empresas,308.000000
2017-07-31,BIF,hipotecario,11204.000000
2017-07-31,BIF,medianas_empresas,3045.000000
2017-07-31,BIF,microempresas,2222.000000
2017-07-31,BIF,pequenas_empresas,2417.000000
2017-07-31,CENCOSUD,consumo,335311.000000
2017-07-31,CITIBANK,corporativo,26.000000
2017-07-31,CITIBANK,grandes_empresas,64.000000
2017-07-31,CITIBANK,medianas_empresas,17.000000
2017-07-31,CITIBANK,microempresas,7.000000
2017-07-31,CITIBANK,pequenas_empresas,8.000000
2017-07-31,FALABELLA,consumo,1094775.000000
2017-07-31,FALABELLA,grandes_empresas,1.000000
2017-07-31,FALABELLA,hipotecario,112.000000
2017-07-31,GNB,consumo,42586.000000
2017-07-31,GNB,corporativo,30.000000
2017-07-31,GNB,grandes_empresas,177.000000
2017-07-31,GNB,hipotecario,6239.000000
2017-07-31,GNB,medianas_empresas,644.000000
2017-07-31,GNB,microempresas,42.000000
2017-07-31,GNB,pequenas_empresas,666.000000
2017-07-31,ICBC,corporativo,13.000000
2017-07-31,ICBC,grandes_empresas,2.000000
2017-07-31,ICBC,medianas_empresas,5.000000
2017-07-31,INTERBANK,consumo,928664.000000
2017-07-31,INTERBANK,corporativo,141.000000
2017-07-31,INTERBANK,grandes_empresas,752.000000
2017-07-31,INTERBANK,hipotecario,38931.000000
2017-07-31,INTERBANK,medianas_empresas,3228.000000
2017-07-31,INTERBANK,microempresas,822.000000
2017-07-31,INTERBANK,pequenas_empresas,8265.000000
2017-07-31,MIBANCO,consumo,236890.000000
2017-07-31,MIBANCO,hipotecario,5465.000000
2017-07-31,MIBANCO,medianas_empresas,1810.000000
2017-07-31,MIBANCO,microempresas,553885.000000
2017-07-31,MIBANCO,pequenas_empresas,147980.000000
2017-07-31,PICHINCHA,consumo,304101.000000
2017-07-31,PICHINCHA,corporativo,87.000000
2017-07-31,PICHINCHA,grandes_empresas,358.000000
2017-07-31,PICHINCHA,hipotecario,10065.000000
2017-07-31,PICHINCHA,medianas_empresas,1764.000000
2017-07-31,PICHINCHA,microempresas,19660.000000
2017-07-31,PICHINCHA,pequenas_empresas,15591.000000
2017-07-31,RIPLEY,consumo,484144.000000
2017-07-31,SANTANDER,consumo,21.000000
2017-07-31,SANTANDER,corporativo,95.000000
2017-07-31,SANTANDER,grandes_empresas,236.000000
2017-07-31,SANTANDER,medianas_empresas,101.000000
2017-07-31,SANTANDER,pequenas_empresas,7.000000
2017-07-31,SCOTIABANK,consumo,409106.000000
2017-07-31,SCOTIABANK,corporativo,252.000000
2017-07-31,SCOTIABANK,grandes_empresas,1093.000000
2017-07-31,SCOTIABANK,hipotecario,30946.000000
2017-07-31,SCOTIABANK,medianas_empresas,10941.000000
2017-07-31,SCOTIABANK,microempresas,3586.000000
2017-07-31,SCOTIABANK,pequenas_empresas,36188.000000
2017-08-31,ALFIN,consumo,249111.000000
2017-08-31,BANCOM,consumo,60780.000000
2017-08-31,BANCOM,corporativo,10.000000
2017-08-31,BANCOM,grandes_empresas,33.000000
2017-08-31,BANCOM,hipotecario,394.000000
2017-08-31,BANCOM,medianas_empresas,66.000000
2017-08-31,BANCOM,microempresas,30.000000
2017-08-31,BANCOM,pequenas_empresas,32.000000
2017-08-31,BBVA,consumo,391742.000000
2017-08-31,BBVA,corporativo,270.000000
2017-08-31,BBVA,grandes_empresas,1577.000000
2017-08-31,BBVA,hipotecario,48975.000000
2017-08-31,BBVA,medianas_empresas,13369.000000
2017-08-31,BBVA,microempresas,2946.000000
2017-08-31,BBVA,pequenas_empresas,15881.000000
2017-08-31,BCP,consumo,698517.000000
2017-08-31,BCP,corporativo,531.000000
2017-08-31,BCP,grandes_empresas,1893.000000
2017-08-31,BCP,hipotecario,62833.000000
2017-08-31,BCP,medianas_empresas,18422.000000
2017-08-31,BCP,microempresas,29038.000000
2017-08-31,BCP,pequenas_empresas,57471.000000
2017-08-31,BIF,consumo,76760.000000
2017-08-31,BIF,corporativo,78.000000
2017-08-31,BIF,grandes_empresas,310.000000
2017-08-31,BIF,hipotecario,11286.000000
2017-08-31,BIF,medianas_empresas,3045.000000
2017-08-31,BIF,microempresas,2268.000000
2017-08-31,BIF,pequenas_empresas,2387.000000
2017-08-31,CENCOSUD,consumo,336883.000000
2017-08-31,CITIBANK,corporativo,27.000000
2017-08-31,CITIBANK,grandes_empresas,63.000000
2017-08-31,CITIBANK,medianas_empresas,16.000000
2017-08-31,CITIBANK,microempresas,7.000000
2017-08-31,CITIBANK,pequenas_empresas,8.000000
2017-08-31,FALABELLA,consumo,1072546.000000
2017-08-31,FALABELLA,grandes_empresas,1.000000
2017-08-31,FALABELLA,hipotecario,112.000000
2017-08-31,GNB,consumo,42279.000000
2017-08-31,GNB,corporativo,30.000000
2017-08-31,GNB,grandes_empresas,185.000000
2017-08-31,GNB,hipotecario,6386.000000
2017-08-31,GNB,medianas_empresas,647.000000
2017-08-31,GNB,microempresas,32.000000
2017-08-31,GNB,pequenas_empresas,698.000000
2017-08-31,ICBC,corporativo,14.000000
2017-08-31,ICBC,grandes_empresas,2.000000
2017-08-31,ICBC,medianas_empresas,5.000000
2017-08-31,INTERBANK,consumo,935169.000000
2017-08-31,INTERBANK,corporativo,144.000000
2017-08-31,INTERBANK,grandes_empresas,753.000000
2017-08-31,INTERBANK,hipotecario,39088.000000
2017-08-31,INTERBANK,medianas_empresas,3209.000000
2017-08-31,INTERBANK,microempresas,828.000000
2017-08-31,INTERBANK,pequenas_empresas,8407.000000
2017-08-31,MIBANCO,consumo,230474.000000
2017-08-31,MIBANCO,hipotecario,5509.000000
2017-08-31,MIBANCO,medianas_empresas,1815.000000
2017-08-31,MIBANCO,microempresas,559790.000000
2017-08-31,MIBANCO,pequenas_empresas,149080.000000
2017-08-31,PICHINCHA,consumo,307459.000000
2017-08-31,PICHINCHA,corporativo,84.000000
2017-08-31,PICHINCHA,grandes_empresas,349.000000
2017-08-31,PICHINCHA,hipotecario,10042.000000
2017-08-31,PICHINCHA,medianas_empresas,1720.000000
2017-08-31,PICHINCHA,microempresas,19827.000000
2017-08-31,PICHINCHA,pequenas_empresas,15417.000000
2017-08-31,RIPLEY,consumo,480808.000000
2017-08-31,SANTANDER,consumo,22.000000
2017-08-31,SANTANDER,corporativo,95.000000
2017-08-31,SANTANDER,grandes_empresas,244.000000
2017-08-31,SANTANDER,medianas_empresas,97.000000
2017-08-31,SANTANDER,pequenas_empresas,7.000000
2017-08-31,SCOTIABANK,consumo,411361.000000
2017-08-31,SCOTIABANK,corporativo,251.000000
2017-08-31,SCOTIABANK,grandes_empresas,1109.000000
2017-08-31,SCOTIABANK,hipotecario,30914.000000
2017-08-31,SCOTIABANK,medianas_empresas,10858.000000
2017-08-31,SCOTIABANK,microempresas,3458.000000
2017-08-31,SCOTIABANK,pequenas_empresas,35787.000000
2017-09-30,ALFIN,consumo,247849.000000
2017-09-30,BANCOM,consumo,60305.000000
2017-09-30,BANCOM,corporativo,10.000000
2017-09-30,BANCOM,grandes_empresas,34.000000
2017-09-30,BANCOM,hipotecario,407.000000
2017-09-30,BANCOM,medianas_empresas,65.000000
2017-09-30,BANCOM,microempresas,22.000000
2017-09-30,BANCOM,pequenas_empresas,27.000000
2017-09-30,BBVA,consumo,390783.000000
2017-09-30,BBVA,corporativo,274.000000
2017-09-30,BBVA,grandes_empresas,1598.000000
2017-09-30,BBVA,hipotecario,49201.000000
2017-09-30,BBVA,medianas_empresas,13436.000000
2017-09-30,BBVA,microempresas,3154.000000
2017-09-30,BBVA,pequenas_empresas,15708.000000
2017-09-30,BCP,consumo,697131.000000
2017-09-30,BCP,corporativo,551.000000
2017-09-30,BCP,grandes_empresas,1903.000000
2017-09-30,BCP,hipotecario,62999.000000
2017-09-30,BCP,medianas_empresas,18575.000000
2017-09-30,BCP,microempresas,29347.000000
2017-09-30,BCP,pequenas_empresas,57419.000000
2017-09-30,BIF,consumo,78646.000000
2017-09-30,BIF,corporativo,77.000000
2017-09-30,BIF,grandes_empresas,311.000000
2017-09-30,BIF,hipotecario,11362.000000
2017-09-30,BIF,medianas_empresas,3002.000000
2017-09-30,BIF,microempresas,2864.000000
2017-09-30,BIF,pequenas_empresas,1777.000000
2017-09-30,CENCOSUD,consumo,340957.000000
2017-09-30,CITIBANK,corporativo,32.000000
2017-09-30,CITIBANK,grandes_empresas,64.000000
2017-09-30,CITIBANK,medianas_empresas,16.000000
2017-09-30,CITIBANK,microempresas,5.000000
2017-09-30,CITIBANK,pequenas_empresas,8.000000
2017-09-30,FALABELLA,consumo,1057196.000000
2017-09-30,FALABELLA,grandes_empresas,1.000000
2017-09-30,FALABELLA,hipotecario,108.000000
2017-09-30,GNB,consumo,42070.000000
2017-09-30,GNB,corporativo,30.000000
2017-09-30,GNB,grandes_empresas,185.000000
2017-09-30,GNB,hipotecario,6405.000000
2017-09-30,GNB,medianas_empresas,663.000000
2017-09-30,GNB,microempresas,29.000000
2017-09-30,GNB,pequenas_empresas,708.000000
2017-09-30,ICBC,corporativo,14.000000
2017-09-30,ICBC,grandes_empresas,3.000000
2017-09-30,ICBC,medianas_empresas,4.000000
2017-09-30,INTERBANK,consumo,933868.000000
2017-09-30,INTERBANK,corporativo,144.000000
2017-09-30,INTERBANK,grandes_empresas,743.000000
2017-09-30,INTERBANK,hipotecario,39277.000000
2017-09-30,INTERBANK,medianas_empresas,3213.000000
2017-09-30,INTERBANK,microempresas,813.000000
2017-09-30,INTERBANK,pequenas_empresas,8595.000000
2017-09-30,MIBANCO,consumo,223786.000000
2017-09-30,MIBANCO,hipotecario,5577.000000
2017-09-30,MIBANCO,medianas_empresas,1778.000000
2017-09-30,MIBANCO,microempresas,568927.000000
2017-09-30,MIBANCO,pequenas_empresas,147928.000000
2017-09-30,PICHINCHA,consumo,309158.000000
2017-09-30,PICHINCHA,corporativo,78.000000
2017-09-30,PICHINCHA,grandes_empresas,346.000000
2017-09-30,PICHINCHA,hipotecario,10059.000000
2017-09-30,PICHINCHA,medianas_empresas,1716.000000
2017-09-30,PICHINCHA,microempresas,20062.000000
2017-09-30,PICHINCHA,pequenas_empresas,15402.000000
2017-09-30,RIPLEY,consumo,477986.000000
2017-09-30,SANTANDER,consumo,23.000000
2017-09-30,SANTANDER,corporativo,95.000000
2017-09-30,SANTANDER,grandes_empresas,248.000000
2017-09-30,SANTANDER,medianas_empresas,92.000000
2017-09-30,SANTANDER,pequenas_empresas,8.000000
2017-09-30,SCOTIABANK,consumo,411125.000000
2017-09-30,SCOTIABANK,corporativo,253.000000
2017-09-30,SCOTIABANK,grandes_empresas,1117.000000
2017-09-30,SCOTIABANK,hipotecario,30960.000000
2017-09-30,SCOTIABANK,medianas_empresas,10859.000000
2017-09-30,SCOTIABANK,microempresas,3147.000000
2017-09-30,SCOTIABANK,pequenas_empresas,35243.000000
2017-10-31,ALFIN,consumo,244885.000000
2017-10-31,BANCOM,consumo,60192.000000
2017-10-31,BANCOM,corporativo,11.000000
2017-10-31,BANCOM,grandes_empresas,33.000000
2017-10-31,BANCOM,hipotecario,419.000000
2017-10-31,BANCOM,medianas_empresas,64.000000
2017-10-31,BANCOM,microempresas,21.000000
2017-10-31,BANCOM,pequenas_empresas,27.000000
2017-10-31,BBVA,consumo,395582.000000
2017-10-31,BBVA,corporativo,275.000000
2017-10-31,BBVA,grandes_empresas,1602.000000
2017-10-31,BBVA,hipotecario,49372.000000
2017-10-31,BBVA,medianas_empresas,13426.000000
2017-10-31,BBVA,microempresas,3113.000000
2017-10-31,BBVA,pequenas_empresas,15749.000000
2017-10-31,BCP,consumo,700433.000000
2017-10-31,BCP,corporativo,554.000000
2017-10-31,BCP,grandes_empresas,1903.000000
2017-10-31,BCP,hipotecario,63126.000000
2017-10-31,BCP,medianas_empresas,18599.000000
2017-10-31,BCP,microempresas,29717.000000
2017-10-31,BCP,pequenas_empresas,57094.000000
2017-10-31,BIF,consumo,80894.000000
2017-10-31,BIF,corporativo,76.000000
2017-10-31,BIF,grandes_empresas,318.000000
2017-10-31,BIF,hipotecario,11427.000000
2017-10-31,BIF,medianas_empresas,2969.000000
2017-10-31,BIF,microempresas,2908.000000
2017-10-31,BIF,pequenas_empresas,1733.000000
2017-10-31,CENCOSUD,consumo,345800.000000
2017-10-31,CITIBANK,corporativo,31.000000
2017-10-31,CITIBANK,grandes_empresas,61.000000
2017-10-31,CITIBANK,medianas_empresas,17.000000
2017-10-31,CITIBANK,microempresas,5.000000
2017-10-31,CITIBANK,pequenas_empresas,8.000000
2017-10-31,FALABELLA,consumo,1052270.000000
2017-10-31,FALABELLA,grandes_empresas,1.000000
2017-10-31,FALABELLA,hipotecario,107.000000
2017-10-31,FALABELLA,medianas_empresas,1.000000
2017-10-31,GNB,consumo,41731.000000
2017-10-31,GNB,corporativo,28.000000
2017-10-31,GNB,grandes_empresas,189.000000
2017-10-31,GNB,hipotecario,6410.000000
2017-10-31,GNB,medianas_empresas,674.000000
2017-10-31,GNB,microempresas,34.000000
2017-10-31,GNB,pequenas_empresas,743.000000
2017-10-31,ICBC,corporativo,13.000000
2017-10-31,ICBC,grandes_empresas,3.000000
2017-10-31,ICBC,medianas_empresas,4.000000
2017-10-31,INTERBANK,consumo,934177.000000
2017-10-31,INTERBANK,corporativo,156.000000
2017-10-31,INTERBANK,grandes_empresas,730.000000
2017-10-31,INTERBANK,hipotecario,40864.000000
2017-10-31,INTERBANK,medianas_empresas,3217.000000
2017-10-31,INTERBANK,microempresas,817.000000
2017-10-31,INTERBANK,pequenas_empresas,8884.000000
2017-10-31,MIBANCO,consumo,217743.000000
2017-10-31,MIBANCO,hipotecario,5637.000000
2017-10-31,MIBANCO,medianas_empresas,1832.000000
2017-10-31,MIBANCO,microempresas,577674.000000
2017-10-31,MIBANCO,pequenas_empresas,150717.000000
2017-10-31,PICHINCHA,consumo,311193.000000
2017-10-31,PICHINCHA,corporativo,78.000000
2017-10-31,PICHINCHA,grandes_empresas,350.000000
2017-10-31,PICHINCHA,hipotecario,10077.000000
2017-10-31,PICHINCHA,medianas_empresas,1704.000000
2017-10-31,PICHINCHA,microempresas,20481.000000
2017-10-31,PICHINCHA,pequenas_empresas,15361.000000
2017-10-31,RIPLEY,consumo,477265.000000
2017-10-31,SANTANDER,consumo,24.000000
2017-10-31,SANTANDER,corporativo,92.000000
2017-10-31,SANTANDER,grandes_empresas,247.000000
2017-10-31,SANTANDER,medianas_empresas,95.000000
2017-10-31,SANTANDER,pequenas_empresas,6.000000
2017-10-31,SCOTIABANK,consumo,411951.000000
2017-10-31,SCOTIABANK,corporativo,249.000000
2017-10-31,SCOTIABANK,grandes_empresas,1111.000000
2017-10-31,SCOTIABANK,hipotecario,30948.000000
2017-10-31,SCOTIABANK,medianas_empresas,10841.000000
2017-10-31,SCOTIABANK,microempresas,3073.000000
2017-10-31,SCOTIABANK,pequenas_empresas,34896.000000
2017-11-30,ALFIN,consumo,245086.000000
2017-11-30,BANCOM,consumo,60152.000000
2017-11-30,BANCOM,corporativo,10.000000
2017-11-30,BANCOM,grandes_empresas,30.000000
2017-11-30,BANCOM,hipotecario,428.000000
2017-11-30,BANCOM,medianas_empresas,60.000000
2017-11-30,BANCOM,microempresas,18.000000
2017-11-30,BANCOM,pequenas_empresas,25.000000
2017-11-30,BBVA,consumo,400007.000000
2017-11-30,BBVA,corporativo,277.000000
2017-11-30,BBVA,grandes_empresas,1592.000000
2017-11-30,BBVA,hipotecario,49655.000000
2017-11-30,BBVA,medianas_empresas,13487.000000
2017-11-30,BBVA,microempresas,3168.000000
2017-11-30,BBVA,pequenas_empresas,15890.000000
2017-11-30,BCP,consumo,698852.000000
2017-11-30,BCP,corporativo,545.000000
2017-11-30,BCP,grandes_empresas,1912.000000
2017-11-30,BCP,hipotecario,63278.000000
2017-11-30,BCP,medianas_empresas,18770.000000
2017-11-30,BCP,microempresas,29419.000000
2017-11-30,BCP,pequenas_empresas,56853.000000
2017-11-30,BIF,consumo,82528.000000
2017-11-30,BIF,corporativo,74.000000
2017-11-30,BIF,grandes_empresas,307.000000
2017-11-30,BIF,hipotecario,11505.000000
2017-11-30,BIF,medianas_empresas,2993.000000
2017-11-30,BIF,microempresas,2902.000000
2017-11-30,BIF,pequenas_empresas,1656.000000
2017-11-30,CENCOSUD,consumo,353281.000000
2017-11-30,CITIBANK,corporativo,32.000000
2017-11-30,CITIBANK,grandes_empresas,66.000000
2017-11-30,CITIBANK,medianas_empresas,16.000000
2017-11-30,CITIBANK,microempresas,5.000000
2017-11-30,CITIBANK,pequenas_empresas,10.000000
2017-11-30,FALABELLA,consumo,1056378.000000
2017-11-30,FALABELLA,grandes_empresas,1.000000
2017-11-30,FALABELLA,hipotecario,106.000000
2017-11-30,FALABELLA,medianas_empresas,1.000000
2017-11-30,GNB,consumo,41396.000000
2017-11-30,GNB,corporativo,35.000000
2017-11-30,GNB,grandes_empresas,179.000000
2017-11-30,GNB,hipotecario,6436.000000
2017-11-30,GNB,medianas_empresas,684.000000
2017-11-30,GNB,microempresas,38.000000
2017-11-30,GNB,pequenas_empresas,757.000000
2017-11-30,ICBC,corporativo,14.000000
2017-11-30,ICBC,grandes_empresas,2.000000
2017-11-30,ICBC,medianas_empresas,4.000000
2017-11-30,INTERBANK,consumo,928442.000000
2017-11-30,INTERBANK,corporativo,153.000000
2017-11-30,INTERBANK,grandes_empresas,732.000000
2017-11-30,INTERBANK,hipotecario,40906.000000
2017-11-30,INTERBANK,medianas_empresas,3224.000000
2017-11-30,INTERBANK,microempresas,784.000000
2017-11-30,INTERBANK,pequenas_empresas,9138.000000
2017-11-30,MIBANCO,consumo,211989.000000
2017-11-30,MIBANCO,hipotecario,5659.000000
2017-11-30,MIBANCO,medianas_empresas,1849.000000
2017-11-30,MIBANCO,microempresas,588591.000000
2017-11-30,MIBANCO,pequenas_empresas,151913.000000
2017-11-30,PICHINCHA,consumo,312088.000000
2017-11-30,PICHINCHA,corporativo,90.000000
2017-11-30,PICHINCHA,grandes_empresas,345.000000
2017-11-30,PICHINCHA,hipotecario,10120.000000
2017-11-30,PICHINCHA,medianas_empresas,1710.000000
2017-11-30,PICHINCHA,microempresas,21170.000000
2017-11-30,PICHINCHA,pequenas_empresas,15144.000000
2017-11-30,RIPLEY,consumo,484487.000000
2017-11-30,SANTANDER,consumo,24.000000
2017-11-30,SANTANDER,corporativo,94.000000
2017-11-30,SANTANDER,grandes_empresas,248.000000
2017-11-30,SANTANDER,medianas_empresas,94.000000
2017-11-30,SANTANDER,pequenas_empresas,6.000000
2017-11-30,SCOTIABANK,consumo,411998.000000
2017-11-30,SCOTIABANK,corporativo,249.000000
2017-11-30,SCOTIABANK,grandes_empresas,1128.000000
2017-11-30,SCOTIABANK,hipotecario,30978.000000
2017-11-30,SCOTIABANK,medianas_empresas,10874.000000
2017-11-30,SCOTIABANK,microempresas,3063.000000
2017-11-30,SCOTIABANK,pequenas_empresas,34747.000000
2017-12-31,ALFIN,consumo,246605.000000
2017-12-31,BANCOM,consumo,59625.000000
2017-12-31,BANCOM,corporativo,11.000000
2017-12-31,BANCOM,grandes_empresas,31.000000
2017-12-31,BANCOM,hipotecario,431.000000
2017-12-31,BANCOM,medianas_empresas,64.000000
2017-12-31,BANCOM,microempresas,13.000000
2017-12-31,BANCOM,pequenas_empresas,13.000000
2017-12-31,BBVA,consumo,393400.000000
2017-12-31,BBVA,corporativo,272.000000
2017-12-31,BBVA,grandes_empresas,1575.000000
2017-12-31,BBVA,hipotecario,49800.000000
2017-12-31,BBVA,medianas_empresas,13489.000000
2017-12-31,BBVA,microempresas,3197.000000
2017-12-31,BBVA,pequenas_empresas,15615.000000
2017-12-31,BCP,consumo,697626.000000
2017-12-31,BCP,corporativo,543.000000
2017-12-31,BCP,grandes_empresas,1922.000000
2017-12-31,BCP,hipotecario,63393.000000
2017-12-31,BCP,medianas_empresas,18911.000000
2017-12-31,BCP,microempresas,29149.000000
2017-12-31,BCP,pequenas_empresas,56210.000000
2017-12-31,BIF,consumo,83670.000000
2017-12-31,BIF,corporativo,102.000000
2017-12-31,BIF,grandes_empresas,546.000000
2017-12-31,BIF,hipotecario,11542.000000
2017-12-31,BIF,medianas_empresas,2707.000000
2017-12-31,BIF,microempresas,2826.000000
2017-12-31,BIF,pequenas_empresas,1636.000000
2017-12-31,CENCOSUD,consumo,369853.000000
2017-12-31,CITIBANK,corporativo,30.000000
2017-12-31,CITIBANK,grandes_empresas,65.000000
2017-12-31,CITIBANK,medianas_empresas,16.000000
2017-12-31,CITIBANK,microempresas,5.000000
2017-12-31,CITIBANK,pequenas_empresas,9.000000
2017-12-31,FALABELLA,consumo,1078595.000000
2017-12-31,FALABELLA,grandes_empresas,1.000000
2017-12-31,FALABELLA,hipotecario,103.000000
2017-12-31,GNB,consumo,40972.000000
2017-12-31,GNB,corporativo,32.000000
2017-12-31,GNB,grandes_empresas,183.000000
2017-12-31,GNB,hipotecario,6433.000000
2017-12-31,GNB,medianas_empresas,692.000000
2017-12-31,GNB,microempresas,36.000000
2017-12-31,GNB,pequenas_empresas,764.000000
2017-12-31,ICBC,corporativo,11.000000
2017-12-31,ICBC,grandes_empresas,3.000000
2017-12-31,ICBC,medianas_empresas,4.000000
2017-12-31,INTERBANK,consumo,921359.000000
2017-12-31,INTERBANK,corporativo,150.000000
2017-12-31,INTERBANK,grandes_empresas,739.000000
2017-12-31,INTERBANK,hipotecario,40937.000000
2017-12-31,INTERBANK,medianas_empresas,3267.000000
2017-12-31,INTERBANK,microempresas,769.000000
2017-12-31,INTERBANK,pequenas_empresas,9297.000000
2017-12-31,MIBANCO,consumo,205145.000000
2017-12-31,MIBANCO,hipotecario,5704.000000
2017-12-31,MIBANCO,medianas_empresas,1861.000000
2017-12-31,MIBANCO,microempresas,595882.000000
2017-12-31,MIBANCO,pequenas_empresas,152781.000000
2017-12-31,PICHINCHA,consumo,312566.000000
2017-12-31,PICHINCHA,corporativo,71.000000
2017-12-31,PICHINCHA,grandes_empresas,363.000000
2017-12-31,PICHINCHA,hipotecario,10127.000000
2017-12-31,PICHINCHA,medianas_empresas,1684.000000
2017-12-31,PICHINCHA,microempresas,21488.000000
2017-12-31,PICHINCHA,pequenas_empresas,14852.000000
2017-12-31,RIPLEY,consumo,504382.000000
2017-12-31,SANTANDER,consumo,24.000000
2017-12-31,SANTANDER,corporativo,96.000000
2017-12-31,SANTANDER,grandes_empresas,252.000000
2017-12-31,SANTANDER,medianas_empresas,90.000000
2017-12-31,SANTANDER,pequenas_empresas,7.000000
2017-12-31,SCOTIABANK,consumo,411296.000000
2017-12-31,SCOTIABANK,corporativo,246.000000
2017-12-31,SCOTIABANK,grandes_empresas,1129.000000
2017-12-31,SCOTIABANK,hipotecario,30989.000000
2017-12-31,SCOTIABANK,medianas_empresas,10828.000000
2017-12-31,SCOTIABANK,microempresas,2984.000000
2017-12-31,SCOTIABANK,pequenas_empresas,34187.000000
2018-01-31,ALFIN,consumo,244077.000000
2018-01-31,BANCOM,consumo,58967.000000
2018-01-31,BANCOM,corporativo,12.000000
2018-01-31,BANCOM,grandes_empresas,33.000000
2018-01-31,BANCOM,hipotecario,433.000000
2018-01-31,BANCOM,medianas_empresas,60.000000
2018-01-31,BANCOM,microempresas,13.000000
2018-01-31,BANCOM,pequenas_empresas,13.000000
2018-01-31,BBVA,consumo,398453.000000
2018-01-31,BBVA,corporativo,283.000000
2018-01-31,BBVA,grandes_empresas,1666.000000
2018-01-31,BBVA,hipotecario,49825.000000
2018-01-31,BBVA,medianas_empresas,13374.000000
2018-01-31,BBVA,microempresas,3127.000000
2018-01-31,BBVA,pequenas_empresas,15572.000000
2018-01-31,BCP,consumo,698959.000000
2018-01-31,BCP,corporativo,550.000000
2018-01-31,BCP,grandes_empresas,1917.000000
2018-01-31,BCP,hipotecario,63368.000000
2018-01-31,BCP,medianas_empresas,19014.000000
2018-01-31,BCP,microempresas,28494.000000
2018-01-31,BCP,pequenas_empresas,55305.000000
2018-01-31,BIF,consumo,84703.000000
2018-01-31,BIF,corporativo,98.000000
2018-01-31,BIF,grandes_empresas,547.000000
2018-01-31,BIF,hipotecario,11581.000000
2018-01-31,BIF,medianas_empresas,2662.000000
2018-01-31,BIF,microempresas,2750.000000
2018-01-31,BIF,pequenas_empresas,1642.000000
2018-01-31,CENCOSUD,consumo,374298.000000
2018-01-31,CITIBANK,corporativo,35.000000
2018-01-31,CITIBANK,grandes_empresas,64.000000
2018-01-31,CITIBANK,medianas_empresas,17.000000
2018-01-31,CITIBANK,microempresas,7.000000
2018-01-31,CITIBANK,pequenas_empresas,9.000000
2018-01-31,FALABELLA,consumo,1062657.000000
2018-01-31,FALABELLA,grandes_empresas,1.000000
2018-01-31,FALABELLA,hipotecario,98.000000
2018-01-31,GNB,consumo,40634.000000
2018-01-31,GNB,corporativo,32.000000
2018-01-31,GNB,grandes_empresas,185.000000
2018-01-31,GNB,hipotecario,6433.000000
2018-01-31,GNB,medianas_empresas,709.000000
2018-01-31,GNB,microempresas,40.000000
2018-01-31,GNB,pequenas_empresas,760.000000
2018-01-31,ICBC,corporativo,13.000000
2018-01-31,ICBC,grandes_empresas,3.000000
2018-01-31,ICBC,medianas_empresas,3.000000
2018-01-31,INTERBANK,consumo,916584.000000
2018-01-31,INTERBANK,corporativo,152.000000
2018-01-31,INTERBANK,grandes_empresas,726.000000
2018-01-31,INTERBANK,hipotecario,40929.000000
2018-01-31,INTERBANK,medianas_empresas,3252.000000
2018-01-31,INTERBANK,microempresas,752.000000
2018-01-31,INTERBANK,pequenas_empresas,9364.000000
2018-01-31,MIBANCO,consumo,199302.000000
2018-01-31,MIBANCO,hipotecario,5773.000000
2018-01-31,MIBANCO,medianas_empresas,1846.000000
2018-01-31,MIBANCO,microempresas,601306.000000
2018-01-31,MIBANCO,pequenas_empresas,153502.000000
2018-01-31,PICHINCHA,consumo,314602.000000
2018-01-31,PICHINCHA,corporativo,103.000000
2018-01-31,PICHINCHA,grandes_empresas,363.000000
2018-01-31,PICHINCHA,hipotecario,10132.000000
2018-01-31,PICHINCHA,medianas_empresas,1696.000000
2018-01-31,PICHINCHA,microempresas,21987.000000
2018-01-31,PICHINCHA,pequenas_empresas,14637.000000
2018-01-31,RIPLEY,consumo,486433.000000
2018-01-31,SANTANDER,consumo,27.000000
2018-01-31,SANTANDER,corporativo,93.000000
2018-01-31,SANTANDER,grandes_empresas,252.000000
2018-01-31,SANTANDER,medianas_empresas,90.000000
2018-01-31,SANTANDER,pequenas_empresas,8.000000
2018-01-31,SCOTIABANK,consumo,411001.000000
2018-01-31,SCOTIABANK,corporativo,248.000000
2018-01-31,SCOTIABANK,grandes_empresas,1139.000000
2018-01-31,SCOTIABANK,hipotecario,31004.000000
2018-01-31,SCOTIABANK,medianas_empresas,10795.000000
2018-01-31,SCOTIABANK,microempresas,3010.000000
2018-01-31,SCOTIABANK,pequenas_empresas,33998.000000
2018-02-28,ALFIN,consumo,242167.000000
2018-02-28,BANCOM,consumo,58350.000000
2018-02-28,BANCOM,corporativo,13.000000
2018-02-28,BANCOM,grandes_empresas,33.000000
2018-02-28,BANCOM,hipotecario,433.000000
2018-02-28,BANCOM,medianas_empresas,66.000000
2018-02-28,BANCOM,microempresas,11.000000
2018-02-28,BANCOM,pequenas_empresas,14.000000
2018-02-28,BBVA,consumo,408234.000000
2018-02-28,BBVA,corporativo,273.000000
2018-02-28,BBVA,grandes_empresas,1750.000000
2018-02-28,BBVA,hipotecario,49891.000000
2018-02-28,BBVA,medianas_empresas,13437.000000
2018-02-28,BBVA,microempresas,3209.000000
2018-02-28,BBVA,pequenas_empresas,15678.000000
2018-02-28,BCP,consumo,700326.000000
2018-02-28,BCP,corporativo,555.000000
2018-02-28,BCP,grandes_empresas,1900.000000
2018-02-28,BCP,hipotecario,63721.000000
2018-02-28,BCP,medianas_empresas,19178.000000
2018-02-28,BCP,microempresas,29907.000000
2018-02-28,BCP,pequenas_empresas,55248.000000
2018-02-28,BIF,consumo,86185.000000
2018-02-28,BIF,corporativo,100.000000
2018-02-28,BIF,grandes_empresas,554.000000
2018-02-28,BIF,hipotecario,11590.000000
2018-02-28,BIF,medianas_empresas,2647.000000
2018-02-28,BIF,microempresas,2688.000000
2018-02-28,BIF,pequenas_empresas,1704.000000
2018-02-28,CENCOSUD,consumo,381872.000000
2018-02-28,CITIBANK,corporativo,27.000000
2018-02-28,CITIBANK,grandes_empresas,65.000000
2018-02-28,CITIBANK,medianas_empresas,16.000000
2018-02-28,CITIBANK,microempresas,7.000000
2018-02-28,CITIBANK,pequenas_empresas,9.000000
2018-02-28,FALABELLA,consumo,1050678.000000
2018-02-28,FALABELLA,grandes_empresas,1.000000
2018-02-28,FALABELLA,hipotecario,97.000000
2018-02-28,GNB,consumo,40762.000000
2018-02-28,GNB,corporativo,30.000000
2018-02-28,GNB,grandes_empresas,187.000000
2018-02-28,GNB,hipotecario,6476.000000
2018-02-28,GNB,medianas_empresas,710.000000
2018-02-28,GNB,microempresas,42.000000
2018-02-28,GNB,pequenas_empresas,744.000000
2018-02-28,ICBC,corporativo,14.000000
2018-02-28,ICBC,grandes_empresas,3.000000
2018-02-28,ICBC,medianas_empresas,3.000000
2018-02-28,INTERBANK,consumo,911077.000000
2018-02-28,INTERBANK,corporativo,156.000000
2018-02-28,INTERBANK,grandes_empresas,716.000000
2018-02-28,INTERBANK,hipotecario,40977.000000
2018-02-28,INTERBANK,medianas_empresas,3278.000000
2018-02-28,INTERBANK,microempresas,738.000000
2018-02-28,INTERBANK,pequenas_empresas,9468.000000
2018-02-28,MIBANCO,consumo,195600.000000
2018-02-28,MIBANCO,hipotecario,5859.000000
2018-02-28,MIBANCO,medianas_empresas,1857.000000
2018-02-28,MIBANCO,microempresas,609282.000000
2018-02-28,MIBANCO,pequenas_empresas,154702.000000
2018-02-28,PICHINCHA,consumo,314289.000000
2018-02-28,PICHINCHA,corporativo,87.000000
2018-02-28,PICHINCHA,grandes_empresas,371.000000
2018-02-28,PICHINCHA,hipotecario,10145.000000
2018-02-28,PICHINCHA,medianas_empresas,1678.000000
2018-02-28,PICHINCHA,microempresas,22418.000000
2018-02-28,PICHINCHA,pequenas_empresas,14497.000000
2018-02-28,RIPLEY,consumo,477588.000000
2018-02-28,SANTANDER,consumo,27.000000
2018-02-28,SANTANDER,corporativo,93.000000
2018-02-28,SANTANDER,grandes_empresas,249.000000
2018-02-28,SANTANDER,medianas_empresas,87.000000
2018-02-28,SANTANDER,pequenas_empresas,8.000000
2018-02-28,SCOTIABANK,consumo,412439.000000
2018-02-28,SCOTIABANK,corporativo,240.000000
2018-02-28,SCOTIABANK,grandes_empresas,1144.000000
2018-02-28,SCOTIABANK,hipotecario,31060.000000
2018-02-28,SCOTIABANK,medianas_empresas,10871.000000
2018-02-28,SCOTIABANK,microempresas,3012.000000
2018-02-28,SCOTIABANK,pequenas_empresas,33974.000000
2018-03-31,ALFIN,consumo,240182.000000
2018-03-31,BANCOM,consumo,57595.000000
2018-03-31,BANCOM,corporativo,13.000000
2018-03-31,BANCOM,grandes_empresas,32.000000
2018-03-31,BANCOM,hipotecario,430.000000
2018-03-31,BANCOM,medianas_empresas,65.000000
2018-03-31,BANCOM,microempresas,9.000000
2018-03-31,BANCOM,pequenas_empresas,13.000000
2018-03-31,BBVA,consumo,407923.000000
2018-03-31,BBVA,corporativo,284.000000
2018-03-31,BBVA,grandes_empresas,1750.000000
2018-03-31,BBVA,hipotecario,50096.000000
2018-03-31,BBVA,medianas_empresas,13430.000000
2018-03-31,BBVA,microempresas,3424.000000
2018-03-31,BBVA,pequenas_empresas,15564.000000
2018-03-31,BCP,consumo,700524.000000
2018-03-31,BCP,corporativo,577.000000
2018-03-31,BCP,grandes_empresas,1889.000000
2018-03-31,BCP,hipotecario,63766.000000
2018-03-31,BCP,medianas_empresas,19359.000000
2018-03-31,BCP,microempresas,30704.000000
2018-03-31,BCP,pequenas_empresas,54222.000000
2018-03-31,BIF,consumo,87720.000000
2018-03-31,BIF,corporativo,102.000000
2018-03-31,BIF,grandes_empresas,562.000000
2018-03-31,BIF,hipotecario,11619.000000
2018-03-31,BIF,medianas_empresas,2588.000000
2018-03-31,BIF,microempresas,2690.000000
2018-03-31,BIF,pequenas_empresas,1685.000000
2018-03-31,CENCOSUD,consumo,387845.000000
2018-03-31,CITIBANK,corporativo,26.000000
2018-03-31,CITIBANK,grandes_empresas,65.000000
2018-03-31,CITIBANK,medianas_empresas,16.000000
2018-03-31,CITIBANK,microempresas,6.000000
2018-03-31,CITIBANK,pequenas_empresas,8.000000
2018-03-31,FALABELLA,consumo,1048485.000000
2018-03-31,FALABELLA,grandes_empresas,1.000000
2018-03-31,FALABELLA,hipotecario,95.000000
2018-03-31,FALABELLA,medianas_empresas,1.000000
2018-03-31,GNB,consumo,40930.000000
2018-03-31,GNB,corporativo,30.000000
2018-03-31,GNB,grandes_empresas,185.000000
2018-03-31,GNB,hipotecario,6434.000000
2018-03-31,GNB,medianas_empresas,681.000000
2018-03-31,GNB,microempresas,46.000000
2018-03-31,GNB,pequenas_empresas,725.000000
2018-03-31,ICBC,corporativo,14.000000
2018-03-31,ICBC,grandes_empresas,3.000000
2018-03-31,ICBC,medianas_empresas,3.000000
2018-03-31,INTERBANK,consumo,906172.000000
2018-03-31,INTERBANK,corporativo,141.000000
2018-03-31,INTERBANK,grandes_empresas,735.000000
2018-03-31,INTERBANK,hipotecario,41028.000000
2018-03-31,INTERBANK,medianas_empresas,3332.000000
2018-03-31,INTERBANK,microempresas,707.000000
2018-03-31,INTERBANK,pequenas_empresas,9517.000000
2018-03-31,MIBANCO,consumo,192524.000000
2018-03-31,MIBANCO,hipotecario,5935.000000
2018-03-31,MIBANCO,medianas_empresas,1877.000000
2018-03-31,MIBANCO,microempresas,617753.000000
2018-03-31,MIBANCO,pequenas_empresas,156140.000000
2018-03-31,PICHINCHA,consumo,315194.000000
2018-03-31,PICHINCHA,corporativo,82.000000
2018-03-31,PICHINCHA,grandes_empresas,390.000000
2018-03-31,PICHINCHA,hipotecario,10148.000000
2018-03-31,PICHINCHA,medianas_empresas,1685.000000
2018-03-31,PICHINCHA,microempresas,22883.000000
2018-03-31,PICHINCHA,pequenas_empresas,14401.000000
2018-03-31,RIPLEY,consumo,468788.000000
2018-03-31,SANTANDER,consumo,27.000000
2018-03-31,SANTANDER,corporativo,94.000000
2018-03-31,SANTANDER,grandes_empresas,253.000000
2018-03-31,SANTANDER,medianas_empresas,88.000000
2018-03-31,SANTANDER,pequenas_empresas,7.000000
2018-03-31,SCOTIABANK,consumo,414850.000000
2018-03-31,SCOTIABANK,corporativo,234.000000
2018-03-31,SCOTIABANK,grandes_empresas,1134.000000
2018-03-31,SCOTIABANK,hipotecario,31059.000000
2018-03-31,SCOTIABANK,medianas_empresas,10990.000000
2018-03-31,SCOTIABANK,microempresas,3069.000000
2018-03-31,SCOTIABANK,pequenas_empresas,33709.000000
2018-04-30,ALFIN,consumo,235920.000000
2018-04-30,BANCOM,consumo,57139.000000
2018-04-30,BANCOM,corporativo,13.000000
2018-04-30,BANCOM,grandes_empresas,34.000000
2018-04-30,BANCOM,hipotecario,590.000000
2018-04-30,BANCOM,medianas_empresas,69.000000
2018-04-30,BANCOM,microempresas,11.000000
2018-04-30,BANCOM,pequenas_empresas,13.000000
2018-04-30,BBVA,consumo,416030.000000
2018-04-30,BBVA,corporativo,282.000000
2018-04-30,BBVA,grandes_empresas,1738.000000
2018-04-30,BBVA,hipotecario,50118.000000
2018-04-30,BBVA,medianas_empresas,13589.000000
2018-04-30,BBVA,microempresas,3232.000000
2018-04-30,BBVA,pequenas_empresas,15957.000000
2018-04-30,BCP,consumo,704888.000000
2018-04-30,BCP,corporativo,568.000000
2018-04-30,BCP,grandes_empresas,1894.000000
2018-04-30,BCP,hipotecario,63907.000000
2018-04-30,BCP,medianas_empresas,19508.000000
2018-04-30,BCP,microempresas,31074.000000
2018-04-30,BCP,pequenas_empresas,53736.000000
2018-04-30,BIF,consumo,89888.000000
2018-04-30,BIF,corporativo,106.000000
2018-04-30,BIF,grandes_empresas,578.000000
2018-04-30,BIF,hipotecario,11656.000000
2018-04-30,BIF,medianas_empresas,2579.000000
2018-04-30,BIF,microempresas,2825.000000
2018-04-30,BIF,pequenas_empresas,1486.000000
2018-04-30,CENCOSUD,consumo,394552.000000
2018-04-30,CITIBANK,corporativo,27.000000
2018-04-30,CITIBANK,grandes_empresas,68.000000
2018-04-30,CITIBANK,medianas_empresas,18.000000
2018-04-30,CITIBANK,microempresas,7.000000
2018-04-30,CITIBANK,pequenas_empresas,8.000000
2018-04-30,FALABELLA,consumo,1047628.000000
2018-04-30,FALABELLA,grandes_empresas,1.000000
2018-04-30,FALABELLA,hipotecario,90.000000
2018-04-30,FALABELLA,medianas_empresas,1.000000
2018-04-30,GNB,consumo,41327.000000
2018-04-30,GNB,corporativo,32.000000
2018-04-30,GNB,grandes_empresas,188.000000
2018-04-30,GNB,hipotecario,6420.000000
2018-04-30,GNB,medianas_empresas,664.000000
2018-04-30,GNB,microempresas,39.000000
2018-04-30,GNB,pequenas_empresas,680.000000
2018-04-30,ICBC,corporativo,11.000000
2018-04-30,ICBC,grandes_empresas,2.000000
2018-04-30,ICBC,medianas_empresas,3.000000
2018-04-30,INTERBANK,consumo,909025.000000
2018-04-30,INTERBANK,corporativo,125.000000
2018-04-30,INTERBANK,grandes_empresas,768.000000
2018-04-30,INTERBANK,hipotecario,41087.000000
2018-04-30,INTERBANK,medianas_empresas,3356.000000
2018-04-30,INTERBANK,microempresas,694.000000
2018-04-30,INTERBANK,pequenas_empresas,9599.000000
2018-04-30,MIBANCO,consumo,189048.000000
2018-04-30,MIBANCO,hipotecario,5991.000000
2018-04-30,MIBANCO,medianas_empresas,1912.000000
2018-04-30,MIBANCO,microempresas,623530.000000
2018-04-30,MIBANCO,pequenas_empresas,157598.000000
2018-04-30,PICHINCHA,consumo,317864.000000
2018-04-30,PICHINCHA,corporativo,81.000000
2018-04-30,PICHINCHA,grandes_empresas,420.000000
2018-04-30,PICHINCHA,hipotecario,10171.000000
2018-04-30,PICHINCHA,medianas_empresas,1731.000000
2018-04-30,PICHINCHA,microempresas,23076.000000
2018-04-30,PICHINCHA,pequenas_empresas,14396.000000
2018-04-30,RIPLEY,consumo,468965.000000
2018-04-30,SANTANDER,consumo,24.000000
2018-04-30,SANTANDER,corporativo,94.000000
2018-04-30,SANTANDER,grandes_empresas,257.000000
2018-04-30,SANTANDER,medianas_empresas,88.000000
2018-04-30,SANTANDER,pequenas_empresas,7.000000
2018-04-30,SCOTIABANK,consumo,412525.000000
2018-04-30,SCOTIABANK,corporativo,239.000000
2018-04-30,SCOTIABANK,grandes_empresas,1130.000000
2018-04-30,SCOTIABANK,hipotecario,31145.000000
2018-04-30,SCOTIABANK,medianas_empresas,11040.000000
2018-04-30,SCOTIABANK,microempresas,2984.000000
2018-04-30,SCOTIABANK,pequenas_empresas,33606.000000
2018-05-31,ALFIN,consumo,233071.000000
2018-05-31,BANCOM,consumo,56473.000000
2018-05-31,BANCOM,corporativo,13.000000
2018-05-31,BANCOM,grandes_empresas,38.000000
2018-05-31,BANCOM,hipotecario,627.000000
2018-05-31,BANCOM,medianas_empresas,70.000000
2018-05-31,BANCOM,microempresas,8.000000
2018-05-31,BANCOM,pequenas_empresas,14.000000
2018-05-31,BBVA,consumo,424429.000000
2018-05-31,BBVA,corporativo,287.000000
2018-05-31,BBVA,grandes_empresas,1744.000000
2018-05-31,BBVA,hipotecario,50286.000000
2018-05-31,BBVA,medianas_empresas,13706.000000
2018-05-31,BBVA,microempresas,3152.000000
2018-05-31,BBVA,pequenas_empresas,16177.000000
2018-05-31,BCP,consumo,712952.000000
2018-05-31,BCP,corporativo,554.000000
2018-05-31,BCP,grandes_empresas,1904.000000
2018-05-31,BCP,hipotecario,64204.000000
2018-05-31,BCP,medianas_empresas,19666.000000
2018-05-31,BCP,microempresas,29787.000000
2018-05-31,BCP,pequenas_empresas,53525.000000
2018-05-31,BIF,consumo,91727.000000
2018-05-31,BIF,corporativo,105.000000
2018-05-31,BIF,grandes_empresas,585.000000
2018-05-31,BIF,hipotecario,11710.000000
2018-05-31,BIF,medianas_empresas,2539.000000
2018-05-31,BIF,microempresas,2765.000000
2018-05-31,BIF,pequenas_empresas,1361.000000
2018-05-31,CENCOSUD,consumo,403555.000000
2018-05-31,CITIBANK,corporativo,33.000000
2018-05-31,CITIBANK,grandes_empresas,68.000000
2018-05-31,CITIBANK,medianas_empresas,15.000000
2018-05-31,CITIBANK,microempresas,8.000000
2018-05-31,CITIBANK,pequenas_empresas,8.000000
2018-05-31,FALABELLA,consumo,1061907.000000
2018-05-31,FALABELLA,grandes_empresas,1.000000
2018-05-31,FALABELLA,hipotecario,88.000000
2018-05-31,FALABELLA,medianas_empresas,1.000000
2018-05-31,GNB,consumo,41800.000000
2018-05-31,GNB,corporativo,27.000000
2018-05-31,GNB,grandes_empresas,194.000000
2018-05-31,GNB,hipotecario,6379.000000
2018-05-31,GNB,medianas_empresas,631.000000
2018-05-31,GNB,microempresas,38.000000
2018-05-31,GNB,pequenas_empresas,659.000000
2018-05-31,ICBC,corporativo,13.000000
2018-05-31,ICBC,grandes_empresas,4.000000
2018-05-31,ICBC,medianas_empresas,3.000000
2018-05-31,INTERBANK,consumo,912989.000000
2018-05-31,INTERBANK,corporativo,122.000000
2018-05-31,INTERBANK,grandes_empresas,786.000000
2018-05-31,INTERBANK,hipotecario,41210.000000
2018-05-31,INTERBANK,medianas_empresas,3362.000000
2018-05-31,INTERBANK,microempresas,669.000000
2018-05-31,INTERBANK,pequenas_empresas,9654.000000
2018-05-31,MIBANCO,consumo,185603.000000
2018-05-31,MIBANCO,hipotecario,6049.000000
2018-05-31,MIBANCO,medianas_empresas,1885.000000
2018-05-31,MIBANCO,microempresas,626648.000000
2018-05-31,MIBANCO,pequenas_empresas,159202.000000
2018-05-31,PICHINCHA,consumo,323916.000000
2018-05-31,PICHINCHA,corporativo,69.000000
2018-05-31,PICHINCHA,grandes_empresas,434.000000
2018-05-31,PICHINCHA,hipotecario,10194.000000
2018-05-31,PICHINCHA,medianas_empresas,1739.000000
2018-05-31,PICHINCHA,microempresas,23043.000000
2018-05-31,PICHINCHA,pequenas_empresas,14214.000000
2018-05-31,RIPLEY,consumo,475080.000000
2018-05-31,SANTANDER,consumo,23.000000
2018-05-31,SANTANDER,corporativo,95.000000
2018-05-31,SANTANDER,grandes_empresas,260.000000
2018-05-31,SANTANDER,medianas_empresas,87.000000
2018-05-31,SANTANDER,pequenas_empresas,7.000000
2018-05-31,SCOTIABANK,consumo,414498.000000
2018-05-31,SCOTIABANK,corporativo,240.000000
2018-05-31,SCOTIABANK,grandes_empresas,1131.000000
2018-05-31,SCOTIABANK,hipotecario,31280.000000
2018-05-31,SCOTIABANK,medianas_empresas,11104.000000
2018-05-31,SCOTIABANK,microempresas,2963.000000
2018-05-31,SCOTIABANK,pequenas_empresas,33524.000000
2018-06-30,ALFIN,consumo,229226.000000
2018-06-30,BANCOM,consumo,55364.000000
2018-06-30,BANCOM,corporativo,12.000000
2018-06-30,BANCOM,grandes_empresas,45.000000
2018-06-30,BANCOM,hipotecario,652.000000
2018-06-30,BANCOM,medianas_empresas,67.000000
2018-06-30,BANCOM,microempresas,7.000000
2018-06-30,BANCOM,pequenas_empresas,12.000000
2018-06-30,BBVA,consumo,426788.000000
2018-06-30,BBVA,corporativo,285.000000
2018-06-30,BBVA,grandes_empresas,1750.000000
2018-06-30,BBVA,hipotecario,50394.000000
2018-06-30,BBVA,medianas_empresas,13726.000000
2018-06-30,BBVA,microempresas,3125.000000
2018-06-30,BBVA,pequenas_empresas,16116.000000
2018-06-30,BCP,consumo,719387.000000
2018-06-30,BCP,corporativo,572.000000
2018-06-30,BCP,grandes_empresas,1902.000000
2018-06-30,BCP,hipotecario,64521.000000
2018-06-30,BCP,medianas_empresas,19733.000000
2018-06-30,BCP,microempresas,30106.000000
2018-06-30,BCP,pequenas_empresas,53333.000000
2018-06-30,BIF,consumo,93263.000000
2018-06-30,BIF,corporativo,112.000000
2018-06-30,BIF,grandes_empresas,586.000000
2018-06-30,BIF,hipotecario,11749.000000
2018-06-30,BIF,medianas_empresas,2498.000000
2018-06-30,BIF,microempresas,2870.000000
2018-06-30,BIF,pequenas_empresas,1297.000000
2018-06-30,CENCOSUD,consumo,409237.000000
2018-06-30,CITIBANK,corporativo,33.000000
2018-06-30,CITIBANK,grandes_empresas,66.000000
2018-06-30,CITIBANK,medianas_empresas,17.000000
2018-06-30,CITIBANK,microempresas,8.000000
2018-06-30,CITIBANK,pequenas_empresas,8.000000
2018-06-30,FALABELLA,consumo,1075094.000000
2018-06-30,FALABELLA,grandes_empresas,1.000000
2018-06-30,FALABELLA,hipotecario,86.000000
2018-06-30,GNB,consumo,41994.000000
2018-06-30,GNB,corporativo,28.000000
2018-06-30,GNB,grandes_empresas,189.000000
2018-06-30,GNB,hipotecario,6581.000000
2018-06-30,GNB,medianas_empresas,606.000000
2018-06-30,GNB,microempresas,34.000000
2018-06-30,GNB,pequenas_empresas,625.000000
2018-06-30,ICBC,corporativo,15.000000
2018-06-30,ICBC,grandes_empresas,4.000000
2018-06-30,ICBC,medianas_empresas,3.000000
2018-06-30,INTERBANK,consumo,915959.000000
2018-06-30,INTERBANK,corporativo,134.000000
2018-06-30,INTERBANK,grandes_empresas,782.000000
2018-06-30,INTERBANK,hipotecario,41320.000000
2018-06-30,INTERBANK,medianas_empresas,3361.000000
2018-06-30,INTERBANK,microempresas,657.000000
2018-06-30,INTERBANK,pequenas_empresas,9825.000000
2018-06-30,MIBANCO,consumo,182263.000000
2018-06-30,MIBANCO,hipotecario,6073.000000
2018-06-30,MIBANCO,medianas_empresas,1835.000000
2018-06-30,MIBANCO,microempresas,627843.000000
2018-06-30,MIBANCO,pequenas_empresas,160311.000000
2018-06-30,PICHINCHA,consumo,325462.000000
2018-06-30,PICHINCHA,corporativo,92.000000
2018-06-30,PICHINCHA,grandes_empresas,437.000000
2018-06-30,PICHINCHA,hipotecario,10232.000000
2018-06-30,PICHINCHA,medianas_empresas,1739.000000
2018-06-30,PICHINCHA,microempresas,23267.000000
2018-06-30,PICHINCHA,pequenas_empresas,14053.000000
2018-06-30,RIPLEY,consumo,480763.000000
2018-06-30,SANTANDER,consumo,24.000000
2018-06-30,SANTANDER,corporativo,97.000000
2018-06-30,SANTANDER,grandes_empresas,260.000000
2018-06-30,SANTANDER,medianas_empresas,90.000000
2018-06-30,SANTANDER,pequenas_empresas,7.000000
2018-06-30,SCOTIABANK,consumo,416505.000000
2018-06-30,SCOTIABANK,corporativo,253.000000
2018-06-30,SCOTIABANK,grandes_empresas,1136.000000
2018-06-30,SCOTIABANK,hipotecario,31311.000000
2018-06-30,SCOTIABANK,medianas_empresas,11058.000000
2018-06-30,SCOTIABANK,microempresas,3000.000000
2018-06-30,SCOTIABANK,pequenas_empresas,32994.000000
2018-07-31,ALFIN,consumo,224275.000000
2018-07-31,BANCOM,consumo,54555.000000
2018-07-31,BANCOM,corporativo,12.000000
2018-07-31,BANCOM,grandes_empresas,48.000000
2018-07-31,BANCOM,hipotecario,649.000000
2018-07-31,BANCOM,medianas_empresas,67.000000
2018-07-31,BANCOM,microempresas,9.000000
2018-07-31,BANCOM,pequenas_empresas,11.000000
2018-07-31,BBVA,consumo,429412.000000
2018-07-31,BBVA,corporativo,281.000000
2018-07-31,BBVA,grandes_empresas,1746.000000
2018-07-31,BBVA,hipotecario,50329.000000
2018-07-31,BBVA,medianas_empresas,13784.000000
2018-07-31,BBVA,microempresas,3145.000000
2018-07-31,BBVA,pequenas_empresas,16298.000000
2018-07-31,BCP,consumo,710227.000000
2018-07-31,BCP,corporativo,555.000000
2018-07-31,BCP,grandes_empresas,2019.000000
2018-07-31,BCP,hipotecario,64797.000000
2018-07-31,BCP,medianas_empresas,19612.000000
2018-07-31,BCP,microempresas,29769.000000
2018-07-31,BCP,pequenas_empresas,52834.000000
2018-07-31,BIF,consumo,94196.000000
2018-07-31,BIF,corporativo,111.000000
2018-07-31,BIF,grandes_empresas,600.000000
2018-07-31,BIF,hipotecario,11807.000000
2018-07-31,BIF,medianas_empresas,2476.000000
2018-07-31,BIF,microempresas,2862.000000
2018-07-31,BIF,pequenas_empresas,1262.000000
2018-07-31,CENCOSUD,consumo,412858.000000
2018-07-31,CITIBANK,corporativo,31.000000
2018-07-31,CITIBANK,grandes_empresas,69.000000
2018-07-31,CITIBANK,medianas_empresas,16.000000
2018-07-31,CITIBANK,microempresas,7.000000
2018-07-31,CITIBANK,pequenas_empresas,8.000000
2018-07-31,FALABELLA,consumo,1061715.000000
2018-07-31,FALABELLA,grandes_empresas,1.000000
2018-07-31,FALABELLA,hipotecario,86.000000
2018-07-31,GNB,consumo,42439.000000
2018-07-31,GNB,corporativo,30.000000
2018-07-31,GNB,grandes_empresas,191.000000
2018-07-31,GNB,hipotecario,6518.000000
2018-07-31,GNB,medianas_empresas,596.000000
2018-07-31,GNB,microempresas,32.000000
2018-07-31,GNB,pequenas_empresas,604.000000
2018-07-31,ICBC,corporativo,16.000000
2018-07-31,ICBC,grandes_empresas,4.000000
2018-07-31,ICBC,medianas_empresas,3.000000
2018-07-31,INTERBANK,consumo,913718.000000
2018-07-31,INTERBANK,corporativo,144.000000
2018-07-31,INTERBANK,grandes_empresas,777.000000
2018-07-31,INTERBANK,hipotecario,41402.000000
2018-07-31,INTERBANK,medianas_empresas,3340.000000
2018-07-31,INTERBANK,microempresas,638.000000
2018-07-31,INTERBANK,pequenas_empresas,9917.000000
2018-07-31,MIBANCO,consumo,177763.000000
2018-07-31,MIBANCO,hipotecario,6110.000000
2018-07-31,MIBANCO,medianas_empresas,1806.000000
2018-07-31,MIBANCO,microempresas,626123.000000
2018-07-31,MIBANCO,pequenas_empresas,160827.000000
2018-07-31,PICHINCHA,consumo,328399.000000
2018-07-31,PICHINCHA,corporativo,80.000000
2018-07-31,PICHINCHA,grandes_empresas,452.000000
2018-07-31,PICHINCHA,hipotecario,10256.000000
2018-07-31,PICHINCHA,medianas_empresas,1764.000000
2018-07-31,PICHINCHA,microempresas,23533.000000
2018-07-31,PICHINCHA,pequenas_empresas,13929.000000
2018-07-31,RIPLEY,consumo,473831.000000
2018-07-31,SANTANDER,consumo,25.000000
2018-07-31,SANTANDER,corporativo,97.000000
2018-07-31,SANTANDER,grandes_empresas,263.000000
2018-07-31,SANTANDER,medianas_empresas,93.000000
2018-07-31,SANTANDER,pequenas_empresas,6.000000
2018-07-31,SCOTIABANK,consumo,415404.000000
2018-07-31,SCOTIABANK,corporativo,254.000000
2018-07-31,SCOTIABANK,grandes_empresas,1135.000000
2018-07-31,SCOTIABANK,hipotecario,31385.000000
2018-07-31,SCOTIABANK,medianas_empresas,11056.000000
2018-07-31,SCOTIABANK,microempresas,3075.000000
2018-07-31,SCOTIABANK,pequenas_empresas,32798.000000
2018-08-31,ALFIN,consumo,222444.000000
2018-08-31,BANCOM,consumo,54001.000000
2018-08-31,BANCOM,corporativo,12.000000
2018-08-31,BANCOM,grandes_empresas,48.000000
2018-08-31,BANCOM,hipotecario,647.000000
2018-08-31,BANCOM,medianas_empresas,68.000000
2018-08-31,BANCOM,microempresas,11.000000
2018-08-31,BANCOM,pequenas_empresas,12.000000
2018-08-31,BBVA,consumo,436982.000000
2018-08-31,BBVA,corporativo,281.000000
2018-08-31,BBVA,grandes_empresas,1785.000000
2018-08-31,BBVA,hipotecario,50343.000000
2018-08-31,BBVA,medianas_empresas,13823.000000
2018-08-31,BBVA,microempresas,3200.000000
2018-08-31,BBVA,pequenas_empresas,16494.000000
2018-08-31,BCP,consumo,718239.000000
2018-08-31,BCP,corporativo,562.000000
2018-08-31,BCP,grandes_empresas,2023.000000
2018-08-31,BCP,hipotecario,65063.000000
2018-08-31,BCP,medianas_empresas,19749.000000
2018-08-31,BCP,microempresas,31496.000000
2018-08-31,BCP,pequenas_empresas,52739.000000
2018-08-31,BIF,consumo,96005.000000
2018-08-31,BIF,corporativo,114.000000
2018-08-31,BIF,grandes_empresas,599.000000
2018-08-31,BIF,hipotecario,11850.000000
2018-08-31,BIF,medianas_empresas,2453.000000
2018-08-31,BIF,microempresas,2856.000000
2018-08-31,BIF,pequenas_empresas,1263.000000
2018-08-31,CENCOSUD,consumo,417979.000000
2018-08-31,CITIBANK,corporativo,38.000000
2018-08-31,CITIBANK,grandes_empresas,68.000000
2018-08-31,CITIBANK,medianas_empresas,15.000000
2018-08-31,CITIBANK,microempresas,9.000000
2018-08-31,CITIBANK,pequenas_empresas,10.000000
2018-08-31,FALABELLA,consumo,1065584.000000
2018-08-31,FALABELLA,hipotecario,83.000000
2018-08-31,GNB,consumo,42889.000000
2018-08-31,GNB,corporativo,30.000000
2018-08-31,GNB,grandes_empresas,192.000000
2018-08-31,GNB,hipotecario,6859.000000
2018-08-31,GNB,medianas_empresas,565.000000
2018-08-31,GNB,microempresas,29.000000
2018-08-31,GNB,pequenas_empresas,583.000000
2018-08-31,ICBC,corporativo,17.000000
2018-08-31,ICBC,grandes_empresas,4.000000
2018-08-31,ICBC,medianas_empresas,3.000000
2018-08-31,INTERBANK,consumo,917792.000000
2018-08-31,INTERBANK,corporativo,154.000000
2018-08-31,INTERBANK,grandes_empresas,756.000000
2018-08-31,INTERBANK,hipotecario,41462.000000
2018-08-31,INTERBANK,medianas_empresas,3344.000000
2018-08-31,INTERBANK,microempresas,627.000000
2018-08-31,INTERBANK,pequenas_empresas,9927.000000
2018-08-31,MIBANCO,consumo,175136.000000
2018-08-31,MIBANCO,hipotecario,6120.000000
2018-08-31,MIBANCO,medianas_empresas,1643.000000
2018-08-31,MIBANCO,microempresas,625387.000000
2018-08-31,MIBANCO,pequenas_empresas,160001.000000
2018-08-31,PICHINCHA,consumo,329175.000000
2018-08-31,PICHINCHA,corporativo,74.000000
2018-08-31,PICHINCHA,grandes_empresas,450.000000
2018-08-31,PICHINCHA,hipotecario,10313.000000
2018-08-31,PICHINCHA,medianas_empresas,1770.000000
2018-08-31,PICHINCHA,microempresas,23751.000000
2018-08-31,PICHINCHA,pequenas_empresas,13770.000000
2018-08-31,RIPLEY,consumo,473933.000000
2018-08-31,SANTANDER,consumo,27.000000
2018-08-31,SANTANDER,corporativo,100.000000
2018-08-31,SANTANDER,grandes_empresas,268.000000
2018-08-31,SANTANDER,medianas_empresas,99.000000
2018-08-31,SANTANDER,pequenas_empresas,6.000000
2018-08-31,SCOTIABANK,consumo,419736.000000
2018-08-31,SCOTIABANK,corporativo,262.000000
2018-08-31,SCOTIABANK,grandes_empresas,1154.000000
2018-08-31,SCOTIABANK,hipotecario,31478.000000
2018-08-31,SCOTIABANK,medianas_empresas,11069.000000
2018-08-31,SCOTIABANK,microempresas,3026.000000
2018-08-31,SCOTIABANK,pequenas_empresas,32512.000000
2018-09-30,ALFIN,consumo,221515.000000
2018-09-30,BANCOM,consumo,53169.000000
2018-09-30,BANCOM,corporativo,12.000000
2018-09-30,BANCOM,grandes_empresas,50.000000
2018-09-30,BANCOM,hipotecario,645.000000
2018-09-30,BANCOM,medianas_empresas,74.000000
2018-09-30,BANCOM,microempresas,11.000000
2018-09-30,BANCOM,pequenas_empresas,11.000000
2018-09-30,BBVA,consumo,435461.000000
2018-09-30,BBVA,corporativo,284.000000
2018-09-30,BBVA,grandes_empresas,1771.000000
2018-09-30,BBVA,hipotecario,50385.000000
2018-09-30,BBVA,medianas_empresas,13979.000000
2018-09-30,BBVA,microempresas,3120.000000
2018-09-30,BBVA,pequenas_empresas,16477.000000
2018-09-30,BCP,consumo,733932.000000
2018-09-30,BCP,corporativo,565.000000
2018-09-30,BCP,grandes_empresas,2009.000000
2018-09-30,BCP,hipotecario,65516.000000
2018-09-30,BCP,medianas_empresas,20018.000000
2018-09-30,BCP,microempresas,30213.000000
2018-09-30,BCP,pequenas_empresas,52512.000000
2018-09-30,BIF,consumo,96955.000000
2018-09-30,BIF,corporativo,113.000000
2018-09-30,BIF,grandes_empresas,599.000000
2018-09-30,BIF,hipotecario,11929.000000
2018-09-30,BIF,medianas_empresas,2457.000000
2018-09-30,BIF,microempresas,2816.000000
2018-09-30,BIF,pequenas_empresas,1231.000000
2018-09-30,CENCOSUD,consumo,421622.000000
2018-09-30,CITIBANK,corporativo,40.000000
2018-09-30,CITIBANK,grandes_empresas,66.000000
2018-09-30,CITIBANK,medianas_empresas,18.000000
2018-09-30,CITIBANK,microempresas,8.000000
2018-09-30,CITIBANK,pequenas_empresas,10.000000
2018-09-30,FALABELLA,consumo,1058134.000000
2018-09-30,FALABELLA,grandes_empresas,1.000000
2018-09-30,FALABELLA,hipotecario,83.000000
2018-09-30,GNB,consumo,43488.000000
2018-09-30,GNB,corporativo,31.000000
2018-09-30,GNB,grandes_empresas,186.000000
2018-09-30,GNB,hipotecario,6787.000000
2018-09-30,GNB,medianas_empresas,550.000000
2018-09-30,GNB,microempresas,26.000000
2018-09-30,GNB,pequenas_empresas,557.000000
2018-09-30,ICBC,corporativo,19.000000
2018-09-30,ICBC,grandes_empresas,4.000000
2018-09-30,ICBC,medianas_empresas,3.000000
2018-09-30,INTERBANK,consumo,921471.000000
2018-09-30,INTERBANK,corporativo,158.000000
2018-09-30,INTERBANK,grandes_empresas,753.000000
2018-09-30,INTERBANK,hipotecario,41641.000000
2018-09-30,INTERBANK,medianas_empresas,3393.000000
2018-09-30,INTERBANK,microempresas,601.000000
2018-09-30,INTERBANK,pequenas_empresas,9968.000000
2018-09-30,MIBANCO,consumo,172642.000000
2018-09-30,MIBANCO,hipotecario,6136.000000
2018-09-30,MIBANCO,medianas_empresas,1803.000000
2018-09-30,MIBANCO,microempresas,619083.000000
2018-09-30,MIBANCO,pequenas_empresas,162111.000000
2018-09-30,PICHINCHA,consumo,330255.000000
2018-09-30,PICHINCHA,corporativo,81.000000
2018-09-30,PICHINCHA,grandes_empresas,446.000000
2018-09-30,PICHINCHA,hipotecario,10349.000000
2018-09-30,PICHINCHA,medianas_empresas,1773.000000
2018-09-30,PICHINCHA,microempresas,24434.000000
2018-09-30,PICHINCHA,pequenas_empresas,13614.000000
2018-09-30,RIPLEY,consumo,469345.000000
2018-09-30,SANTANDER,consumo,28.000000
2018-09-30,SANTANDER,corporativo,100.000000
2018-09-30,SANTANDER,grandes_empresas,273.000000
2018-09-30,SANTANDER,medianas_empresas,95.000000
2018-09-30,SANTANDER,pequenas_empresas,3.000000
2018-09-30,SCOTIABANK,consumo,423151.000000
2018-09-30,SCOTIABANK,corporativo,267.000000
2018-09-30,SCOTIABANK,grandes_empresas,1148.000000
2018-09-30,SCOTIABANK,hipotecario,31630.000000
2018-09-30,SCOTIABANK,medianas_empresas,11038.000000
2018-09-30,SCOTIABANK,microempresas,3001.000000
2018-09-30,SCOTIABANK,pequenas_empresas,32055.000000
2018-10-31,ALFIN,consumo,221238.000000
2018-10-31,BANCOM,consumo,52530.000000
2018-10-31,BANCOM,corporativo,13.000000
2018-10-31,BANCOM,grandes_empresas,51.000000
2018-10-31,BANCOM,hipotecario,662.000000
2018-10-31,BANCOM,medianas_empresas,74.000000
2018-10-31,BANCOM,microempresas,11.000000
2018-10-31,BANCOM,pequenas_empresas,12.000000
2018-10-31,BBVA,consumo,442727.000000
2018-10-31,BBVA,corporativo,286.000000
2018-10-31,BBVA,grandes_empresas,1743.000000
2018-10-31,BBVA,hipotecario,50391.000000
2018-10-31,BBVA,medianas_empresas,14100.000000
2018-10-31,BBVA,microempresas,3148.000000
2018-10-31,BBVA,pequenas_empresas,16714.000000
2018-10-31,BCP,consumo,746049.000000
2018-10-31,BCP,corporativo,566.000000
2018-10-31,BCP,grandes_empresas,2013.000000
2018-10-31,BCP,hipotecario,65750.000000
2018-10-31,BCP,medianas_empresas,20073.000000
2018-10-31,BCP,microempresas,28240.000000
2018-10-31,BCP,pequenas_empresas,52108.000000
2018-10-31,BIF,consumo,97510.000000
2018-10-31,BIF,corporativo,110.000000
2018-10-31,BIF,grandes_empresas,610.000000
2018-10-31,BIF,hipotecario,11995.000000
2018-10-31,BIF,medianas_empresas,2433.000000
2018-10-31,BIF,microempresas,2772.000000
2018-10-31,BIF,pequenas_empresas,1210.000000
2018-10-31,CENCOSUD,consumo,425678.000000
2018-10-31,CITIBANK,corporativo,39.000000
2018-10-31,CITIBANK,grandes_empresas,66.000000
2018-10-31,CITIBANK,medianas_empresas,18.000000
2018-10-31,CITIBANK,microempresas,8.000000
2018-10-31,CITIBANK,pequenas_empresas,9.000000
2018-10-31,FALABELLA,consumo,1059035.000000
2018-10-31,FALABELLA,grandes_empresas,1.000000
2018-10-31,FALABELLA,hipotecario,75.000000
2018-10-31,GNB,consumo,43818.000000
2018-10-31,GNB,corporativo,34.000000
2018-10-31,GNB,grandes_empresas,177.000000
2018-10-31,GNB,hipotecario,6961.000000
2018-10-31,GNB,medianas_empresas,525.000000
2018-10-31,GNB,microempresas,24.000000
2018-10-31,GNB,pequenas_empresas,507.000000
2018-10-31,ICBC,corporativo,18.000000
2018-10-31,ICBC,grandes_empresas,4.000000
2018-10-31,ICBC,medianas_empresas,2.000000
2018-10-31,INTERBANK,consumo,931938.000000
2018-10-31,INTERBANK,corporativo,160.000000
2018-10-31,INTERBANK,grandes_empresas,738.000000
2018-10-31,INTERBANK,hipotecario,41752.000000
2018-10-31,INTERBANK,medianas_empresas,3409.000000
2018-10-31,INTERBANK,microempresas,567.000000
2018-10-31,INTERBANK,pequenas_empresas,10046.000000
2018-10-31,MIBANCO,consumo,170750.000000
2018-10-31,MIBANCO,hipotecario,6164.000000
2018-10-31,MIBANCO,medianas_empresas,1839.000000
2018-10-31,MIBANCO,microempresas,617775.000000
2018-10-31,MIBANCO,pequenas_empresas,163697.000000
2018-10-31,PICHINCHA,consumo,328986.000000
2018-10-31,PICHINCHA,corporativo,43.000000
2018-10-31,PICHINCHA,grandes_empresas,433.000000
2018-10-31,PICHINCHA,hipotecario,10404.000000
2018-10-31,PICHINCHA,medianas_empresas,1811.000000
2018-10-31,PICHINCHA,microempresas,25116.000000
2018-10-31,PICHINCHA,pequenas_empresas,13538.000000
2018-10-31,RIPLEY,consumo,466217.000000
2018-10-31,SANTANDER,consumo,31.000000
2018-10-31,SANTANDER,corporativo,108.000000
2018-10-31,SANTANDER,grandes_empresas,280.000000
2018-10-31,SANTANDER,medianas_empresas,93.000000
2018-10-31,SANTANDER,pequenas_empresas,5.000000
2018-10-31,SCOTIABANK,consumo,427784.000000
2018-10-31,SCOTIABANK,corporativo,272.000000
2018-10-31,SCOTIABANK,grandes_empresas,1146.000000
2018-10-31,SCOTIABANK,hipotecario,31782.000000
2018-10-31,SCOTIABANK,medianas_empresas,11073.000000
2018-10-31,SCOTIABANK,microempresas,3045.000000
2018-10-31,SCOTIABANK,pequenas_empresas,31752.000000
2018-11-30,ALFIN,consumo,220547.000000
2018-11-30,BANCOM,consumo,51988.000000
2018-11-30,BANCOM,corporativo,13.000000
2018-11-30,BANCOM,grandes_empresas,55.000000
2018-11-30,BANCOM,hipotecario,709.000000
2018-11-30,BANCOM,medianas_empresas,73.000000
2018-11-30,BANCOM,microempresas,11.000000
2018-11-30,BANCOM,pequenas_empresas,12.000000
2018-11-30,BBVA,consumo,449693.000000
2018-11-30,BBVA,corporativo,283.000000
2018-11-30,BBVA,grandes_empresas,1754.000000
2018-11-30,BBVA,hipotecario,50428.000000
2018-11-30,BBVA,medianas_empresas,14319.000000
2018-11-30,BBVA,microempresas,3256.000000
2018-11-30,BBVA,pequenas_empresas,16978.000000
2018-11-30,BCP,consumo,748808.000000
2018-11-30,BCP,corporativo,560.000000
2018-11-30,BCP,grandes_empresas,2017.000000
2018-11-30,BCP,hipotecario,66139.000000
2018-11-30,BCP,medianas_empresas,20340.000000
2018-11-30,BCP,microempresas,28959.000000
2018-11-30,BCP,pequenas_empresas,52136.000000
2018-11-30,BIF,consumo,97995.000000
2018-11-30,BIF,corporativo,114.000000
2018-11-30,BIF,grandes_empresas,606.000000
2018-11-30,BIF,hipotecario,12090.000000
2018-11-30,BIF,medianas_empresas,2416.000000
2018-11-30,BIF,microempresas,2758.000000
2018-11-30,BIF,pequenas_empresas,1192.000000
2018-11-30,CENCOSUD,consumo,431222.000000
2018-11-30,CITIBANK,corporativo,39.000000
2018-11-30,CITIBANK,grandes_empresas,66.000000
2018-11-30,CITIBANK,medianas_empresas,17.000000
2018-11-30,CITIBANK,microempresas,9.000000
2018-11-30,CITIBANK,pequenas_empresas,9.000000
2018-11-30,FALABELLA,consumo,1024166.000000
2018-11-30,FALABELLA,grandes_empresas,1.000000
2018-11-30,FALABELLA,hipotecario,73.000000
2018-11-30,FALABELLA,medianas_empresas,1.000000
2018-11-30,GNB,consumo,44299.000000
2018-11-30,GNB,corporativo,34.000000
2018-11-30,GNB,grandes_empresas,173.000000
2018-11-30,GNB,hipotecario,7078.000000
2018-11-30,GNB,medianas_empresas,498.000000
2018-11-30,GNB,microempresas,23.000000
2018-11-30,GNB,pequenas_empresas,460.000000
2018-11-30,ICBC,corporativo,21.000000
2018-11-30,ICBC,grandes_empresas,3.000000
2018-11-30,ICBC,medianas_empresas,3.000000
2018-11-30,INTERBANK,consumo,934765.000000
2018-11-30,INTERBANK,corporativo,164.000000
2018-11-30,INTERBANK,grandes_empresas,750.000000
2018-11-30,INTERBANK,hipotecario,41902.000000
2018-11-30,INTERBANK,medianas_empresas,3447.000000
2018-11-30,INTERBANK,microempresas,596.000000
2018-11-30,INTERBANK,pequenas_empresas,10021.000000
2018-11-30,MIBANCO,consumo,169473.000000
2018-11-30,MIBANCO,hipotecario,6221.000000
2018-11-30,MIBANCO,medianas_empresas,1884.000000
2018-11-30,MIBANCO,microempresas,617867.000000
2018-11-30,MIBANCO,pequenas_empresas,164789.000000
2018-11-30,PICHINCHA,consumo,329908.000000
2018-11-30,PICHINCHA,corporativo,44.000000
2018-11-30,PICHINCHA,grandes_empresas,444.000000
2018-11-30,PICHINCHA,hipotecario,10487.000000
2018-11-30,PICHINCHA,medianas_empresas,1825.000000
2018-11-30,PICHINCHA,microempresas,25343.000000
2018-11-30,PICHINCHA,pequenas_empresas,13527.000000
2018-11-30,RIPLEY,consumo,478596.000000
2018-11-30,SANTANDER,consumo,33.000000
2018-11-30,SANTANDER,corporativo,104.000000
2018-11-30,SANTANDER,grandes_empresas,285.000000
2018-11-30,SANTANDER,medianas_empresas,87.000000
2018-11-30,SANTANDER,pequenas_empresas,5.000000
2018-11-30,SCOTIABANK,consumo,432714.000000
2018-11-30,SCOTIABANK,corporativo,275.000000
2018-11-30,SCOTIABANK,grandes_empresas,1150.000000
2018-11-30,SCOTIABANK,hipotecario,31852.000000
2018-11-30,SCOTIABANK,medianas_empresas,11094.000000
2018-11-30,SCOTIABANK,microempresas,3124.000000
2018-11-30,SCOTIABANK,pequenas_empresas,31539.000000
2018-12-31,ALFIN,consumo,221388.000000
2018-12-31,BANCOM,consumo,51155.000000
2018-12-31,BANCOM,corporativo,11.000000
2018-12-31,BANCOM,grandes_empresas,55.000000
2018-12-31,BANCOM,hipotecario,740.000000
2018-12-31,BANCOM,medianas_empresas,75.000000
2018-12-31,BANCOM,microempresas,11.000000
2018-12-31,BANCOM,pequenas_empresas,12.000000
2018-12-31,BBVA,consumo,449506.000000
2018-12-31,BBVA,corporativo,271.000000
2018-12-31,BBVA,grandes_empresas,1755.000000
2018-12-31,BBVA,hipotecario,50397.000000
2018-12-31,BBVA,medianas_empresas,14435.000000
2018-12-31,BBVA,microempresas,3090.000000
2018-12-31,BBVA,pequenas_empresas,16706.000000
2018-12-31,BCP,consumo,742908.000000
2018-12-31,BCP,corporativo,540.000000
2018-12-31,BCP,grandes_empresas,2015.000000
2018-12-31,BCP,hipotecario,66501.000000
2018-12-31,BCP,medianas_empresas,20511.000000
2018-12-31,BCP,microempresas,29352.000000
2018-12-31,BCP,pequenas_empresas,51833.000000
2018-12-31,BIF,consumo,98020.000000
2018-12-31,BIF,corporativo,117.000000
2018-12-31,BIF,grandes_empresas,616.000000
2018-12-31,BIF,hipotecario,12159.000000
2018-12-31,BIF,medianas_empresas,2414.000000
2018-12-31,BIF,microempresas,2748.000000
2018-12-31,BIF,pequenas_empresas,1182.000000
2018-12-31,CENCOSUD,consumo,435400.000000
2018-12-31,CITIBANK,corporativo,40.000000
2018-12-31,CITIBANK,grandes_empresas,65.000000
2018-12-31,CITIBANK,medianas_empresas,18.000000
2018-12-31,CITIBANK,microempresas,10.000000
2018-12-31,CITIBANK,pequenas_empresas,9.000000
2018-12-31,FALABELLA,consumo,1044438.000000
2018-12-31,FALABELLA,grandes_empresas,1.000000
2018-12-31,FALABELLA,hipotecario,78.000000
2018-12-31,FALABELLA,medianas_empresas,1.000000
2018-12-31,GNB,consumo,44461.000000
2018-12-31,GNB,corporativo,33.000000
2018-12-31,GNB,grandes_empresas,172.000000
2018-12-31,GNB,hipotecario,7033.000000
2018-12-31,GNB,medianas_empresas,492.000000
2018-12-31,GNB,microempresas,27.000000
2018-12-31,GNB,pequenas_empresas,434.000000
2018-12-31,ICBC,corporativo,24.000000
2018-12-31,ICBC,grandes_empresas,2.000000
2018-12-31,ICBC,medianas_empresas,4.000000
2018-12-31,INTERBANK,consumo,939701.000000
2018-12-31,INTERBANK,corporativo,164.000000
2018-12-31,INTERBANK,grandes_empresas,744.000000
2018-12-31,INTERBANK,hipotecario,42069.000000
2018-12-31,INTERBANK,medianas_empresas,3453.000000
2018-12-31,INTERBANK,microempresas,680.000000
2018-12-31,INTERBANK,pequenas_empresas,9995.000000
2018-12-31,MIBANCO,consumo,166989.000000
2018-12-31,MIBANCO,hipotecario,6238.000000
2018-12-31,MIBANCO,medianas_empresas,1878.000000
2018-12-31,MIBANCO,microempresas,613540.000000
2018-12-31,MIBANCO,pequenas_empresas,164967.000000
2018-12-31,PICHINCHA,consumo,332256.000000
2018-12-31,PICHINCHA,corporativo,44.000000
2018-12-31,PICHINCHA,grandes_empresas,446.000000
2018-12-31,PICHINCHA,hipotecario,10532.000000
2018-12-31,PICHINCHA,medianas_empresas,1818.000000
2018-12-31,PICHINCHA,microempresas,25563.000000
2018-12-31,PICHINCHA,pequenas_empresas,13366.000000
2018-12-31,RIPLEY,consumo,503630.000000
2018-12-31,SANTANDER,consumo,33.000000
2018-12-31,SANTANDER,corporativo,104.000000
2018-12-31,SANTANDER,grandes_empresas,289.000000
2018-12-31,SANTANDER,medianas_empresas,93.000000
2018-12-31,SANTANDER,pequenas_empresas,6.000000
2018-12-31,SCOTIABANK,consumo,434714.000000
2018-12-31,SCOTIABANK,corporativo,272.000000
2018-12-31,SCOTIABANK,grandes_empresas,1146.000000
2018-12-31,SCOTIABANK,hipotecario,31825.000000
2018-12-31,SCOTIABANK,medianas_empresas,11077.000000
2018-12-31,SCOTIABANK,microempresas,3123.000000
2018-12-31,SCOTIABANK,pequenas_empresas,31059.000000
2019-01-31,ALFIN,consumo,219683.000000
2019-01-31,BANCOM,consumo,50743.000000
2019-01-31,BANCOM,corporativo,12.000000
2019-01-31,BANCOM,grandes_empresas,57.000000
2019-01-31,BANCOM,hipotecario,756.000000
2019-01-31,BANCOM,medianas_empresas,77.000000
2019-01-31,BANCOM,microempresas,14.000000
2019-01-31,BANCOM,pequenas_empresas,10.000000
2019-01-31,BBVA,consumo,453813.000000
2019-01-31,BBVA,corporativo,278.000000
2019-01-31,BBVA,grandes_empresas,1805.000000
2019-01-31,BBVA,hipotecario,50364.000000
2019-01-31,BBVA,medianas_empresas,14378.000000
2019-01-31,BBVA,microempresas,3116.000000
2019-01-31,BBVA,pequenas_empresas,16772.000000
2019-01-31,BCP,consumo,739523.000000
2019-01-31,BCP,corporativo,566.000000
2019-01-31,BCP,grandes_empresas,1996.000000
2019-01-31,BCP,hipotecario,66672.000000
2019-01-31,BCP,medianas_empresas,20642.000000
2019-01-31,BCP,microempresas,29236.000000
2019-01-31,BCP,pequenas_empresas,51319.000000
2019-01-31,BIF,consumo,98701.000000
2019-01-31,BIF,corporativo,119.000000
2019-01-31,BIF,grandes_empresas,598.000000
2019-01-31,BIF,hipotecario,12251.000000
2019-01-31,BIF,medianas_empresas,2371.000000
2019-01-31,BIF,microempresas,2778.000000
2019-01-31,BIF,pequenas_empresas,1150.000000
2019-01-31,CENCOSUD,consumo,425051.000000
2019-01-31,CITIBANK,corporativo,36.000000
2019-01-31,CITIBANK,grandes_empresas,65.000000
2019-01-31,CITIBANK,medianas_empresas,19.000000
2019-01-31,CITIBANK,microempresas,12.000000
2019-01-31,CITIBANK,pequenas_empresas,9.000000
2019-01-31,FALABELLA,consumo,1030642.000000
2019-01-31,FALABELLA,grandes_empresas,1.000000
2019-01-31,FALABELLA,hipotecario,76.000000
2019-01-31,FALABELLA,medianas_empresas,1.000000
2019-01-31,GNB,consumo,44651.000000
2019-01-31,GNB,corporativo,35.000000
2019-01-31,GNB,grandes_empresas,159.000000
2019-01-31,GNB,hipotecario,6973.000000
2019-01-31,GNB,medianas_empresas,469.000000
2019-01-31,GNB,microempresas,21.000000
2019-01-31,GNB,pequenas_empresas,416.000000
2019-01-31,ICBC,corporativo,25.000000
2019-01-31,ICBC,grandes_empresas,2.000000
2019-01-31,ICBC,medianas_empresas,4.000000
2019-01-31,INTERBANK,consumo,947129.000000
2019-01-31,INTERBANK,corporativo,168.000000
2019-01-31,INTERBANK,grandes_empresas,750.000000
2019-01-31,INTERBANK,hipotecario,42139.000000
2019-01-31,INTERBANK,medianas_empresas,3492.000000
2019-01-31,INTERBANK,microempresas,701.000000
2019-01-31,INTERBANK,pequenas_empresas,9985.000000
2019-01-31,MIBANCO,consumo,166030.000000
2019-01-31,MIBANCO,hipotecario,6284.000000
2019-01-31,MIBANCO,medianas_empresas,1896.000000
2019-01-31,MIBANCO,microempresas,611094.000000
2019-01-31,MIBANCO,pequenas_empresas,165599.000000
2019-01-31,PICHINCHA,consumo,333791.000000
2019-01-31,PICHINCHA,corporativo,48.000000
2019-01-31,PICHINCHA,grandes_empresas,453.000000
2019-01-31,PICHINCHA,hipotecario,10591.000000
2019-01-31,PICHINCHA,medianas_empresas,1844.000000
2019-01-31,PICHINCHA,microempresas,25886.000000
2019-01-31,PICHINCHA,pequenas_empresas,13175.000000
2019-01-31,RIPLEY,consumo,484354.000000
2019-01-31,SANTANDER,consumo,32.000000
2019-01-31,SANTANDER,corporativo,108.000000
2019-01-31,SANTANDER,grandes_empresas,273.000000
2019-01-31,SANTANDER,medianas_empresas,95.000000
2019-01-31,SANTANDER,pequenas_empresas,5.000000
2019-01-31,SCOTIABANK,consumo,437519.000000
2019-01-31,SCOTIABANK,corporativo,267.000000
2019-01-31,SCOTIABANK,grandes_empresas,1129.000000
2019-01-31,SCOTIABANK,hipotecario,31857.000000
2019-01-31,SCOTIABANK,medianas_empresas,11073.000000
2019-01-31,SCOTIABANK,microempresas,3152.000000
2019-01-31,SCOTIABANK,pequenas_empresas,30922.000000
2019-02-28,ALFIN,consumo,219555.000000
2019-02-28,BANCOM,consumo,50573.000000
2019-02-28,BANCOM,corporativo,13.000000
2019-02-28,BANCOM,grandes_empresas,58.000000
2019-02-28,BANCOM,hipotecario,757.000000
2019-02-28,BANCOM,medianas_empresas,73.000000
2019-02-28,BANCOM,microempresas,14.000000
2019-02-28,BANCOM,pequenas_empresas,10.000000
2019-02-28,BBVA,consumo,452760.000000
2019-02-28,BBVA,corporativo,281.000000
2019-02-28,BBVA,grandes_empresas,1819.000000
2019-02-28,BBVA,hipotecario,50404.000000
2019-02-28,BBVA,medianas_empresas,14461.000000
2019-02-28,BBVA,microempresas,3127.000000
2019-02-28,BBVA,pequenas_empresas,16928.000000
2019-02-28,BCP,consumo,744442.000000
2019-02-28,BCP,corporativo,550.000000
2019-02-28,BCP,grandes_empresas,1982.000000
2019-02-28,BCP,hipotecario,66800.000000
2019-02-28,BCP,medianas_empresas,20793.000000
2019-02-28,BCP,microempresas,30808.000000
2019-02-28,BCP,pequenas_empresas,51115.000000
2019-02-28,BIF,consumo,100458.000000
2019-02-28,BIF,corporativo,116.000000
2019-02-28,BIF,grandes_empresas,600.000000
2019-02-28,BIF,hipotecario,12361.000000
2019-02-28,BIF,medianas_empresas,2340.000000
2019-02-28,BIF,microempresas,2783.000000
2019-02-28,BIF,pequenas_empresas,1124.000000
2019-02-28,CENCOSUD,consumo,418318.000000
2019-02-28,CITIBANK,corporativo,36.000000
2019-02-28,CITIBANK,grandes_empresas,65.000000
2019-02-28,CITIBANK,medianas_empresas,19.000000
2019-02-28,CITIBANK,microempresas,11.000000
2019-02-28,CITIBANK,pequenas_empresas,9.000000
2019-02-28,FALABELLA,consumo,1027643.000000
2019-02-28,FALABELLA,grandes_empresas,1.000000
2019-02-28,FALABELLA,hipotecario,73.000000
2019-02-28,GNB,consumo,44994.000000
2019-02-28,GNB,corporativo,32.000000
2019-02-28,GNB,grandes_empresas,171.000000
2019-02-28,GNB,hipotecario,6915.000000
2019-02-28,GNB,medianas_empresas,448.000000
2019-02-28,GNB,microempresas,19.000000
2019-02-28,GNB,pequenas_empresas,393.000000
2019-02-28,ICBC,corporativo,27.000000
2019-02-28,ICBC,grandes_empresas,2.000000
2019-02-28,ICBC,medianas_empresas,4.000000
2019-02-28,INTERBANK,consumo,962957.000000
2019-02-28,INTERBANK,corporativo,167.000000
2019-02-28,INTERBANK,grandes_empresas,753.000000
2019-02-28,INTERBANK,hipotecario,42283.000000
2019-02-28,INTERBANK,medianas_empresas,3493.000000
2019-02-28,INTERBANK,microempresas,781.000000
2019-02-28,INTERBANK,pequenas_empresas,10081.000000
2019-02-28,MIBANCO,consumo,165699.000000
2019-02-28,MIBANCO,hipotecario,6324.000000
2019-02-28,MIBANCO,medianas_empresas,1920.000000
2019-02-28,MIBANCO,microempresas,610828.000000
2019-02-28,MIBANCO,pequenas_empresas,166481.000000
2019-02-28,PICHINCHA,consumo,335601.000000
2019-02-28,PICHINCHA,corporativo,40.000000
2019-02-28,PICHINCHA,grandes_empresas,453.000000
2019-02-28,PICHINCHA,hipotecario,10633.000000
2019-02-28,PICHINCHA,medianas_empresas,1832.000000
2019-02-28,PICHINCHA,microempresas,26038.000000
2019-02-28,PICHINCHA,pequenas_empresas,12991.000000
2019-02-28,RIPLEY,consumo,472622.000000
2019-02-28,SANTANDER,consumo,26.000000
2019-02-28,SANTANDER,corporativo,109.000000
2019-02-28,SANTANDER,grandes_empresas,274.000000
2019-02-28,SANTANDER,medianas_empresas,98.000000
2019-02-28,SANTANDER,pequenas_empresas,5.000000
2019-02-28,SCOTIABANK,consumo,442087.000000
2019-02-28,SCOTIABANK,corporativo,268.000000
2019-02-28,SCOTIABANK,grandes_empresas,1115.000000
2019-02-28,SCOTIABANK,hipotecario,31823.000000
2019-02-28,SCOTIABANK,medianas_empresas,11157.000000
2019-02-28,SCOTIABANK,microempresas,3195.000000
2019-02-28,SCOTIABANK,pequenas_empresas,30764.000000
2019-03-31,ALFIN,consumo,220219.000000
2019-03-31,BANCOM,consumo,50128.000000
2019-03-31,BANCOM,corporativo,12.000000
2019-03-31,BANCOM,grandes_empresas,61.000000
2019-03-31,BANCOM,hipotecario,770.000000
2019-03-31,BANCOM,medianas_empresas,75.000000
2019-03-31,BANCOM,microempresas,16.000000
2019-03-31,BANCOM,pequenas_empresas,12.000000
2019-03-31,BBVA,consumo,453274.000000
2019-03-31,BBVA,corporativo,287.000000
2019-03-31,BBVA,grandes_empresas,1834.000000
2019-03-31,BBVA,hipotecario,50452.000000
2019-03-31,BBVA,medianas_empresas,14587.000000
2019-03-31,BBVA,microempresas,3261.000000
2019-03-31,BBVA,pequenas_empresas,16893.000000
2019-03-31,BCP,consumo,756230.000000
2019-03-31,BCP,corporativo,543.000000
2019-03-31,BCP,grandes_empresas,1982.000000
2019-03-31,BCP,hipotecario,67214.000000
2019-03-31,BCP,medianas_empresas,20998.000000
2019-03-31,BCP,microempresas,31589.000000
2019-03-31,BCP,pequenas_empresas,50834.000000
2019-03-31,BIF,consumo,100816.000000
2019-03-31,BIF,corporativo,117.000000
2019-03-31,BIF,grandes_empresas,611.000000
2019-03-31,BIF,hipotecario,12519.000000
2019-03-31,BIF,medianas_empresas,2311.000000
2019-03-31,BIF,microempresas,2750.000000
2019-03-31,BIF,pequenas_empresas,1083.000000
2019-03-31,CITIBANK,corporativo,33.000000
2019-03-31,CITIBANK,grandes_empresas,70.000000
2019-03-31,CITIBANK,medianas_empresas,17.000000
2019-03-31,CITIBANK,microempresas,9.000000
2019-03-31,CITIBANK,pequenas_empresas,9.000000
2019-03-31,FALABELLA,consumo,1033408.000000
2019-03-31,FALABELLA,grandes_empresas,1.000000
2019-03-31,FALABELLA,hipotecario,72.000000
2019-03-31,FALABELLA,medianas_empresas,1.000000
2019-03-31,GNB,consumo,45305.000000
2019-03-31,GNB,corporativo,29.000000
2019-03-31,GNB,grandes_empresas,171.000000
2019-03-31,GNB,hipotecario,7211.000000
2019-03-31,GNB,medianas_empresas,424.000000
2019-03-31,GNB,microempresas,15.000000
2019-03-31,GNB,pequenas_empresas,367.000000
2019-03-31,ICBC,corporativo,25.000000
2019-03-31,ICBC,grandes_empresas,4.000000
2019-03-31,ICBC,medianas_empresas,4.000000
2019-03-31,INTERBANK,consumo,975119.000000
2019-03-31,INTERBANK,corporativo,167.000000
2019-03-31,INTERBANK,grandes_empresas,761.000000
2019-03-31,INTERBANK,hipotecario,42525.000000
2019-03-31,INTERBANK,medianas_empresas,3560.000000
2019-03-31,INTERBANK,microempresas,839.000000
2019-03-31,INTERBANK,pequenas_empresas,10280.000000
2019-03-31,MIBANCO,consumo,166159.000000
2019-03-31,MIBANCO,hipotecario,6340.000000
2019-03-31,MIBANCO,medianas_empresas,1933.000000
2019-03-31,MIBANCO,microempresas,613336.000000
2019-03-31,MIBANCO,pequenas_empresas,167271.000000
2019-03-31,PICHINCHA,consumo,334078.000000
2019-03-31,PICHINCHA,corporativo,42.000000
2019-03-31,PICHINCHA,grandes_empresas,476.000000
2019-03-31,PICHINCHA,hipotecario,10681.000000
2019-03-31,PICHINCHA,medianas_empresas,1856.000000
2019-03-31,PICHINCHA,microempresas,26657.000000
2019-03-31,PICHINCHA,pequenas_empresas,12915.000000
2019-03-31,RIPLEY,consumo,467125.000000
2019-03-31,SANTANDER,consumo,28.000000
2019-03-31,SANTANDER,corporativo,112.000000
2019-03-31,SANTANDER,grandes_empresas,270.000000
2019-03-31,SANTANDER,medianas_empresas,100.000000
2019-03-31,SANTANDER,pequenas_empresas,4.000000
2019-03-31,SCOTIABANK,consumo,448809.000000
2019-03-31,SCOTIABANK,corporativo,257.000000
2019-03-31,SCOTIABANK,grandes_empresas,1120.000000
2019-03-31,SCOTIABANK,hipotecario,31816.000000
2019-03-31,SCOTIABANK,medianas_empresas,11266.000000
2019-03-31,SCOTIABANK,microempresas,3207.000000
2019-03-31,SCOTIABANK,pequenas_empresas,30687.000000
2019-04-30,ALFIN,consumo,219735.000000
2019-04-30,BANCOM,consumo,49963.000000
2019-04-30,BANCOM,corporativo,8.000000
2019-04-30,BANCOM,grandes_empresas,63.000000
2019-04-30,BANCOM,hipotecario,770.000000
2019-04-30,BANCOM,medianas_empresas,75.000000
2019-04-30,BANCOM,microempresas,15.000000
2019-04-30,BANCOM,pequenas_empresas,11.000000
2019-04-30,BBVA,consumo,455510.000000
2019-04-30,BBVA,corporativo,276.000000
2019-04-30,BBVA,grandes_empresas,1795.000000
2019-04-30,BBVA,hipotecario,50418.000000
2019-04-30,BBVA,medianas_empresas,14723.000000
2019-04-30,BBVA,microempresas,3289.000000
2019-04-30,BBVA,pequenas_empresas,17153.000000
2019-04-30,BCP,consumo,766484.000000
2019-04-30,BCP,corporativo,546.000000
2019-04-30,BCP,grandes_empresas,1975.000000
2019-04-30,BCP,hipotecario,67495.000000
2019-04-30,BCP,medianas_empresas,21192.000000
2019-04-30,BCP,microempresas,31018.000000
2019-04-30,BCP,pequenas_empresas,50851.000000
2019-04-30,BIF,consumo,101937.000000
2019-04-30,BIF,corporativo,112.000000
2019-04-30,BIF,grandes_empresas,614.000000
2019-04-30,BIF,hipotecario,12619.000000
2019-04-30,BIF,medianas_empresas,2286.000000
2019-04-30,BIF,microempresas,2752.000000
2019-04-30,BIF,pequenas_empresas,1071.000000
2019-04-30,CITIBANK,corporativo,34.000000
2019-04-30,CITIBANK,grandes_empresas,72.000000
2019-04-30,CITIBANK,medianas_empresas,18.000000
2019-04-30,CITIBANK,microempresas,11.000000
2019-04-30,CITIBANK,pequenas_empresas,10.000000
2019-04-30,FALABELLA,consumo,1049009.000000
2019-04-30,FALABELLA,grandes_empresas,1.000000
2019-04-30,FALABELLA,hipotecario,71.000000
2019-04-30,FALABELLA,medianas_empresas,1.000000
2019-04-30,GNB,consumo,45610.000000
2019-04-30,GNB,corporativo,30.000000
2019-04-30,GNB,grandes_empresas,177.000000
2019-04-30,GNB,hipotecario,7178.000000
2019-04-30,GNB,medianas_empresas,410.000000
2019-04-30,GNB,microempresas,11.000000
2019-04-30,GNB,pequenas_empresas,350.000000
2019-04-30,ICBC,corporativo,27.000000
2019-04-30,ICBC,grandes_empresas,4.000000
2019-04-30,ICBC,medianas_empresas,4.000000
2019-04-30,INTERBANK,consumo,991906.000000
2019-04-30,INTERBANK,corporativo,160.000000
2019-04-30,INTERBANK,grandes_empresas,771.000000
2019-04-30,INTERBANK,hipotecario,42700.000000
2019-04-30,INTERBANK,medianas_empresas,3600.000000
2019-04-30,INTERBANK,microempresas,825.000000
2019-04-30,INTERBANK,pequenas_empresas,10323.000000
2019-04-30,MIBANCO,consumo,167080.000000
2019-04-30,MIBANCO,hipotecario,6347.000000
2019-04-30,MIBANCO,medianas_empresas,1977.000000
2019-04-30,MIBANCO,microempresas,616659.000000
2019-04-30,MIBANCO,pequenas_empresas,168640.000000
2019-04-30,PICHINCHA,consumo,337054.000000
2019-04-30,PICHINCHA,corporativo,38.000000
2019-04-30,PICHINCHA,grandes_empresas,486.000000
2019-04-30,PICHINCHA,hipotecario,10764.000000
2019-04-30,PICHINCHA,medianas_empresas,1875.000000
2019-04-30,PICHINCHA,microempresas,26935.000000
2019-04-30,PICHINCHA,pequenas_empresas,12700.000000
2019-04-30,RIPLEY,consumo,465058.000000
2019-04-30,SANTANDER,consumo,26.000000
2019-04-30,SANTANDER,corporativo,110.000000
2019-04-30,SANTANDER,grandes_empresas,283.000000
2019-04-30,SANTANDER,medianas_empresas,98.000000
2019-04-30,SANTANDER,pequenas_empresas,4.000000
2019-04-30,SCOTIABANK,consumo,455075.000000
2019-04-30,SCOTIABANK,corporativo,258.000000
2019-04-30,SCOTIABANK,grandes_empresas,1115.000000
2019-04-30,SCOTIABANK,hipotecario,31846.000000
2019-04-30,SCOTIABANK,medianas_empresas,11326.000000
2019-04-30,SCOTIABANK,microempresas,2910.000000
2019-04-30,SCOTIABANK,pequenas_empresas,30456.000000
2019-05-31,ALFIN,consumo,221638.000000
2019-05-31,BANCOM,consumo,49879.000000
2019-05-31,BANCOM,corporativo,12.000000
2019-05-31,BANCOM,grandes_empresas,59.000000
2019-05-31,BANCOM,hipotecario,787.000000
2019-05-31,BANCOM,medianas_empresas,80.000000
2019-05-31,BANCOM,microempresas,9.000000
2019-05-31,BANCOM,pequenas_empresas,12.000000
2019-05-31,BBVA,consumo,458111.000000
2019-05-31,BBVA,corporativo,274.000000
2019-05-31,BBVA,grandes_empresas,1810.000000
2019-05-31,BBVA,hipotecario,50501.000000
2019-05-31,BBVA,medianas_empresas,14958.000000
2019-05-31,BBVA,microempresas,3315.000000
2019-05-31,BBVA,pequenas_empresas,17428.000000
2019-05-31,BCP,consumo,793356.000000
2019-05-31,BCP,corporativo,538.000000
2019-05-31,BCP,grandes_empresas,1971.000000
2019-05-31,BCP,hipotecario,67972.000000
2019-05-31,BCP,medianas_empresas,21345.000000
2019-05-31,BCP,microempresas,30604.000000
2019-05-31,BCP,pequenas_empresas,51111.000000
2019-05-31,BIF,consumo,102229.000000
2019-05-31,BIF,corporativo,109.000000
2019-05-31,BIF,grandes_empresas,629.000000
2019-05-31,BIF,hipotecario,12749.000000
2019-05-31,BIF,medianas_empresas,2260.000000
2019-05-31,BIF,microempresas,2768.000000
2019-05-31,BIF,pequenas_empresas,991.000000
2019-05-31,CITIBANK,corporativo,39.000000
2019-05-31,CITIBANK,grandes_empresas,76.000000
2019-05-31,CITIBANK,medianas_empresas,15.000000
2019-05-31,CITIBANK,microempresas,9.000000
2019-05-31,CITIBANK,pequenas_empresas,10.000000
2019-05-31,FALABELLA,consumo,1068652.000000
2019-05-31,FALABELLA,grandes_empresas,1.000000
2019-05-31,FALABELLA,hipotecario,70.000000
2019-05-31,FALABELLA,medianas_empresas,1.000000
2019-05-31,GNB,consumo,46022.000000
2019-05-31,GNB,corporativo,28.000000
2019-05-31,GNB,grandes_empresas,178.000000
2019-05-31,GNB,hipotecario,7148.000000
2019-05-31,GNB,medianas_empresas,391.000000
2019-05-31,GNB,microempresas,9.000000
2019-05-31,GNB,pequenas_empresas,335.000000
2019-05-31,ICBC,corporativo,30.000000
2019-05-31,ICBC,grandes_empresas,5.000000
2019-05-31,ICBC,medianas_empresas,4.000000
2019-05-31,INTERBANK,consumo,1001000.000000
2019-05-31,INTERBANK,corporativo,163.000000
2019-05-31,INTERBANK,grandes_empresas,778.000000
2019-05-31,INTERBANK,hipotecario,42906.000000
2019-05-31,INTERBANK,medianas_empresas,3607.000000
2019-05-31,INTERBANK,microempresas,894.000000
2019-05-31,INTERBANK,pequenas_empresas,10373.000000
2019-05-31,MIBANCO,consumo,168685.000000
2019-05-31,MIBANCO,hipotecario,6377.000000
2019-05-31,MIBANCO,medianas_empresas,1982.000000
2019-05-31,MIBANCO,microempresas,621262.000000
2019-05-31,MIBANCO,pequenas_empresas,170311.000000
2019-05-31,PICHINCHA,consumo,344918.000000
2019-05-31,PICHINCHA,corporativo,41.000000
2019-05-31,PICHINCHA,grandes_empresas,500.000000
2019-05-31,PICHINCHA,hipotecario,10838.000000
2019-05-31,PICHINCHA,medianas_empresas,1884.000000
2019-05-31,PICHINCHA,microempresas,26956.000000
2019-05-31,PICHINCHA,pequenas_empresas,12595.000000
2019-05-31,RIPLEY,consumo,470363.000000
2019-05-31,SANTANDER,consumo,27.000000
2019-05-31,SANTANDER,corporativo,106.000000
2019-05-31,SANTANDER,grandes_empresas,278.000000
2019-05-31,SANTANDER,medianas_empresas,100.000000
2019-05-31,SANTANDER,pequenas_empresas,4.000000
2019-05-31,SCOTIABANK,consumo,461553.000000
2019-05-31,SCOTIABANK,corporativo,260.000000
2019-05-31,SCOTIABANK,grandes_empresas,1113.000000
2019-05-31,SCOTIABANK,hipotecario,31886.000000
2019-05-31,SCOTIABANK,medianas_empresas,11356.000000
2019-05-31,SCOTIABANK,microempresas,3323.000000
2019-05-31,SCOTIABANK,pequenas_empresas,30309.000000
2019-06-30,ALFIN,consumo,223744.000000
2019-06-30,BANCOM,consumo,49732.000000
2019-06-30,BANCOM,corporativo,14.000000
2019-06-30,BANCOM,grandes_empresas,64.000000
2019-06-30,BANCOM,hipotecario,798.000000
2019-06-30,BANCOM,medianas_empresas,86.000000
2019-06-30,BANCOM,microempresas,11.000000
2019-06-30,BANCOM,pequenas_empresas,12.000000
2019-06-30,BBVA,consumo,461145.000000
2019-06-30,BBVA,corporativo,284.000000
2019-06-30,BBVA,grandes_empresas,1809.000000
2019-06-30,BBVA,hipotecario,50632.000000
2019-06-30,BBVA,medianas_empresas,14986.000000
2019-06-30,BBVA,microempresas,3220.000000
2019-06-30,BBVA,pequenas_empresas,17813.000000
2019-06-30,BCP,consumo,829535.000000
2019-06-30,BCP,corporativo,555.000000
2019-06-30,BCP,grandes_empresas,2002.000000
2019-06-30,BCP,hipotecario,68418.000000
2019-06-30,BCP,medianas_empresas,21523.000000
2019-06-30,BCP,microempresas,32287.000000
2019-06-30,BCP,pequenas_empresas,51239.000000
2019-06-30,BIF,consumo,102909.000000
2019-06-30,BIF,corporativo,101.000000
2019-06-30,BIF,grandes_empresas,645.000000
2019-06-30,BIF,hipotecario,12847.000000
2019-06-30,BIF,medianas_empresas,2228.000000
2019-06-30,BIF,microempresas,2786.000000
2019-06-30,BIF,pequenas_empresas,994.000000
2019-06-30,CITIBANK,corporativo,38.000000
2019-06-30,CITIBANK,grandes_empresas,72.000000
2019-06-30,CITIBANK,medianas_empresas,12.000000
2019-06-30,CITIBANK,microempresas,9.000000
2019-06-30,CITIBANK,pequenas_empresas,11.000000
2019-06-30,FALABELLA,consumo,1085540.000000
2019-06-30,FALABELLA,grandes_empresas,1.000000
2019-06-30,FALABELLA,hipotecario,69.000000
2019-06-30,FALABELLA,medianas_empresas,1.000000
2019-06-30,GNB,consumo,46277.000000
2019-06-30,GNB,corporativo,32.000000
2019-06-30,GNB,grandes_empresas,176.000000
2019-06-30,GNB,hipotecario,7119.000000
2019-06-30,GNB,medianas_empresas,373.000000
2019-06-30,GNB,microempresas,10.000000
2019-06-30,GNB,pequenas_empresas,320.000000
2019-06-30,ICBC,corporativo,26.000000
2019-06-30,ICBC,grandes_empresas,5.000000
2019-06-30,ICBC,medianas_empresas,4.000000
2019-06-30,INTERBANK,consumo,1012644.000000
2019-06-30,INTERBANK,corporativo,168.000000
2019-06-30,INTERBANK,grandes_empresas,772.000000
2019-06-30,INTERBANK,hipotecario,43109.000000
2019-06-30,INTERBANK,medianas_empresas,3619.000000
2019-06-30,INTERBANK,microempresas,885.000000
2019-06-30,INTERBANK,pequenas_empresas,10355.000000
2019-06-30,MIBANCO,consumo,169752.000000
2019-06-30,MIBANCO,hipotecario,6399.000000
2019-06-30,MIBANCO,medianas_empresas,2001.000000
2019-06-30,MIBANCO,microempresas,621537.000000
2019-06-30,MIBANCO,pequenas_empresas,171137.000000
2019-06-30,PICHINCHA,consumo,350831.000000
2019-06-30,PICHINCHA,corporativo,44.000000
2019-06-30,PICHINCHA,grandes_empresas,513.000000
2019-06-30,PICHINCHA,hipotecario,10904.000000
2019-06-30,PICHINCHA,medianas_empresas,1845.000000
2019-06-30,PICHINCHA,microempresas,27268.000000
2019-06-30,PICHINCHA,pequenas_empresas,12472.000000
2019-06-30,RIPLEY,consumo,476265.000000
2019-06-30,SANTANDER,consumo,26.000000
2019-06-30,SANTANDER,corporativo,100.000000
2019-06-30,SANTANDER,grandes_empresas,278.000000
2019-06-30,SANTANDER,medianas_empresas,102.000000
2019-06-30,SANTANDER,pequenas_empresas,2.000000
2019-06-30,SCOTIABANK,consumo,470803.000000
2019-06-30,SCOTIABANK,corporativo,262.000000
2019-06-30,SCOTIABANK,grandes_empresas,1105.000000
2019-06-30,SCOTIABANK,hipotecario,31995.000000
2019-06-30,SCOTIABANK,medianas_empresas,11423.000000
2019-06-30,SCOTIABANK,microempresas,3317.000000
2019-06-30,SCOTIABANK,pequenas_empresas,30084.000000
2019-07-31,ALFIN,consumo,229083.000000
2019-07-31,BANCOM,consumo,49966.000000
2019-07-31,BANCOM,corporativo,15.000000
2019-07-31,BANCOM,grandes_empresas,63.000000
2019-07-31,BANCOM,hipotecario,809.000000
2019-07-31,BANCOM,medianas_empresas,84.000000
2019-07-31,BANCOM,microempresas,17.000000
2019-07-31,BANCOM,pequenas_empresas,11.000000
2019-07-31,BBVA,consumo,462495.000000
2019-07-31,BBVA,corporativo,279.000000
2019-07-31,BBVA,grandes_empresas,1803.000000
2019-07-31,BBVA,hipotecario,50564.000000
2019-07-31,BBVA,medianas_empresas,14980.000000
2019-07-31,BBVA,microempresas,3266.000000
2019-07-31,BBVA,pequenas_empresas,17781.000000
2019-07-31,BCP,consumo,831526.000000
2019-07-31,BCP,corporativo,543.000000
2019-07-31,BCP,grandes_empresas,2079.000000
2019-07-31,BCP,hipotecario,68695.000000
2019-07-31,BCP,medianas_empresas,21439.000000
2019-07-31,BCP,microempresas,32543.000000
2019-07-31,BCP,pequenas_empresas,51259.000000
2019-07-31,BIF,consumo,103427.000000
2019-07-31,BIF,corporativo,109.000000
2019-07-31,BIF,grandes_empresas,647.000000
2019-07-31,BIF,hipotecario,12926.000000
2019-07-31,BIF,medianas_empresas,2166.000000
2019-07-31,BIF,microempresas,1750.000000
2019-07-31,BIF,pequenas_empresas,918.000000
2019-07-31,CITIBANK,corporativo,38.000000
2019-07-31,CITIBANK,grandes_empresas,75.000000
2019-07-31,CITIBANK,medianas_empresas,10.000000
2019-07-31,CITIBANK,microempresas,9.000000
2019-07-31,CITIBANK,pequenas_empresas,11.000000
2019-07-31,FALABELLA,consumo,1091101.000000
2019-07-31,FALABELLA,grandes_empresas,1.000000
2019-07-31,FALABELLA,hipotecario,67.000000
2019-07-31,FALABELLA,medianas_empresas,1.000000
2019-07-31,GNB,consumo,46853.000000
2019-07-31,GNB,corporativo,35.000000
2019-07-31,GNB,grandes_empresas,172.000000
2019-07-31,GNB,hipotecario,7072.000000
2019-07-31,GNB,medianas_empresas,367.000000
2019-07-31,GNB,microempresas,9.000000
2019-07-31,GNB,pequenas_empresas,310.000000
2019-07-31,ICBC,corporativo,27.000000
2019-07-31,ICBC,grandes_empresas,6.000000
2019-07-31,ICBC,medianas_empresas,4.000000
2019-07-31,INTERBANK,consumo,1017331.000000
2019-07-31,INTERBANK,corporativo,169.000000
2019-07-31,INTERBANK,grandes_empresas,781.000000
2019-07-31,INTERBANK,hipotecario,43164.000000
2019-07-31,INTERBANK,medianas_empresas,3667.000000
2019-07-31,INTERBANK,microempresas,897.000000
2019-07-31,INTERBANK,pequenas_empresas,10346.000000
2019-07-31,MIBANCO,consumo,169959.000000
2019-07-31,MIBANCO,hipotecario,6425.000000
2019-07-31,MIBANCO,medianas_empresas,2023.000000
2019-07-31,MIBANCO,microempresas,619761.000000
2019-07-31,MIBANCO,pequenas_empresas,171676.000000
2019-07-31,PICHINCHA,consumo,356055.000000
2019-07-31,PICHINCHA,corporativo,39.000000
2019-07-31,PICHINCHA,grandes_empresas,503.000000
2019-07-31,PICHINCHA,hipotecario,10972.000000
2019-07-31,PICHINCHA,medianas_empresas,1840.000000
2019-07-31,PICHINCHA,microempresas,27458.000000
2019-07-31,PICHINCHA,pequenas_empresas,12320.000000
2019-07-31,RIPLEY,consumo,473401.000000
2019-07-31,SANTANDER,consumo,29.000000
2019-07-31,SANTANDER,corporativo,101.000000
2019-07-31,SANTANDER,grandes_empresas,278.000000
2019-07-31,SANTANDER,medianas_empresas,118.000000
2019-07-31,SANTANDER,pequenas_empresas,2.000000
2019-07-31,SCOTIABANK,consumo,473286.000000
2019-07-31,SCOTIABANK,corporativo,259.000000
2019-07-31,SCOTIABANK,grandes_empresas,1106.000000
2019-07-31,SCOTIABANK,hipotecario,32110.000000
2019-07-31,SCOTIABANK,medianas_empresas,11404.000000
2019-07-31,SCOTIABANK,microempresas,3380.000000
2019-07-31,SCOTIABANK,pequenas_empresas,29830.000000
2019-08-31,ALFIN,consumo,235431.000000
2019-08-31,BANCOM,consumo,50073.000000
2019-08-31,BANCOM,corporativo,14.000000
2019-08-31,BANCOM,grandes_empresas,61.000000
2019-08-31,BANCOM,hipotecario,861.000000
2019-08-31,BANCOM,medianas_empresas,92.000000
2019-08-31,BANCOM,microempresas,20.000000
2019-08-31,BANCOM,pequenas_empresas,11.000000
2019-08-31,BBVA,consumo,466169.000000
2019-08-31,BBVA,corporativo,293.000000
2019-08-31,BBVA,grandes_empresas,1809.000000
2019-08-31,BBVA,hipotecario,50586.000000
2019-08-31,BBVA,medianas_empresas,15067.000000
2019-08-31,BBVA,microempresas,3325.000000
2019-08-31,BBVA,pequenas_empresas,18025.000000
2019-08-31,BCP,consumo,869961.000000
2019-08-31,BCP,corporativo,540.000000
2019-08-31,BCP,grandes_empresas,2078.000000
2019-08-31,BCP,hipotecario,69075.000000
2019-08-31,BCP,medianas_empresas,21508.000000
2019-08-31,BCP,microempresas,34015.000000
2019-08-31,BCP,pequenas_empresas,51518.000000
2019-08-31,BIF,consumo,104380.000000
2019-08-31,BIF,corporativo,108.000000
2019-08-31,BIF,grandes_empresas,652.000000
2019-08-31,BIF,hipotecario,13058.000000
2019-08-31,BIF,medianas_empresas,2163.000000
2019-08-31,BIF,microempresas,1489.000000
2019-08-31,BIF,pequenas_empresas,928.000000
2019-08-31,CITIBANK,corporativo,35.000000
2019-08-31,CITIBANK,grandes_empresas,77.000000
2019-08-31,CITIBANK,medianas_empresas,11.000000
2019-08-31,CITIBANK,microempresas,8.000000
2019-08-31,CITIBANK,pequenas_empresas,11.000000
2019-08-31,FALABELLA,consumo,1102237.000000
2019-08-31,FALABELLA,grandes_empresas,1.000000
2019-08-31,FALABELLA,hipotecario,64.000000
2019-08-31,FALABELLA,medianas_empresas,1.000000
2019-08-31,GNB,consumo,47902.000000
2019-08-31,GNB,corporativo,35.000000
2019-08-31,GNB,grandes_empresas,168.000000
2019-08-31,GNB,hipotecario,7031.000000
2019-08-31,GNB,medianas_empresas,356.000000
2019-08-31,GNB,microempresas,10.000000
2019-08-31,GNB,pequenas_empresas,305.000000
2019-08-31,ICBC,corporativo,26.000000
2019-08-31,ICBC,grandes_empresas,6.000000
2019-08-31,ICBC,medianas_empresas,3.000000
2019-08-31,INTERBANK,consumo,1030431.000000
2019-08-31,INTERBANK,corporativo,168.000000
2019-08-31,INTERBANK,grandes_empresas,785.000000
2019-08-31,INTERBANK,hipotecario,43300.000000
2019-08-31,INTERBANK,medianas_empresas,3695.000000
2019-08-31,INTERBANK,microempresas,899.000000
2019-08-31,INTERBANK,pequenas_empresas,10339.000000
2019-08-31,MIBANCO,consumo,172411.000000
2019-08-31,MIBANCO,hipotecario,6439.000000
2019-08-31,MIBANCO,medianas_empresas,2048.000000
2019-08-31,MIBANCO,microempresas,619921.000000
2019-08-31,MIBANCO,pequenas_empresas,172734.000000
2019-08-31,PICHINCHA,consumo,362213.000000
2019-08-31,PICHINCHA,corporativo,40.000000
2019-08-31,PICHINCHA,grandes_empresas,497.000000
2019-08-31,PICHINCHA,hipotecario,11038.000000
2019-08-31,PICHINCHA,medianas_empresas,1854.000000
2019-08-31,PICHINCHA,microempresas,27763.000000
2019-08-31,PICHINCHA,pequenas_empresas,12034.000000
2019-08-31,RIPLEY,consumo,469519.000000
2019-08-31,SANTANDER,consumo,28.000000
2019-08-31,SANTANDER,corporativo,103.000000
2019-08-31,SANTANDER,grandes_empresas,285.000000
2019-08-31,SANTANDER,medianas_empresas,109.000000
2019-08-31,SANTANDER,pequenas_empresas,5.000000
2019-08-31,SCOTIABANK,consumo,480152.000000
2019-08-31,SCOTIABANK,corporativo,255.000000
2019-08-31,SCOTIABANK,grandes_empresas,1078.000000
2019-08-31,SCOTIABANK,hipotecario,32175.000000
2019-08-31,SCOTIABANK,medianas_empresas,11411.000000
2019-08-31,SCOTIABANK,microempresas,3398.000000
2019-08-31,SCOTIABANK,pequenas_empresas,29594.000000
2019-09-30,ALFIN,consumo,242549.000000
2019-09-30,BANCOM,consumo,49817.000000
2019-09-30,BANCOM,corporativo,14.000000
2019-09-30,BANCOM,grandes_empresas,64.000000
2019-09-30,BANCOM,hipotecario,927.000000
2019-09-30,BANCOM,medianas_empresas,90.000000
2019-09-30,BANCOM,microempresas,17.000000
2019-09-30,BANCOM,pequenas_empresas,10.000000
2019-09-30,BBVA,consumo,471240.000000
2019-09-30,BBVA,corporativo,298.000000
2019-09-30,BBVA,grandes_empresas,1803.000000
2019-09-30,BBVA,hipotecario,50712.000000
2019-09-30,BBVA,medianas_empresas,15175.000000
2019-09-30,BBVA,microempresas,3259.000000
2019-09-30,BBVA,pequenas_empresas,18110.000000
2019-09-30,BCP,consumo,892410.000000
2019-09-30,BCP,corporativo,535.000000
2019-09-30,BCP,grandes_empresas,2083.000000
2019-09-30,BCP,hipotecario,69493.000000
2019-09-30,BCP,medianas_empresas,21604.000000
2019-09-30,BCP,microempresas,34011.000000
2019-09-30,BCP,pequenas_empresas,52006.000000
2019-09-30,BIF,consumo,104889.000000
2019-09-30,BIF,corporativo,108.000000
2019-09-30,BIF,grandes_empresas,649.000000
2019-09-30,BIF,hipotecario,13183.000000
2019-09-30,BIF,medianas_empresas,2144.000000
2019-09-30,BIF,microempresas,1518.000000
2019-09-30,BIF,pequenas_empresas,939.000000
2019-09-30,CITIBANK,corporativo,37.000000
2019-09-30,CITIBANK,grandes_empresas,80.000000
2019-09-30,CITIBANK,medianas_empresas,11.000000
2019-09-30,CITIBANK,microempresas,9.000000
2019-09-30,CITIBANK,pequenas_empresas,12.000000
2019-09-30,FALABELLA,consumo,1105947.000000
2019-09-30,FALABELLA,hipotecario,63.000000
2019-09-30,FALABELLA,medianas_empresas,1.000000
2019-09-30,GNB,consumo,48611.000000
2019-09-30,GNB,corporativo,33.000000
2019-09-30,GNB,grandes_empresas,168.000000
2019-09-30,GNB,hipotecario,7083.000000
2019-09-30,GNB,medianas_empresas,341.000000
2019-09-30,GNB,microempresas,9.000000
2019-09-30,GNB,pequenas_empresas,299.000000
2019-09-30,ICBC,corporativo,25.000000
2019-09-30,ICBC,grandes_empresas,4.000000
2019-09-30,ICBC,medianas_empresas,3.000000
2019-09-30,INTERBANK,consumo,1033355.000000
2019-09-30,INTERBANK,corporativo,176.000000
2019-09-30,INTERBANK,grandes_empresas,780.000000
2019-09-30,INTERBANK,hipotecario,43500.000000
2019-09-30,INTERBANK,medianas_empresas,3726.000000
2019-09-30,INTERBANK,microempresas,947.000000
2019-09-30,INTERBANK,pequenas_empresas,10343.000000
2019-09-30,MIBANCO,consumo,174008.000000
2019-09-30,MIBANCO,hipotecario,6472.000000
2019-09-30,MIBANCO,medianas_empresas,2075.000000
2019-09-30,MIBANCO,microempresas,616293.000000
2019-09-30,MIBANCO,pequenas_empresas,173661.000000
2019-09-30,PICHINCHA,consumo,366279.000000
2019-09-30,PICHINCHA,corporativo,44.000000
2019-09-30,PICHINCHA,grandes_empresas,484.000000
2019-09-30,PICHINCHA,hipotecario,11073.000000
2019-09-30,PICHINCHA,medianas_empresas,1855.000000
2019-09-30,PICHINCHA,microempresas,27746.000000
2019-09-30,PICHINCHA,pequenas_empresas,11862.000000
2019-09-30,RIPLEY,consumo,462774.000000
2019-09-30,SANTANDER,consumo,28.000000
2019-09-30,SANTANDER,corporativo,104.000000
2019-09-30,SANTANDER,grandes_empresas,280.000000
2019-09-30,SANTANDER,medianas_empresas,108.000000
2019-09-30,SANTANDER,pequenas_empresas,5.000000
2019-09-30,SCOTIABANK,consumo,485618.000000
2019-09-30,SCOTIABANK,corporativo,255.000000
2019-09-30,SCOTIABANK,grandes_empresas,1094.000000
2019-09-30,SCOTIABANK,hipotecario,32283.000000
2019-09-30,SCOTIABANK,medianas_empresas,11450.000000
2019-09-30,SCOTIABANK,microempresas,3441.000000
2019-09-30,SCOTIABANK,pequenas_empresas,29380.000000
2019-10-31,ALFIN,consumo,247619.000000
2019-10-31,BANCOM,consumo,49910.000000
2019-10-31,BANCOM,corporativo,14.000000
2019-10-31,BANCOM,grandes_empresas,61.000000
2019-10-31,BANCOM,hipotecario,941.000000
2019-10-31,BANCOM,medianas_empresas,88.000000
2019-10-31,BANCOM,microempresas,16.000000
2019-10-31,BANCOM,pequenas_empresas,13.000000
2019-10-31,BBVA,consumo,475810.000000
2019-10-31,BBVA,corporativo,300.000000
2019-10-31,BBVA,grandes_empresas,1810.000000
2019-10-31,BBVA,hipotecario,50897.000000
2019-10-31,BBVA,medianas_empresas,15560.000000
2019-10-31,BBVA,microempresas,3231.000000
2019-10-31,BBVA,pequenas_empresas,18163.000000
2019-10-31,BCP,consumo,915363.000000
2019-10-31,BCP,corporativo,541.000000
2019-10-31,BCP,grandes_empresas,2077.000000
2019-10-31,BCP,hipotecario,69846.000000
2019-10-31,BCP,medianas_empresas,21675.000000
2019-10-31,BCP,microempresas,33121.000000
2019-10-31,BCP,pequenas_empresas,51988.000000
2019-10-31,BIF,consumo,105420.000000
2019-10-31,BIF,corporativo,112.000000
2019-10-31,BIF,grandes_empresas,654.000000
2019-10-31,BIF,hipotecario,13237.000000
2019-10-31,BIF,medianas_empresas,2134.000000
2019-10-31,BIF,microempresas,1507.000000
2019-10-31,BIF,pequenas_empresas,933.000000
2019-10-31,CITIBANK,corporativo,36.000000
2019-10-31,CITIBANK,grandes_empresas,80.000000
2019-10-31,CITIBANK,medianas_empresas,9.000000
2019-10-31,CITIBANK,microempresas,10.000000
2019-10-31,CITIBANK,pequenas_empresas,12.000000
2019-10-31,FALABELLA,consumo,1108881.000000
2019-10-31,FALABELLA,grandes_empresas,1.000000
2019-10-31,FALABELLA,hipotecario,62.000000
2019-10-31,GNB,consumo,49188.000000
2019-10-31,GNB,corporativo,33.000000
2019-10-31,GNB,grandes_empresas,165.000000
2019-10-31,GNB,hipotecario,7139.000000
2019-10-31,GNB,medianas_empresas,334.000000
2019-10-31,GNB,microempresas,8.000000
2019-10-31,GNB,pequenas_empresas,281.000000
2019-10-31,ICBC,corporativo,26.000000
2019-10-31,ICBC,grandes_empresas,5.000000
2019-10-31,ICBC,medianas_empresas,3.000000
2019-10-31,INTERBANK,consumo,1040796.000000
2019-10-31,INTERBANK,corporativo,174.000000
2019-10-31,INTERBANK,grandes_empresas,767.000000
2019-10-31,INTERBANK,hipotecario,43604.000000
2019-10-31,INTERBANK,medianas_empresas,3768.000000
2019-10-31,INTERBANK,microempresas,1047.000000
2019-10-31,INTERBANK,pequenas_empresas,10419.000000
2019-10-31,MIBANCO,consumo,176850.000000
2019-10-31,MIBANCO,hipotecario,6507.000000
2019-10-31,MIBANCO,medianas_empresas,2085.000000
2019-10-31,MIBANCO,microempresas,617246.000000
2019-10-31,MIBANCO,pequenas_empresas,174441.000000
2019-10-31,PICHINCHA,consumo,370894.000000
2019-10-31,PICHINCHA,corporativo,41.000000
2019-10-31,PICHINCHA,grandes_empresas,483.000000
2019-10-31,PICHINCHA,hipotecario,11153.000000
2019-10-31,PICHINCHA,medianas_empresas,1831.000000
2019-10-31,PICHINCHA,microempresas,27939.000000
2019-10-31,PICHINCHA,pequenas_empresas,11727.000000
2019-10-31,RIPLEY,consumo,453704.000000
2019-10-31,SANTANDER,consumo,30.000000
2019-10-31,SANTANDER,corporativo,102.000000
2019-10-31,SANTANDER,grandes_empresas,271.000000
2019-10-31,SANTANDER,medianas_empresas,114.000000
2019-10-31,SANTANDER,pequenas_empresas,5.000000
2019-10-31,SCOTIABANK,consumo,490514.000000
2019-10-31,SCOTIABANK,corporativo,254.000000
2019-10-31,SCOTIABANK,grandes_empresas,1091.000000
2019-10-31,SCOTIABANK,hipotecario,32358.000000
2019-10-31,SCOTIABANK,medianas_empresas,11486.000000
2019-10-31,SCOTIABANK,microempresas,3418.000000
2019-10-31,SCOTIABANK,pequenas_empresas,29140.000000
2019-11-30,ALFIN,consumo,250233.000000
2019-11-30,BANCOM,consumo,50011.000000
2019-11-30,BANCOM,corporativo,14.000000
2019-11-30,BANCOM,grandes_empresas,60.000000
2019-11-30,BANCOM,hipotecario,960.000000
2019-11-30,BANCOM,medianas_empresas,88.000000
2019-11-30,BANCOM,microempresas,8.000000
2019-11-30,BANCOM,pequenas_empresas,16.000000
2019-11-30,BBVA,consumo,482725.000000
2019-11-30,BBVA,corporativo,298.000000
2019-11-30,BBVA,grandes_empresas,1814.000000
2019-11-30,BBVA,hipotecario,51046.000000
2019-11-30,BBVA,medianas_empresas,15405.000000
2019-11-30,BBVA,microempresas,3317.000000
2019-11-30,BBVA,pequenas_empresas,18672.000000
2019-11-30,BCP,consumo,925160.000000
2019-11-30,BCP,corporativo,543.000000
2019-11-30,BCP,grandes_empresas,2073.000000
2019-11-30,BCP,hipotecario,70103.000000
2019-11-30,BCP,medianas_empresas,21839.000000
2019-11-30,BCP,microempresas,34802.000000
2019-11-30,BCP,pequenas_empresas,52472.000000
2019-11-30,BIF,consumo,105308.000000
2019-11-30,BIF,corporativo,112.000000
2019-11-30,BIF,grandes_empresas,664.000000
2019-11-30,BIF,hipotecario,13383.000000
2019-11-30,BIF,medianas_empresas,2130.000000
2019-11-30,BIF,microempresas,1488.000000
2019-11-30,BIF,pequenas_empresas,946.000000
2019-11-30,CITIBANK,corporativo,35.000000
2019-11-30,CITIBANK,grandes_empresas,78.000000
2019-11-30,CITIBANK,medianas_empresas,8.000000
2019-11-30,CITIBANK,microempresas,10.000000
2019-11-30,CITIBANK,pequenas_empresas,12.000000
2019-11-30,FALABELLA,consumo,1129567.000000
2019-11-30,FALABELLA,hipotecario,61.000000
2019-11-30,GNB,consumo,48651.000000
2019-11-30,GNB,corporativo,32.000000
2019-11-30,GNB,grandes_empresas,166.000000
2019-11-30,GNB,hipotecario,7129.000000
2019-11-30,GNB,medianas_empresas,320.000000
2019-11-30,GNB,microempresas,7.000000
2019-11-30,GNB,pequenas_empresas,281.000000
2019-11-30,ICBC,corporativo,29.000000
2019-11-30,ICBC,grandes_empresas,5.000000
2019-11-30,ICBC,medianas_empresas,3.000000
2019-11-30,INTERBANK,consumo,1042298.000000
2019-11-30,INTERBANK,corporativo,175.000000
2019-11-30,INTERBANK,grandes_empresas,770.000000
2019-11-30,INTERBANK,hipotecario,43787.000000
2019-11-30,INTERBANK,medianas_empresas,3876.000000
2019-11-30,INTERBANK,microempresas,1156.000000
2019-11-30,INTERBANK,pequenas_empresas,10473.000000
2019-11-30,MIBANCO,consumo,177476.000000
2019-11-30,MIBANCO,hipotecario,6539.000000
2019-11-30,MIBANCO,medianas_empresas,2137.000000
2019-11-30,MIBANCO,microempresas,617690.000000
2019-11-30,MIBANCO,pequenas_empresas,175826.000000
2019-11-30,PICHINCHA,consumo,374743.000000
2019-11-30,PICHINCHA,corporativo,40.000000
2019-11-30,PICHINCHA,grandes_empresas,466.000000
2019-11-30,PICHINCHA,hipotecario,11207.000000
2019-11-30,PICHINCHA,medianas_empresas,1852.000000
2019-11-30,PICHINCHA,microempresas,27992.000000
2019-11-30,PICHINCHA,pequenas_empresas,11560.000000
2019-11-30,RIPLEY,consumo,464748.000000
2019-11-30,SANTANDER,consumo,30.000000
2019-11-30,SANTANDER,corporativo,105.000000
2019-11-30,SANTANDER,grandes_empresas,281.000000
2019-11-30,SANTANDER,medianas_empresas,112.000000
2019-11-30,SANTANDER,pequenas_empresas,5.000000
2019-11-30,SCOTIABANK,consumo,497732.000000
2019-11-30,SCOTIABANK,corporativo,256.000000
2019-11-30,SCOTIABANK,grandes_empresas,1090.000000
2019-11-30,SCOTIABANK,hipotecario,32480.000000
2019-11-30,SCOTIABANK,medianas_empresas,11547.000000
2019-11-30,SCOTIABANK,microempresas,3040.000000
2019-11-30,SCOTIABANK,pequenas_empresas,29031.000000
2019-12-31,ALFIN,consumo,255468.000000
2019-12-31,BANCOM,consumo,49949.000000
2019-12-31,BANCOM,corporativo,13.000000
2019-12-31,BANCOM,grandes_empresas,57.000000
2019-12-31,BANCOM,hipotecario,975.000000
2019-12-31,BANCOM,medianas_empresas,92.000000
2019-12-31,BANCOM,microempresas,8.000000
2019-12-31,BANCOM,pequenas_empresas,14.000000
2019-12-31,BBVA,consumo,482222.000000
2019-12-31,BBVA,corporativo,297.000000
2019-12-31,BBVA,grandes_empresas,1812.000000
2019-12-31,BBVA,hipotecario,51067.000000
2019-12-31,BBVA,medianas_empresas,15499.000000
2019-12-31,BBVA,microempresas,3372.000000
2019-12-31,BBVA,pequenas_empresas,18677.000000
2019-12-31,BCP,consumo,924588.000000
2019-12-31,BCP,corporativo,533.000000
2019-12-31,BCP,grandes_empresas,2073.000000
2019-12-31,BCP,hipotecario,70394.000000
2019-12-31,BCP,medianas_empresas,22050.000000
2019-12-31,BCP,microempresas,35103.000000
2019-12-31,BCP,pequenas_empresas,52719.000000
2019-12-31,BIF,consumo,105090.000000
2019-12-31,BIF,corporativo,112.000000
2019-12-31,BIF,grandes_empresas,656.000000
2019-12-31,BIF,hipotecario,13437.000000
2019-12-31,BIF,medianas_empresas,2089.000000
2019-12-31,BIF,microempresas,1485.000000
2019-12-31,BIF,pequenas_empresas,917.000000
2019-12-31,CITIBANK,corporativo,37.000000
2019-12-31,CITIBANK,grandes_empresas,76.000000
2019-12-31,CITIBANK,medianas_empresas,10.000000
2019-12-31,CITIBANK,microempresas,10.000000
2019-12-31,CITIBANK,pequenas_empresas,11.000000
2019-12-31,FALABELLA,consumo,1158203.000000
2019-12-31,FALABELLA,grandes_empresas,1.000000
2019-12-31,FALABELLA,hipotecario,60.000000
2019-12-31,FALABELLA,medianas_empresas,1.000000
2019-12-31,GNB,consumo,47988.000000
2019-12-31,GNB,corporativo,31.000000
2019-12-31,GNB,grandes_empresas,171.000000
2019-12-31,GNB,hipotecario,7080.000000
2019-12-31,GNB,medianas_empresas,309.000000
2019-12-31,GNB,microempresas,8.000000
2019-12-31,GNB,pequenas_empresas,274.000000
2019-12-31,ICBC,corporativo,30.000000
2019-12-31,ICBC,grandes_empresas,6.000000
2019-12-31,ICBC,medianas_empresas,4.000000
2019-12-31,INTERBANK,consumo,1044717.000000
2019-12-31,INTERBANK,corporativo,160.000000
2019-12-31,INTERBANK,grandes_empresas,781.000000
2019-12-31,INTERBANK,hipotecario,43980.000000
2019-12-31,INTERBANK,medianas_empresas,3922.000000
2019-12-31,INTERBANK,microempresas,1240.000000
2019-12-31,INTERBANK,pequenas_empresas,10565.000000
2019-12-31,MIBANCO,consumo,176853.000000
2019-12-31,MIBANCO,hipotecario,6572.000000
2019-12-31,MIBANCO,medianas_empresas,2179.000000
2019-12-31,MIBANCO,microempresas,616103.000000
2019-12-31,MIBANCO,pequenas_empresas,175775.000000
2019-12-31,PICHINCHA,consumo,378388.000000
2019-12-31,PICHINCHA,corporativo,35.000000
2019-12-31,PICHINCHA,grandes_empresas,477.000000
2019-12-31,PICHINCHA,hipotecario,11237.000000
2019-12-31,PICHINCHA,medianas_empresas,1834.000000
2019-12-31,PICHINCHA,microempresas,27353.000000
2019-12-31,PICHINCHA,pequenas_empresas,11332.000000
2019-12-31,RIPLEY,consumo,485825.000000
2019-12-31,SANTANDER,consumo,35.000000
2019-12-31,SANTANDER,corporativo,103.000000
2019-12-31,SANTANDER,grandes_empresas,279.000000
2019-12-31,SANTANDER,medianas_empresas,118.000000
2019-12-31,SANTANDER,pequenas_empresas,5.000000
2019-12-31,SCOTIABANK,consumo,498710.000000
2019-12-31,SCOTIABANK,corporativo,257.000000
2019-12-31,SCOTIABANK,grandes_empresas,1089.000000
2019-12-31,SCOTIABANK,hipotecario,32632.000000
2019-12-31,SCOTIABANK,medianas_empresas,11534.000000
2019-12-31,SCOTIABANK,microempresas,2833.000000
2019-12-31,SCOTIABANK,pequenas_empresas,28660.000000
2020-01-31,ALFIN,consumo,255446.000000
2020-01-31,BANCOM,consumo,51255.000000
2020-01-31,BANCOM,corporativo,13.000000
2020-01-31,BANCOM,grandes_empresas,55.000000
2020-01-31,BANCOM,hipotecario,984.000000
2020-01-31,BANCOM,medianas_empresas,94.000000
2020-01-31,BANCOM,microempresas,8.000000
2020-01-31,BANCOM,pequenas_empresas,16.000000
2020-01-31,BBVA,consumo,485401.000000
2020-01-31,BBVA,corporativo,297.000000
2020-01-31,BBVA,grandes_empresas,1803.000000
2020-01-31,BBVA,hipotecario,51151.000000
2020-01-31,BBVA,medianas_empresas,15572.000000
2020-01-31,BBVA,microempresas,3322.000000
2020-01-31,BBVA,pequenas_empresas,18930.000000
2020-01-31,BCP,consumo,948792.000000
2020-01-31,BCP,corporativo,535.000000
2020-01-31,BCP,grandes_empresas,2062.000000
2020-01-31,BCP,hipotecario,70722.000000
2020-01-31,BCP,medianas_empresas,22187.000000
2020-01-31,BCP,microempresas,34637.000000
2020-01-31,BCP,pequenas_empresas,53003.000000
2020-01-31,BIF,consumo,105144.000000
2020-01-31,BIF,corporativo,105.000000
2020-01-31,BIF,grandes_empresas,640.000000
2020-01-31,BIF,hipotecario,13520.000000
2020-01-31,BIF,medianas_empresas,2040.000000
2020-01-31,BIF,microempresas,1514.000000
2020-01-31,BIF,pequenas_empresas,886.000000
2020-01-31,CITIBANK,corporativo,35.000000
2020-01-31,CITIBANK,grandes_empresas,80.000000
2020-01-31,CITIBANK,medianas_empresas,10.000000
2020-01-31,CITIBANK,microempresas,9.000000
2020-01-31,CITIBANK,pequenas_empresas,12.000000
2020-01-31,FALABELLA,consumo,1140968.000000
2020-01-31,FALABELLA,grandes_empresas,1.000000
2020-01-31,FALABELLA,hipotecario,57.000000
2020-01-31,FALABELLA,medianas_empresas,1.000000
2020-01-31,GNB,consumo,47922.000000
2020-01-31,GNB,corporativo,33.000000
2020-01-31,GNB,grandes_empresas,152.000000
2020-01-31,GNB,hipotecario,7016.000000
2020-01-31,GNB,medianas_empresas,311.000000
2020-01-31,GNB,microempresas,6.000000
2020-01-31,GNB,pequenas_empresas,270.000000
2020-01-31,ICBC,corporativo,29.000000
2020-01-31,ICBC,grandes_empresas,6.000000
2020-01-31,ICBC,medianas_empresas,4.000000
2020-01-31,INTERBANK,consumo,1043720.000000
2020-01-31,INTERBANK,corporativo,160.000000
2020-01-31,INTERBANK,grandes_empresas,780.000000
2020-01-31,INTERBANK,hipotecario,44128.000000
2020-01-31,INTERBANK,medianas_empresas,3895.000000
2020-01-31,INTERBANK,microempresas,1357.000000
2020-01-31,INTERBANK,pequenas_empresas,10604.000000
2020-01-31,MIBANCO,consumo,176667.000000
2020-01-31,MIBANCO,hipotecario,6600.000000
2020-01-31,MIBANCO,medianas_empresas,2227.000000
2020-01-31,MIBANCO,microempresas,616209.000000
2020-01-31,MIBANCO,pequenas_empresas,176482.000000
2020-01-31,PICHINCHA,consumo,379127.000000
2020-01-31,PICHINCHA,corporativo,86.000000
2020-01-31,PICHINCHA,grandes_empresas,465.000000
2020-01-31,PICHINCHA,hipotecario,11312.000000
2020-01-31,PICHINCHA,medianas_empresas,1804.000000
2020-01-31,PICHINCHA,microempresas,27264.000000
2020-01-31,PICHINCHA,pequenas_empresas,11160.000000
2020-01-31,RIPLEY,consumo,470466.000000
2020-01-31,SANTANDER,consumo,33.000000
2020-01-31,SANTANDER,corporativo,102.000000
2020-01-31,SANTANDER,grandes_empresas,281.000000
2020-01-31,SANTANDER,medianas_empresas,114.000000
2020-01-31,SANTANDER,pequenas_empresas,3.000000
2020-01-31,SCOTIABANK,consumo,500978.000000
2020-01-31,SCOTIABANK,corporativo,260.000000
2020-01-31,SCOTIABANK,grandes_empresas,1071.000000
2020-01-31,SCOTIABANK,hipotecario,32770.000000
2020-01-31,SCOTIABANK,medianas_empresas,11562.000000
2020-01-31,SCOTIABANK,microempresas,2686.000000
2020-01-31,SCOTIABANK,pequenas_empresas,28317.000000
2020-02-29,ALFIN,consumo,255723.000000
2020-02-29,BANCOM,consumo,51696.000000
2020-02-29,BANCOM,corporativo,13.000000
2020-02-29,BANCOM,grandes_empresas,56.000000
2020-02-29,BANCOM,hipotecario,1044.000000
2020-02-29,BANCOM,medianas_empresas,96.000000
2020-02-29,BANCOM,microempresas,9.000000
2020-02-29,BANCOM,pequenas_empresas,14.000000
2020-02-29,BBVA,consumo,494735.000000
2020-02-29,BBVA,corporativo,297.000000
2020-02-29,BBVA,grandes_empresas,1783.000000
2020-02-29,BBVA,hipotecario,51330.000000
2020-02-29,BBVA,medianas_empresas,15721.000000
2020-02-29,BBVA,microempresas,3433.000000
2020-02-29,BBVA,pequenas_empresas,19198.000000
2020-02-29,BCP,consumo,966165.000000
2020-02-29,BCP,corporativo,558.000000
2020-02-29,BCP,grandes_empresas,2072.000000
2020-02-29,BCP,hipotecario,70958.000000
2020-02-29,BCP,medianas_empresas,22359.000000
2020-02-29,BCP,microempresas,36350.000000
2020-02-29,BCP,pequenas_empresas,53584.000000
2020-02-29,BIF,consumo,105601.000000
2020-02-29,BIF,corporativo,106.000000
2020-02-29,BIF,grandes_empresas,649.000000
2020-02-29,BIF,hipotecario,13602.000000
2020-02-29,BIF,medianas_empresas,2034.000000
2020-02-29,BIF,microempresas,1569.000000
2020-02-29,BIF,pequenas_empresas,905.000000
2020-02-29,CITIBANK,corporativo,35.000000
2020-02-29,CITIBANK,grandes_empresas,83.000000
2020-02-29,CITIBANK,medianas_empresas,13.000000
2020-02-29,CITIBANK,microempresas,10.000000
2020-02-29,CITIBANK,pequenas_empresas,12.000000
2020-02-29,FALABELLA,consumo,1130399.000000
2020-02-29,FALABELLA,grandes_empresas,1.000000
2020-02-29,FALABELLA,hipotecario,57.000000
2020-02-29,GNB,consumo,48517.000000
2020-02-29,GNB,corporativo,33.000000
2020-02-29,GNB,grandes_empresas,153.000000
2020-02-29,GNB,hipotecario,6964.000000
2020-02-29,GNB,medianas_empresas,298.000000
2020-02-29,GNB,microempresas,4.000000
2020-02-29,GNB,pequenas_empresas,267.000000
2020-02-29,ICBC,corporativo,27.000000
2020-02-29,ICBC,grandes_empresas,6.000000
2020-02-29,ICBC,medianas_empresas,4.000000
2020-02-29,INTERBANK,consumo,1043792.000000
2020-02-29,INTERBANK,corporativo,169.000000
2020-02-29,INTERBANK,grandes_empresas,780.000000
2020-02-29,INTERBANK,hipotecario,44267.000000
2020-02-29,INTERBANK,medianas_empresas,3998.000000
2020-02-29,INTERBANK,microempresas,1382.000000
2020-02-29,INTERBANK,pequenas_empresas,10690.000000
2020-02-29,MIBANCO,consumo,176151.000000
2020-02-29,MIBANCO,hipotecario,6639.000000
2020-02-29,MIBANCO,medianas_empresas,2279.000000
2020-02-29,MIBANCO,microempresas,616733.000000
2020-02-29,MIBANCO,pequenas_empresas,177822.000000
2020-02-29,PICHINCHA,consumo,380014.000000
2020-02-29,PICHINCHA,corporativo,43.000000
2020-02-29,PICHINCHA,grandes_empresas,466.000000
2020-02-29,PICHINCHA,hipotecario,11389.000000
2020-02-29,PICHINCHA,medianas_empresas,1808.000000
2020-02-29,PICHINCHA,microempresas,27343.000000
2020-02-29,PICHINCHA,pequenas_empresas,11079.000000
2020-02-29,RIPLEY,consumo,462219.000000
2020-02-29,SANTANDER,consumo,32.000000
2020-02-29,SANTANDER,corporativo,101.000000
2020-02-29,SANTANDER,grandes_empresas,275.000000
2020-02-29,SANTANDER,medianas_empresas,112.000000
2020-02-29,SANTANDER,pequenas_empresas,2.000000
2020-02-29,SCOTIABANK,consumo,506576.000000
2020-02-29,SCOTIABANK,corporativo,257.000000
2020-02-29,SCOTIABANK,grandes_empresas,1063.000000
2020-02-29,SCOTIABANK,hipotecario,32871.000000
2020-02-29,SCOTIABANK,medianas_empresas,11619.000000
2020-02-29,SCOTIABANK,microempresas,2764.000000
2020-02-29,SCOTIABANK,pequenas_empresas,28198.000000
2020-03-31,ALFIN,consumo,258224.000000
2020-03-31,BANCOM,consumo,51498.000000
2020-03-31,BANCOM,corporativo,11.000000
2020-03-31,BANCOM,grandes_empresas,51.000000
2020-03-31,BANCOM,hipotecario,1046.000000
2020-03-31,BANCOM,medianas_empresas,98.000000
2020-03-31,BANCOM,microempresas,6.000000
2020-03-31,BANCOM,pequenas_empresas,13.000000
2020-03-31,BBVA,consumo,488029.000000
2020-03-31,BBVA,corporativo,303.000000
2020-03-31,BBVA,grandes_empresas,1780.000000
2020-03-31,BBVA,hipotecario,51134.000000
2020-03-31,BBVA,medianas_empresas,15700.000000
2020-03-31,BBVA,microempresas,3404.000000
2020-03-31,BBVA,pequenas_empresas,19246.000000
2020-03-31,BCP,consumo,953655.000000
2020-03-31,BCP,corporativo,579.000000
2020-03-31,BCP,grandes_empresas,2071.000000
2020-03-31,BCP,hipotecario,70873.000000
2020-03-31,BCP,medianas_empresas,22370.000000
2020-03-31,BCP,microempresas,39361.000000
2020-03-31,BCP,pequenas_empresas,53602.000000
2020-03-31,BIF,consumo,106153.000000
2020-03-31,BIF,corporativo,109.000000
2020-03-31,BIF,grandes_empresas,657.000000
2020-03-31,BIF,hipotecario,13606.000000
2020-03-31,BIF,medianas_empresas,2024.000000
2020-03-31,BIF,microempresas,1628.000000
2020-03-31,BIF,pequenas_empresas,912.000000
2020-03-31,CITIBANK,corporativo,36.000000
2020-03-31,CITIBANK,grandes_empresas,85.000000
2020-03-31,CITIBANK,medianas_empresas,12.000000
2020-03-31,CITIBANK,microempresas,12.000000
2020-03-31,CITIBANK,pequenas_empresas,12.000000
2020-03-31,FALABELLA,consumo,1107274.000000
2020-03-31,FALABELLA,grandes_empresas,1.000000
2020-03-31,FALABELLA,hipotecario,55.000000
2020-03-31,GNB,consumo,48390.000000
2020-03-31,GNB,corporativo,36.000000
2020-03-31,GNB,grandes_empresas,149.000000
2020-03-31,GNB,hipotecario,6925.000000
2020-03-31,GNB,medianas_empresas,278.000000
2020-03-31,GNB,microempresas,5.000000
2020-03-31,GNB,pequenas_empresas,263.000000
2020-03-31,ICBC,corporativo,27.000000
2020-03-31,ICBC,grandes_empresas,6.000000
2020-03-31,ICBC,medianas_empresas,4.000000
2020-03-31,INTERBANK,consumo,1027426.000000
2020-03-31,INTERBANK,corporativo,170.000000
2020-03-31,INTERBANK,grandes_empresas,768.000000
2020-03-31,INTERBANK,hipotecario,44152.000000
2020-03-31,INTERBANK,medianas_empresas,4016.000000
2020-03-31,INTERBANK,microempresas,1312.000000
2020-03-31,INTERBANK,pequenas_empresas,10578.000000
2020-03-31,MIBANCO,consumo,172739.000000
2020-03-31,MIBANCO,hipotecario,6497.000000
2020-03-31,MIBANCO,medianas_empresas,2336.000000
2020-03-31,MIBANCO,microempresas,606541.000000
2020-03-31,MIBANCO,pequenas_empresas,178411.000000
2020-03-31,PICHINCHA,consumo,377003.000000
2020-03-31,PICHINCHA,corporativo,37.000000
2020-03-31,PICHINCHA,grandes_empresas,468.000000
2020-03-31,PICHINCHA,hipotecario,11365.000000
2020-03-31,PICHINCHA,medianas_empresas,1783.000000
2020-03-31,PICHINCHA,microempresas,26568.000000
2020-03-31,PICHINCHA,pequenas_empresas,10854.000000
2020-03-31,RIPLEY,consumo,447123.000000
2020-03-31,SANTANDER,consumo,32.000000
2020-03-31,SANTANDER,corporativo,104.000000
2020-03-31,SANTANDER,grandes_empresas,285.000000
2020-03-31,SANTANDER,medianas_empresas,114.000000
2020-03-31,SANTANDER,pequenas_empresas,3.000000
2020-03-31,SCOTIABANK,consumo,501873.000000
2020-03-31,SCOTIABANK,corporativo,258.000000
2020-03-31,SCOTIABANK,grandes_empresas,1051.000000
2020-03-31,SCOTIABANK,hipotecario,32672.000000
2020-03-31,SCOTIABANK,medianas_empresas,11583.000000
2020-03-31,SCOTIABANK,microempresas,2674.000000
2020-03-31,SCOTIABANK,pequenas_empresas,27765.000000
2020-04-30,ALFIN,consumo,256812.000000
2020-04-30,BANCOM,consumo,51325.000000
2020-04-30,BANCOM,corporativo,10.000000
2020-04-30,BANCOM,grandes_empresas,56.000000
2020-04-30,BANCOM,hipotecario,1043.000000
2020-04-30,BANCOM,medianas_empresas,92.000000
2020-04-30,BANCOM,microempresas,7.000000
2020-04-30,BANCOM,pequenas_empresas,13.000000
2020-04-30,BBVA,consumo,474492.000000
2020-04-30,BBVA,corporativo,287.000000
2020-04-30,BBVA,grandes_empresas,1764.000000
2020-04-30,BBVA,hipotecario,51074.000000
2020-04-30,BBVA,medianas_empresas,15748.000000
2020-04-30,BBVA,microempresas,3444.000000
2020-04-30,BBVA,pequenas_empresas,19193.000000
2020-04-30,BCP,consumo,919341.000000
2020-04-30,BCP,corporativo,552.000000
2020-04-30,BCP,grandes_empresas,2001.000000
2020-04-30,BCP,hipotecario,70709.000000
2020-04-30,BCP,medianas_empresas,22416.000000
2020-04-30,BCP,microempresas,35615.000000
2020-04-30,BCP,pequenas_empresas,53192.000000
2020-04-30,BIF,consumo,103543.000000
2020-04-30,BIF,corporativo,108.000000
2020-04-30,BIF,grandes_empresas,657.000000
2020-04-30,BIF,hipotecario,13615.000000
2020-04-30,BIF,medianas_empresas,2034.000000
2020-04-30,BIF,microempresas,1646.000000
2020-04-30,BIF,pequenas_empresas,898.000000
2020-04-30,CITIBANK,corporativo,33.000000
2020-04-30,CITIBANK,grandes_empresas,83.000000
2020-04-30,CITIBANK,medianas_empresas,11.000000
2020-04-30,CITIBANK,microempresas,14.000000
2020-04-30,CITIBANK,pequenas_empresas,10.000000
2020-04-30,FALABELLA,consumo,1038374.000000
2020-04-30,FALABELLA,grandes_empresas,1.000000
2020-04-30,FALABELLA,hipotecario,55.000000
2020-04-30,FALABELLA,medianas_empresas,1.000000
2020-04-30,GNB,consumo,47863.000000
2020-04-30,GNB,corporativo,34.000000
2020-04-30,GNB,grandes_empresas,149.000000
2020-04-30,GNB,hipotecario,6913.000000
2020-04-30,GNB,medianas_empresas,277.000000
2020-04-30,GNB,microempresas,6.000000
2020-04-30,GNB,pequenas_empresas,260.000000
2020-04-30,ICBC,corporativo,31.000000
2020-04-30,ICBC,grandes_empresas,6.000000
2020-04-30,ICBC,medianas_empresas,4.000000
2020-04-30,INTERBANK,consumo,1001693.000000
2020-04-30,INTERBANK,corporativo,178.000000
2020-04-30,INTERBANK,grandes_empresas,765.000000
2020-04-30,INTERBANK,hipotecario,44058.000000
2020-04-30,INTERBANK,medianas_empresas,3957.000000
2020-04-30,INTERBANK,microempresas,1261.000000
2020-04-30,INTERBANK,pequenas_empresas,10429.000000
2020-04-30,MIBANCO,consumo,168079.000000
2020-04-30,MIBANCO,hipotecario,6277.000000
2020-04-30,MIBANCO,medianas_empresas,2419.000000
2020-04-30,MIBANCO,microempresas,590207.000000
2020-04-30,MIBANCO,pequenas_empresas,180511.000000
2020-04-30,PICHINCHA,consumo,364101.000000
2020-04-30,PICHINCHA,corporativo,33.000000
2020-04-30,PICHINCHA,grandes_empresas,470.000000
2020-04-30,PICHINCHA,hipotecario,11360.000000
2020-04-30,PICHINCHA,medianas_empresas,1768.000000
2020-04-30,PICHINCHA,microempresas,25888.000000
2020-04-30,PICHINCHA,pequenas_empresas,10877.000000
2020-04-30,RIPLEY,consumo,414351.000000
2020-04-30,SANTANDER,consumo,31.000000
2020-04-30,SANTANDER,corporativo,107.000000
2020-04-30,SANTANDER,grandes_empresas,283.000000
2020-04-30,SANTANDER,medianas_empresas,113.000000
2020-04-30,SANTANDER,pequenas_empresas,2.000000
2020-04-30,SCOTIABANK,consumo,484650.000000
2020-04-30,SCOTIABANK,corporativo,244.000000
2020-04-30,SCOTIABANK,grandes_empresas,1039.000000
2020-04-30,SCOTIABANK,hipotecario,32636.000000
2020-04-30,SCOTIABANK,medianas_empresas,11596.000000
2020-04-30,SCOTIABANK,microempresas,2505.000000
2020-04-30,SCOTIABANK,pequenas_empresas,27335.000000
2020-05-31,ALFIN,consumo,252422.000000
2020-05-31,BANCOM,consumo,51180.000000
2020-05-31,BANCOM,corporativo,11.000000
2020-05-31,BANCOM,grandes_empresas,54.000000
2020-05-31,BANCOM,hipotecario,1041.000000
2020-05-31,BANCOM,medianas_empresas,100.000000
2020-05-31,BANCOM,microempresas,11.000000
2020-05-31,BANCOM,pequenas_empresas,17.000000
2020-05-31,BBVA,consumo,468741.000000
2020-05-31,BBVA,corporativo,282.000000
2020-05-31,BBVA,grandes_empresas,1838.000000
2020-05-31,BBVA,hipotecario,51028.000000
2020-05-31,BBVA,medianas_empresas,16016.000000
2020-05-31,BBVA,microempresas,3745.000000
2020-05-31,BBVA,pequenas_empresas,20217.000000
2020-05-31,BCP,consumo,920707.000000
2020-05-31,BCP,corporativo,540.000000
2020-05-31,BCP,grandes_empresas,2104.000000
2020-05-31,BCP,hipotecario,70661.000000
2020-05-31,BCP,medianas_empresas,23835.000000
2020-05-31,BCP,microempresas,36981.000000
2020-05-31,BCP,pequenas_empresas,58923.000000
2020-05-31,BIF,consumo,102394.000000
2020-05-31,BIF,corporativo,106.000000
2020-05-31,BIF,grandes_empresas,660.000000
2020-05-31,BIF,hipotecario,13619.000000
2020-05-31,BIF,medianas_empresas,2038.000000
2020-05-31,BIF,microempresas,1663.000000
2020-05-31,BIF,pequenas_empresas,905.000000
2020-05-31,CITIBANK,corporativo,35.000000
2020-05-31,CITIBANK,grandes_empresas,74.000000
2020-05-31,CITIBANK,medianas_empresas,9.000000
2020-05-31,CITIBANK,microempresas,6.000000
2020-05-31,CITIBANK,pequenas_empresas,8.000000
2020-05-31,FALABELLA,consumo,1001993.000000
2020-05-31,FALABELLA,grandes_empresas,1.000000
2020-05-31,FALABELLA,hipotecario,54.000000
2020-05-31,FALABELLA,medianas_empresas,1.000000
2020-05-31,GNB,consumo,47334.000000
2020-05-31,GNB,corporativo,30.000000
2020-05-31,GNB,grandes_empresas,152.000000
2020-05-31,GNB,hipotecario,6897.000000
2020-05-31,GNB,medianas_empresas,268.000000
2020-05-31,GNB,microempresas,6.000000
2020-05-31,GNB,pequenas_empresas,257.000000
2020-05-31,ICBC,corporativo,28.000000
2020-05-31,ICBC,grandes_empresas,6.000000
2020-05-31,ICBC,medianas_empresas,4.000000
2020-05-31,INTERBANK,consumo,988090.000000
2020-05-31,INTERBANK,corporativo,196.000000
2020-05-31,INTERBANK,grandes_empresas,820.000000
2020-05-31,INTERBANK,hipotecario,44000.000000
2020-05-31,INTERBANK,medianas_empresas,4126.000000
2020-05-31,INTERBANK,microempresas,1174.000000
2020-05-31,INTERBANK,pequenas_empresas,10480.000000
2020-05-31,MIBANCO,consumo,161887.000000
2020-05-31,MIBANCO,hipotecario,6112.000000
2020-05-31,MIBANCO,medianas_empresas,2490.000000
2020-05-31,MIBANCO,microempresas,570024.000000
2020-05-31,MIBANCO,pequenas_empresas,182592.000000
2020-05-31,PICHINCHA,consumo,358766.000000
2020-05-31,PICHINCHA,corporativo,41.000000
2020-05-31,PICHINCHA,grandes_empresas,474.000000
2020-05-31,PICHINCHA,hipotecario,11369.000000
2020-05-31,PICHINCHA,medianas_empresas,1764.000000
2020-05-31,PICHINCHA,microempresas,25513.000000
2020-05-31,PICHINCHA,pequenas_empresas,11016.000000
2020-05-31,RIPLEY,consumo,401397.000000
2020-05-31,SANTANDER,consumo,31.000000
2020-05-31,SANTANDER,corporativo,108.000000
2020-05-31,SANTANDER,grandes_empresas,279.000000
2020-05-31,SANTANDER,medianas_empresas,113.000000
2020-05-31,SANTANDER,pequenas_empresas,2.000000
2020-05-31,SCOTIABANK,consumo,477287.000000
2020-05-31,SCOTIABANK,corporativo,254.000000
2020-05-31,SCOTIABANK,grandes_empresas,1047.000000
2020-05-31,SCOTIABANK,hipotecario,32640.000000
2020-05-31,SCOTIABANK,medianas_empresas,11688.000000
2020-05-31,SCOTIABANK,microempresas,2450.000000
2020-05-31,SCOTIABANK,pequenas_empresas,27090.000000
2020-06-30,ALFIN,consumo,240953.000000
2020-06-30,BANCOM,consumo,50963.000000
2020-06-30,BANCOM,corporativo,11.000000
2020-06-30,BANCOM,grandes_empresas,57.000000
2020-06-30,BANCOM,hipotecario,1039.000000
2020-06-30,BANCOM,medianas_empresas,121.000000
2020-06-30,BANCOM,microempresas,14.000000
2020-06-30,BANCOM,pequenas_empresas,25.000000
2020-06-30,BBVA,consumo,467874.000000
2020-06-30,BBVA,corporativo,283.000000
2020-06-30,BBVA,grandes_empresas,1896.000000
2020-06-30,BBVA,hipotecario,50812.000000
2020-06-30,BBVA,medianas_empresas,16490.000000
2020-06-30,BBVA,microempresas,3899.000000
2020-06-30,BBVA,pequenas_empresas,21177.000000
2020-06-30,BCP,consumo,927985.000000
2020-06-30,BCP,corporativo,547.000000
2020-06-30,BCP,grandes_empresas,2117.000000
2020-06-30,BCP,hipotecario,70652.000000
2020-06-30,BCP,medianas_empresas,24659.000000
2020-06-30,BCP,microempresas,38357.000000
2020-06-30,BCP,pequenas_empresas,59999.000000
2020-06-30,BIF,consumo,102040.000000
2020-06-30,BIF,corporativo,107.000000
2020-06-30,BIF,grandes_empresas,658.000000
2020-06-30,BIF,hipotecario,13626.000000
2020-06-30,BIF,medianas_empresas,1994.000000
2020-06-30,BIF,microempresas,1647.000000
2020-06-30,BIF,pequenas_empresas,897.000000
2020-06-30,CITIBANK,corporativo,33.000000
2020-06-30,CITIBANK,grandes_empresas,78.000000
2020-06-30,CITIBANK,medianas_empresas,11.000000
2020-06-30,CITIBANK,microempresas,5.000000
2020-06-30,CITIBANK,pequenas_empresas,8.000000
2020-06-30,FALABELLA,consumo,980442.000000
2020-06-30,FALABELLA,hipotecario,53.000000
2020-06-30,FALABELLA,medianas_empresas,1.000000
2020-06-30,GNB,consumo,46692.000000
2020-06-30,GNB,corporativo,31.000000
2020-06-30,GNB,grandes_empresas,139.000000
2020-06-30,GNB,hipotecario,6860.000000
2020-06-30,GNB,medianas_empresas,261.000000
2020-06-30,GNB,microempresas,6.000000
2020-06-30,GNB,pequenas_empresas,257.000000
2020-06-30,ICBC,corporativo,29.000000
2020-06-30,ICBC,grandes_empresas,6.000000
2020-06-30,ICBC,medianas_empresas,4.000000
2020-06-30,INTERBANK,consumo,983284.000000
2020-06-30,INTERBANK,corporativo,188.000000
2020-06-30,INTERBANK,grandes_empresas,831.000000
2020-06-30,INTERBANK,hipotecario,43961.000000
2020-06-30,INTERBANK,medianas_empresas,4213.000000
2020-06-30,INTERBANK,microempresas,1226.000000
2020-06-30,INTERBANK,pequenas_empresas,10970.000000
2020-06-30,MIBANCO,consumo,153242.000000
2020-06-30,MIBANCO,hipotecario,5854.000000
2020-06-30,MIBANCO,medianas_empresas,2557.000000
2020-06-30,MIBANCO,microempresas,542829.000000
2020-06-30,MIBANCO,pequenas_empresas,182868.000000
2020-06-30,PICHINCHA,consumo,355434.000000
2020-06-30,PICHINCHA,corporativo,36.000000
2020-06-30,PICHINCHA,grandes_empresas,465.000000
2020-06-30,PICHINCHA,hipotecario,11383.000000
2020-06-30,PICHINCHA,medianas_empresas,1735.000000
2020-06-30,PICHINCHA,microempresas,24544.000000
2020-06-30,PICHINCHA,pequenas_empresas,10982.000000
2020-06-30,RIPLEY,consumo,392285.000000
2020-06-30,SANTANDER,consumo,31.000000
2020-06-30,SANTANDER,corporativo,109.000000
2020-06-30,SANTANDER,grandes_empresas,281.000000
2020-06-30,SANTANDER,medianas_empresas,110.000000
2020-06-30,SANTANDER,pequenas_empresas,2.000000
2020-06-30,SCOTIABANK,consumo,469888.000000
2020-06-30,SCOTIABANK,corporativo,252.000000
2020-06-30,SCOTIABANK,grandes_empresas,1033.000000
2020-06-30,SCOTIABANK,hipotecario,32605.000000
2020-06-30,SCOTIABANK,medianas_empresas,11724.000000
2020-06-30,SCOTIABANK,microempresas,2433.000000
2020-06-30,SCOTIABANK,pequenas_empresas,26642.000000
2020-07-31,ALFIN,consumo,234162.000000
2020-07-31,BANCOM,consumo,50792.000000
2020-07-31,BANCOM,corporativo,10.000000
2020-07-31,BANCOM,grandes_empresas,49.000000
2020-07-31,BANCOM,hipotecario,1037.000000
2020-07-31,BANCOM,medianas_empresas,119.000000
2020-07-31,BANCOM,microempresas,19.000000
2020-07-31,BANCOM,pequenas_empresas,28.000000
2020-07-31,BBVA,consumo,462265.000000
2020-07-31,BBVA,corporativo,286.000000
2020-07-31,BBVA,grandes_empresas,1932.000000
2020-07-31,BBVA,hipotecario,50556.000000
2020-07-31,BBVA,medianas_empresas,17311.000000
2020-07-31,BBVA,microempresas,4648.000000
2020-07-31,BBVA,pequenas_empresas,24019.000000
2020-07-31,BCP,consumo,913573.000000
2020-07-31,BCP,corporativo,585.000000
2020-07-31,BCP,grandes_empresas,2257.000000
2020-07-31,BCP,hipotecario,70302.000000
2020-07-31,BCP,medianas_empresas,25187.000000
2020-07-31,BCP,microempresas,34485.000000
2020-07-31,BCP,pequenas_empresas,60283.000000
2020-07-31,BIF,consumo,101347.000000
2020-07-31,BIF,corporativo,107.000000
2020-07-31,BIF,grandes_empresas,647.000000
2020-07-31,BIF,hipotecario,13635.000000
2020-07-31,BIF,medianas_empresas,1941.000000
2020-07-31,BIF,microempresas,1645.000000
2020-07-31,BIF,pequenas_empresas,874.000000
2020-07-31,CITIBANK,corporativo,31.000000
2020-07-31,CITIBANK,grandes_empresas,84.000000
2020-07-31,CITIBANK,medianas_empresas,9.000000
2020-07-31,CITIBANK,microempresas,10.000000
2020-07-31,CITIBANK,pequenas_empresas,10.000000
2020-07-31,FALABELLA,consumo,971282.000000
2020-07-31,FALABELLA,hipotecario,53.000000
2020-07-31,FALABELLA,medianas_empresas,1.000000
2020-07-31,GNB,consumo,46194.000000
2020-07-31,GNB,corporativo,26.000000
2020-07-31,GNB,grandes_empresas,142.000000
2020-07-31,GNB,hipotecario,6817.000000
2020-07-31,GNB,medianas_empresas,247.000000
2020-07-31,GNB,microempresas,5.000000
2020-07-31,GNB,pequenas_empresas,258.000000
2020-07-31,ICBC,corporativo,30.000000
2020-07-31,ICBC,grandes_empresas,6.000000
2020-07-31,ICBC,medianas_empresas,3.000000
2020-07-31,INTERBANK,consumo,976014.000000
2020-07-31,INTERBANK,corporativo,192.000000
2020-07-31,INTERBANK,grandes_empresas,842.000000
2020-07-31,INTERBANK,hipotecario,43907.000000
2020-07-31,INTERBANK,medianas_empresas,4501.000000
2020-07-31,INTERBANK,microempresas,1600.000000
2020-07-31,INTERBANK,pequenas_empresas,12623.000000
2020-07-31,MIBANCO,consumo,143799.000000
2020-07-31,MIBANCO,hipotecario,5685.000000
2020-07-31,MIBANCO,medianas_empresas,2618.000000
2020-07-31,MIBANCO,microempresas,519934.000000
2020-07-31,MIBANCO,pequenas_empresas,183013.000000
2020-07-31,PICHINCHA,consumo,352849.000000
2020-07-31,PICHINCHA,corporativo,42.000000
2020-07-31,PICHINCHA,grandes_empresas,464.000000
2020-07-31,PICHINCHA,hipotecario,11362.000000
2020-07-31,PICHINCHA,medianas_empresas,1693.000000
2020-07-31,PICHINCHA,microempresas,24748.000000
2020-07-31,PICHINCHA,pequenas_empresas,11063.000000
2020-07-31,RIPLEY,consumo,393874.000000
2020-07-31,SANTANDER,consumo,31.000000
2020-07-31,SANTANDER,corporativo,107.000000
2020-07-31,SANTANDER,grandes_empresas,282.000000
2020-07-31,SANTANDER,medianas_empresas,111.000000
2020-07-31,SANTANDER,pequenas_empresas,5.000000
2020-07-31,SCOTIABANK,consumo,463815.000000
2020-07-31,SCOTIABANK,corporativo,256.000000
2020-07-31,SCOTIABANK,grandes_empresas,1031.000000
2020-07-31,SCOTIABANK,hipotecario,32669.000000
2020-07-31,SCOTIABANK,medianas_empresas,11806.000000
2020-07-31,SCOTIABANK,microempresas,2552.000000
2020-07-31,SCOTIABANK,pequenas_empresas,26446.000000
2020-08-31,ALFIN,consumo,226490.000000
2020-08-31,BANCOM,consumo,50590.000000
2020-08-31,BANCOM,corporativo,10.000000
2020-08-31,BANCOM,grandes_empresas,46.000000
2020-08-31,BANCOM,hipotecario,1033.000000
2020-08-31,BANCOM,medianas_empresas,135.000000
2020-08-31,BANCOM,microempresas,26.000000
2020-08-31,BANCOM,pequenas_empresas,35.000000
2020-08-31,BBVA,consumo,464111.000000
2020-08-31,BBVA,corporativo,285.000000
2020-08-31,BBVA,grandes_empresas,1971.000000
2020-08-31,BBVA,hipotecario,50312.000000
2020-08-31,BBVA,medianas_empresas,17948.000000
2020-08-31,BBVA,microempresas,4566.000000
2020-08-31,BBVA,pequenas_empresas,26133.000000
2020-08-31,BCP,consumo,933280.000000
2020-08-31,BCP,corporativo,589.000000
2020-08-31,BCP,grandes_empresas,2261.000000
2020-08-31,BCP,hipotecario,70157.000000
2020-08-31,BCP,medianas_empresas,25774.000000
2020-08-31,BCP,microempresas,35204.000000
2020-08-31,BCP,pequenas_empresas,63219.000000
2020-08-31,BIF,consumo,100450.000000
2020-08-31,BIF,corporativo,109.000000
2020-08-31,BIF,grandes_empresas,637.000000
2020-08-31,BIF,hipotecario,13693.000000
2020-08-31,BIF,medianas_empresas,1905.000000
2020-08-31,BIF,microempresas,1650.000000
2020-08-31,BIF,pequenas_empresas,848.000000
2020-08-31,CITIBANK,corporativo,33.000000
2020-08-31,CITIBANK,grandes_empresas,78.000000
2020-08-31,CITIBANK,medianas_empresas,11.000000
2020-08-31,CITIBANK,microempresas,9.000000
2020-08-31,CITIBANK,pequenas_empresas,10.000000
2020-08-31,FALABELLA,consumo,948692.000000
2020-08-31,FALABELLA,grandes_empresas,1.000000
2020-08-31,FALABELLA,hipotecario,51.000000
2020-08-31,FALABELLA,medianas_empresas,1.000000
2020-08-31,GNB,consumo,45910.000000
2020-08-31,GNB,corporativo,32.000000
2020-08-31,GNB,grandes_empresas,129.000000
2020-08-31,GNB,hipotecario,6777.000000
2020-08-31,GNB,medianas_empresas,240.000000
2020-08-31,GNB,microempresas,4.000000
2020-08-31,GNB,pequenas_empresas,250.000000
2020-08-31,ICBC,corporativo,29.000000
2020-08-31,ICBC,grandes_empresas,4.000000
2020-08-31,ICBC,medianas_empresas,2.000000
2020-08-31,INTERBANK,consumo,969546.000000
2020-08-31,INTERBANK,corporativo,194.000000
2020-08-31,INTERBANK,grandes_empresas,837.000000
2020-08-31,INTERBANK,hipotecario,43895.000000
2020-08-31,INTERBANK,medianas_empresas,5055.000000
2020-08-31,INTERBANK,microempresas,3311.000000
2020-08-31,INTERBANK,pequenas_empresas,17610.000000
2020-08-31,MIBANCO,consumo,135176.000000
2020-08-31,MIBANCO,hipotecario,5565.000000
2020-08-31,MIBANCO,medianas_empresas,2712.000000
2020-08-31,MIBANCO,microempresas,518349.000000
2020-08-31,MIBANCO,pequenas_empresas,184149.000000
2020-08-31,PICHINCHA,consumo,351446.000000
2020-08-31,PICHINCHA,corporativo,44.000000
2020-08-31,PICHINCHA,grandes_empresas,472.000000
2020-08-31,PICHINCHA,hipotecario,11375.000000
2020-08-31,PICHINCHA,medianas_empresas,1682.000000
2020-08-31,PICHINCHA,microempresas,24956.000000
2020-08-31,PICHINCHA,pequenas_empresas,11247.000000
2020-08-31,RIPLEY,consumo,389872.000000
2020-08-31,SANTANDER,consumo,34.000000
2020-08-31,SANTANDER,corporativo,108.000000
2020-08-31,SANTANDER,grandes_empresas,277.000000
2020-08-31,SANTANDER,medianas_empresas,110.000000
2020-08-31,SANTANDER,pequenas_empresas,4.000000
2020-08-31,SCOTIABANK,consumo,461774.000000
2020-08-31,SCOTIABANK,corporativo,263.000000
2020-08-31,SCOTIABANK,grandes_empresas,1025.000000
2020-08-31,SCOTIABANK,hipotecario,32838.000000
2020-08-31,SCOTIABANK,medianas_empresas,12030.000000
2020-08-31,SCOTIABANK,microempresas,2880.000000
2020-08-31,SCOTIABANK,pequenas_empresas,26632.000000
2020-09-30,ALFIN,consumo,218601.000000
2020-09-30,BANCOM,consumo,51054.000000
2020-09-30,BANCOM,corporativo,10.000000
2020-09-30,BANCOM,grandes_empresas,47.000000
2020-09-30,BANCOM,hipotecario,1037.000000
2020-09-30,BANCOM,medianas_empresas,140.000000
2020-09-30,BANCOM,microempresas,26.000000
2020-09-30,BANCOM,pequenas_empresas,39.000000
2020-09-30,BBVA,consumo,466503.000000
2020-09-30,BBVA,corporativo,295.000000
2020-09-30,BBVA,grandes_empresas,1977.000000
2020-09-30,BBVA,hipotecario,50202.000000
2020-09-30,BBVA,medianas_empresas,18478.000000
2020-09-30,BBVA,microempresas,4971.000000
2020-09-30,BBVA,pequenas_empresas,27618.000000
2020-09-30,BCP,consumo,954586.000000
2020-09-30,BCP,corporativo,557.000000
2020-09-30,BCP,grandes_empresas,2244.000000
2020-09-30,BCP,hipotecario,70456.000000
2020-09-30,BCP,medianas_empresas,26240.000000
2020-09-30,BCP,microempresas,36181.000000
2020-09-30,BCP,pequenas_empresas,66930.000000
2020-09-30,BIF,consumo,99811.000000
2020-09-30,BIF,corporativo,111.000000
2020-09-30,BIF,grandes_empresas,619.000000
2020-09-30,BIF,hipotecario,13748.000000
2020-09-30,BIF,medianas_empresas,1854.000000
2020-09-30,BIF,microempresas,1621.000000
2020-09-30,BIF,pequenas_empresas,843.000000
2020-09-30,CITIBANK,corporativo,31.000000
2020-09-30,CITIBANK,grandes_empresas,81.000000
2020-09-30,CITIBANK,medianas_empresas,12.000000
2020-09-30,CITIBANK,microempresas,12.000000
2020-09-30,CITIBANK,pequenas_empresas,10.000000
2020-09-30,FALABELLA,consumo,930506.000000
2020-09-30,FALABELLA,grandes_empresas,1.000000
2020-09-30,FALABELLA,hipotecario,51.000000
2020-09-30,FALABELLA,medianas_empresas,1.000000
2020-09-30,GNB,consumo,46176.000000
2020-09-30,GNB,corporativo,30.000000
2020-09-30,GNB,grandes_empresas,123.000000
2020-09-30,GNB,hipotecario,6726.000000
2020-09-30,GNB,medianas_empresas,224.000000
2020-09-30,GNB,microempresas,3.000000
2020-09-30,GNB,pequenas_empresas,243.000000
2020-09-30,ICBC,corporativo,28.000000
2020-09-30,ICBC,grandes_empresas,3.000000
2020-09-30,ICBC,medianas_empresas,2.000000
2020-09-30,INTERBANK,consumo,963717.000000
2020-09-30,INTERBANK,corporativo,198.000000
2020-09-30,INTERBANK,grandes_empresas,836.000000
2020-09-30,INTERBANK,hipotecario,43959.000000
2020-09-30,INTERBANK,medianas_empresas,5483.000000
2020-09-30,INTERBANK,microempresas,4282.000000
2020-09-30,INTERBANK,pequenas_empresas,20811.000000
2020-09-30,MIBANCO,consumo,129590.000000
2020-09-30,MIBANCO,hipotecario,5437.000000
2020-09-30,MIBANCO,medianas_empresas,2712.000000
2020-09-30,MIBANCO,microempresas,527736.000000
2020-09-30,MIBANCO,pequenas_empresas,184561.000000
2020-09-30,PICHINCHA,consumo,357083.000000
2020-09-30,PICHINCHA,corporativo,40.000000
2020-09-30,PICHINCHA,grandes_empresas,457.000000
2020-09-30,PICHINCHA,hipotecario,11425.000000
2020-09-30,PICHINCHA,medianas_empresas,1948.000000
2020-09-30,PICHINCHA,microempresas,21280.000000
2020-09-30,PICHINCHA,pequenas_empresas,15280.000000
2020-09-30,RIPLEY,consumo,394943.000000
2020-09-30,SANTANDER,consumo,37.000000
2020-09-30,SANTANDER,corporativo,106.000000
2020-09-30,SANTANDER,grandes_empresas,274.000000
2020-09-30,SANTANDER,medianas_empresas,109.000000
2020-09-30,SANTANDER,pequenas_empresas,4.000000
2020-09-30,SCOTIABANK,consumo,455823.000000
2020-09-30,SCOTIABANK,corporativo,246.000000
2020-09-30,SCOTIABANK,grandes_empresas,1027.000000
2020-09-30,SCOTIABANK,hipotecario,33049.000000
2020-09-30,SCOTIABANK,medianas_empresas,12168.000000
2020-09-30,SCOTIABANK,microempresas,3384.000000
2020-09-30,SCOTIABANK,pequenas_empresas,27470.000000
2020-10-31,ALFIN,consumo,211658.000000
2020-10-31,BANCOM,consumo,51059.000000
2020-10-31,BANCOM,corporativo,10.000000
2020-10-31,BANCOM,grandes_empresas,46.000000
2020-10-31,BANCOM,hipotecario,1028.000000
2020-10-31,BANCOM,medianas_empresas,146.000000
2020-10-31,BANCOM,microempresas,25.000000
2020-10-31,BANCOM,pequenas_empresas,41.000000
2020-10-31,BBVA,consumo,467988.000000
2020-10-31,BBVA,corporativo,289.000000
2020-10-31,BBVA,grandes_empresas,1973.000000
2020-10-31,BBVA,hipotecario,50123.000000
2020-10-31,BBVA,medianas_empresas,18694.000000
2020-10-31,BBVA,microempresas,5151.000000
2020-10-31,BBVA,pequenas_empresas,28748.000000
2020-10-31,BCP,consumo,988804.000000
2020-10-31,BCP,corporativo,554.000000
2020-10-31,BCP,grandes_empresas,2238.000000
2020-10-31,BCP,hipotecario,70634.000000
2020-10-31,BCP,medianas_empresas,26569.000000
2020-10-31,BCP,microempresas,37491.000000
2020-10-31,BCP,pequenas_empresas,68720.000000
2020-10-31,BIF,consumo,99049.000000
2020-10-31,BIF,corporativo,107.000000
2020-10-31,BIF,grandes_empresas,619.000000
2020-10-31,BIF,hipotecario,13836.000000
2020-10-31,BIF,medianas_empresas,1843.000000
2020-10-31,BIF,microempresas,1526.000000
2020-10-31,BIF,pequenas_empresas,786.000000
2020-10-31,CITIBANK,corporativo,29.000000
2020-10-31,CITIBANK,grandes_empresas,80.000000
2020-10-31,CITIBANK,medianas_empresas,11.000000
2020-10-31,CITIBANK,microempresas,18.000000
2020-10-31,CITIBANK,pequenas_empresas,5.000000
2020-10-31,FALABELLA,consumo,917037.000000
2020-10-31,FALABELLA,grandes_empresas,1.000000
2020-10-31,FALABELLA,hipotecario,48.000000
2020-10-31,FALABELLA,medianas_empresas,1.000000
2020-10-31,GNB,consumo,46073.000000
2020-10-31,GNB,corporativo,30.000000
2020-10-31,GNB,grandes_empresas,113.000000
2020-10-31,GNB,hipotecario,6658.000000
2020-10-31,GNB,medianas_empresas,213.000000
2020-10-31,GNB,microempresas,3.000000
2020-10-31,GNB,pequenas_empresas,239.000000
2020-10-31,ICBC,corporativo,27.000000
2020-10-31,ICBC,grandes_empresas,3.000000
2020-10-31,ICBC,medianas_empresas,2.000000
2020-10-31,INTERBANK,consumo,959316.000000
2020-10-31,INTERBANK,corporativo,197.000000
2020-10-31,INTERBANK,grandes_empresas,819.000000
2020-10-31,INTERBANK,hipotecario,44039.000000
2020-10-31,INTERBANK,medianas_empresas,5586.000000
2020-10-31,INTERBANK,microempresas,4616.000000
2020-10-31,INTERBANK,pequenas_empresas,21509.000000
2020-10-31,MIBANCO,consumo,128322.000000
2020-10-31,MIBANCO,hipotecario,5408.000000
2020-10-31,MIBANCO,medianas_empresas,2734.000000
2020-10-31,MIBANCO,microempresas,544124.000000
2020-10-31,MIBANCO,pequenas_empresas,185610.000000
2020-10-31,PICHINCHA,consumo,358634.000000
2020-10-31,PICHINCHA,corporativo,38.000000
2020-10-31,PICHINCHA,grandes_empresas,458.000000
2020-10-31,PICHINCHA,hipotecario,11495.000000
2020-10-31,PICHINCHA,medianas_empresas,1912.000000
2020-10-31,PICHINCHA,microempresas,22085.000000
2020-10-31,PICHINCHA,pequenas_empresas,15395.000000
2020-10-31,RIPLEY,consumo,396529.000000
2020-10-31,SANTANDER,consumo,38.000000
2020-10-31,SANTANDER,corporativo,105.000000
2020-10-31,SANTANDER,grandes_empresas,271.000000
2020-10-31,SANTANDER,medianas_empresas,105.000000
2020-10-31,SANTANDER,pequenas_empresas,4.000000
2020-10-31,SCOTIABANK,consumo,453601.000000
2020-10-31,SCOTIABANK,corporativo,244.000000
2020-10-31,SCOTIABANK,grandes_empresas,1022.000000
2020-10-31,SCOTIABANK,hipotecario,33274.000000
2020-10-31,SCOTIABANK,medianas_empresas,12211.000000
2020-10-31,SCOTIABANK,microempresas,3716.000000
2020-10-31,SCOTIABANK,pequenas_empresas,28017.000000
2020-11-30,ALFIN,consumo,202594.000000
2020-11-30,BANCOM,consumo,50720.000000
2020-11-30,BANCOM,corporativo,11.000000
2020-11-30,BANCOM,grandes_empresas,41.000000
2020-11-30,BANCOM,hipotecario,1036.000000
2020-11-30,BANCOM,medianas_empresas,156.000000
2020-11-30,BANCOM,microempresas,26.000000
2020-11-30,BANCOM,pequenas_empresas,33.000000
2020-11-30,BBVA,consumo,473376.000000
2020-11-30,BBVA,corporativo,278.000000
2020-11-30,BBVA,grandes_empresas,1972.000000
2020-11-30,BBVA,hipotecario,50111.000000
2020-11-30,BBVA,medianas_empresas,20661.000000
2020-11-30,BBVA,microempresas,4615.000000
2020-11-30,BBVA,pequenas_empresas,27826.000000
2020-11-30,BCP,consumo,976089.000000
2020-11-30,BCP,corporativo,558.000000
2020-11-30,BCP,grandes_empresas,2259.000000
2020-11-30,BCP,hipotecario,70899.000000
2020-11-30,BCP,medianas_empresas,29950.000000
2020-11-30,BCP,microempresas,36369.000000
2020-11-30,BCP,pequenas_empresas,67581.000000
2020-11-30,BIF,consumo,97520.000000
2020-11-30,BIF,corporativo,112.000000
2020-11-30,BIF,grandes_empresas,622.000000
2020-11-30,BIF,hipotecario,13937.000000
2020-11-30,BIF,medianas_empresas,1843.000000
2020-11-30,BIF,microempresas,1129.000000
2020-11-30,BIF,pequenas_empresas,683.000000
2020-11-30,CITIBANK,corporativo,27.000000
2020-11-30,CITIBANK,grandes_empresas,81.000000
2020-11-30,CITIBANK,medianas_empresas,10.000000
2020-11-30,CITIBANK,microempresas,20.000000
2020-11-30,CITIBANK,pequenas_empresas,4.000000
2020-11-30,FALABELLA,consumo,920895.000000
2020-11-30,FALABELLA,grandes_empresas,1.000000
2020-11-30,FALABELLA,hipotecario,45.000000
2020-11-30,GNB,consumo,46129.000000
2020-11-30,GNB,corporativo,27.000000
2020-11-30,GNB,grandes_empresas,109.000000
2020-11-30,GNB,hipotecario,6717.000000
2020-11-30,GNB,medianas_empresas,199.000000
2020-11-30,GNB,microempresas,2.000000
2020-11-30,GNB,pequenas_empresas,235.000000
2020-11-30,ICBC,corporativo,27.000000
2020-11-30,ICBC,grandes_empresas,4.000000
2020-11-30,ICBC,medianas_empresas,2.000000
2020-11-30,INTERBANK,consumo,941199.000000
2020-11-30,INTERBANK,corporativo,194.000000
2020-11-30,INTERBANK,grandes_empresas,808.000000
2020-11-30,INTERBANK,hipotecario,44106.000000
2020-11-30,INTERBANK,medianas_empresas,6111.000000
2020-11-30,INTERBANK,microempresas,4679.000000
2020-11-30,INTERBANK,pequenas_empresas,21120.000000
2020-11-30,MIBANCO,consumo,124518.000000
2020-11-30,MIBANCO,hipotecario,5423.000000
2020-11-30,MIBANCO,medianas_empresas,3059.000000
2020-11-30,MIBANCO,microempresas,545075.000000
2020-11-30,MIBANCO,pequenas_empresas,184840.000000
2020-11-30,PICHINCHA,consumo,362721.000000
2020-11-30,PICHINCHA,corporativo,42.000000
2020-11-30,PICHINCHA,grandes_empresas,467.000000
2020-11-30,PICHINCHA,hipotecario,11560.000000
2020-11-30,PICHINCHA,medianas_empresas,1974.000000
2020-11-30,PICHINCHA,microempresas,22508.000000
2020-11-30,PICHINCHA,pequenas_empresas,15514.000000
2020-11-30,RIPLEY,consumo,399271.000000
2020-11-30,SANTANDER,consumo,36.000000
2020-11-30,SANTANDER,corporativo,104.000000
2020-11-30,SANTANDER,grandes_empresas,274.000000
2020-11-30,SANTANDER,medianas_empresas,108.000000
2020-11-30,SANTANDER,pequenas_empresas,2.000000
2020-11-30,SCOTIABANK,consumo,449202.000000
2020-11-30,SCOTIABANK,corporativo,241.000000
2020-11-30,SCOTIABANK,grandes_empresas,1027.000000
2020-11-30,SCOTIABANK,hipotecario,33457.000000
2020-11-30,SCOTIABANK,medianas_empresas,13068.000000
2020-11-30,SCOTIABANK,microempresas,3752.000000
2020-11-30,SCOTIABANK,pequenas_empresas,27288.000000
2020-12-31,ALFIN,consumo,194346.000000
2020-12-31,BANCOM,consumo,50106.000000
2020-12-31,BANCOM,corporativo,8.000000
2020-12-31,BANCOM,grandes_empresas,43.000000
2020-12-31,BANCOM,hipotecario,1038.000000
2020-12-31,BANCOM,medianas_empresas,168.000000
2020-12-31,BANCOM,microempresas,23.000000
2020-12-31,BANCOM,pequenas_empresas,28.000000
2020-12-31,BBVA,consumo,470421.000000
2020-12-31,BBVA,corporativo,296.000000
2020-12-31,BBVA,grandes_empresas,1948.000000
2020-12-31,BBVA,hipotecario,49974.000000
2020-12-31,BBVA,medianas_empresas,22129.000000
2020-12-31,BBVA,microempresas,4395.000000
2020-12-31,BBVA,pequenas_empresas,26756.000000
2020-12-31,BCP,consumo,949554.000000
2020-12-31,BCP,corporativo,558.000000
2020-12-31,BCP,grandes_empresas,2253.000000
2020-12-31,BCP,hipotecario,71208.000000
2020-12-31,BCP,medianas_empresas,30776.000000
2020-12-31,BCP,microempresas,40939.000000
2020-12-31,BCP,pequenas_empresas,67668.000000
2020-12-31,BIF,consumo,95835.000000
2020-12-31,BIF,corporativo,114.000000
2020-12-31,BIF,grandes_empresas,628.000000
2020-12-31,BIF,hipotecario,14022.000000
2020-12-31,BIF,medianas_empresas,1809.000000
2020-12-31,BIF,microempresas,896.000000
2020-12-31,BIF,pequenas_empresas,392.000000
2020-12-31,CITIBANK,corporativo,29.000000
2020-12-31,CITIBANK,grandes_empresas,79.000000
2020-12-31,CITIBANK,medianas_empresas,12.000000
2020-12-31,CITIBANK,microempresas,19.000000
2020-12-31,CITIBANK,pequenas_empresas,2.000000
2020-12-31,FALABELLA,consumo,935141.000000
2020-12-31,FALABELLA,grandes_empresas,1.000000
2020-12-31,FALABELLA,hipotecario,27.000000
2020-12-31,FALABELLA,medianas_empresas,1.000000
2020-12-31,GNB,consumo,45862.000000
2020-12-31,GNB,corporativo,26.000000
2020-12-31,GNB,grandes_empresas,102.000000
2020-12-31,GNB,hipotecario,6692.000000
2020-12-31,GNB,medianas_empresas,185.000000
2020-12-31,GNB,microempresas,3.000000
2020-12-31,GNB,pequenas_empresas,233.000000
2020-12-31,ICBC,corporativo,26.000000
2020-12-31,ICBC,grandes_empresas,4.000000
2020-12-31,ICBC,medianas_empresas,2.000000
2020-12-31,INTERBANK,consumo,917572.000000
2020-12-31,INTERBANK,corporativo,165.000000
2020-12-31,INTERBANK,grandes_empresas,821.000000
2020-12-31,INTERBANK,hipotecario,44245.000000
2020-12-31,INTERBANK,medianas_empresas,6460.000000
2020-12-31,INTERBANK,microempresas,4719.000000
2020-12-31,INTERBANK,pequenas_empresas,20747.000000
2020-12-31,MIBANCO,consumo,121111.000000
2020-12-31,MIBANCO,hipotecario,5431.000000
2020-12-31,MIBANCO,medianas_empresas,3210.000000
2020-12-31,MIBANCO,microempresas,542559.000000
2020-12-31,MIBANCO,pequenas_empresas,187677.000000
2020-12-31,PICHINCHA,consumo,371953.000000
2020-12-31,PICHINCHA,corporativo,38.000000
2020-12-31,PICHINCHA,grandes_empresas,460.000000
2020-12-31,PICHINCHA,hipotecario,11616.000000
2020-12-31,PICHINCHA,medianas_empresas,1930.000000
2020-12-31,PICHINCHA,microempresas,22288.000000
2020-12-31,PICHINCHA,pequenas_empresas,15415.000000
2020-12-31,RIPLEY,consumo,414507.000000
2020-12-31,SANTANDER,consumo,37.000000
2020-12-31,SANTANDER,corporativo,104.000000
2020-12-31,SANTANDER,grandes_empresas,262.000000
2020-12-31,SANTANDER,medianas_empresas,108.000000
2020-12-31,SANTANDER,pequenas_empresas,2.000000
2020-12-31,SCOTIABANK,consumo,441983.000000
2020-12-31,SCOTIABANK,corporativo,234.000000
2020-12-31,SCOTIABANK,grandes_empresas,1007.000000
2020-12-31,SCOTIABANK,hipotecario,33586.000000
2020-12-31,SCOTIABANK,medianas_empresas,13501.000000
2020-12-31,SCOTIABANK,microempresas,3572.000000
2020-12-31,SCOTIABANK,pequenas_empresas,26457.000000
2021-01-31,ALFIN,consumo,181410.000000
2021-01-31,BANCOM,consumo,49506.000000
2021-01-31,BANCOM,corporativo,8.000000
2021-01-31,BANCOM,grandes_empresas,41.000000
2021-01-31,BANCOM,hipotecario,1031.000000
2021-01-31,BANCOM,medianas_empresas,177.000000
2021-01-31,BANCOM,microempresas,20.000000
2021-01-31,BANCOM,pequenas_empresas,26.000000
2021-01-31,BBVA,consumo,467412.000000
2021-01-31,BBVA,corporativo,381.000000
2021-01-31,BBVA,grandes_empresas,1946.000000
2021-01-31,BBVA,hipotecario,49935.000000
2021-01-31,BBVA,medianas_empresas,23127.000000
2021-01-31,BBVA,microempresas,4040.000000
2021-01-31,BBVA,pequenas_empresas,25951.000000
2021-01-31,BCP,consumo,925698.000000
2021-01-31,BCP,corporativo,561.000000
2021-01-31,BCP,grandes_empresas,2242.000000
2021-01-31,BCP,hipotecario,71335.000000
2021-01-31,BCP,medianas_empresas,31952.000000
2021-01-31,BCP,microempresas,38968.000000
2021-01-31,BCP,pequenas_empresas,66195.000000
2021-01-31,BIF,consumo,90981.000000
2021-01-31,BIF,corporativo,107.000000
2021-01-31,BIF,grandes_empresas,621.000000
2021-01-31,BIF,hipotecario,14123.000000
2021-01-31,BIF,medianas_empresas,1819.000000
2021-01-31,BIF,microempresas,889.000000
2021-01-31,BIF,pequenas_empresas,377.000000
2021-01-31,CITIBANK,corporativo,28.000000
2021-01-31,CITIBANK,grandes_empresas,80.000000
2021-01-31,CITIBANK,medianas_empresas,12.000000
2021-01-31,CITIBANK,microempresas,20.000000
2021-01-31,CITIBANK,pequenas_empresas,2.000000
2021-01-31,FALABELLA,consumo,905274.000000
2021-01-31,FALABELLA,grandes_empresas,1.000000
2021-01-31,FALABELLA,hipotecario,17.000000
2021-01-31,FALABELLA,medianas_empresas,1.000000
2021-01-31,GNB,consumo,45661.000000
2021-01-31,GNB,corporativo,25.000000
2021-01-31,GNB,grandes_empresas,89.000000
2021-01-31,GNB,hipotecario,6630.000000
2021-01-31,GNB,medianas_empresas,180.000000
2021-01-31,GNB,microempresas,2.000000
2021-01-31,GNB,pequenas_empresas,233.000000
2021-01-31,ICBC,corporativo,29.000000
2021-01-31,ICBC,grandes_empresas,5.000000
2021-01-31,ICBC,medianas_empresas,2.000000
2021-01-31,INTERBANK,consumo,892243.000000
2021-01-31,INTERBANK,corporativo,166.000000
2021-01-31,INTERBANK,grandes_empresas,818.000000
2021-01-31,INTERBANK,hipotecario,44341.000000
2021-01-31,INTERBANK,medianas_empresas,6702.000000
2021-01-31,INTERBANK,microempresas,4581.000000
2021-01-31,INTERBANK,pequenas_empresas,20724.000000
2021-01-31,MIBANCO,consumo,120062.000000
2021-01-31,MIBANCO,hipotecario,5431.000000
2021-01-31,MIBANCO,medianas_empresas,3277.000000
2021-01-31,MIBANCO,microempresas,531414.000000
2021-01-31,MIBANCO,pequenas_empresas,201744.000000
2021-01-31,PICHINCHA,consumo,370483.000000
2021-01-31,PICHINCHA,corporativo,40.000000
2021-01-31,PICHINCHA,grandes_empresas,445.000000
2021-01-31,PICHINCHA,hipotecario,11639.000000
2021-01-31,PICHINCHA,medianas_empresas,1946.000000
2021-01-31,PICHINCHA,microempresas,21258.000000
2021-01-31,PICHINCHA,pequenas_empresas,15750.000000
2021-01-31,RIPLEY,consumo,369128.000000
2021-01-31,SANTANDER,consumo,37.000000
2021-01-31,SANTANDER,corporativo,107.000000
2021-01-31,SANTANDER,grandes_empresas,251.000000
2021-01-31,SANTANDER,medianas_empresas,104.000000
2021-01-31,SANTANDER,pequenas_empresas,2.000000
2021-01-31,SCOTIABANK,consumo,436471.000000
2021-01-31,SCOTIABANK,corporativo,243.000000
2021-01-31,SCOTIABANK,grandes_empresas,1009.000000
2021-01-31,SCOTIABANK,hipotecario,33734.000000
2021-01-31,SCOTIABANK,medianas_empresas,13938.000000
2021-01-31,SCOTIABANK,microempresas,3384.000000
2021-01-31,SCOTIABANK,pequenas_empresas,25818.000000
2021-02-28,ALFIN,consumo,176917.000000
2021-02-28,BANCOM,consumo,49046.000000
2021-02-28,BANCOM,corporativo,7.000000
2021-02-28,BANCOM,grandes_empresas,40.000000
2021-02-28,BANCOM,hipotecario,1035.000000
2021-02-28,BANCOM,medianas_empresas,184.000000
2021-02-28,BANCOM,microempresas,14.000000
2021-02-28,BANCOM,pequenas_empresas,26.000000
2021-02-28,BBVA,consumo,461748.000000
2021-02-28,BBVA,corporativo,381.000000
2021-02-28,BBVA,grandes_empresas,1946.000000
2021-02-28,BBVA,hipotecario,50021.000000
2021-02-28,BBVA,medianas_empresas,23083.000000
2021-02-28,BBVA,microempresas,3987.000000
2021-02-28,BBVA,pequenas_empresas,26065.000000
2021-02-28,BCP,consumo,908434.000000
2021-02-28,BCP,corporativo,563.000000
2021-02-28,BCP,grandes_empresas,2231.000000
2021-02-28,BCP,hipotecario,71525.000000
2021-02-28,BCP,medianas_empresas,32412.000000
2021-02-28,BCP,microempresas,40894.000000
2021-02-28,BCP,pequenas_empresas,65996.000000
2021-02-28,BIF,consumo,87945.000000
2021-02-28,BIF,corporativo,103.000000
2021-02-28,BIF,grandes_empresas,624.000000
2021-02-28,BIF,hipotecario,14223.000000
2021-02-28,BIF,medianas_empresas,1851.000000
2021-02-28,BIF,microempresas,901.000000
2021-02-28,BIF,pequenas_empresas,354.000000
2021-02-28,CITIBANK,corporativo,30.000000
2021-02-28,CITIBANK,grandes_empresas,76.000000
2021-02-28,CITIBANK,medianas_empresas,15.000000
2021-02-28,CITIBANK,microempresas,18.000000
2021-02-28,CITIBANK,pequenas_empresas,2.000000
2021-02-28,FALABELLA,consumo,869204.000000
2021-02-28,FALABELLA,grandes_empresas,1.000000
2021-02-28,FALABELLA,hipotecario,14.000000
2021-02-28,GNB,consumo,45261.000000
2021-02-28,GNB,corporativo,22.000000
2021-02-28,GNB,grandes_empresas,99.000000
2021-02-28,GNB,hipotecario,6586.000000
2021-02-28,GNB,medianas_empresas,175.000000
2021-02-28,GNB,microempresas,2.000000
2021-02-28,GNB,pequenas_empresas,226.000000
2021-02-28,ICBC,corporativo,29.000000
2021-02-28,ICBC,grandes_empresas,5.000000
2021-02-28,ICBC,medianas_empresas,2.000000
2021-02-28,INTERBANK,consumo,878906.000000
2021-02-28,INTERBANK,corporativo,162.000000
2021-02-28,INTERBANK,grandes_empresas,813.000000
2021-02-28,INTERBANK,hipotecario,44505.000000
2021-02-28,INTERBANK,medianas_empresas,6513.000000
2021-02-28,INTERBANK,microempresas,4828.000000
2021-02-28,INTERBANK,pequenas_empresas,20680.000000
2021-02-28,MIBANCO,consumo,116934.000000
2021-02-28,MIBANCO,hipotecario,5441.000000
2021-02-28,MIBANCO,medianas_empresas,3361.000000
2021-02-28,MIBANCO,microempresas,518468.000000
2021-02-28,MIBANCO,pequenas_empresas,212392.000000
2021-02-28,PICHINCHA,consumo,370235.000000
2021-02-28,PICHINCHA,corporativo,41.000000
2021-02-28,PICHINCHA,grandes_empresas,466.000000
2021-02-28,PICHINCHA,hipotecario,11710.000000
2021-02-28,PICHINCHA,medianas_empresas,1971.000000
2021-02-28,PICHINCHA,microempresas,20669.000000
2021-02-28,PICHINCHA,pequenas_empresas,15947.000000
2021-02-28,RIPLEY,consumo,332231.000000
2021-02-28,SANTANDER,consumo,37.000000
2021-02-28,SANTANDER,corporativo,101.000000
2021-02-28,SANTANDER,grandes_empresas,259.000000
2021-02-28,SANTANDER,medianas_empresas,105.000000
2021-02-28,SANTANDER,pequenas_empresas,2.000000
2021-02-28,SCOTIABANK,consumo,428679.000000
2021-02-28,SCOTIABANK,corporativo,239.000000
2021-02-28,SCOTIABANK,grandes_empresas,1013.000000
2021-02-28,SCOTIABANK,hipotecario,34008.000000
2021-02-28,SCOTIABANK,medianas_empresas,14331.000000
2021-02-28,SCOTIABANK,microempresas,3060.000000
2021-02-28,SCOTIABANK,pequenas_empresas,25404.000000
2021-03-31,ALFIN,consumo,175207.000000
2021-03-31,BANCOM,consumo,48115.000000
2021-03-31,BANCOM,corporativo,6.000000
2021-03-31,BANCOM,grandes_empresas,39.000000
2021-03-31,BANCOM,hipotecario,1033.000000
2021-03-31,BANCOM,medianas_empresas,189.000000
2021-03-31,BANCOM,microempresas,10.000000
2021-03-31,BANCOM,pequenas_empresas,25.000000
2021-03-31,BBVA,consumo,463876.000000
2021-03-31,BBVA,corporativo,330.000000
2021-03-31,BBVA,grandes_empresas,1983.000000
2021-03-31,BBVA,hipotecario,50278.000000
2021-03-31,BBVA,medianas_empresas,24223.000000
2021-03-31,BBVA,microempresas,3760.000000
2021-03-31,BBVA,pequenas_empresas,25478.000000
2021-03-31,BCP,consumo,917508.000000
2021-03-31,BCP,corporativo,578.000000
2021-03-31,BCP,grandes_empresas,2230.000000
2021-03-31,BCP,hipotecario,71519.000000
2021-03-31,BCP,medianas_empresas,34993.000000
2021-03-31,BCP,microempresas,39531.000000
2021-03-31,BCP,pequenas_empresas,65593.000000
2021-03-31,BIF,consumo,86469.000000
2021-03-31,BIF,corporativo,105.000000
2021-03-31,BIF,grandes_empresas,624.000000
2021-03-31,BIF,hipotecario,14298.000000
2021-03-31,BIF,medianas_empresas,1832.000000
2021-03-31,BIF,microempresas,829.000000
2021-03-31,BIF,pequenas_empresas,343.000000
2021-03-31,CITIBANK,corporativo,28.000000
2021-03-31,CITIBANK,grandes_empresas,77.000000
2021-03-31,CITIBANK,medianas_empresas,15.000000
2021-03-31,CITIBANK,microempresas,18.000000
2021-03-31,CITIBANK,pequenas_empresas,2.000000
2021-03-31,FALABELLA,consumo,877957.000000
2021-03-31,FALABELLA,hipotecario,13.000000
2021-03-31,GNB,consumo,44416.000000
2021-03-31,GNB,corporativo,19.000000
2021-03-31,GNB,grandes_empresas,98.000000
2021-03-31,GNB,hipotecario,6631.000000
2021-03-31,GNB,medianas_empresas,174.000000
2021-03-31,GNB,microempresas,1.000000
2021-03-31,GNB,pequenas_empresas,220.000000
2021-03-31,ICBC,corporativo,26.000000
2021-03-31,ICBC,grandes_empresas,6.000000
2021-03-31,ICBC,medianas_empresas,1.000000
2021-03-31,INTERBANK,consumo,880471.000000
2021-03-31,INTERBANK,corporativo,169.000000
2021-03-31,INTERBANK,grandes_empresas,811.000000
2021-03-31,INTERBANK,hipotecario,44638.000000
2021-03-31,INTERBANK,medianas_empresas,6924.000000
2021-03-31,INTERBANK,microempresas,4153.000000
2021-03-31,INTERBANK,pequenas_empresas,20723.000000
2021-03-31,MIBANCO,consumo,117616.000000
2021-03-31,MIBANCO,hipotecario,5418.000000
2021-03-31,MIBANCO,medianas_empresas,3442.000000
2021-03-31,MIBANCO,microempresas,523270.000000
2021-03-31,MIBANCO,pequenas_empresas,218004.000000
2021-03-31,PICHINCHA,consumo,363444.000000
2021-03-31,PICHINCHA,corporativo,38.000000
2021-03-31,PICHINCHA,grandes_empresas,451.000000
2021-03-31,PICHINCHA,hipotecario,11795.000000
2021-03-31,PICHINCHA,medianas_empresas,2013.000000
2021-03-31,PICHINCHA,microempresas,19781.000000
2021-03-31,PICHINCHA,pequenas_empresas,16830.000000
2021-03-31,RIPLEY,consumo,326711.000000
2021-03-31,SANTANDER,consumo,34.000000
2021-03-31,SANTANDER,corporativo,103.000000
2021-03-31,SANTANDER,grandes_empresas,253.000000
2021-03-31,SANTANDER,medianas_empresas,102.000000
2021-03-31,SANTANDER,pequenas_empresas,2.000000
2021-03-31,SCOTIABANK,consumo,417432.000000
2021-03-31,SCOTIABANK,corporativo,247.000000
2021-03-31,SCOTIABANK,grandes_empresas,1013.000000
2021-03-31,SCOTIABANK,hipotecario,34170.000000
2021-03-31,SCOTIABANK,medianas_empresas,14707.000000
2021-03-31,SCOTIABANK,microempresas,2733.000000
2021-03-31,SCOTIABANK,pequenas_empresas,25255.000000
2021-04-30,ALFIN,consumo,172867.000000
2021-04-30,ALFIN,corporativo,1.000000
2021-04-30,BANCOM,consumo,47888.000000
2021-04-30,BANCOM,corporativo,4.000000
2021-04-30,BANCOM,grandes_empresas,41.000000
2021-04-30,BANCOM,hipotecario,1037.000000
2021-04-30,BANCOM,medianas_empresas,195.000000
2021-04-30,BANCOM,microempresas,8.000000
2021-04-30,BANCOM,pequenas_empresas,22.000000
2021-04-30,BBVA,consumo,470708.000000
2021-04-30,BBVA,corporativo,322.000000
2021-04-30,BBVA,grandes_empresas,1867.000000
2021-04-30,BBVA,hipotecario,50531.000000
2021-04-30,BBVA,medianas_empresas,24609.000000
2021-04-30,BBVA,microempresas,3559.000000
2021-04-30,BBVA,pequenas_empresas,25400.000000
2021-04-30,BCP,consumo,913707.000000
2021-04-30,BCP,corporativo,577.000000
2021-04-30,BCP,grandes_empresas,2227.000000
2021-04-30,BCP,hipotecario,71427.000000
2021-04-30,BCP,medianas_empresas,35564.000000
2021-04-30,BCP,microempresas,37519.000000
2021-04-30,BCP,pequenas_empresas,65854.000000
2021-04-30,BIF,consumo,84263.000000
2021-04-30,BIF,corporativo,105.000000
2021-04-30,BIF,grandes_empresas,625.000000
2021-04-30,BIF,hipotecario,14405.000000
2021-04-30,BIF,medianas_empresas,1855.000000
2021-04-30,BIF,microempresas,861.000000
2021-04-30,BIF,pequenas_empresas,353.000000
2021-04-30,CITIBANK,corporativo,27.000000
2021-04-30,CITIBANK,grandes_empresas,78.000000
2021-04-30,CITIBANK,medianas_empresas,13.000000
2021-04-30,CITIBANK,microempresas,18.000000
2021-04-30,CITIBANK,pequenas_empresas,2.000000
2021-04-30,FALABELLA,consumo,893131.000000
2021-04-30,FALABELLA,hipotecario,11.000000
2021-04-30,GNB,consumo,43784.000000
2021-04-30,GNB,corporativo,23.000000
2021-04-30,GNB,grandes_empresas,92.000000
2021-04-30,GNB,hipotecario,6583.000000
2021-04-30,GNB,medianas_empresas,171.000000
2021-04-30,GNB,microempresas,1.000000
2021-04-30,GNB,pequenas_empresas,186.000000
2021-04-30,ICBC,corporativo,26.000000
2021-04-30,ICBC,grandes_empresas,5.000000
2021-04-30,ICBC,medianas_empresas,1.000000
2021-04-30,INTERBANK,consumo,881181.000000
2021-04-30,INTERBANK,corporativo,177.000000
2021-04-30,INTERBANK,grandes_empresas,796.000000
2021-04-30,INTERBANK,hipotecario,44836.000000
2021-04-30,INTERBANK,medianas_empresas,7219.000000
2021-04-30,INTERBANK,microempresas,4107.000000
2021-04-30,INTERBANK,pequenas_empresas,20915.000000
2021-04-30,MIBANCO,consumo,117068.000000
2021-04-30,MIBANCO,hipotecario,5365.000000
2021-04-30,MIBANCO,medianas_empresas,3434.000000
2021-04-30,MIBANCO,microempresas,524269.000000
2021-04-30,MIBANCO,pequenas_empresas,219421.000000
2021-04-30,PICHINCHA,consumo,361356.000000
2021-04-30,PICHINCHA,corporativo,37.000000
2021-04-30,PICHINCHA,grandes_empresas,451.000000
2021-04-30,PICHINCHA,hipotecario,11874.000000
2021-04-30,PICHINCHA,medianas_empresas,1956.000000
2021-04-30,PICHINCHA,microempresas,19882.000000
2021-04-30,PICHINCHA,pequenas_empresas,16677.000000
2021-04-30,RIPLEY,consumo,330694.000000
2021-04-30,SANTANDER,consumo,33.000000
2021-04-30,SANTANDER,corporativo,105.000000
2021-04-30,SANTANDER,grandes_empresas,257.000000
2021-04-30,SANTANDER,medianas_empresas,105.000000
2021-04-30,SANTANDER,pequenas_empresas,3.000000
2021-04-30,SCOTIABANK,consumo,410359.000000
2021-04-30,SCOTIABANK,corporativo,248.000000
2021-04-30,SCOTIABANK,grandes_empresas,1012.000000
2021-04-30,SCOTIABANK,hipotecario,34416.000000
2021-04-30,SCOTIABANK,medianas_empresas,14924.000000
2021-04-30,SCOTIABANK,microempresas,2479.000000
2021-04-30,SCOTIABANK,pequenas_empresas,25042.000000
2021-05-31,ALFIN,consumo,161053.000000
2021-05-31,ALFIN,medianas_empresas,1.000000
2021-05-31,BANCOM,consumo,47070.000000
2021-05-31,BANCOM,corporativo,4.000000
2021-05-31,BANCOM,grandes_empresas,40.000000
2021-05-31,BANCOM,hipotecario,1060.000000
2021-05-31,BANCOM,medianas_empresas,193.000000
2021-05-31,BANCOM,microempresas,6.000000
2021-05-31,BANCOM,pequenas_empresas,24.000000
2021-05-31,BBVA,consumo,477228.000000
2021-05-31,BBVA,corporativo,331.000000
2021-05-31,BBVA,grandes_empresas,1875.000000
2021-05-31,BBVA,hipotecario,50630.000000
2021-05-31,BBVA,medianas_empresas,24817.000000
2021-05-31,BBVA,microempresas,3518.000000
2021-05-31,BBVA,pequenas_empresas,25559.000000
2021-05-31,BCP,consumo,925679.000000
2021-05-31,BCP,corporativo,567.000000
2021-05-31,BCP,grandes_empresas,2234.000000
2021-05-31,BCP,hipotecario,70998.000000
2021-05-31,BCP,medianas_empresas,35834.000000
2021-05-31,BCP,microempresas,38161.000000
2021-05-31,BCP,pequenas_empresas,66011.000000
2021-05-31,BIF,consumo,82699.000000
2021-05-31,BIF,corporativo,103.000000
2021-05-31,BIF,grandes_empresas,625.000000
2021-05-31,BIF,hipotecario,14423.000000
2021-05-31,BIF,medianas_empresas,1798.000000
2021-05-31,BIF,microempresas,799.000000
2021-05-31,BIF,pequenas_empresas,349.000000
2021-05-31,CITIBANK,corporativo,28.000000
2021-05-31,CITIBANK,grandes_empresas,80.000000
2021-05-31,CITIBANK,medianas_empresas,11.000000
2021-05-31,CITIBANK,microempresas,18.000000
2021-05-31,CITIBANK,pequenas_empresas,2.000000
2021-05-31,FALABELLA,consumo,915222.000000
2021-05-31,FALABELLA,grandes_empresas,1.000000
2021-05-31,FALABELLA,hipotecario,11.000000
2021-05-31,FALABELLA,medianas_empresas,1.000000
2021-05-31,GNB,consumo,43482.000000
2021-05-31,GNB,corporativo,26.000000
2021-05-31,GNB,grandes_empresas,89.000000
2021-05-31,GNB,hipotecario,6541.000000
2021-05-31,GNB,medianas_empresas,164.000000
2021-05-31,GNB,microempresas,2.000000
2021-05-31,GNB,pequenas_empresas,177.000000
2021-05-31,ICBC,corporativo,34.000000
2021-05-31,ICBC,grandes_empresas,4.000000
2021-05-31,ICBC,medianas_empresas,1.000000
2021-05-31,INTERBANK,consumo,884270.000000
2021-05-31,INTERBANK,corporativo,184.000000
2021-05-31,INTERBANK,grandes_empresas,785.000000
2021-05-31,INTERBANK,hipotecario,44979.000000
2021-05-31,INTERBANK,medianas_empresas,7313.000000
2021-05-31,INTERBANK,microempresas,4042.000000
2021-05-31,INTERBANK,pequenas_empresas,20876.000000
2021-05-31,MIBANCO,consumo,117458.000000
2021-05-31,MIBANCO,hipotecario,5364.000000
2021-05-31,MIBANCO,medianas_empresas,3422.000000
2021-05-31,MIBANCO,microempresas,528107.000000
2021-05-31,MIBANCO,pequenas_empresas,220033.000000
2021-05-31,PICHINCHA,consumo,358569.000000
2021-05-31,PICHINCHA,corporativo,38.000000
2021-05-31,PICHINCHA,grandes_empresas,464.000000
2021-05-31,PICHINCHA,hipotecario,11893.000000
2021-05-31,PICHINCHA,medianas_empresas,1918.000000
2021-05-31,PICHINCHA,microempresas,19681.000000
2021-05-31,PICHINCHA,pequenas_empresas,16329.000000
2021-05-31,RIPLEY,consumo,337138.000000
2021-05-31,SANTANDER,consumo,34.000000
2021-05-31,SANTANDER,corporativo,104.000000
2021-05-31,SANTANDER,grandes_empresas,249.000000
2021-05-31,SANTANDER,medianas_empresas,103.000000
2021-05-31,SANTANDER,pequenas_empresas,4.000000
2021-05-31,SCOTIABANK,consumo,407514.000000
2021-05-31,SCOTIABANK,corporativo,259.000000
2021-05-31,SCOTIABANK,grandes_empresas,1005.000000
2021-05-31,SCOTIABANK,hipotecario,34592.000000
2021-05-31,SCOTIABANK,medianas_empresas,15017.000000
2021-05-31,SCOTIABANK,microempresas,2367.000000
2021-05-31,SCOTIABANK,pequenas_empresas,24612.000000
2021-06-30,ALFIN,consumo,153606.000000
2021-06-30,ALFIN,medianas_empresas,1.000000
2021-06-30,BANCOM,consumo,45949.000000
2021-06-30,BANCOM,corporativo,5.000000
2021-06-30,BANCOM,grandes_empresas,40.000000
2021-06-30,BANCOM,hipotecario,1036.000000
2021-06-30,BANCOM,medianas_empresas,196.000000
2021-06-30,BANCOM,microempresas,6.000000
2021-06-30,BANCOM,pequenas_empresas,23.000000
2021-06-30,BBVA,consumo,477170.000000
2021-06-30,BBVA,corporativo,327.000000
2021-06-30,BBVA,grandes_empresas,1896.000000
2021-06-30,BBVA,hipotecario,50747.000000
2021-06-30,BBVA,medianas_empresas,24845.000000
2021-06-30,BBVA,microempresas,3599.000000
2021-06-30,BBVA,pequenas_empresas,25738.000000
2021-06-30,BCP,consumo,932664.000000
2021-06-30,BCP,corporativo,577.000000
2021-06-30,BCP,grandes_empresas,2223.000000
2021-06-30,BCP,hipotecario,71104.000000
2021-06-30,BCP,medianas_empresas,36082.000000
2021-06-30,BCP,microempresas,41962.000000
2021-06-30,BCP,pequenas_empresas,66870.000000
2021-06-30,BIF,consumo,81548.000000
2021-06-30,BIF,corporativo,108.000000
2021-06-30,BIF,grandes_empresas,621.000000
2021-06-30,BIF,hipotecario,14486.000000
2021-06-30,BIF,medianas_empresas,1786.000000
2021-06-30,BIF,microempresas,750.000000
2021-06-30,BIF,pequenas_empresas,348.000000
2021-06-30,CITIBANK,corporativo,28.000000
2021-06-30,CITIBANK,grandes_empresas,84.000000
2021-06-30,CITIBANK,medianas_empresas,12.000000
2021-06-30,CITIBANK,microempresas,20.000000
2021-06-30,CITIBANK,pequenas_empresas,2.000000
2021-06-30,FALABELLA,consumo,929618.000000
2021-06-30,FALABELLA,hipotecario,11.000000
2021-06-30,FALABELLA,medianas_empresas,1.000000
2021-06-30,GNB,consumo,43083.000000
2021-06-30,GNB,corporativo,27.000000
2021-06-30,GNB,grandes_empresas,91.000000
2021-06-30,GNB,hipotecario,6480.000000
2021-06-30,GNB,medianas_empresas,149.000000
2021-06-30,GNB,pequenas_empresas,129.000000
2021-06-30,ICBC,corporativo,34.000000
2021-06-30,ICBC,grandes_empresas,4.000000
2021-06-30,ICBC,medianas_empresas,1.000000
2021-06-30,INTERBANK,consumo,898029.000000
2021-06-30,INTERBANK,corporativo,185.000000
2021-06-30,INTERBANK,grandes_empresas,762.000000
2021-06-30,INTERBANK,hipotecario,45183.000000
2021-06-30,INTERBANK,medianas_empresas,7302.000000
2021-06-30,INTERBANK,microempresas,4080.000000
2021-06-30,INTERBANK,pequenas_empresas,20855.000000
2021-06-30,MIBANCO,consumo,118230.000000
2021-06-30,MIBANCO,hipotecario,5348.000000
2021-06-30,MIBANCO,medianas_empresas,3402.000000
2021-06-30,MIBANCO,microempresas,532969.000000
2021-06-30,MIBANCO,pequenas_empresas,220946.000000
2021-06-30,PICHINCHA,consumo,359593.000000
2021-06-30,PICHINCHA,corporativo,43.000000
2021-06-30,PICHINCHA,grandes_empresas,467.000000
2021-06-30,PICHINCHA,hipotecario,11963.000000
2021-06-30,PICHINCHA,medianas_empresas,1894.000000
2021-06-30,PICHINCHA,microempresas,19947.000000
2021-06-30,PICHINCHA,pequenas_empresas,15999.000000
2021-06-30,RIPLEY,consumo,342730.000000
2021-06-30,SANTANDER,consumo,36.000000
2021-06-30,SANTANDER,corporativo,99.000000
2021-06-30,SANTANDER,grandes_empresas,253.000000
2021-06-30,SANTANDER,medianas_empresas,101.000000
2021-06-30,SANTANDER,pequenas_empresas,3.000000
2021-06-30,SCOTIABANK,consumo,407095.000000
2021-06-30,SCOTIABANK,corporativo,256.000000
2021-06-30,SCOTIABANK,grandes_empresas,1009.000000
2021-06-30,SCOTIABANK,hipotecario,34629.000000
2021-06-30,SCOTIABANK,medianas_empresas,15126.000000
2021-06-30,SCOTIABANK,microempresas,2371.000000
2021-06-30,SCOTIABANK,pequenas_empresas,24488.000000
2021-07-31,ALFIN,consumo,153021.000000
2021-07-31,ALFIN,medianas_empresas,1.000000
2021-07-31,BANCOM,consumo,45024.000000
2021-07-31,BANCOM,corporativo,6.000000
2021-07-31,BANCOM,grandes_empresas,41.000000
2021-07-31,BANCOM,hipotecario,1042.000000
2021-07-31,BANCOM,medianas_empresas,197.000000
2021-07-31,BANCOM,microempresas,8.000000
2021-07-31,BANCOM,pequenas_empresas,23.000000
2021-07-31,BBVA,consumo,481220.000000
2021-07-31,BBVA,corporativo,328.000000
2021-07-31,BBVA,grandes_empresas,1892.000000
2021-07-31,BBVA,hipotecario,50790.000000
2021-07-31,BBVA,medianas_empresas,24879.000000
2021-07-31,BBVA,microempresas,3579.000000
2021-07-31,BBVA,pequenas_empresas,25764.000000
2021-07-31,BCP,consumo,930762.000000
2021-07-31,BCP,corporativo,574.000000
2021-07-31,BCP,grandes_empresas,2293.000000
2021-07-31,BCP,hipotecario,71312.000000
2021-07-31,BCP,medianas_empresas,36064.000000
2021-07-31,BCP,microempresas,39655.000000
2021-07-31,BCP,pequenas_empresas,66328.000000
2021-07-31,BIF,consumo,80072.000000
2021-07-31,BIF,corporativo,105.000000
2021-07-31,BIF,grandes_empresas,622.000000
2021-07-31,BIF,hipotecario,14575.000000
2021-07-31,BIF,medianas_empresas,1767.000000
2021-07-31,BIF,microempresas,711.000000
2021-07-31,BIF,pequenas_empresas,336.000000
2021-07-31,CITIBANK,corporativo,26.000000
2021-07-31,CITIBANK,grandes_empresas,84.000000
2021-07-31,CITIBANK,medianas_empresas,14.000000
2021-07-31,CITIBANK,microempresas,20.000000
2021-07-31,CITIBANK,pequenas_empresas,2.000000
2021-07-31,FALABELLA,consumo,929295.000000
2021-07-31,FALABELLA,grandes_empresas,1.000000
2021-07-31,FALABELLA,hipotecario,11.000000
2021-07-31,GNB,consumo,42655.000000
2021-07-31,GNB,corporativo,25.000000
2021-07-31,GNB,grandes_empresas,89.000000
2021-07-31,GNB,hipotecario,6423.000000
2021-07-31,GNB,medianas_empresas,145.000000
2021-07-31,GNB,microempresas,6.000000
2021-07-31,GNB,pequenas_empresas,119.000000
2021-07-31,ICBC,corporativo,33.000000
2021-07-31,ICBC,grandes_empresas,5.000000
2021-07-31,ICBC,medianas_empresas,1.000000
2021-07-31,INTERBANK,consumo,889740.000000
2021-07-31,INTERBANK,corporativo,182.000000
2021-07-31,INTERBANK,grandes_empresas,756.000000
2021-07-31,INTERBANK,hipotecario,45034.000000
2021-07-31,INTERBANK,medianas_empresas,7335.000000
2021-07-31,INTERBANK,microempresas,3967.000000
2021-07-31,INTERBANK,pequenas_empresas,20665.000000
2021-07-31,MIBANCO,consumo,116377.000000
2021-07-31,MIBANCO,hipotecario,5344.000000
2021-07-31,MIBANCO,medianas_empresas,3414.000000
2021-07-31,MIBANCO,microempresas,537746.000000
2021-07-31,MIBANCO,pequenas_empresas,219061.000000
2021-07-31,PICHINCHA,consumo,351412.000000
2021-07-31,PICHINCHA,corporativo,41.000000
2021-07-31,PICHINCHA,grandes_empresas,445.000000
2021-07-31,PICHINCHA,hipotecario,12013.000000
2021-07-31,PICHINCHA,medianas_empresas,1840.000000
2021-07-31,PICHINCHA,microempresas,18790.000000
2021-07-31,PICHINCHA,pequenas_empresas,15760.000000
2021-07-31,RIPLEY,consumo,350541.000000
2021-07-31,SANTANDER,consumo,41.000000
2021-07-31,SANTANDER,corporativo,108.000000
2021-07-31,SANTANDER,grandes_empresas,254.000000
2021-07-31,SANTANDER,medianas_empresas,103.000000
2021-07-31,SANTANDER,pequenas_empresas,3.000000
2021-07-31,SCOTIABANK,consumo,403694.000000
2021-07-31,SCOTIABANK,corporativo,247.000000
2021-07-31,SCOTIABANK,grandes_empresas,1007.000000
2021-07-31,SCOTIABANK,hipotecario,34538.000000
2021-07-31,SCOTIABANK,medianas_empresas,15206.000000
2021-07-31,SCOTIABANK,microempresas,2378.000000
2021-07-31,SCOTIABANK,pequenas_empresas,24307.000000
2021-08-31,ALFIN,consumo,150025.000000
2021-08-31,ALFIN,medianas_empresas,1.000000
2021-08-31,BANCOM,consumo,44121.000000
2021-08-31,BANCOM,corporativo,6.000000
2021-08-31,BANCOM,grandes_empresas,46.000000
2021-08-31,BANCOM,hipotecario,1037.000000
2021-08-31,BANCOM,medianas_empresas,202.000000
2021-08-31,BANCOM,microempresas,34.000000
2021-08-31,BANCOM,pequenas_empresas,22.000000
2021-08-31,BBVA,consumo,485443.000000
2021-08-31,BBVA,corporativo,329.000000
2021-08-31,BBVA,grandes_empresas,1896.000000
2021-08-31,BBVA,hipotecario,50764.000000
2021-08-31,BBVA,medianas_empresas,25001.000000
2021-08-31,BBVA,microempresas,3632.000000
2021-08-31,BBVA,pequenas_empresas,26021.000000
2021-08-31,BCP,consumo,935486.000000
2021-08-31,BCP,corporativo,587.000000
2021-08-31,BCP,grandes_empresas,2293.000000
2021-08-31,BCP,hipotecario,71417.000000
2021-08-31,BCP,medianas_empresas,36259.000000
2021-08-31,BCP,microempresas,41211.000000
2021-08-31,BCP,pequenas_empresas,66479.000000
2021-08-31,BIF,consumo,79125.000000
2021-08-31,BIF,corporativo,106.000000
2021-08-31,BIF,grandes_empresas,617.000000
2021-08-31,BIF,hipotecario,14656.000000
2021-08-31,BIF,medianas_empresas,1714.000000
2021-08-31,BIF,microempresas,643.000000
2021-08-31,BIF,pequenas_empresas,328.000000
2021-08-31,CITIBANK,corporativo,33.000000
2021-08-31,CITIBANK,grandes_empresas,86.000000
2021-08-31,CITIBANK,medianas_empresas,14.000000
2021-08-31,CITIBANK,microempresas,20.000000
2021-08-31,CITIBANK,pequenas_empresas,3.000000
2021-08-31,FALABELLA,consumo,929052.000000
2021-08-31,FALABELLA,grandes_empresas,1.000000
2021-08-31,FALABELLA,hipotecario,10.000000
2021-08-31,GNB,consumo,42002.000000
2021-08-31,GNB,corporativo,25.000000
2021-08-31,GNB,grandes_empresas,76.000000
2021-08-31,GNB,hipotecario,6389.000000
2021-08-31,GNB,medianas_empresas,136.000000
2021-08-31,GNB,microempresas,5.000000
2021-08-31,GNB,pequenas_empresas,129.000000
2021-08-31,ICBC,corporativo,32.000000
2021-08-31,ICBC,grandes_empresas,6.000000
2021-08-31,ICBC,medianas_empresas,2.000000
2021-08-31,INTERBANK,consumo,896854.000000
2021-08-31,INTERBANK,corporativo,185.000000
2021-08-31,INTERBANK,grandes_empresas,759.000000
2021-08-31,INTERBANK,hipotecario,44699.000000
2021-08-31,INTERBANK,medianas_empresas,7353.000000
2021-08-31,INTERBANK,microempresas,3878.000000
2021-08-31,INTERBANK,pequenas_empresas,20579.000000
2021-08-31,MIBANCO,consumo,115577.000000
2021-08-31,MIBANCO,hipotecario,5319.000000
2021-08-31,MIBANCO,medianas_empresas,3418.000000
2021-08-31,MIBANCO,microempresas,544588.000000
2021-08-31,MIBANCO,pequenas_empresas,218191.000000
2021-08-31,PICHINCHA,consumo,348184.000000
2021-08-31,PICHINCHA,corporativo,43.000000
2021-08-31,PICHINCHA,grandes_empresas,439.000000
2021-08-31,PICHINCHA,hipotecario,12013.000000
2021-08-31,PICHINCHA,medianas_empresas,1862.000000
2021-08-31,PICHINCHA,microempresas,18459.000000
2021-08-31,PICHINCHA,pequenas_empresas,15553.000000
2021-08-31,RIPLEY,consumo,353819.000000
2021-08-31,SANTANDER,consumo,40.000000
2021-08-31,SANTANDER,corporativo,105.000000
2021-08-31,SANTANDER,grandes_empresas,252.000000
2021-08-31,SANTANDER,medianas_empresas,108.000000
2021-08-31,SANTANDER,pequenas_empresas,3.000000
2021-08-31,SCOTIABANK,consumo,401583.000000
2021-08-31,SCOTIABANK,corporativo,252.000000
2021-08-31,SCOTIABANK,grandes_empresas,996.000000
2021-08-31,SCOTIABANK,hipotecario,34482.000000
2021-08-31,SCOTIABANK,medianas_empresas,15291.000000
2021-08-31,SCOTIABANK,microempresas,2363.000000
2021-08-31,SCOTIABANK,pequenas_empresas,24181.000000
2021-09-30,ALFIN,consumo,152067.000000
2021-09-30,ALFIN,medianas_empresas,1.000000
2021-09-30,BANCOM,consumo,44119.000000
2021-09-30,BANCOM,corporativo,6.000000
2021-09-30,BANCOM,grandes_empresas,47.000000
2021-09-30,BANCOM,hipotecario,1036.000000
2021-09-30,BANCOM,medianas_empresas,202.000000
2021-09-30,BANCOM,microempresas,35.000000
2021-09-30,BANCOM,pequenas_empresas,21.000000
2021-09-30,BANK_OF_CHINA,corporativo,2.000000
2021-09-30,BBVA,consumo,490592.000000
2021-09-30,BBVA,corporativo,323.000000
2021-09-30,BBVA,grandes_empresas,1888.000000
2021-09-30,BBVA,hipotecario,51013.000000
2021-09-30,BBVA,medianas_empresas,25049.000000
2021-09-30,BBVA,microempresas,3771.000000
2021-09-30,BBVA,pequenas_empresas,26262.000000
2021-09-30,BCP,consumo,931064.000000
2021-09-30,BCP,corporativo,572.000000
2021-09-30,BCP,grandes_empresas,2296.000000
2021-09-30,BCP,hipotecario,71784.000000
2021-09-30,BCP,medianas_empresas,36348.000000
2021-09-30,BCP,microempresas,43241.000000
2021-09-30,BCP,pequenas_empresas,67740.000000
2021-09-30,BIF,consumo,78265.000000
2021-09-30,BIF,corporativo,111.000000
2021-09-30,BIF,grandes_empresas,614.000000
2021-09-30,BIF,hipotecario,14736.000000
2021-09-30,BIF,medianas_empresas,1692.000000
2021-09-30,BIF,microempresas,584.000000
2021-09-30,BIF,pequenas_empresas,301.000000
2021-09-30,CITIBANK,corporativo,34.000000
2021-09-30,CITIBANK,grandes_empresas,89.000000
2021-09-30,CITIBANK,medianas_empresas,14.000000
2021-09-30,CITIBANK,microempresas,22.000000
2021-09-30,CITIBANK,pequenas_empresas,3.000000
2021-09-30,FALABELLA,consumo,929106.000000
2021-09-30,FALABELLA,grandes_empresas,1.000000
2021-09-30,FALABELLA,hipotecario,10.000000
2021-09-30,FALABELLA,medianas_empresas,1.000000
2021-09-30,GNB,consumo,41497.000000
2021-09-30,GNB,corporativo,26.000000
2021-09-30,GNB,grandes_empresas,71.000000
2021-09-30,GNB,hipotecario,6309.000000
2021-09-30,GNB,medianas_empresas,122.000000
2021-09-30,GNB,microempresas,7.000000
2021-09-30,GNB,pequenas_empresas,126.000000
2021-09-30,ICBC,corporativo,30.000000
2021-09-30,ICBC,grandes_empresas,6.000000
2021-09-30,ICBC,medianas_empresas,3.000000
2021-09-30,INTERBANK,consumo,907930.000000
2021-09-30,INTERBANK,corporativo,182.000000
2021-09-30,INTERBANK,grandes_empresas,753.000000
2021-09-30,INTERBANK,hipotecario,44568.000000
2021-09-30,INTERBANK,medianas_empresas,7397.000000
2021-09-30,INTERBANK,microempresas,3962.000000
2021-09-30,INTERBANK,pequenas_empresas,20629.000000
2021-09-30,MIBANCO,consumo,115604.000000
2021-09-30,MIBANCO,hipotecario,5319.000000
2021-09-30,MIBANCO,medianas_empresas,3415.000000
2021-09-30,MIBANCO,microempresas,550182.000000
2021-09-30,MIBANCO,pequenas_empresas,219558.000000
2021-09-30,PICHINCHA,consumo,342469.000000
2021-09-30,PICHINCHA,corporativo,45.000000
2021-09-30,PICHINCHA,grandes_empresas,436.000000
2021-09-30,PICHINCHA,hipotecario,11983.000000
2021-09-30,PICHINCHA,medianas_empresas,1841.000000
2021-09-30,PICHINCHA,microempresas,18113.000000
2021-09-30,PICHINCHA,pequenas_empresas,15489.000000
2021-09-30,RIPLEY,consumo,359371.000000
2021-09-30,SANTANDER,consumo,43.000000
2021-09-30,SANTANDER,corporativo,105.000000
2021-09-30,SANTANDER,grandes_empresas,262.000000
2021-09-30,SANTANDER,medianas_empresas,104.000000
2021-09-30,SANTANDER,pequenas_empresas,2.000000
2021-09-30,SCOTIABANK,consumo,398739.000000
2021-09-30,SCOTIABANK,corporativo,260.000000
2021-09-30,SCOTIABANK,grandes_empresas,996.000000
2021-09-30,SCOTIABANK,hipotecario,34476.000000
2021-09-30,SCOTIABANK,medianas_empresas,15374.000000
2021-09-30,SCOTIABANK,microempresas,2315.000000
2021-09-30,SCOTIABANK,pequenas_empresas,24033.000000
2021-10-31,ALFIN,consumo,152066.000000
2021-10-31,ALFIN,medianas_empresas,1.000000
2021-10-31,BANCOM,consumo,44313.000000
2021-10-31,BANCOM,corporativo,7.000000
2021-10-31,BANCOM,grandes_empresas,48.000000
2021-10-31,BANCOM,hipotecario,1041.000000
2021-10-31,BANCOM,medianas_empresas,201.000000
2021-10-31,BANCOM,microempresas,34.000000
2021-10-31,BANCOM,pequenas_empresas,22.000000
2021-10-31,BANK_OF_CHINA,corporativo,2.000000
2021-10-31,BBVA,consumo,502700.000000
2021-10-31,BBVA,corporativo,298.000000
2021-10-31,BBVA,grandes_empresas,1885.000000
2021-10-31,BBVA,hipotecario,50893.000000
2021-10-31,BBVA,medianas_empresas,25280.000000
2021-10-31,BBVA,microempresas,3938.000000
2021-10-31,BBVA,pequenas_empresas,26619.000000
2021-10-31,BCP,consumo,965073.000000
2021-10-31,BCP,corporativo,562.000000
2021-10-31,BCP,grandes_empresas,2292.000000
2021-10-31,BCP,hipotecario,71983.000000
2021-10-31,BCP,medianas_empresas,36563.000000
2021-10-31,BCP,microempresas,45974.000000
2021-10-31,BCP,pequenas_empresas,69145.000000
2021-10-31,BIF,consumo,76787.000000
2021-10-31,BIF,corporativo,113.000000
2021-10-31,BIF,grandes_empresas,604.000000
2021-10-31,BIF,hipotecario,14897.000000
2021-10-31,BIF,medianas_empresas,1669.000000
2021-10-31,BIF,microempresas,549.000000
2021-10-31,BIF,pequenas_empresas,296.000000
2021-10-31,CITIBANK,corporativo,34.000000
2021-10-31,CITIBANK,grandes_empresas,93.000000
2021-10-31,CITIBANK,medianas_empresas,15.000000
2021-10-31,CITIBANK,microempresas,21.000000
2021-10-31,CITIBANK,pequenas_empresas,4.000000
2021-10-31,FALABELLA,consumo,950862.000000
2021-10-31,FALABELLA,grandes_empresas,1.000000
2021-10-31,FALABELLA,hipotecario,10.000000
2021-10-31,FALABELLA,medianas_empresas,1.000000
2021-10-31,GNB,consumo,41258.000000
2021-10-31,GNB,corporativo,25.000000
2021-10-31,GNB,grandes_empresas,68.000000
2021-10-31,GNB,hipotecario,6244.000000
2021-10-31,GNB,medianas_empresas,120.000000
2021-10-31,GNB,microempresas,10.000000
2021-10-31,GNB,pequenas_empresas,115.000000
2021-10-31,ICBC,corporativo,29.000000
2021-10-31,ICBC,grandes_empresas,5.000000
2021-10-31,ICBC,medianas_empresas,4.000000
2021-10-31,INTERBANK,consumo,928452.000000
2021-10-31,INTERBANK,corporativo,187.000000
2021-10-31,INTERBANK,grandes_empresas,754.000000
2021-10-31,INTERBANK,hipotecario,44534.000000
2021-10-31,INTERBANK,medianas_empresas,7450.000000
2021-10-31,INTERBANK,microempresas,3784.000000
2021-10-31,INTERBANK,pequenas_empresas,20649.000000
2021-10-31,MIBANCO,consumo,116294.000000
2021-10-31,MIBANCO,hipotecario,5343.000000
2021-10-31,MIBANCO,medianas_empresas,3406.000000
2021-10-31,MIBANCO,microempresas,556068.000000
2021-10-31,MIBANCO,pequenas_empresas,219966.000000
2021-10-31,PICHINCHA,consumo,344429.000000
2021-10-31,PICHINCHA,corporativo,47.000000
2021-10-31,PICHINCHA,grandes_empresas,458.000000
2021-10-31,PICHINCHA,hipotecario,12152.000000
2021-10-31,PICHINCHA,medianas_empresas,1831.000000
2021-10-31,PICHINCHA,microempresas,17728.000000
2021-10-31,PICHINCHA,pequenas_empresas,15523.000000
2021-10-31,RIPLEY,consumo,374992.000000
2021-10-31,SANTANDER,consumo,43.000000
2021-10-31,SANTANDER,corporativo,108.000000
2021-10-31,SANTANDER,grandes_empresas,266.000000
2021-10-31,SANTANDER,medianas_empresas,104.000000
2021-10-31,SANTANDER,pequenas_empresas,2.000000
2021-10-31,SCOTIABANK,consumo,402420.000000
2021-10-31,SCOTIABANK,corporativo,264.000000
2021-10-31,SCOTIABANK,grandes_empresas,1002.000000
2021-10-31,SCOTIABANK,hipotecario,34584.000000
2021-10-31,SCOTIABANK,medianas_empresas,15467.000000
2021-10-31,SCOTIABANK,microempresas,2288.000000
2021-10-31,SCOTIABANK,pequenas_empresas,23988.000000
2021-11-30,ALFIN,consumo,153025.000000
2021-11-30,ALFIN,medianas_empresas,1.000000
2021-11-30,BANCOM,consumo,44241.000000
2021-11-30,BANCOM,corporativo,7.000000
2021-11-30,BANCOM,grandes_empresas,49.000000
2021-11-30,BANCOM,hipotecario,1042.000000
2021-11-30,BANCOM,medianas_empresas,200.000000
2021-11-30,BANCOM,microempresas,35.000000
2021-11-30,BANCOM,pequenas_empresas,21.000000
2021-11-30,BANK_OF_CHINA,corporativo,1.000000
2021-11-30,BBVA,consumo,521259.000000
2021-11-30,BBVA,corporativo,298.000000
2021-11-30,BBVA,grandes_empresas,1887.000000
2021-11-30,BBVA,hipotecario,50812.000000
2021-11-30,BBVA,medianas_empresas,25390.000000
2021-11-30,BBVA,microempresas,4139.000000
2021-11-30,BBVA,pequenas_empresas,26805.000000
2021-11-30,BCP,consumo,989838.000000
2021-11-30,BCP,corporativo,581.000000
2021-11-30,BCP,grandes_empresas,2290.000000
2021-11-30,BCP,hipotecario,72196.000000
2021-11-30,BCP,medianas_empresas,36779.000000
2021-11-30,BCP,microempresas,49832.000000
2021-11-30,BCP,pequenas_empresas,71231.000000
2021-11-30,BIF,consumo,76524.000000
2021-11-30,BIF,corporativo,109.000000
2021-11-30,BIF,grandes_empresas,609.000000
2021-11-30,BIF,hipotecario,15062.000000
2021-11-30,BIF,medianas_empresas,1650.000000
2021-11-30,BIF,microempresas,530.000000
2021-11-30,BIF,pequenas_empresas,307.000000
2021-11-30,CITIBANK,corporativo,32.000000
2021-11-30,CITIBANK,grandes_empresas,82.000000
2021-11-30,CITIBANK,medianas_empresas,15.000000
2021-11-30,CITIBANK,microempresas,22.000000
2021-11-30,CITIBANK,pequenas_empresas,4.000000
2021-11-30,FALABELLA,consumo,965765.000000
2021-11-30,FALABELLA,grandes_empresas,1.000000
2021-11-30,FALABELLA,hipotecario,10.000000
2021-11-30,FALABELLA,medianas_empresas,1.000000
2021-11-30,GNB,consumo,41228.000000
2021-11-30,GNB,corporativo,23.000000
2021-11-30,GNB,grandes_empresas,66.000000
2021-11-30,GNB,hipotecario,6197.000000
2021-11-30,GNB,medianas_empresas,121.000000
2021-11-30,GNB,microempresas,12.000000
2021-11-30,GNB,pequenas_empresas,105.000000
2021-11-30,ICBC,corporativo,31.000000
2021-11-30,ICBC,grandes_empresas,5.000000
2021-11-30,ICBC,medianas_empresas,3.000000
2021-11-30,INTERBANK,consumo,946305.000000
2021-11-30,INTERBANK,corporativo,186.000000
2021-11-30,INTERBANK,grandes_empresas,756.000000
2021-11-30,INTERBANK,hipotecario,44678.000000
2021-11-30,INTERBANK,medianas_empresas,7451.000000
2021-11-30,INTERBANK,microempresas,3575.000000
2021-11-30,INTERBANK,pequenas_empresas,20469.000000
2021-11-30,MIBANCO,consumo,115860.000000
2021-11-30,MIBANCO,hipotecario,5334.000000
2021-11-30,MIBANCO,medianas_empresas,3350.000000
2021-11-30,MIBANCO,microempresas,560360.000000
2021-11-30,MIBANCO,pequenas_empresas,216394.000000
2021-11-30,PICHINCHA,consumo,348289.000000
2021-11-30,PICHINCHA,corporativo,51.000000
2021-11-30,PICHINCHA,grandes_empresas,462.000000
2021-11-30,PICHINCHA,hipotecario,12238.000000
2021-11-30,PICHINCHA,medianas_empresas,1793.000000
2021-11-30,PICHINCHA,microempresas,17266.000000
2021-11-30,PICHINCHA,pequenas_empresas,15808.000000
2021-11-30,RIPLEY,consumo,387822.000000
2021-11-30,SANTANDER,consumo,44.000000
2021-11-30,SANTANDER,corporativo,107.000000
2021-11-30,SANTANDER,grandes_empresas,266.000000
2021-11-30,SANTANDER,medianas_empresas,107.000000
2021-11-30,SANTANDER,pequenas_empresas,1.000000
2021-11-30,SCOTIABANK,consumo,408372.000000
2021-11-30,SCOTIABANK,corporativo,270.000000
2021-11-30,SCOTIABANK,grandes_empresas,1002.000000
2021-11-30,SCOTIABANK,hipotecario,34808.000000
2021-11-30,SCOTIABANK,medianas_empresas,15616.000000
2021-11-30,SCOTIABANK,microempresas,2327.000000
2021-11-30,SCOTIABANK,pequenas_empresas,24153.000000
2021-12-31,ALFIN,consumo,141218.000000
2021-12-31,ALFIN,medianas_empresas,1.000000
2021-12-31,BANCOM,consumo,43662.000000
2021-12-31,BANCOM,corporativo,7.000000
2021-12-31,BANCOM,grandes_empresas,48.000000
2021-12-31,BANCOM,hipotecario,1045.000000
2021-12-31,BANCOM,medianas_empresas,204.000000
2021-12-31,BANCOM,microempresas,36.000000
2021-12-31,BANCOM,pequenas_empresas,24.000000
2021-12-31,BANK_OF_CHINA,corporativo,1.000000
2021-12-31,BBVA,consumo,531114.000000
2021-12-31,BBVA,corporativo,294.000000
2021-12-31,BBVA,grandes_empresas,1893.000000
2021-12-31,BBVA,hipotecario,50794.000000
2021-12-31,BBVA,medianas_empresas,25397.000000
2021-12-31,BBVA,microempresas,4107.000000
2021-12-31,BBVA,pequenas_empresas,26840.000000
2021-12-31,BCP,consumo,1006231.000000
2021-12-31,BCP,corporativo,580.000000
2021-12-31,BCP,grandes_empresas,2293.000000
2021-12-31,BCP,hipotecario,72525.000000
2021-12-31,BCP,medianas_empresas,36787.000000
2021-12-31,BCP,microempresas,50085.000000
2021-12-31,BCP,pequenas_empresas,72825.000000
2021-12-31,BIF,consumo,74821.000000
2021-12-31,BIF,corporativo,113.000000
2021-12-31,BIF,grandes_empresas,616.000000
2021-12-31,BIF,hipotecario,15215.000000
2021-12-31,BIF,medianas_empresas,1631.000000
2021-12-31,BIF,microempresas,509.000000
2021-12-31,BIF,pequenas_empresas,288.000000
2021-12-31,CITIBANK,corporativo,31.000000
2021-12-31,CITIBANK,grandes_empresas,93.000000
2021-12-31,CITIBANK,medianas_empresas,16.000000
2021-12-31,CITIBANK,microempresas,16.000000
2021-12-31,CITIBANK,pequenas_empresas,4.000000
2021-12-31,FALABELLA,consumo,985220.000000
2021-12-31,FALABELLA,grandes_empresas,1.000000
2021-12-31,FALABELLA,hipotecario,10.000000
2021-12-31,FALABELLA,medianas_empresas,1.000000
2021-12-31,GNB,consumo,41099.000000
2021-12-31,GNB,corporativo,23.000000
2021-12-31,GNB,grandes_empresas,70.000000
2021-12-31,GNB,hipotecario,6136.000000
2021-12-31,GNB,medianas_empresas,109.000000
2021-12-31,GNB,microempresas,9.000000
2021-12-31,GNB,pequenas_empresas,78.000000
2021-12-31,ICBC,corporativo,29.000000
2021-12-31,ICBC,grandes_empresas,7.000000
2021-12-31,ICBC,medianas_empresas,3.000000
2021-12-31,INTERBANK,consumo,970007.000000
2021-12-31,INTERBANK,corporativo,162.000000
2021-12-31,INTERBANK,grandes_empresas,785.000000
2021-12-31,INTERBANK,hipotecario,44815.000000
2021-12-31,INTERBANK,medianas_empresas,7449.000000
2021-12-31,INTERBANK,microempresas,3423.000000
2021-12-31,INTERBANK,pequenas_empresas,20398.000000
2021-12-31,MIBANCO,consumo,115880.000000
2021-12-31,MIBANCO,hipotecario,5340.000000
2021-12-31,MIBANCO,medianas_empresas,3331.000000
2021-12-31,MIBANCO,microempresas,565549.000000
2021-12-31,MIBANCO,pequenas_empresas,217832.000000
2021-12-31,PICHINCHA,consumo,352364.000000
2021-12-31,PICHINCHA,corporativo,51.000000
2021-12-31,PICHINCHA,grandes_empresas,457.000000
2021-12-31,PICHINCHA,hipotecario,12309.000000
2021-12-31,PICHINCHA,medianas_empresas,1758.000000
2021-12-31,PICHINCHA,microempresas,16611.000000
2021-12-31,PICHINCHA,pequenas_empresas,15728.000000
2021-12-31,RIPLEY,consumo,418477.000000
2021-12-31,SANTANDER,consumo,44.000000
2021-12-31,SANTANDER,corporativo,106.000000
2021-12-31,SANTANDER,grandes_empresas,274.000000
2021-12-31,SANTANDER,medianas_empresas,111.000000
2021-12-31,SANTANDER,pequenas_empresas,1.000000
2021-12-31,SCOTIABANK,consumo,411905.000000
2021-12-31,SCOTIABANK,corporativo,271.000000
2021-12-31,SCOTIABANK,grandes_empresas,1003.000000
2021-12-31,SCOTIABANK,hipotecario,34962.000000
2021-12-31,SCOTIABANK,medianas_empresas,15700.000000
2021-12-31,SCOTIABANK,microempresas,2279.000000
2021-12-31,SCOTIABANK,pequenas_empresas,24149.000000
2022-01-31,ALFIN,consumo,136348.000000
2022-01-31,ALFIN,medianas_empresas,1.000000
2022-01-31,BANCOM,consumo,43588.000000
2022-01-31,BANCOM,corporativo,6.000000
2022-01-31,BANCOM,grandes_empresas,46.000000
2022-01-31,BANCOM,hipotecario,1044.000000
2022-01-31,BANCOM,medianas_empresas,201.000000
2022-01-31,BANCOM,microempresas,34.000000
2022-01-31,BANCOM,pequenas_empresas,24.000000
2022-01-31,BANK_OF_CHINA,corporativo,2.000000
2022-01-31,BBVA,consumo,544361.000000
2022-01-31,BBVA,corporativo,294.000000
2022-01-31,BBVA,grandes_empresas,1897.000000
2022-01-31,BBVA,hipotecario,50845.000000
2022-01-31,BBVA,medianas_empresas,25435.000000
2022-01-31,BBVA,microempresas,4098.000000
2022-01-31,BBVA,pequenas_empresas,27038.000000
2022-01-31,BCP,consumo,1038542.000000
2022-01-31,BCP,corporativo,576.000000
2022-01-31,BCP,grandes_empresas,2280.000000
2022-01-31,BCP,hipotecario,72844.000000
2022-01-31,BCP,medianas_empresas,36876.000000
2022-01-31,BCP,microempresas,51277.000000
2022-01-31,BCP,pequenas_empresas,74067.000000
2022-01-31,BIF,consumo,74347.000000
2022-01-31,BIF,corporativo,112.000000
2022-01-31,BIF,grandes_empresas,604.000000
2022-01-31,BIF,hipotecario,15346.000000
2022-01-31,BIF,medianas_empresas,1645.000000
2022-01-31,BIF,microempresas,501.000000
2022-01-31,BIF,pequenas_empresas,283.000000
2022-01-31,CITIBANK,corporativo,32.000000
2022-01-31,CITIBANK,grandes_empresas,95.000000
2022-01-31,CITIBANK,medianas_empresas,18.000000
2022-01-31,CITIBANK,microempresas,17.000000
2022-01-31,CITIBANK,pequenas_empresas,4.000000
2022-01-31,FALABELLA,consumo,979094.000000
2022-01-31,FALABELLA,grandes_empresas,1.000000
2022-01-31,FALABELLA,hipotecario,10.000000
2022-01-31,FALABELLA,medianas_empresas,1.000000
2022-01-31,GNB,consumo,40978.000000
2022-01-31,GNB,corporativo,25.000000
2022-01-31,GNB,grandes_empresas,65.000000
2022-01-31,GNB,hipotecario,6093.000000
2022-01-31,GNB,medianas_empresas,110.000000
2022-01-31,GNB,microempresas,13.000000
2022-01-31,GNB,pequenas_empresas,70.000000
2022-01-31,ICBC,corporativo,34.000000
2022-01-31,ICBC,grandes_empresas,6.000000
2022-01-31,ICBC,medianas_empresas,3.000000
2022-01-31,INTERBANK,consumo,991921.000000
2022-01-31,INTERBANK,corporativo,162.000000
2022-01-31,INTERBANK,grandes_empresas,778.000000
2022-01-31,INTERBANK,hipotecario,44809.000000
2022-01-31,INTERBANK,medianas_empresas,7504.000000
2022-01-31,INTERBANK,microempresas,3274.000000
2022-01-31,INTERBANK,pequenas_empresas,20659.000000
2022-01-31,MIBANCO,consumo,114579.000000
2022-01-31,MIBANCO,hipotecario,5352.000000
2022-01-31,MIBANCO,medianas_empresas,3323.000000
2022-01-31,MIBANCO,microempresas,565951.000000
2022-01-31,MIBANCO,pequenas_empresas,219902.000000
2022-01-31,PICHINCHA,consumo,352929.000000
2022-01-31,PICHINCHA,corporativo,47.000000
2022-01-31,PICHINCHA,grandes_empresas,450.000000
2022-01-31,PICHINCHA,hipotecario,12325.000000
2022-01-31,PICHINCHA,medianas_empresas,1725.000000
2022-01-31,PICHINCHA,microempresas,15616.000000
2022-01-31,PICHINCHA,pequenas_empresas,15725.000000
2022-01-31,RIPLEY,consumo,413609.000000
2022-01-31,SANTANDER,consumo,44.000000
2022-01-31,SANTANDER,corporativo,106.000000
2022-01-31,SANTANDER,grandes_empresas,273.000000
2022-01-31,SANTANDER,medianas_empresas,109.000000
2022-01-31,SANTANDER,pequenas_empresas,1.000000
2022-01-31,SCOTIABANK,consumo,414201.000000
2022-01-31,SCOTIABANK,corporativo,275.000000
2022-01-31,SCOTIABANK,grandes_empresas,1000.000000
2022-01-31,SCOTIABANK,hipotecario,35102.000000
2022-01-31,SCOTIABANK,medianas_empresas,15752.000000
2022-01-31,SCOTIABANK,microempresas,2271.000000
2022-01-31,SCOTIABANK,pequenas_empresas,24043.000000
2022-02-28,ALFIN,consumo,114048.000000
2022-02-28,ALFIN,medianas_empresas,1.000000
2022-02-28,BANCOM,consumo,43462.000000
2022-02-28,BANCOM,corporativo,5.000000
2022-02-28,BANCOM,grandes_empresas,46.000000
2022-02-28,BANCOM,hipotecario,1038.000000
2022-02-28,BANCOM,medianas_empresas,203.000000
2022-02-28,BANCOM,microempresas,30.000000
2022-02-28,BANCOM,pequenas_empresas,23.000000
2022-02-28,BANK_OF_CHINA,corporativo,3.000000
2022-02-28,BBVA,consumo,564086.000000
2022-02-28,BBVA,corporativo,289.000000
2022-02-28,BBVA,grandes_empresas,1916.000000
2022-02-28,BBVA,hipotecario,50897.000000
2022-02-28,BBVA,medianas_empresas,25584.000000
2022-02-28,BBVA,microempresas,4078.000000
2022-02-28,BBVA,pequenas_empresas,27619.000000
2022-02-28,BCP,consumo,1067927.000000
2022-02-28,BCP,corporativo,598.000000
2022-02-28,BCP,grandes_empresas,2291.000000
2022-02-28,BCP,hipotecario,73202.000000
2022-02-28,BCP,medianas_empresas,37034.000000
2022-02-28,BCP,microempresas,54961.000000
2022-02-28,BCP,pequenas_empresas,76248.000000
2022-02-28,BIF,consumo,74154.000000
2022-02-28,BIF,corporativo,111.000000
2022-02-28,BIF,grandes_empresas,613.000000
2022-02-28,BIF,hipotecario,15513.000000
2022-02-28,BIF,medianas_empresas,1669.000000
2022-02-28,BIF,microempresas,518.000000
2022-02-28,BIF,pequenas_empresas,288.000000
2022-02-28,CITIBANK,corporativo,30.000000
2022-02-28,CITIBANK,grandes_empresas,92.000000
2022-02-28,CITIBANK,medianas_empresas,20.000000
2022-02-28,CITIBANK,microempresas,18.000000
2022-02-28,CITIBANK,pequenas_empresas,4.000000
2022-02-28,FALABELLA,consumo,985426.000000
2022-02-28,FALABELLA,hipotecario,10.000000
2022-02-28,FALABELLA,medianas_empresas,1.000000
2022-02-28,GNB,consumo,41279.000000
2022-02-28,GNB,corporativo,22.000000
2022-02-28,GNB,grandes_empresas,68.000000
2022-02-28,GNB,hipotecario,6063.000000
2022-02-28,GNB,medianas_empresas,108.000000
2022-02-28,GNB,microempresas,12.000000
2022-02-28,GNB,pequenas_empresas,65.000000
2022-02-28,ICBC,corporativo,32.000000
2022-02-28,ICBC,grandes_empresas,7.000000
2022-02-28,ICBC,medianas_empresas,3.000000
2022-02-28,INTERBANK,consumo,1013046.000000
2022-02-28,INTERBANK,corporativo,156.000000
2022-02-28,INTERBANK,grandes_empresas,775.000000
2022-02-28,INTERBANK,hipotecario,44917.000000
2022-02-28,INTERBANK,medianas_empresas,7528.000000
2022-02-28,INTERBANK,microempresas,3189.000000
2022-02-28,INTERBANK,pequenas_empresas,21212.000000
2022-02-28,MIBANCO,consumo,114399.000000
2022-02-28,MIBANCO,hipotecario,5385.000000
2022-02-28,MIBANCO,medianas_empresas,3329.000000
2022-02-28,MIBANCO,microempresas,571958.000000
2022-02-28,MIBANCO,pequenas_empresas,222285.000000
2022-02-28,PICHINCHA,consumo,356232.000000
2022-02-28,PICHINCHA,corporativo,46.000000
2022-02-28,PICHINCHA,grandes_empresas,463.000000
2022-02-28,PICHINCHA,hipotecario,12368.000000
2022-02-28,PICHINCHA,medianas_empresas,1694.000000
2022-02-28,PICHINCHA,microempresas,15142.000000
2022-02-28,PICHINCHA,pequenas_empresas,15906.000000
2022-02-28,RIPLEY,consumo,412162.000000
2022-02-28,SANTANDER,consumo,41.000000
2022-02-28,SANTANDER,corporativo,118.000000
2022-02-28,SANTANDER,grandes_empresas,269.000000
2022-02-28,SANTANDER,medianas_empresas,103.000000
2022-02-28,SCOTIABANK,consumo,420715.000000
2022-02-28,SCOTIABANK,corporativo,279.000000
2022-02-28,SCOTIABANK,grandes_empresas,1012.000000
2022-02-28,SCOTIABANK,hipotecario,35347.000000
2022-02-28,SCOTIABANK,medianas_empresas,15903.000000
2022-02-28,SCOTIABANK,microempresas,2271.000000
2022-02-28,SCOTIABANK,pequenas_empresas,24157.000000
2022-03-31,ALFIN,consumo,104649.000000
2022-03-31,ALFIN,medianas_empresas,1.000000
2022-03-31,BANCOM,consumo,43298.000000
2022-03-31,BANCOM,corporativo,6.000000
2022-03-31,BANCOM,grandes_empresas,46.000000
2022-03-31,BANCOM,hipotecario,1037.000000
2022-03-31,BANCOM,medianas_empresas,207.000000
2022-03-31,BANCOM,microempresas,28.000000
2022-03-31,BANCOM,pequenas_empresas,27.000000
2022-03-31,BANK_OF_CHINA,corporativo,3.000000
2022-03-31,BBVA,consumo,582529.000000
2022-03-31,BBVA,corporativo,296.000000
2022-03-31,BBVA,grandes_empresas,1944.000000
2022-03-31,BBVA,hipotecario,51011.000000
2022-03-31,BBVA,medianas_empresas,25745.000000
2022-03-31,BBVA,microempresas,4106.000000
2022-03-31,BBVA,pequenas_empresas,28175.000000
2022-03-31,BCP,consumo,1107686.000000
2022-03-31,BCP,corporativo,572.000000
2022-03-31,BCP,grandes_empresas,2298.000000
2022-03-31,BCP,hipotecario,73558.000000
2022-03-31,BCP,medianas_empresas,37102.000000
2022-03-31,BCP,microempresas,57668.000000
2022-03-31,BCP,pequenas_empresas,79056.000000
2022-03-31,BIF,consumo,73498.000000
2022-03-31,BIF,corporativo,113.000000
2022-03-31,BIF,grandes_empresas,627.000000
2022-03-31,BIF,hipotecario,15691.000000
2022-03-31,BIF,medianas_empresas,1658.000000
2022-03-31,BIF,microempresas,510.000000
2022-03-31,BIF,pequenas_empresas,296.000000
2022-03-31,CITIBANK,corporativo,32.000000
2022-03-31,CITIBANK,grandes_empresas,98.000000
2022-03-31,CITIBANK,medianas_empresas,19.000000
2022-03-31,CITIBANK,microempresas,16.000000
2022-03-31,CITIBANK,pequenas_empresas,5.000000
2022-03-31,FALABELLA,consumo,1007517.000000
2022-03-31,FALABELLA,grandes_empresas,1.000000
2022-03-31,FALABELLA,hipotecario,9.000000
2022-03-31,FALABELLA,medianas_empresas,1.000000
2022-03-31,GNB,consumo,41583.000000
2022-03-31,GNB,corporativo,25.000000
2022-03-31,GNB,grandes_empresas,63.000000
2022-03-31,GNB,hipotecario,6027.000000
2022-03-31,GNB,medianas_empresas,108.000000
2022-03-31,GNB,microempresas,9.000000
2022-03-31,GNB,pequenas_empresas,61.000000
2022-03-31,ICBC,corporativo,31.000000
2022-03-31,ICBC,grandes_empresas,7.000000
2022-03-31,ICBC,medianas_empresas,3.000000
2022-03-31,INTERBANK,consumo,1030531.000000
2022-03-31,INTERBANK,corporativo,151.000000
2022-03-31,INTERBANK,grandes_empresas,779.000000
2022-03-31,INTERBANK,hipotecario,45030.000000
2022-03-31,INTERBANK,medianas_empresas,7486.000000
2022-03-31,INTERBANK,microempresas,3097.000000
2022-03-31,INTERBANK,pequenas_empresas,21472.000000
2022-03-31,MIBANCO,consumo,114636.000000
2022-03-31,MIBANCO,hipotecario,5405.000000
2022-03-31,MIBANCO,medianas_empresas,3338.000000
2022-03-31,MIBANCO,microempresas,580203.000000
2022-03-31,MIBANCO,pequenas_empresas,225187.000000
2022-03-31,PICHINCHA,consumo,361056.000000
2022-03-31,PICHINCHA,corporativo,50.000000
2022-03-31,PICHINCHA,grandes_empresas,466.000000
2022-03-31,PICHINCHA,hipotecario,12415.000000
2022-03-31,PICHINCHA,medianas_empresas,1698.000000
2022-03-31,PICHINCHA,microempresas,14946.000000
2022-03-31,PICHINCHA,pequenas_empresas,16173.000000
2022-03-31,RIPLEY,consumo,419139.000000
2022-03-31,SANTANDER,consumo,40.000000
2022-03-31,SANTANDER,corporativo,119.000000
2022-03-31,SANTANDER,grandes_empresas,275.000000
2022-03-31,SANTANDER,medianas_empresas,117.000000
2022-03-31,SCOTIABANK,consumo,425990.000000
2022-03-31,SCOTIABANK,corporativo,271.000000
2022-03-31,SCOTIABANK,grandes_empresas,1012.000000
2022-03-31,SCOTIABANK,hipotecario,35529.000000
2022-03-31,SCOTIABANK,medianas_empresas,15927.000000
2022-03-31,SCOTIABANK,microempresas,2283.000000
2022-03-31,SCOTIABANK,pequenas_empresas,24316.000000
2022-04-30,ALFIN,consumo,94117.000000
2022-04-30,ALFIN,medianas_empresas,1.000000
2022-04-30,BANCOM,consumo,43324.000000
2022-04-30,BANCOM,corporativo,5.000000
2022-04-30,BANCOM,grandes_empresas,50.000000
2022-04-30,BANCOM,hipotecario,1038.000000
2022-04-30,BANCOM,medianas_empresas,201.000000
2022-04-30,BANCOM,microempresas,29.000000
2022-04-30,BANCOM,pequenas_empresas,27.000000
2022-04-30,BANK_OF_CHINA,corporativo,3.000000
2022-04-30,BBVA,consumo,599892.000000
2022-04-30,BBVA,corporativo,291.000000
2022-04-30,BBVA,grandes_empresas,1998.000000
2022-04-30,BBVA,hipotecario,51181.000000
2022-04-30,BBVA,medianas_empresas,25924.000000
2022-04-30,BBVA,microempresas,4121.000000
2022-04-30,BBVA,pequenas_empresas,29131.000000
2022-04-30,BCP,consumo,1146281.000000
2022-04-30,BCP,corporativo,597.000000
2022-04-30,BCP,grandes_empresas,2318.000000
2022-04-30,BCP,hipotecario,73766.000000
2022-04-30,BCP,medianas_empresas,37164.000000
2022-04-30,BCP,microempresas,60172.000000
2022-04-30,BCP,pequenas_empresas,80867.000000
2022-04-30,BIF,consumo,73287.000000
2022-04-30,BIF,corporativo,115.000000
2022-04-30,BIF,grandes_empresas,632.000000
2022-04-30,BIF,hipotecario,15826.000000
2022-04-30,BIF,medianas_empresas,1665.000000
2022-04-30,BIF,microempresas,513.000000
2022-04-30,BIF,pequenas_empresas,285.000000
2022-04-30,CITIBANK,corporativo,32.000000
2022-04-30,CITIBANK,grandes_empresas,99.000000
2022-04-30,CITIBANK,medianas_empresas,18.000000
2022-04-30,CITIBANK,microempresas,15.000000
2022-04-30,CITIBANK,pequenas_empresas,5.000000
2022-04-30,FALABELLA,consumo,1026694.000000
2022-04-30,FALABELLA,hipotecario,9.000000
2022-04-30,FALABELLA,medianas_empresas,1.000000
2022-04-30,GNB,consumo,41864.000000
2022-04-30,GNB,corporativo,27.000000
2022-04-30,GNB,grandes_empresas,69.000000
2022-04-30,GNB,hipotecario,5983.000000
2022-04-30,GNB,medianas_empresas,102.000000
2022-04-30,GNB,microempresas,8.000000
2022-04-30,GNB,pequenas_empresas,46.000000
2022-04-30,ICBC,corporativo,32.000000
2022-04-30,ICBC,grandes_empresas,9.000000
2022-04-30,ICBC,medianas_empresas,3.000000
2022-04-30,INTERBANK,consumo,1048642.000000
2022-04-30,INTERBANK,corporativo,150.000000
2022-04-30,INTERBANK,grandes_empresas,787.000000
2022-04-30,INTERBANK,hipotecario,45277.000000
2022-04-30,INTERBANK,medianas_empresas,7376.000000
2022-04-30,INTERBANK,microempresas,3037.000000
2022-04-30,INTERBANK,pequenas_empresas,21800.000000
2022-04-30,MIBANCO,consumo,114620.000000
2022-04-30,MIBANCO,hipotecario,5417.000000
2022-04-30,MIBANCO,medianas_empresas,3337.000000
2022-04-30,MIBANCO,microempresas,586850.000000
2022-04-30,MIBANCO,pequenas_empresas,229580.000000
2022-04-30,PICHINCHA,consumo,364102.000000
2022-04-30,PICHINCHA,corporativo,44.000000
2022-04-30,PICHINCHA,grandes_empresas,489.000000
2022-04-30,PICHINCHA,hipotecario,12443.000000
2022-04-30,PICHINCHA,medianas_empresas,1682.000000
2022-04-30,PICHINCHA,microempresas,14559.000000
2022-04-30,PICHINCHA,pequenas_empresas,16414.000000
2022-04-30,RIPLEY,consumo,427463.000000
2022-04-30,SANTANDER,consumo,40.000000
2022-04-30,SANTANDER,corporativo,116.000000
2022-04-30,SANTANDER,grandes_empresas,276.000000
2022-04-30,SANTANDER,medianas_empresas,118.000000
2022-04-30,SCOTIABANK,consumo,429950.000000
2022-04-30,SCOTIABANK,corporativo,269.000000
2022-04-30,SCOTIABANK,grandes_empresas,1008.000000
2022-04-30,SCOTIABANK,hipotecario,35833.000000
2022-04-30,SCOTIABANK,medianas_empresas,16043.000000
2022-04-30,SCOTIABANK,microempresas,2235.000000
2022-04-30,SCOTIABANK,pequenas_empresas,24276.000000
2022-05-31,ALFIN,consumo,87289.000000
2022-05-31,ALFIN,medianas_empresas,1.000000
2022-05-31,BANCOM,consumo,43328.000000
2022-05-31,BANCOM,corporativo,5.000000
2022-05-31,BANCOM,grandes_empresas,50.000000
2022-05-31,BANCOM,hipotecario,1035.000000
2022-05-31,BANCOM,medianas_empresas,197.000000
2022-05-31,BANCOM,microempresas,27.000000
2022-05-31,BANCOM,pequenas_empresas,26.000000
2022-05-31,BANK_OF_CHINA,corporativo,3.000000
2022-05-31,BBVA,consumo,619946.000000
2022-05-31,BBVA,corporativo,283.000000
2022-05-31,BBVA,grandes_empresas,2013.000000
2022-05-31,BBVA,hipotecario,51186.000000
2022-05-31,BBVA,medianas_empresas,26143.000000
2022-05-31,BBVA,microempresas,4322.000000
2022-05-31,BBVA,pequenas_empresas,29953.000000
2022-05-31,BCP,consumo,1178922.000000
2022-05-31,BCP,corporativo,596.000000
2022-05-31,BCP,grandes_empresas,2315.000000
2022-05-31,BCP,hipotecario,74028.000000
2022-05-31,BCP,medianas_empresas,37102.000000
2022-05-31,BCP,microempresas,64537.000000
2022-05-31,BCP,pequenas_empresas,82902.000000
2022-05-31,BIF,consumo,73710.000000
2022-05-31,BIF,corporativo,120.000000
2022-05-31,BIF,grandes_empresas,645.000000
2022-05-31,BIF,hipotecario,15967.000000
2022-05-31,BIF,medianas_empresas,1656.000000
2022-05-31,BIF,microempresas,499.000000
2022-05-31,BIF,pequenas_empresas,270.000000
2022-05-31,CITIBANK,corporativo,33.000000
2022-05-31,CITIBANK,grandes_empresas,96.000000
2022-05-31,CITIBANK,medianas_empresas,23.000000
2022-05-31,CITIBANK,microempresas,16.000000
2022-05-31,CITIBANK,pequenas_empresas,5.000000
2022-05-31,FALABELLA,consumo,1036248.000000
2022-05-31,FALABELLA,grandes_empresas,1.000000
2022-05-31,FALABELLA,hipotecario,9.000000
2022-05-31,FALABELLA,medianas_empresas,1.000000
2022-05-31,GNB,consumo,42130.000000
2022-05-31,GNB,corporativo,26.000000
2022-05-31,GNB,grandes_empresas,67.000000
2022-05-31,GNB,hipotecario,5954.000000
2022-05-31,GNB,medianas_empresas,100.000000
2022-05-31,GNB,microempresas,9.000000
2022-05-31,GNB,pequenas_empresas,39.000000
2022-05-31,ICBC,corporativo,31.000000
2022-05-31,ICBC,grandes_empresas,9.000000
2022-05-31,ICBC,medianas_empresas,3.000000
2022-05-31,INTERBANK,consumo,1065863.000000
2022-05-31,INTERBANK,corporativo,161.000000
2022-05-31,INTERBANK,grandes_empresas,790.000000
2022-05-31,INTERBANK,hipotecario,45507.000000
2022-05-31,INTERBANK,medianas_empresas,7303.000000
2022-05-31,INTERBANK,microempresas,3006.000000
2022-05-31,INTERBANK,pequenas_empresas,21979.000000
2022-05-31,MIBANCO,consumo,114551.000000
2022-05-31,MIBANCO,hipotecario,5429.000000
2022-05-31,MIBANCO,medianas_empresas,3350.000000
2022-05-31,MIBANCO,microempresas,592903.000000
2022-05-31,MIBANCO,pequenas_empresas,233934.000000
2022-05-31,PICHINCHA,consumo,369165.000000
2022-05-31,PICHINCHA,corporativo,46.000000
2022-05-31,PICHINCHA,grandes_empresas,488.000000
2022-05-31,PICHINCHA,hipotecario,12491.000000
2022-05-31,PICHINCHA,medianas_empresas,1701.000000
2022-05-31,PICHINCHA,microempresas,14402.000000
2022-05-31,PICHINCHA,pequenas_empresas,16779.000000
2022-05-31,RIPLEY,consumo,435205.000000
2022-05-31,SANTANDER,consumo,41.000000
2022-05-31,SANTANDER,corporativo,120.000000
2022-05-31,SANTANDER,grandes_empresas,283.000000
2022-05-31,SANTANDER,medianas_empresas,116.000000
2022-05-31,SCOTIABANK,consumo,434244.000000
2022-05-31,SCOTIABANK,corporativo,269.000000
2022-05-31,SCOTIABANK,grandes_empresas,1004.000000
2022-05-31,SCOTIABANK,hipotecario,36117.000000
2022-05-31,SCOTIABANK,medianas_empresas,16242.000000
2022-05-31,SCOTIABANK,microempresas,2294.000000
2022-05-31,SCOTIABANK,pequenas_empresas,24385.000000
2022-06-30,ALFIN,consumo,85230.000000
2022-06-30,ALFIN,medianas_empresas,1.000000
2022-06-30,BANCOM,consumo,42958.000000
2022-06-30,BANCOM,corporativo,6.000000
2022-06-30,BANCOM,grandes_empresas,49.000000
2022-06-30,BANCOM,hipotecario,1032.000000
2022-06-30,BANCOM,medianas_empresas,201.000000
2022-06-30,BANCOM,microempresas,26.000000
2022-06-30,BANCOM,pequenas_empresas,25.000000
2022-06-30,BANK_OF_CHINA,corporativo,2.000000
2022-06-30,BANK_OF_CHINA,medianas_empresas,1.000000
2022-06-30,BBVA,consumo,643674.000000
2022-06-30,BBVA,corporativo,280.000000
2022-06-30,BBVA,grandes_empresas,1989.000000
2022-06-30,BBVA,hipotecario,51297.000000
2022-06-30,BBVA,medianas_empresas,26268.000000
2022-06-30,BBVA,microempresas,4458.000000
2022-06-30,BBVA,pequenas_empresas,30876.000000
2022-06-30,BCP,consumo,1197201.000000
2022-06-30,BCP,corporativo,621.000000
2022-06-30,BCP,grandes_empresas,2327.000000
2022-06-30,BCP,hipotecario,74484.000000
2022-06-30,BCP,medianas_empresas,37166.000000
2022-06-30,BCP,microempresas,61318.000000
2022-06-30,BCP,pequenas_empresas,84529.000000
2022-06-30,BIF,consumo,73916.000000
2022-06-30,BIF,corporativo,116.000000
2022-06-30,BIF,grandes_empresas,646.000000
2022-06-30,BIF,hipotecario,16068.000000
2022-06-30,BIF,medianas_empresas,1658.000000
2022-06-30,BIF,microempresas,542.000000
2022-06-30,BIF,pequenas_empresas,267.000000
2022-06-30,CITIBANK,corporativo,30.000000
2022-06-30,CITIBANK,grandes_empresas,98.000000
2022-06-30,CITIBANK,medianas_empresas,19.000000
2022-06-30,CITIBANK,microempresas,16.000000
2022-06-30,CITIBANK,pequenas_empresas,5.000000
2022-06-30,FALABELLA,consumo,1048911.000000
2022-06-30,FALABELLA,grandes_empresas,1.000000
2022-06-30,FALABELLA,hipotecario,9.000000
2022-06-30,FALABELLA,medianas_empresas,1.000000
2022-06-30,GNB,consumo,42374.000000
2022-06-30,GNB,corporativo,29.000000
2022-06-30,GNB,grandes_empresas,68.000000
2022-06-30,GNB,hipotecario,5922.000000
2022-06-30,GNB,medianas_empresas,99.000000
2022-06-30,GNB,microempresas,11.000000
2022-06-30,GNB,pequenas_empresas,28.000000
2022-06-30,ICBC,corporativo,31.000000
2022-06-30,ICBC,grandes_empresas,8.000000
2022-06-30,ICBC,medianas_empresas,3.000000
2022-06-30,INTERBANK,consumo,1078120.000000
2022-06-30,INTERBANK,corporativo,169.000000
2022-06-30,INTERBANK,grandes_empresas,796.000000
2022-06-30,INTERBANK,hipotecario,45544.000000
2022-06-30,INTERBANK,medianas_empresas,7177.000000
2022-06-30,INTERBANK,microempresas,2900.000000
2022-06-30,INTERBANK,pequenas_empresas,20958.000000
2022-06-30,MIBANCO,consumo,113516.000000
2022-06-30,MIBANCO,hipotecario,5394.000000
2022-06-30,MIBANCO,medianas_empresas,3352.000000
2022-06-30,MIBANCO,microempresas,594815.000000
2022-06-30,MIBANCO,pequenas_empresas,236997.000000
2022-06-30,PICHINCHA,consumo,372527.000000
2022-06-30,PICHINCHA,corporativo,44.000000
2022-06-30,PICHINCHA,grandes_empresas,504.000000
2022-06-30,PICHINCHA,hipotecario,12556.000000
2022-06-30,PICHINCHA,medianas_empresas,1692.000000
2022-06-30,PICHINCHA,microempresas,14223.000000
2022-06-30,PICHINCHA,pequenas_empresas,17030.000000
2022-06-30,RIPLEY,consumo,436103.000000
2022-06-30,SANTANDER,consumo,41.000000
2022-06-30,SANTANDER,corporativo,121.000000
2022-06-30,SANTANDER,grandes_empresas,289.000000
2022-06-30,SANTANDER,medianas_empresas,107.000000
2022-06-30,SCOTIABANK,consumo,437451.000000
2022-06-30,SCOTIABANK,corporativo,269.000000
2022-06-30,SCOTIABANK,grandes_empresas,998.000000
2022-06-30,SCOTIABANK,hipotecario,36324.000000
2022-06-30,SCOTIABANK,medianas_empresas,16241.000000
2022-06-30,SCOTIABANK,microempresas,2382.000000
2022-06-30,SCOTIABANK,pequenas_empresas,24365.000000
2022-07-31,ALFIN,consumo,82713.000000
2022-07-31,ALFIN,medianas_empresas,1.000000
2022-07-31,BANCOM,consumo,42645.000000
2022-07-31,BANCOM,corporativo,7.000000
2022-07-31,BANCOM,grandes_empresas,50.000000
2022-07-31,BANCOM,hipotecario,1034.000000
2022-07-31,BANCOM,medianas_empresas,198.000000
2022-07-31,BANCOM,microempresas,26.000000
2022-07-31,BANCOM,pequenas_empresas,26.000000
2022-07-31,BANK_OF_CHINA,corporativo,3.000000
2022-07-31,BANK_OF_CHINA,medianas_empresas,1.000000
2022-07-31,BBVA,consumo,655783.000000
2022-07-31,BBVA,corporativo,277.000000
2022-07-31,BBVA,grandes_empresas,1997.000000
2022-07-31,BBVA,hipotecario,51317.000000
2022-07-31,BBVA,medianas_empresas,26317.000000
2022-07-31,BBVA,microempresas,4501.000000
2022-07-31,BBVA,pequenas_empresas,32128.000000
2022-07-31,BCI,grandes_empresas,1.000000
2022-07-31,BCP,consumo,1194462.000000
2022-07-31,BCP,corporativo,595.000000
2022-07-31,BCP,grandes_empresas,2399.000000
2022-07-31,BCP,hipotecario,74732.000000
2022-07-31,BCP,medianas_empresas,36594.000000
2022-07-31,BCP,microempresas,63268.000000
2022-07-31,BCP,pequenas_empresas,85721.000000
2022-07-31,BIF,consumo,73429.000000
2022-07-31,BIF,corporativo,114.000000
2022-07-31,BIF,grandes_empresas,651.000000
2022-07-31,BIF,hipotecario,16169.000000
2022-07-31,BIF,medianas_empresas,1645.000000
2022-07-31,BIF,microempresas,523.000000
2022-07-31,BIF,pequenas_empresas,260.000000
2022-07-31,CITIBANK,corporativo,31.000000
2022-07-31,CITIBANK,grandes_empresas,97.000000
2022-07-31,CITIBANK,medianas_empresas,22.000000
2022-07-31,CITIBANK,microempresas,15.000000
2022-07-31,CITIBANK,pequenas_empresas,8.000000
2022-07-31,FALABELLA,consumo,1055336.000000
2022-07-31,FALABELLA,grandes_empresas,1.000000
2022-07-31,FALABELLA,hipotecario,8.000000
2022-07-31,FALABELLA,medianas_empresas,1.000000
2022-07-31,GNB,consumo,42303.000000
2022-07-31,GNB,corporativo,31.000000
2022-07-31,GNB,grandes_empresas,72.000000
2022-07-31,GNB,hipotecario,5894.000000
2022-07-31,GNB,medianas_empresas,96.000000
2022-07-31,GNB,microempresas,11.000000
2022-07-31,GNB,pequenas_empresas,27.000000
2022-07-31,ICBC,corporativo,33.000000
2022-07-31,ICBC,grandes_empresas,8.000000
2022-07-31,ICBC,medianas_empresas,3.000000
2022-07-31,INTERBANK,consumo,1079290.000000
2022-07-31,INTERBANK,corporativo,175.000000
2022-07-31,INTERBANK,grandes_empresas,797.000000
2022-07-31,INTERBANK,hipotecario,45770.000000
2022-07-31,INTERBANK,medianas_empresas,7058.000000
2022-07-31,INTERBANK,microempresas,3077.000000
2022-07-31,INTERBANK,pequenas_empresas,20647.000000
2022-07-31,MIBANCO,consumo,111625.000000
2022-07-31,MIBANCO,hipotecario,5389.000000
2022-07-31,MIBANCO,medianas_empresas,3329.000000
2022-07-31,MIBANCO,microempresas,593980.000000
2022-07-31,MIBANCO,pequenas_empresas,238403.000000
2022-07-31,PICHINCHA,consumo,374236.000000
2022-07-31,PICHINCHA,corporativo,53.000000
2022-07-31,PICHINCHA,grandes_empresas,506.000000
2022-07-31,PICHINCHA,hipotecario,12614.000000
2022-07-31,PICHINCHA,medianas_empresas,1668.000000
2022-07-31,PICHINCHA,microempresas,13795.000000
2022-07-31,PICHINCHA,pequenas_empresas,16976.000000
2022-07-31,RIPLEY,consumo,437686.000000
2022-07-31,SANTANDER,consumo,39.000000
2022-07-31,SANTANDER,corporativo,121.000000
2022-07-31,SANTANDER,grandes_empresas,298.000000
2022-07-31,SANTANDER,medianas_empresas,99.000000
2022-07-31,SCOTIABANK,consumo,435835.000000
2022-07-31,SCOTIABANK,corporativo,273.000000
2022-07-31,SCOTIABANK,grandes_empresas,1013.000000
2022-07-31,SCOTIABANK,hipotecario,36452.000000
2022-07-31,SCOTIABANK,medianas_empresas,16284.000000
2022-07-31,SCOTIABANK,microempresas,2417.000000
2022-07-31,SCOTIABANK,pequenas_empresas,24330.000000
2022-08-31,ALFIN,consumo,80152.000000
2022-08-31,ALFIN,medianas_empresas,1.000000
2022-08-31,BANCOM,consumo,42736.000000
2022-08-31,BANCOM,corporativo,10.000000
2022-08-31,BANCOM,grandes_empresas,49.000000
2022-08-31,BANCOM,hipotecario,1030.000000
2022-08-31,BANCOM,medianas_empresas,204.000000
2022-08-31,BANCOM,microempresas,26.000000
2022-08-31,BANCOM,pequenas_empresas,29.000000
2022-08-31,BANK_OF_CHINA,corporativo,3.000000
2022-08-31,BANK_OF_CHINA,medianas_empresas,1.000000
2022-08-31,BBVA,consumo,678159.000000
2022-08-31,BBVA,corporativo,257.000000
2022-08-31,BBVA,grandes_empresas,1974.000000
2022-08-31,BBVA,hipotecario,51168.000000
2022-08-31,BBVA,medianas_empresas,26474.000000
2022-08-31,BBVA,microempresas,4702.000000
2022-08-31,BBVA,pequenas_empresas,33311.000000
2022-08-31,BCI,grandes_empresas,3.000000
2022-08-31,BCP,consumo,1209538.000000
2022-08-31,BCP,corporativo,595.000000
2022-08-31,BCP,grandes_empresas,2419.000000
2022-08-31,BCP,hipotecario,75008.000000
2022-08-31,BCP,medianas_empresas,36321.000000
2022-08-31,BCP,microempresas,62868.000000
2022-08-31,BCP,pequenas_empresas,86028.000000
2022-08-31,BIF,consumo,73497.000000
2022-08-31,BIF,corporativo,116.000000
2022-08-31,BIF,grandes_empresas,641.000000
2022-08-31,BIF,hipotecario,16261.000000
2022-08-31,BIF,medianas_empresas,1656.000000
2022-08-31,BIF,microempresas,495.000000
2022-08-31,BIF,pequenas_empresas,257.000000
2022-08-31,CITIBANK,corporativo,30.000000
2022-08-31,CITIBANK,grandes_empresas,97.000000
2022-08-31,CITIBANK,medianas_empresas,16.000000
2022-08-31,CITIBANK,microempresas,12.000000
2022-08-31,CITIBANK,pequenas_empresas,11.000000
2022-08-31,FALABELLA,consumo,1049643.000000
2022-08-31,FALABELLA,hipotecario,8.000000
2022-08-31,FALABELLA,medianas_empresas,1.000000
2022-08-31,GNB,consumo,42263.000000
2022-08-31,GNB,corporativo,34.000000
2022-08-31,GNB,grandes_empresas,69.000000
2022-08-31,GNB,hipotecario,5846.000000
2022-08-31,GNB,medianas_empresas,96.000000
2022-08-31,GNB,microempresas,9.000000
2022-08-31,GNB,pequenas_empresas,22.000000
2022-08-31,ICBC,corporativo,37.000000
2022-08-31,ICBC,grandes_empresas,10.000000
2022-08-31,ICBC,medianas_empresas,3.000000
2022-08-31,INTERBANK,consumo,1090135.000000
2022-08-31,INTERBANK,corporativo,174.000000
2022-08-31,INTERBANK,grandes_empresas,804.000000
2022-08-31,INTERBANK,hipotecario,45798.000000
2022-08-31,INTERBANK,medianas_empresas,7044.000000
2022-08-31,INTERBANK,microempresas,3059.000000
2022-08-31,INTERBANK,pequenas_empresas,20601.000000
2022-08-31,MIBANCO,consumo,109554.000000
2022-08-31,MIBANCO,hipotecario,5307.000000
2022-08-31,MIBANCO,medianas_empresas,3342.000000
2022-08-31,MIBANCO,microempresas,593484.000000
2022-08-31,MIBANCO,pequenas_empresas,240757.000000
2022-08-31,PICHINCHA,consumo,374740.000000
2022-08-31,PICHINCHA,corporativo,56.000000
2022-08-31,PICHINCHA,grandes_empresas,489.000000
2022-08-31,PICHINCHA,hipotecario,12652.000000
2022-08-31,PICHINCHA,medianas_empresas,1630.000000
2022-08-31,PICHINCHA,microempresas,13801.000000
2022-08-31,PICHINCHA,pequenas_empresas,16845.000000
2022-08-31,RIPLEY,consumo,428377.000000
2022-08-31,SANTANDER,consumo,38.000000
2022-08-31,SANTANDER,corporativo,116.000000
2022-08-31,SANTANDER,grandes_empresas,293.000000
2022-08-31,SANTANDER,medianas_empresas,106.000000
2022-08-31,SCOTIABANK,consumo,435955.000000
2022-08-31,SCOTIABANK,corporativo,276.000000
2022-08-31,SCOTIABANK,grandes_empresas,1022.000000
2022-08-31,SCOTIABANK,hipotecario,36562.000000
2022-08-31,SCOTIABANK,medianas_empresas,16423.000000
2022-08-31,SCOTIABANK,microempresas,2471.000000
2022-08-31,SCOTIABANK,pequenas_empresas,24284.000000
2022-09-30,ALFIN,consumo,79285.000000
2022-09-30,ALFIN,medianas_empresas,1.000000
2022-09-30,BANCOM,consumo,42965.000000
2022-09-30,BANCOM,corporativo,10.000000
2022-09-30,BANCOM,grandes_empresas,52.000000
2022-09-30,BANCOM,hipotecario,1037.000000
2022-09-30,BANCOM,medianas_empresas,207.000000
2022-09-30,BANCOM,microempresas,27.000000
2022-09-30,BANCOM,pequenas_empresas,27.000000
2022-09-30,BANK_OF_CHINA,corporativo,3.000000
2022-09-30,BANK_OF_CHINA,medianas_empresas,1.000000
2022-09-30,BBVA,consumo,691072.000000
2022-09-30,BBVA,corporativo,263.000000
2022-09-30,BBVA,grandes_empresas,1961.000000
2022-09-30,BBVA,hipotecario,51136.000000
2022-09-30,BBVA,medianas_empresas,26661.000000
2022-09-30,BBVA,microempresas,4954.000000
2022-09-30,BBVA,pequenas_empresas,34828.000000
2022-09-30,BCI,grandes_empresas,4.000000
2022-09-30,BCP,consumo,1212674.000000
2022-09-30,BCP,corporativo,627.000000
2022-09-30,BCP,grandes_empresas,2423.000000
2022-09-30,BCP,hipotecario,75342.000000
2022-09-30,BCP,medianas_empresas,36141.000000
2022-09-30,BCP,microempresas,61899.000000
2022-09-30,BCP,pequenas_empresas,86522.000000
2022-09-30,BIF,consumo,73498.000000
2022-09-30,BIF,corporativo,115.000000
2022-09-30,BIF,grandes_empresas,632.000000
2022-09-30,BIF,hipotecario,16317.000000
2022-09-30,BIF,medianas_empresas,1659.000000
2022-09-30,BIF,microempresas,490.000000
2022-09-30,BIF,pequenas_empresas,254.000000
2022-09-30,CITIBANK,corporativo,28.000000
2022-09-30,CITIBANK,grandes_empresas,96.000000
2022-09-30,CITIBANK,medianas_empresas,16.000000
2022-09-30,CITIBANK,microempresas,13.000000
2022-09-30,CITIBANK,pequenas_empresas,10.000000
2022-09-30,FALABELLA,consumo,1045306.000000
2022-09-30,FALABELLA,hipotecario,8.000000
2022-09-30,FALABELLA,medianas_empresas,1.000000
2022-09-30,GNB,consumo,42307.000000
2022-09-30,GNB,corporativo,34.000000
2022-09-30,GNB,grandes_empresas,72.000000
2022-09-30,GNB,hipotecario,5813.000000
2022-09-30,GNB,medianas_empresas,99.000000
2022-09-30,GNB,microempresas,9.000000
2022-09-30,GNB,pequenas_empresas,18.000000
2022-09-30,ICBC,corporativo,40.000000
2022-09-30,ICBC,grandes_empresas,13.000000
2022-09-30,ICBC,medianas_empresas,1.000000
2022-09-30,INTERBANK,consumo,1093705.000000
2022-09-30,INTERBANK,corporativo,173.000000
2022-09-30,INTERBANK,grandes_empresas,818.000000
2022-09-30,INTERBANK,hipotecario,45870.000000
2022-09-30,INTERBANK,medianas_empresas,7012.000000
2022-09-30,INTERBANK,microempresas,3052.000000
2022-09-30,INTERBANK,pequenas_empresas,20332.000000
2022-09-30,MIBANCO,consumo,108362.000000
2022-09-30,MIBANCO,hipotecario,5322.000000
2022-09-30,MIBANCO,medianas_empresas,3419.000000
2022-09-30,MIBANCO,microempresas,594028.000000
2022-09-30,MIBANCO,pequenas_empresas,242931.000000
2022-09-30,PICHINCHA,consumo,374721.000000
2022-09-30,PICHINCHA,corporativo,54.000000
2022-09-30,PICHINCHA,grandes_empresas,476.000000
2022-09-30,PICHINCHA,hipotecario,12710.000000
2022-09-30,PICHINCHA,medianas_empresas,1638.000000
2022-09-30,PICHINCHA,microempresas,13477.000000
2022-09-30,PICHINCHA,pequenas_empresas,17322.000000
2022-09-30,RIPLEY,consumo,415197.000000
2022-09-30,SANTANDER,consumo,37.000000
2022-09-30,SANTANDER,corporativo,116.000000
2022-09-30,SANTANDER,grandes_empresas,292.000000
2022-09-30,SANTANDER,medianas_empresas,110.000000
2022-09-30,SANTANDER,pequenas_empresas,1.000000
2022-09-30,SCOTIABANK,consumo,437724.000000
2022-09-30,SCOTIABANK,corporativo,270.000000
2022-09-30,SCOTIABANK,grandes_empresas,1001.000000
2022-09-30,SCOTIABANK,hipotecario,36664.000000
2022-09-30,SCOTIABANK,medianas_empresas,16429.000000
2022-09-30,SCOTIABANK,microempresas,2561.000000
2022-09-30,SCOTIABANK,pequenas_empresas,24212.000000
2022-10-31,ALFIN,consumo,78761.000000
2022-10-31,ALFIN,medianas_empresas,1.000000
2022-10-31,BANCOM,consumo,43207.000000
2022-10-31,BANCOM,corporativo,11.000000
2022-10-31,BANCOM,grandes_empresas,54.000000
2022-10-31,BANCOM,hipotecario,1039.000000
2022-10-31,BANCOM,medianas_empresas,211.000000
2022-10-31,BANCOM,microempresas,27.000000
2022-10-31,BANCOM,pequenas_empresas,30.000000
2022-10-31,BANK_OF_CHINA,corporativo,3.000000
2022-10-31,BANK_OF_CHINA,medianas_empresas,1.000000
2022-10-31,BBVA,consumo,711802.000000
2022-10-31,BBVA,corporativo,256.000000
2022-10-31,BBVA,grandes_empresas,1960.000000
2022-10-31,BBVA,hipotecario,51183.000000
2022-10-31,BBVA,medianas_empresas,26922.000000
2022-10-31,BBVA,microempresas,5032.000000
2022-10-31,BBVA,pequenas_empresas,36316.000000
2022-10-31,BCI,corporativo,2.000000
2022-10-31,BCI,grandes_empresas,5.000000
2022-10-31,BCP,consumo,1233530.000000
2022-10-31,BCP,corporativo,606.000000
2022-10-31,BCP,grandes_empresas,2421.000000
2022-10-31,BCP,hipotecario,75539.000000
2022-10-31,BCP,medianas_empresas,36077.000000
2022-10-31,BCP,microempresas,61213.000000
2022-10-31,BCP,pequenas_empresas,86706.000000
2022-10-31,BIF,consumo,74693.000000
2022-10-31,BIF,corporativo,116.000000
2022-10-31,BIF,grandes_empresas,649.000000
2022-10-31,BIF,hipotecario,16364.000000
2022-10-31,BIF,medianas_empresas,1664.000000
2022-10-31,BIF,microempresas,500.000000
2022-10-31,BIF,pequenas_empresas,261.000000
2022-10-31,CITIBANK,corporativo,28.000000
2022-10-31,CITIBANK,grandes_empresas,100.000000
2022-10-31,CITIBANK,medianas_empresas,14.000000
2022-10-31,CITIBANK,microempresas,12.000000
2022-10-31,CITIBANK,pequenas_empresas,10.000000
2022-10-31,FALABELLA,consumo,1053745.000000
2022-10-31,FALABELLA,hipotecario,8.000000
2022-10-31,FALABELLA,medianas_empresas,1.000000
2022-10-31,GNB,consumo,41991.000000
2022-10-31,GNB,corporativo,33.000000
2022-10-31,GNB,grandes_empresas,76.000000
2022-10-31,GNB,hipotecario,5785.000000
2022-10-31,GNB,medianas_empresas,99.000000
2022-10-31,GNB,microempresas,9.000000
2022-10-31,GNB,pequenas_empresas,17.000000
2022-10-31,ICBC,corporativo,42.000000
2022-10-31,ICBC,grandes_empresas,13.000000
2022-10-31,ICBC,medianas_empresas,1.000000
2022-10-31,INTERBANK,consumo,1111221.000000
2022-10-31,INTERBANK,corporativo,174.000000
2022-10-31,INTERBANK,grandes_empresas,819.000000
2022-10-31,INTERBANK,hipotecario,45993.000000
2022-10-31,INTERBANK,medianas_empresas,6961.000000
2022-10-31,INTERBANK,microempresas,3136.000000
2022-10-31,INTERBANK,pequenas_empresas,20240.000000
2022-10-31,MIBANCO,consumo,107256.000000
2022-10-31,MIBANCO,hipotecario,5331.000000
2022-10-31,MIBANCO,medianas_empresas,3482.000000
2022-10-31,MIBANCO,microempresas,595634.000000
2022-10-31,MIBANCO,pequenas_empresas,244131.000000
2022-10-31,PICHINCHA,consumo,376620.000000
2022-10-31,PICHINCHA,corporativo,54.000000
2022-10-31,PICHINCHA,grandes_empresas,489.000000
2022-10-31,PICHINCHA,hipotecario,12764.000000
2022-10-31,PICHINCHA,medianas_empresas,1603.000000
2022-10-31,PICHINCHA,microempresas,13103.000000
2022-10-31,PICHINCHA,pequenas_empresas,17687.000000
2022-10-31,RIPLEY,consumo,415471.000000
2022-10-31,SANTANDER,consumo,42.000000
2022-10-31,SANTANDER,corporativo,114.000000
2022-10-31,SANTANDER,grandes_empresas,289.000000
2022-10-31,SANTANDER,medianas_empresas,103.000000
2022-10-31,SANTANDER,pequenas_empresas,1.000000
2022-10-31,SCOTIABANK,consumo,439063.000000
2022-10-31,SCOTIABANK,corporativo,266.000000
2022-10-31,SCOTIABANK,grandes_empresas,998.000000
2022-10-31,SCOTIABANK,hipotecario,36792.000000
2022-10-31,SCOTIABANK,medianas_empresas,16501.000000
2022-10-31,SCOTIABANK,microempresas,2543.000000
2022-10-31,SCOTIABANK,pequenas_empresas,23975.000000
2022-11-30,ALFIN,consumo,78491.000000
2022-11-30,ALFIN,medianas_empresas,1.000000
2022-11-30,BANCOM,consumo,43503.000000
2022-11-30,BANCOM,corporativo,10.000000
2022-11-30,BANCOM,grandes_empresas,56.000000
2022-11-30,BANCOM,hipotecario,1043.000000
2022-11-30,BANCOM,medianas_empresas,211.000000
2022-11-30,BANCOM,microempresas,26.000000
2022-11-30,BANCOM,pequenas_empresas,33.000000
2022-11-30,BANK_OF_CHINA,corporativo,3.000000
2022-11-30,BANK_OF_CHINA,medianas_empresas,1.000000
2022-11-30,BBVA,consumo,722607.000000
2022-11-30,BBVA,corporativo,246.000000
2022-11-30,BBVA,grandes_empresas,1964.000000
2022-11-30,BBVA,hipotecario,51184.000000
2022-11-30,BBVA,medianas_empresas,27214.000000
2022-11-30,BBVA,microempresas,5198.000000
2022-11-30,BBVA,pequenas_empresas,37642.000000
2022-11-30,BCI,corporativo,3.000000
2022-11-30,BCI,grandes_empresas,6.000000
2022-11-30,BCP,consumo,1224814.000000
2022-11-30,BCP,corporativo,612.000000
2022-11-30,BCP,grandes_empresas,2440.000000
2022-11-30,BCP,hipotecario,75696.000000
2022-11-30,BCP,medianas_empresas,36128.000000
2022-11-30,BCP,microempresas,60134.000000
2022-11-30,BCP,pequenas_empresas,86656.000000
2022-11-30,BIF,consumo,75441.000000
2022-11-30,BIF,corporativo,114.000000
2022-11-30,BIF,grandes_empresas,658.000000
2022-11-30,BIF,hipotecario,16451.000000
2022-11-30,BIF,medianas_empresas,1673.000000
2022-11-30,BIF,microempresas,513.000000
2022-11-30,BIF,pequenas_empresas,270.000000
2022-11-30,CITIBANK,corporativo,26.000000
2022-11-30,CITIBANK,grandes_empresas,101.000000
2022-11-30,CITIBANK,medianas_empresas,14.000000
2022-11-30,CITIBANK,microempresas,11.000000
2022-11-30,CITIBANK,pequenas_empresas,10.000000
2022-11-30,FALABELLA,consumo,1055039.000000
2022-11-30,FALABELLA,hipotecario,8.000000
2022-11-30,FALABELLA,medianas_empresas,1.000000
2022-11-30,FALABELLA,microempresas,5.000000
2022-11-30,FALABELLA,pequenas_empresas,12.000000
2022-11-30,GNB,consumo,41504.000000
2022-11-30,GNB,corporativo,33.000000
2022-11-30,GNB,grandes_empresas,76.000000
2022-11-30,GNB,hipotecario,5759.000000
2022-11-30,GNB,medianas_empresas,96.000000
2022-11-30,GNB,microempresas,9.000000
2022-11-30,GNB,pequenas_empresas,16.000000
2022-11-30,ICBC,corporativo,40.000000
2022-11-30,ICBC,grandes_empresas,12.000000
2022-11-30,ICBC,medianas_empresas,1.000000
2022-11-30,INTERBANK,consumo,1120913.000000
2022-11-30,INTERBANK,corporativo,177.000000
2022-11-30,INTERBANK,grandes_empresas,823.000000
2022-11-30,INTERBANK,hipotecario,46191.000000
2022-11-30,INTERBANK,medianas_empresas,6921.000000
2022-11-30,INTERBANK,microempresas,3273.000000
2022-11-30,INTERBANK,pequenas_empresas,20503.000000
2022-11-30,MIBANCO,consumo,106135.000000
2022-11-30,MIBANCO,hipotecario,5347.000000
2022-11-30,MIBANCO,medianas_empresas,3579.000000
2022-11-30,MIBANCO,microempresas,597818.000000
2022-11-30,MIBANCO,pequenas_empresas,245839.000000
2022-11-30,PICHINCHA,consumo,381196.000000
2022-11-30,PICHINCHA,corporativo,56.000000
2022-11-30,PICHINCHA,grandes_empresas,488.000000
2022-11-30,PICHINCHA,hipotecario,12837.000000
2022-11-30,PICHINCHA,medianas_empresas,1597.000000
2022-11-30,PICHINCHA,microempresas,12578.000000
2022-11-30,PICHINCHA,pequenas_empresas,17712.000000
2022-11-30,RIPLEY,consumo,417970.000000
2022-11-30,SANTANDER,consumo,41.000000
2022-11-30,SANTANDER,corporativo,112.000000
2022-11-30,SANTANDER,grandes_empresas,292.000000
2022-11-30,SANTANDER,medianas_empresas,100.000000
2022-11-30,SCOTIABANK,consumo,444613.000000
2022-11-30,SCOTIABANK,corporativo,270.000000
2022-11-30,SCOTIABANK,grandes_empresas,994.000000
2022-11-30,SCOTIABANK,hipotecario,36818.000000
2022-11-30,SCOTIABANK,medianas_empresas,16521.000000
2022-11-30,SCOTIABANK,microempresas,2620.000000
2022-11-30,SCOTIABANK,pequenas_empresas,23814.000000
2022-12-31,ALFIN,consumo,78174.000000
2022-12-31,ALFIN,medianas_empresas,1.000000
2022-12-31,BANCOM,consumo,43281.000000
2022-12-31,BANCOM,corporativo,10.000000
2022-12-31,BANCOM,grandes_empresas,56.000000
2022-12-31,BANCOM,hipotecario,1049.000000
2022-12-31,BANCOM,medianas_empresas,216.000000
2022-12-31,BANCOM,microempresas,27.000000
2022-12-31,BANCOM,pequenas_empresas,36.000000
2022-12-31,BANK_OF_CHINA,corporativo,3.000000
2022-12-31,BANK_OF_CHINA,medianas_empresas,1.000000
2022-12-31,BBVA,consumo,727385.000000
2022-12-31,BBVA,corporativo,250.000000
2022-12-31,BBVA,grandes_empresas,1973.000000
2022-12-31,BBVA,hipotecario,51182.000000
2022-12-31,BBVA,medianas_empresas,27264.000000
2022-12-31,BBVA,microempresas,5198.000000
2022-12-31,BBVA,pequenas_empresas,38187.000000
2022-12-31,BCI,corporativo,5.000000
2022-12-31,BCI,grandes_empresas,7.000000
2022-12-31,BCP,consumo,1230608.000000
2022-12-31,BCP,corporativo,626.000000
2022-12-31,BCP,grandes_empresas,2436.000000
2022-12-31,BCP,hipotecario,75904.000000
2022-12-31,BCP,medianas_empresas,35955.000000
2022-12-31,BCP,microempresas,57866.000000
2022-12-31,BCP,pequenas_empresas,86150.000000
2022-12-31,BIF,consumo,75741.000000
2022-12-31,BIF,corporativo,116.000000
2022-12-31,BIF,grandes_empresas,657.000000
2022-12-31,BIF,hipotecario,16495.000000
2022-12-31,BIF,medianas_empresas,1645.000000
2022-12-31,BIF,microempresas,480.000000
2022-12-31,BIF,pequenas_empresas,246.000000
2022-12-31,CITIBANK,corporativo,28.000000
2022-12-31,CITIBANK,grandes_empresas,95.000000
2022-12-31,CITIBANK,medianas_empresas,14.000000
2022-12-31,CITIBANK,microempresas,11.000000
2022-12-31,CITIBANK,pequenas_empresas,10.000000
2022-12-31,FALABELLA,consumo,1072093.000000
2022-12-31,FALABELLA,hipotecario,8.000000
2022-12-31,FALABELLA,medianas_empresas,1.000000
2022-12-31,FALABELLA,microempresas,8.000000
2022-12-31,FALABELLA,pequenas_empresas,18.000000
2022-12-31,GNB,consumo,41021.000000
2022-12-31,GNB,corporativo,34.000000
2022-12-31,GNB,grandes_empresas,76.000000
2022-12-31,GNB,hipotecario,5720.000000
2022-12-31,GNB,medianas_empresas,97.000000
2022-12-31,GNB,microempresas,9.000000
2022-12-31,GNB,pequenas_empresas,16.000000
2022-12-31,ICBC,corporativo,42.000000
2022-12-31,ICBC,grandes_empresas,14.000000
2022-12-31,ICBC,medianas_empresas,1.000000
2022-12-31,INTERBANK,consumo,1123375.000000
2022-12-31,INTERBANK,corporativo,169.000000
2022-12-31,INTERBANK,grandes_empresas,840.000000
2022-12-31,INTERBANK,hipotecario,46293.000000
2022-12-31,INTERBANK,medianas_empresas,6819.000000
2022-12-31,INTERBANK,microempresas,3326.000000
2022-12-31,INTERBANK,pequenas_empresas,20545.000000
2022-12-31,MIBANCO,consumo,104741.000000
2022-12-31,MIBANCO,hipotecario,5306.000000
2022-12-31,MIBANCO,medianas_empresas,3619.000000
2022-12-31,MIBANCO,microempresas,596935.000000
2022-12-31,MIBANCO,pequenas_empresas,245480.000000
2022-12-31,PICHINCHA,consumo,382336.000000
2022-12-31,PICHINCHA,corporativo,47.000000
2022-12-31,PICHINCHA,grandes_empresas,497.000000
2022-12-31,PICHINCHA,hipotecario,12884.000000
2022-12-31,PICHINCHA,medianas_empresas,1560.000000
2022-12-31,PICHINCHA,microempresas,11492.000000
2022-12-31,PICHINCHA,pequenas_empresas,17824.000000
2022-12-31,RIPLEY,consumo,439037.000000
2022-12-31,SANTANDER,consumo,41.000000
2022-12-31,SANTANDER,corporativo,113.000000
2022-12-31,SANTANDER,grandes_empresas,285.000000
2022-12-31,SANTANDER,medianas_empresas,97.000000
2022-12-31,SCOTIABANK,consumo,448202.000000
2022-12-31,SCOTIABANK,corporativo,263.000000
2022-12-31,SCOTIABANK,grandes_empresas,980.000000
2022-12-31,SCOTIABANK,hipotecario,36848.000000
2022-12-31,SCOTIABANK,medianas_empresas,16498.000000
2022-12-31,SCOTIABANK,microempresas,2639.000000
2022-12-31,SCOTIABANK,pequenas_empresas,23610.000000
2023-01-31,ALFIN,consumo,79822.000000
2023-01-31,ALFIN,medianas_empresas,1.000000
2023-01-31,BANCOM,consumo,43154.000000
2023-01-31,BANCOM,corporativo,8.000000
2023-01-31,BANCOM,grandes_empresas,58.000000
2023-01-31,BANCOM,hipotecario,1049.000000
2023-01-31,BANCOM,medianas_empresas,214.000000
2023-01-31,BANCOM,microempresas,28.000000
2023-01-31,BANCOM,pequenas_empresas,40.000000
2023-01-31,BANK_OF_CHINA,corporativo,3.000000
2023-01-31,BANK_OF_CHINA,medianas_empresas,1.000000
2023-01-31,BBVA,consumo,738943.000000
2023-01-31,BBVA,corporativo,253.000000
2023-01-31,BBVA,grandes_empresas,1973.000000
2023-01-31,BBVA,hipotecario,51163.000000
2023-01-31,BBVA,medianas_empresas,27368.000000
2023-01-31,BBVA,microempresas,5378.000000
2023-01-31,BBVA,pequenas_empresas,39373.000000
2023-01-31,BCI,corporativo,7.000000
2023-01-31,BCI,grandes_empresas,9.000000
2023-01-31,BCP,consumo,1252775.000000
2023-01-31,BCP,corporativo,625.000000
2023-01-31,BCP,grandes_empresas,2430.000000
2023-01-31,BCP,hipotecario,76103.000000
2023-01-31,BCP,medianas_empresas,35994.000000
2023-01-31,BCP,microempresas,56720.000000
2023-01-31,BCP,pequenas_empresas,85907.000000
2023-01-31,BIF,consumo,76315.000000
2023-01-31,BIF,corporativo,114.000000
2023-01-31,BIF,grandes_empresas,664.000000
2023-01-31,BIF,hipotecario,16548.000000
2023-01-31,BIF,medianas_empresas,1659.000000
2023-01-31,BIF,microempresas,488.000000
2023-01-31,BIF,pequenas_empresas,258.000000
2023-01-31,CITIBANK,corporativo,26.000000
2023-01-31,CITIBANK,grandes_empresas,92.000000
2023-01-31,CITIBANK,medianas_empresas,20.000000
2023-01-31,CITIBANK,microempresas,11.000000
2023-01-31,CITIBANK,pequenas_empresas,9.000000
2023-01-31,FALABELLA,consumo,1062683.000000
2023-01-31,FALABELLA,hipotecario,7.000000
2023-01-31,FALABELLA,medianas_empresas,1.000000
2023-01-31,FALABELLA,microempresas,9.000000
2023-01-31,FALABELLA,pequenas_empresas,19.000000
2023-01-31,GNB,consumo,40323.000000
2023-01-31,GNB,corporativo,34.000000
2023-01-31,GNB,grandes_empresas,65.000000
2023-01-31,GNB,hipotecario,5682.000000
2023-01-31,GNB,medianas_empresas,95.000000
2023-01-31,GNB,microempresas,10.000000
2023-01-31,GNB,pequenas_empresas,15.000000
2023-01-31,ICBC,corporativo,41.000000
2023-01-31,ICBC,grandes_empresas,15.000000
2023-01-31,INTERBANK,consumo,1136390.000000
2023-01-31,INTERBANK,corporativo,168.000000
2023-01-31,INTERBANK,grandes_empresas,826.000000
2023-01-31,INTERBANK,hipotecario,46332.000000
2023-01-31,INTERBANK,medianas_empresas,6807.000000
2023-01-31,INTERBANK,microempresas,3413.000000
2023-01-31,INTERBANK,pequenas_empresas,20576.000000
2023-01-31,MIBANCO,consumo,103829.000000
2023-01-31,MIBANCO,hipotecario,5331.000000
2023-01-31,MIBANCO,medianas_empresas,3629.000000
2023-01-31,MIBANCO,microempresas,595755.000000
2023-01-31,MIBANCO,pequenas_empresas,244949.000000
2023-01-31,PICHINCHA,consumo,384491.000000
2023-01-31,PICHINCHA,corporativo,44.000000
2023-01-31,PICHINCHA,grandes_empresas,506.000000
2023-01-31,PICHINCHA,hipotecario,12896.000000
2023-01-31,PICHINCHA,medianas_empresas,1558.000000
2023-01-31,PICHINCHA,microempresas,10251.000000
2023-01-31,PICHINCHA,pequenas_empresas,17495.000000
2023-01-31,RIPLEY,consumo,426671.000000
2023-01-31,SANTANDER,consumo,41.000000
2023-01-31,SANTANDER,corporativo,114.000000
2023-01-31,SANTANDER,grandes_empresas,276.000000
2023-01-31,SANTANDER,medianas_empresas,101.000000
2023-01-31,SCOTIABANK,consumo,449743.000000
2023-01-31,SCOTIABANK,corporativo,261.000000
2023-01-31,SCOTIABANK,grandes_empresas,984.000000
2023-01-31,SCOTIABANK,hipotecario,36881.000000
2023-01-31,SCOTIABANK,medianas_empresas,16460.000000
2023-01-31,SCOTIABANK,microempresas,2714.000000
2023-01-31,SCOTIABANK,pequenas_empresas,23363.000000
2023-02-28,ALFIN,consumo,81848.000000
2023-02-28,ALFIN,medianas_empresas,1.000000
2023-02-28,BANCOM,consumo,43690.000000
2023-02-28,BANCOM,corporativo,8.000000
2023-02-28,BANCOM,grandes_empresas,60.000000
2023-02-28,BANCOM,hipotecario,1050.000000
2023-02-28,BANCOM,medianas_empresas,217.000000
2023-02-28,BANCOM,microempresas,27.000000
2023-02-28,BANCOM,pequenas_empresas,41.000000
2023-02-28,BANK_OF_CHINA,corporativo,3.000000
2023-02-28,BANK_OF_CHINA,medianas_empresas,1.000000
2023-02-28,BBVA,consumo,751376.000000
2023-02-28,BBVA,corporativo,258.000000
2023-02-28,BBVA,grandes_empresas,1982.000000
2023-02-28,BBVA,hipotecario,51217.000000
2023-02-28,BBVA,medianas_empresas,27423.000000
2023-02-28,BBVA,microempresas,5872.000000
2023-02-28,BBVA,pequenas_empresas,40845.000000
2023-02-28,BCI,corporativo,7.000000
2023-02-28,BCI,grandes_empresas,10.000000
2023-02-28,BCP,consumo,1276081.000000
2023-02-28,BCP,corporativo,611.000000
2023-02-28,BCP,grandes_empresas,2446.000000
2023-02-28,BCP,hipotecario,76255.000000
2023-02-28,BCP,medianas_empresas,35699.000000
2023-02-28,BCP,microempresas,56976.000000
2023-02-28,BCP,pequenas_empresas,86691.000000
2023-02-28,BIF,consumo,77136.000000
2023-02-28,BIF,corporativo,119.000000
2023-02-28,BIF,grandes_empresas,658.000000
2023-02-28,BIF,hipotecario,16612.000000
2023-02-28,BIF,medianas_empresas,1665.000000
2023-02-28,BIF,microempresas,534.000000
2023-02-28,BIF,pequenas_empresas,276.000000
2023-02-28,CITIBANK,corporativo,29.000000
2023-02-28,CITIBANK,grandes_empresas,92.000000
2023-02-28,CITIBANK,medianas_empresas,23.000000
2023-02-28,CITIBANK,microempresas,12.000000
2023-02-28,CITIBANK,pequenas_empresas,7.000000
2023-02-28,FALABELLA,consumo,1057117.000000
2023-02-28,FALABELLA,hipotecario,7.000000
2023-02-28,FALABELLA,medianas_empresas,1.000000
2023-02-28,FALABELLA,microempresas,13.000000
2023-02-28,FALABELLA,pequenas_empresas,24.000000
2023-02-28,GNB,consumo,39735.000000
2023-02-28,GNB,corporativo,34.000000
2023-02-28,GNB,grandes_empresas,64.000000
2023-02-28,GNB,hipotecario,5646.000000
2023-02-28,GNB,medianas_empresas,91.000000
2023-02-28,GNB,microempresas,6.000000
2023-02-28,GNB,pequenas_empresas,13.000000
2023-02-28,ICBC,corporativo,43.000000
2023-02-28,ICBC,grandes_empresas,16.000000
2023-02-28,INTERBANK,consumo,1142593.000000
2023-02-28,INTERBANK,corporativo,170.000000
2023-02-28,INTERBANK,grandes_empresas,821.000000
2023-02-28,INTERBANK,hipotecario,46354.000000
2023-02-28,INTERBANK,medianas_empresas,6771.000000
2023-02-28,INTERBANK,microempresas,3507.000000
2023-02-28,INTERBANK,pequenas_empresas,20445.000000
2023-02-28,MIBANCO,consumo,103347.000000
2023-02-28,MIBANCO,hipotecario,5336.000000
2023-02-28,MIBANCO,medianas_empresas,3655.000000
2023-02-28,MIBANCO,microempresas,596190.000000
2023-02-28,MIBANCO,pequenas_empresas,244989.000000
2023-02-28,PICHINCHA,consumo,385902.000000
2023-02-28,PICHINCHA,corporativo,49.000000
2023-02-28,PICHINCHA,grandes_empresas,504.000000
2023-02-28,PICHINCHA,hipotecario,12950.000000
2023-02-28,PICHINCHA,medianas_empresas,1535.000000
2023-02-28,PICHINCHA,microempresas,9209.000000
2023-02-28,PICHINCHA,pequenas_empresas,17060.000000
2023-02-28,RIPLEY,consumo,418444.000000
2023-02-28,SANTANDER,consumo,40.000000
2023-02-28,SANTANDER,corporativo,116.000000
2023-02-28,SANTANDER,grandes_empresas,276.000000
2023-02-28,SANTANDER,medianas_empresas,97.000000
2023-02-28,SCOTIABANK,consumo,454324.000000
2023-02-28,SCOTIABANK,corporativo,257.000000
2023-02-28,SCOTIABANK,grandes_empresas,996.000000
2023-02-28,SCOTIABANK,hipotecario,36973.000000
2023-02-28,SCOTIABANK,medianas_empresas,16402.000000
2023-02-28,SCOTIABANK,microempresas,2771.000000
2023-02-28,SCOTIABANK,pequenas_empresas,23266.000000
2023-03-31,ALFIN,consumo,83329.000000
2023-03-31,ALFIN,corporativo,1.000000
2023-03-31,ALFIN,grandes_empresas,1.000000
2023-03-31,ALFIN,medianas_empresas,1.000000
2023-03-31,BANCOM,consumo,43878.000000
2023-03-31,BANCOM,corporativo,9.000000
2023-03-31,BANCOM,grandes_empresas,60.000000
2023-03-31,BANCOM,hipotecario,1101.000000
2023-03-31,BANCOM,medianas_empresas,219.000000
2023-03-31,BANCOM,microempresas,29.000000
2023-03-31,BANCOM,pequenas_empresas,43.000000
2023-03-31,BANK_OF_CHINA,corporativo,5.000000
2023-03-31,BANK_OF_CHINA,medianas_empresas,1.000000
2023-03-31,BBVA,consumo,761862.000000
2023-03-31,BBVA,corporativo,254.000000
2023-03-31,BBVA,grandes_empresas,1985.000000
2023-03-31,BBVA,hipotecario,51347.000000
2023-03-31,BBVA,medianas_empresas,27426.000000
2023-03-31,BBVA,microempresas,5895.000000
2023-03-31,BBVA,pequenas_empresas,42283.000000
2023-03-31,BCI,corporativo,10.000000
2023-03-31,BCI,grandes_empresas,11.000000
2023-03-31,BCP,consumo,1263144.000000
2023-03-31,BCP,corporativo,623.000000
2023-03-31,BCP,grandes_empresas,2450.000000
2023-03-31,BCP,hipotecario,76294.000000
2023-03-31,BCP,medianas_empresas,35394.000000
2023-03-31,BCP,microempresas,56547.000000
2023-03-31,BCP,pequenas_empresas,87265.000000
2023-03-31,BIF,consumo,78373.000000
2023-03-31,BIF,corporativo,117.000000
2023-03-31,BIF,grandes_empresas,664.000000
2023-03-31,BIF,hipotecario,16672.000000
2023-03-31,BIF,medianas_empresas,1665.000000
2023-03-31,BIF,microempresas,541.000000
2023-03-31,BIF,pequenas_empresas,279.000000
2023-03-31,CITIBANK,corporativo,41.000000
2023-03-31,CITIBANK,grandes_empresas,83.000000
2023-03-31,CITIBANK,medianas_empresas,21.000000
2023-03-31,CITIBANK,microempresas,10.000000
2023-03-31,CITIBANK,pequenas_empresas,6.000000
2023-03-31,FALABELLA,consumo,1051297.000000
2023-03-31,FALABELLA,hipotecario,6.000000
2023-03-31,FALABELLA,medianas_empresas,1.000000
2023-03-31,FALABELLA,microempresas,18.000000
2023-03-31,FALABELLA,pequenas_empresas,28.000000
2023-03-31,GNB,consumo,39263.000000
2023-03-31,GNB,corporativo,24.000000
2023-03-31,GNB,grandes_empresas,79.000000
2023-03-31,GNB,hipotecario,5608.000000
2023-03-31,GNB,medianas_empresas,90.000000
2023-03-31,GNB,microempresas,3.000000
2023-03-31,GNB,pequenas_empresas,11.000000
2023-03-31,ICBC,corporativo,42.000000
2023-03-31,ICBC,grandes_empresas,15.000000
2023-03-31,INTERBANK,consumo,1152301.000000
2023-03-31,INTERBANK,corporativo,172.000000
2023-03-31,INTERBANK,grandes_empresas,836.000000
2023-03-31,INTERBANK,hipotecario,46453.000000
2023-03-31,INTERBANK,medianas_empresas,6753.000000
2023-03-31,INTERBANK,microempresas,3649.000000
2023-03-31,INTERBANK,pequenas_empresas,20295.000000
2023-03-31,MIBANCO,consumo,103356.000000
2023-03-31,MIBANCO,hipotecario,5328.000000
2023-03-31,MIBANCO,medianas_empresas,3677.000000
2023-03-31,MIBANCO,microempresas,599581.000000
2023-03-31,MIBANCO,pequenas_empresas,245140.000000
2023-03-31,PICHINCHA,consumo,386826.000000
2023-03-31,PICHINCHA,corporativo,47.000000
2023-03-31,PICHINCHA,grandes_empresas,495.000000
2023-03-31,PICHINCHA,hipotecario,13008.000000
2023-03-31,PICHINCHA,medianas_empresas,1511.000000
2023-03-31,PICHINCHA,microempresas,8082.000000
2023-03-31,PICHINCHA,pequenas_empresas,16520.000000
2023-03-31,RIPLEY,consumo,412178.000000
2023-03-31,SANTANDER,consumo,40.000000
2023-03-31,SANTANDER,corporativo,121.000000
2023-03-31,SANTANDER,grandes_empresas,272.000000
2023-03-31,SANTANDER,medianas_empresas,101.000000
2023-03-31,SCOTIABANK,consumo,457674.000000
2023-03-31,SCOTIABANK,corporativo,258.000000
2023-03-31,SCOTIABANK,grandes_empresas,1002.000000
2023-03-31,SCOTIABANK,hipotecario,37107.000000
2023-03-31,SCOTIABANK,medianas_empresas,16386.000000
2023-03-31,SCOTIABANK,microempresas,2841.000000
2023-03-31,SCOTIABANK,pequenas_empresas,23205.000000
2023-04-30,ALFIN,consumo,83999.000000
2023-04-30,ALFIN,corporativo,1.000000
2023-04-30,ALFIN,grandes_empresas,1.000000
2023-04-30,ALFIN,medianas_empresas,1.000000
2023-04-30,BANCOM,consumo,43936.000000
2023-04-30,BANCOM,corporativo,6.000000
2023-04-30,BANCOM,grandes_empresas,71.000000
2023-04-30,BANCOM,hipotecario,1102.000000
2023-04-30,BANCOM,medianas_empresas,209.000000
2023-04-30,BANCOM,microempresas,30.000000
2023-04-30,BANCOM,pequenas_empresas,44.000000
2023-04-30,BANK_OF_CHINA,corporativo,5.000000
2023-04-30,BANK_OF_CHINA,medianas_empresas,1.000000
2023-04-30,BBVA,consumo,775006.000000
2023-04-30,BBVA,corporativo,246.000000
2023-04-30,BBVA,grandes_empresas,1990.000000
2023-04-30,BBVA,hipotecario,51407.000000
2023-04-30,BBVA,medianas_empresas,27421.000000
2023-04-30,BBVA,microempresas,5970.000000
2023-04-30,BBVA,pequenas_empresas,43540.000000
2023-04-30,BCI,corporativo,8.000000
2023-04-30,BCI,grandes_empresas,11.000000
2023-04-30,BCP,consumo,1262855.000000
2023-04-30,BCP,corporativo,631.000000
2023-04-30,BCP,grandes_empresas,2449.000000
2023-04-30,BCP,hipotecario,76350.000000
2023-04-30,BCP,medianas_empresas,35327.000000
2023-04-30,BCP,microempresas,57682.000000
2023-04-30,BCP,pequenas_empresas,87569.000000
2023-04-30,BIF,consumo,79662.000000
2023-04-30,BIF,corporativo,115.000000
2023-04-30,BIF,grandes_empresas,668.000000
2023-04-30,BIF,hipotecario,16727.000000
2023-04-30,BIF,medianas_empresas,1677.000000
2023-04-30,BIF,microempresas,520.000000
2023-04-30,BIF,pequenas_empresas,282.000000
2023-04-30,CITIBANK,corporativo,41.000000
2023-04-30,CITIBANK,grandes_empresas,88.000000
2023-04-30,CITIBANK,medianas_empresas,20.000000
2023-04-30,CITIBANK,microempresas,8.000000
2023-04-30,CITIBANK,pequenas_empresas,6.000000
2023-04-30,FALABELLA,consumo,1053520.000000
2023-04-30,FALABELLA,hipotecario,6.000000
2023-04-30,FALABELLA,medianas_empresas,1.000000
2023-04-30,FALABELLA,microempresas,20.000000
2023-04-30,FALABELLA,pequenas_empresas,33.000000
2023-04-30,GNB,consumo,38644.000000
2023-04-30,GNB,corporativo,24.000000
2023-04-30,GNB,grandes_empresas,81.000000
2023-04-30,GNB,hipotecario,5576.000000
2023-04-30,GNB,medianas_empresas,85.000000
2023-04-30,GNB,microempresas,2.000000
2023-04-30,GNB,pequenas_empresas,9.000000
2023-04-30,ICBC,corporativo,39.000000
2023-04-30,ICBC,grandes_empresas,15.000000
2023-04-30,INTERBANK,consumo,1153003.000000
2023-04-30,INTERBANK,corporativo,176.000000
2023-04-30,INTERBANK,grandes_empresas,881.000000
2023-04-30,INTERBANK,hipotecario,46572.000000
2023-04-30,INTERBANK,medianas_empresas,6591.000000
2023-04-30,INTERBANK,microempresas,4760.000000
2023-04-30,INTERBANK,pequenas_empresas,20134.000000
2023-04-30,MIBANCO,consumo,103234.000000
2023-04-30,MIBANCO,hipotecario,5311.000000
2023-04-30,MIBANCO,medianas_empresas,3676.000000
2023-04-30,MIBANCO,microempresas,601962.000000
2023-04-30,MIBANCO,pequenas_empresas,245827.000000
2023-04-30,PICHINCHA,consumo,388761.000000
2023-04-30,PICHINCHA,corporativo,48.000000
2023-04-30,PICHINCHA,grandes_empresas,488.000000
2023-04-30,PICHINCHA,hipotecario,13044.000000
2023-04-30,PICHINCHA,medianas_empresas,1483.000000
2023-04-30,PICHINCHA,microempresas,7101.000000
2023-04-30,PICHINCHA,pequenas_empresas,16089.000000
2023-04-30,RIPLEY,consumo,414195.000000
2023-04-30,SANTANDER,consumo,41.000000
2023-04-30,SANTANDER,corporativo,123.000000
2023-04-30,SANTANDER,grandes_empresas,275.000000
2023-04-30,SANTANDER,medianas_empresas,101.000000
2023-04-30,SANTANDER,pequenas_empresas,1.000000
2023-04-30,SCOTIABANK,consumo,463321.000000
2023-04-30,SCOTIABANK,corporativo,257.000000
2023-04-30,SCOTIABANK,grandes_empresas,1002.000000
2023-04-30,SCOTIABANK,hipotecario,37251.000000
2023-04-30,SCOTIABANK,medianas_empresas,16330.000000
2023-04-30,SCOTIABANK,microempresas,2964.000000
2023-04-30,SCOTIABANK,pequenas_empresas,23085.000000
2023-05-31,ALFIN,consumo,85144.000000
2023-05-31,ALFIN,corporativo,1.000000
2023-05-31,ALFIN,grandes_empresas,1.000000
2023-05-31,ALFIN,medianas_empresas,1.000000
2023-05-31,BANCOM,consumo,44049.000000
2023-05-31,BANCOM,corporativo,3.000000
2023-05-31,BANCOM,grandes_empresas,81.000000
2023-05-31,BANCOM,hipotecario,1101.000000
2023-05-31,BANCOM,medianas_empresas,208.000000
2023-05-31,BANCOM,microempresas,29.000000
2023-05-31,BANCOM,pequenas_empresas,42.000000
2023-05-31,BANK_OF_CHINA,corporativo,6.000000
2023-05-31,BANK_OF_CHINA,grandes_empresas,1.000000
2023-05-31,BBVA,consumo,788323.000000
2023-05-31,BBVA,corporativo,240.000000
2023-05-31,BBVA,grandes_empresas,2050.000000
2023-05-31,BBVA,hipotecario,51554.000000
2023-05-31,BBVA,medianas_empresas,27164.000000
2023-05-31,BBVA,microempresas,6189.000000
2023-05-31,BBVA,pequenas_empresas,44324.000000
2023-05-31,BCI,corporativo,9.000000
2023-05-31,BCI,grandes_empresas,12.000000
2023-05-31,BCP,consumo,1245158.000000
2023-05-31,BCP,corporativo,619.000000
2023-05-31,BCP,grandes_empresas,2364.000000
2023-05-31,BCP,hipotecario,76448.000000
2023-05-31,BCP,medianas_empresas,34760.000000
2023-05-31,BCP,microempresas,57139.000000
2023-05-31,BCP,pequenas_empresas,86689.000000
2023-05-31,BIF,consumo,81093.000000
2023-05-31,BIF,corporativo,115.000000
2023-05-31,BIF,grandes_empresas,695.000000
2023-05-31,BIF,hipotecario,16822.000000
2023-05-31,BIF,medianas_empresas,1633.000000
2023-05-31,BIF,microempresas,515.000000
2023-05-31,BIF,pequenas_empresas,286.000000
2023-05-31,CITIBANK,corporativo,41.000000
2023-05-31,CITIBANK,grandes_empresas,87.000000
2023-05-31,CITIBANK,medianas_empresas,21.000000
2023-05-31,CITIBANK,microempresas,8.000000
2023-05-31,CITIBANK,pequenas_empresas,6.000000
2023-05-31,FALABELLA,consumo,1052498.000000
2023-05-31,FALABELLA,hipotecario,6.000000
2023-05-31,FALABELLA,medianas_empresas,1.000000
2023-05-31,FALABELLA,microempresas,29.000000
2023-05-31,FALABELLA,pequenas_empresas,38.000000
2023-05-31,GNB,consumo,38033.000000
2023-05-31,GNB,corporativo,22.000000
2023-05-31,GNB,grandes_empresas,86.000000
2023-05-31,GNB,hipotecario,5543.000000
2023-05-31,GNB,medianas_empresas,85.000000
2023-05-31,GNB,pequenas_empresas,10.000000
2023-05-31,ICBC,corporativo,36.000000
2023-05-31,ICBC,grandes_empresas,14.000000
2023-05-31,INTERBANK,consumo,1161245.000000
2023-05-31,INTERBANK,corporativo,179.000000
2023-05-31,INTERBANK,grandes_empresas,915.000000
2023-05-31,INTERBANK,hipotecario,46631.000000
2023-05-31,INTERBANK,medianas_empresas,6444.000000
2023-05-31,INTERBANK,microempresas,5153.000000
2023-05-31,INTERBANK,pequenas_empresas,19922.000000
2023-05-31,MIBANCO,consumo,103962.000000
2023-05-31,MIBANCO,hipotecario,5316.000000
2023-05-31,MIBANCO,medianas_empresas,3660.000000
2023-05-31,MIBANCO,microempresas,607701.000000
2023-05-31,MIBANCO,pequenas_empresas,246818.000000
2023-05-31,PICHINCHA,consumo,389681.000000
2023-05-31,PICHINCHA,corporativo,26.000000
2023-05-31,PICHINCHA,grandes_empresas,543.000000
2023-05-31,PICHINCHA,hipotecario,13076.000000
2023-05-31,PICHINCHA,medianas_empresas,1258.000000
2023-05-31,PICHINCHA,microempresas,6125.000000
2023-05-31,PICHINCHA,pequenas_empresas,14923.000000
2023-05-31,RIPLEY,consumo,415869.000000
2023-05-31,SANTANDER,consumo,42.000000
2023-05-31,SANTANDER,corporativo,115.000000
2023-05-31,SANTANDER,grandes_empresas,273.000000
2023-05-31,SANTANDER,medianas_empresas,105.000000
2023-05-31,SCOTIABANK,consumo,464707.000000
2023-05-31,SCOTIABANK,corporativo,259.000000
2023-05-31,SCOTIABANK,grandes_empresas,992.000000
2023-05-31,SCOTIABANK,hipotecario,37405.000000
2023-05-31,SCOTIABANK,medianas_empresas,16232.000000
2023-05-31,SCOTIABANK,microempresas,3018.000000
2023-05-31,SCOTIABANK,pequenas_empresas,22964.000000
2023-06-30,ALFIN,consumo,86602.000000
2023-06-30,ALFIN,corporativo,1.000000
2023-06-30,ALFIN,grandes_empresas,1.000000
2023-06-30,ALFIN,medianas_empresas,1.000000
2023-06-30,BANCOM,consumo,44146.000000
2023-06-30,BANCOM,corporativo,6.000000
2023-06-30,BANCOM,grandes_empresas,79.000000
2023-06-30,BANCOM,hipotecario,1111.000000
2023-06-30,BANCOM,medianas_empresas,207.000000
2023-06-30,BANCOM,microempresas,29.000000
2023-06-30,BANCOM,pequenas_empresas,44.000000
2023-06-30,BANK_OF_CHINA,corporativo,6.000000
2023-06-30,BANK_OF_CHINA,grandes_empresas,1.000000
2023-06-30,BBVA,consumo,800752.000000
2023-06-30,BBVA,corporativo,241.000000
2023-06-30,BBVA,grandes_empresas,2082.000000
2023-06-30,BBVA,hipotecario,51674.000000
2023-06-30,BBVA,medianas_empresas,26681.000000
2023-06-30,BBVA,microempresas,6564.000000
2023-06-30,BBVA,pequenas_empresas,44753.000000
2023-06-30,BCI,corporativo,9.000000
2023-06-30,BCI,grandes_empresas,12.000000
2023-06-30,BCP,consumo,1237825.000000
2023-06-30,BCP,corporativo,613.000000
2023-06-30,BCP,grandes_empresas,2368.000000
2023-06-30,BCP,hipotecario,76559.000000
2023-06-30,BCP,medianas_empresas,34397.000000
2023-06-30,BCP,microempresas,55802.000000
2023-06-30,BCP,pequenas_empresas,86359.000000
2023-06-30,BIF,consumo,82241.000000
2023-06-30,BIF,corporativo,125.000000
2023-06-30,BIF,grandes_empresas,751.000000
2023-06-30,BIF,hipotecario,16943.000000
2023-06-30,BIF,medianas_empresas,1568.000000
2023-06-30,BIF,microempresas,535.000000
2023-06-30,BIF,pequenas_empresas,305.000000
2023-06-30,CITIBANK,corporativo,38.000000
2023-06-30,CITIBANK,grandes_empresas,91.000000
2023-06-30,CITIBANK,medianas_empresas,19.000000
2023-06-30,CITIBANK,microempresas,8.000000
2023-06-30,CITIBANK,pequenas_empresas,6.000000
2023-06-30,FALABELLA,consumo,1052109.000000
2023-06-30,FALABELLA,hipotecario,5.000000
2023-06-30,FALABELLA,medianas_empresas,1.000000
2023-06-30,FALABELLA,microempresas,39.000000
2023-06-30,FALABELLA,pequenas_empresas,44.000000
2023-06-30,GNB,consumo,37654.000000
2023-06-30,GNB,corporativo,24.000000
2023-06-30,GNB,grandes_empresas,89.000000
2023-06-30,GNB,hipotecario,5506.000000
2023-06-30,GNB,medianas_empresas,79.000000
2023-06-30,GNB,pequenas_empresas,9.000000
2023-06-30,ICBC,corporativo,36.000000
2023-06-30,ICBC,grandes_empresas,14.000000
2023-06-30,INTERBANK,consumo,1159822.000000
2023-06-30,INTERBANK,corporativo,191.000000
2023-06-30,INTERBANK,grandes_empresas,933.000000
2023-06-30,INTERBANK,hipotecario,46766.000000
2023-06-30,INTERBANK,medianas_empresas,6229.000000
2023-06-30,INTERBANK,microempresas,5337.000000
2023-06-30,INTERBANK,pequenas_empresas,19617.000000
2023-06-30,MIBANCO,consumo,104824.000000
2023-06-30,MIBANCO,hipotecario,5342.000000
2023-06-30,MIBANCO,medianas_empresas,3582.000000
2023-06-30,MIBANCO,microempresas,611020.000000
2023-06-30,MIBANCO,pequenas_empresas,246279.000000
2023-06-30,PICHINCHA,consumo,384981.000000
2023-06-30,PICHINCHA,corporativo,33.000000
2023-06-30,PICHINCHA,grandes_empresas,535.000000
2023-06-30,PICHINCHA,hipotecario,12985.000000
2023-06-30,PICHINCHA,medianas_empresas,1189.000000
2023-06-30,PICHINCHA,microempresas,5493.000000
2023-06-30,PICHINCHA,pequenas_empresas,13998.000000
2023-06-30,RIPLEY,consumo,418417.000000
2023-06-30,SANTANDER,consumo,42.000000
2023-06-30,SANTANDER,corporativo,122.000000
2023-06-30,SANTANDER,grandes_empresas,267.000000
2023-06-30,SANTANDER,medianas_empresas,106.000000
2023-06-30,SANTANDER,pequenas_empresas,1.000000
2023-06-30,SCOTIABANK,consumo,467966.000000
2023-06-30,SCOTIABANK,corporativo,264.000000
2023-06-30,SCOTIABANK,grandes_empresas,1030.000000
2023-06-30,SCOTIABANK,hipotecario,37541.000000
2023-06-30,SCOTIABANK,medianas_empresas,15979.000000
2023-06-30,SCOTIABANK,microempresas,3072.000000
2023-06-30,SCOTIABANK,pequenas_empresas,22599.000000
2023-07-31,ALFIN,consumo,88267.000000
2023-07-31,ALFIN,corporativo,1.000000
2023-07-31,ALFIN,grandes_empresas,1.000000
2023-07-31,ALFIN,medianas_empresas,1.000000
2023-07-31,BANCOM,consumo,44112.000000
2023-07-31,BANCOM,corporativo,8.000000
2023-07-31,BANCOM,grandes_empresas,80.000000
2023-07-31,BANCOM,hipotecario,1111.000000
2023-07-31,BANCOM,medianas_empresas,203.000000
2023-07-31,BANCOM,microempresas,29.000000
2023-07-31,BANCOM,pequenas_empresas,45.000000
2023-07-31,BANK_OF_CHINA,corporativo,6.000000
2023-07-31,BANK_OF_CHINA,grandes_empresas,1.000000
2023-07-31,BBVA,consumo,805569.000000
2023-07-31,BBVA,corporativo,236.000000
2023-07-31,BBVA,grandes_empresas,2136.000000
2023-07-31,BBVA,hipotecario,51839.000000
2023-07-31,BBVA,medianas_empresas,26124.000000
2023-07-31,BBVA,microempresas,6612.000000
2023-07-31,BBVA,pequenas_empresas,44908.000000
2023-07-31,BCI,corporativo,14.000000
2023-07-31,BCI,grandes_empresas,14.000000
2023-07-31,BCP,consumo,1209376.000000
2023-07-31,BCP,corporativo,647.000000
2023-07-31,BCP,grandes_empresas,2750.000000
2023-07-31,BCP,hipotecario,76611.000000
2023-07-31,BCP,medianas_empresas,33665.000000
2023-07-31,BCP,microempresas,56423.000000
2023-07-31,BCP,pequenas_empresas,86355.000000
2023-07-31,BIF,consumo,82839.000000
2023-07-31,BIF,corporativo,130.000000
2023-07-31,BIF,grandes_empresas,767.000000
2023-07-31,BIF,hipotecario,16928.000000
2023-07-31,BIF,medianas_empresas,1580.000000
2023-07-31,BIF,microempresas,549.000000
2023-07-31,BIF,pequenas_empresas,311.000000
2023-07-31,CITIBANK,corporativo,41.000000
2023-07-31,CITIBANK,grandes_empresas,87.000000
2023-07-31,CITIBANK,medianas_empresas,18.000000
2023-07-31,CITIBANK,microempresas,9.000000
2023-07-31,CITIBANK,pequenas_empresas,7.000000
2023-07-31,FALABELLA,consumo,1043599.000000
2023-07-31,FALABELLA,hipotecario,5.000000
2023-07-31,FALABELLA,microempresas,54.000000
2023-07-31,FALABELLA,pequenas_empresas,49.000000
2023-07-31,GNB,consumo,37874.000000
2023-07-31,GNB,corporativo,29.000000
2023-07-31,GNB,grandes_empresas,91.000000
2023-07-31,GNB,hipotecario,5472.000000
2023-07-31,GNB,medianas_empresas,80.000000
2023-07-31,GNB,pequenas_empresas,6.000000
2023-07-31,ICBC,corporativo,38.000000
2023-07-31,ICBC,grandes_empresas,15.000000
2023-07-31,INTERBANK,consumo,1150167.000000
2023-07-31,INTERBANK,corporativo,198.000000
2023-07-31,INTERBANK,grandes_empresas,947.000000
2023-07-31,INTERBANK,hipotecario,46792.000000
2023-07-31,INTERBANK,medianas_empresas,6052.000000
2023-07-31,INTERBANK,microempresas,5693.000000
2023-07-31,INTERBANK,pequenas_empresas,19042.000000
2023-07-31,MIBANCO,consumo,103878.000000
2023-07-31,MIBANCO,hipotecario,5340.000000
2023-07-31,MIBANCO,medianas_empresas,3600.000000
2023-07-31,MIBANCO,microempresas,599585.000000
2023-07-31,MIBANCO,pequenas_empresas,243490.000000
2023-07-31,PICHINCHA,consumo,382424.000000
2023-07-31,PICHINCHA,corporativo,36.000000
2023-07-31,PICHINCHA,grandes_empresas,517.000000
2023-07-31,PICHINCHA,hipotecario,12961.000000
2023-07-31,PICHINCHA,medianas_empresas,1151.000000
2023-07-31,PICHINCHA,microempresas,5008.000000
2023-07-31,PICHINCHA,pequenas_empresas,13188.000000
2023-07-31,RIPLEY,consumo,418853.000000
2023-07-31,SANTANDER,consumo,41.000000
2023-07-31,SANTANDER,corporativo,122.000000
2023-07-31,SANTANDER,grandes_empresas,265.000000
2023-07-31,SANTANDER,medianas_empresas,99.000000
2023-07-31,SANTANDER,pequenas_empresas,2.000000
2023-07-31,SCOTIABANK,consumo,466765.000000
2023-07-31,SCOTIABANK,corporativo,272.000000
2023-07-31,SCOTIABANK,grandes_empresas,1040.000000
2023-07-31,SCOTIABANK,hipotecario,37596.000000
2023-07-31,SCOTIABANK,medianas_empresas,15692.000000
2023-07-31,SCOTIABANK,microempresas,3091.000000
2023-07-31,SCOTIABANK,pequenas_empresas,22321.000000
2023-08-31,ALFIN,consumo,88971.000000
2023-08-31,ALFIN,corporativo,1.000000
2023-08-31,ALFIN,grandes_empresas,1.000000
2023-08-31,ALFIN,medianas_empresas,1.000000
2023-08-31,BANCOM,consumo,43876.000000
2023-08-31,BANCOM,corporativo,9.000000
2023-08-31,BANCOM,grandes_empresas,80.000000
2023-08-31,BANCOM,hipotecario,1147.000000
2023-08-31,BANCOM,medianas_empresas,199.000000
2023-08-31,BANCOM,microempresas,29.000000
2023-08-31,BANCOM,pequenas_empresas,32.000000
2023-08-31,BANK_OF_CHINA,corporativo,6.000000
2023-08-31,BANK_OF_CHINA,grandes_empresas,1.000000
2023-08-31,BBVA,consumo,813858.000000
2023-08-31,BBVA,corporativo,236.000000
2023-08-31,BBVA,grandes_empresas,2131.000000
2023-08-31,BBVA,hipotecario,52057.000000
2023-08-31,BBVA,medianas_empresas,25750.000000
2023-08-31,BBVA,microempresas,6805.000000
2023-08-31,BBVA,pequenas_empresas,44514.000000
2023-08-31,BCI,corporativo,20.000000
2023-08-31,BCI,grandes_empresas,17.000000
2023-08-31,BCP,consumo,1226189.000000
2023-08-31,BCP,corporativo,640.000000
2023-08-31,BCP,grandes_empresas,2725.000000
2023-08-31,BCP,hipotecario,76820.000000
2023-08-31,BCP,medianas_empresas,33174.000000
2023-08-31,BCP,microempresas,56739.000000
2023-08-31,BCP,pequenas_empresas,85230.000000
2023-08-31,BIF,consumo,83702.000000
2023-08-31,BIF,corporativo,132.000000
2023-08-31,BIF,grandes_empresas,762.000000
2023-08-31,BIF,hipotecario,17020.000000
2023-08-31,BIF,medianas_empresas,1578.000000
2023-08-31,BIF,microempresas,531.000000
2023-08-31,BIF,pequenas_empresas,316.000000
2023-08-31,CITIBANK,corporativo,38.000000
2023-08-31,CITIBANK,grandes_empresas,92.000000
2023-08-31,CITIBANK,medianas_empresas,18.000000
2023-08-31,CITIBANK,microempresas,8.000000
2023-08-31,CITIBANK,pequenas_empresas,7.000000
2023-08-31,FALABELLA,consumo,1025123.000000
2023-08-31,FALABELLA,hipotecario,5.000000
2023-08-31,FALABELLA,microempresas,58.000000
2023-08-31,FALABELLA,pequenas_empresas,51.000000
2023-08-31,GNB,consumo,38357.000000
2023-08-31,GNB,corporativo,30.000000
2023-08-31,GNB,grandes_empresas,92.000000
2023-08-31,GNB,hipotecario,5438.000000
2023-08-31,GNB,medianas_empresas,81.000000
2023-08-31,GNB,pequenas_empresas,7.000000
2023-08-31,ICBC,corporativo,37.000000
2023-08-31,ICBC,grandes_empresas,14.000000
2023-08-31,INTERBANK,consumo,1147291.000000
2023-08-31,INTERBANK,corporativo,205.000000
2023-08-31,INTERBANK,grandes_empresas,938.000000
2023-08-31,INTERBANK,hipotecario,46886.000000
2023-08-31,INTERBANK,medianas_empresas,5859.000000
2023-08-31,INTERBANK,microempresas,4766.000000
2023-08-31,INTERBANK,pequenas_empresas,17939.000000
2023-08-31,MIBANCO,consumo,104470.000000
2023-08-31,MIBANCO,hipotecario,5323.000000
2023-08-31,MIBANCO,medianas_empresas,3690.000000
2023-08-31,MIBANCO,microempresas,579040.000000
2023-08-31,MIBANCO,pequenas_empresas,238975.000000
2023-08-31,PICHINCHA,consumo,382259.000000
2023-08-31,PICHINCHA,corporativo,38.000000
2023-08-31,PICHINCHA,grandes_empresas,515.000000
2023-08-31,PICHINCHA,hipotecario,12952.000000
2023-08-31,PICHINCHA,medianas_empresas,1095.000000
2023-08-31,PICHINCHA,microempresas,4523.000000
2023-08-31,PICHINCHA,pequenas_empresas,12308.000000
2023-08-31,RIPLEY,consumo,408979.000000
2023-08-31,SANTANDER,consumo,44.000000
2023-08-31,SANTANDER,corporativo,122.000000
2023-08-31,SANTANDER,grandes_empresas,259.000000
2023-08-31,SANTANDER,medianas_empresas,97.000000
2023-08-31,SANTANDER,pequenas_empresas,1.000000
2023-08-31,SCOTIABANK,consumo,467753.000000
2023-08-31,SCOTIABANK,corporativo,274.000000
2023-08-31,SCOTIABANK,grandes_empresas,1041.000000
2023-08-31,SCOTIABANK,hipotecario,37658.000000
2023-08-31,SCOTIABANK,medianas_empresas,15451.000000
2023-08-31,SCOTIABANK,microempresas,2939.000000
2023-08-31,SCOTIABANK,pequenas_empresas,21816.000000
2023-09-30,ALFIN,consumo,90177.000000
2023-09-30,ALFIN,corporativo,1.000000
2023-09-30,ALFIN,grandes_empresas,29.000000
2023-09-30,ALFIN,medianas_empresas,3.000000
2023-09-30,ALFIN,pequenas_empresas,7.000000
2023-09-30,BANCOM,consumo,43764.000000
2023-09-30,BANCOM,corporativo,10.000000
2023-09-30,BANCOM,grandes_empresas,75.000000
2023-09-30,BANCOM,hipotecario,1147.000000
2023-09-30,BANCOM,medianas_empresas,194.000000
2023-09-30,BANCOM,microempresas,31.000000
2023-09-30,BANCOM,pequenas_empresas,29.000000
2023-09-30,BANK_OF_CHINA,corporativo,6.000000
2023-09-30,BANK_OF_CHINA,grandes_empresas,1.000000
2023-09-30,BBVA,consumo,817518.000000
2023-09-30,BBVA,corporativo,243.000000
2023-09-30,BBVA,grandes_empresas,2152.000000
2023-09-30,BBVA,hipotecario,52303.000000
2023-09-30,BBVA,medianas_empresas,25521.000000
2023-09-30,BBVA,microempresas,6828.000000
2023-09-30,BBVA,pequenas_empresas,44813.000000
2023-09-30,BCI,corporativo,24.000000
2023-09-30,BCI,grandes_empresas,17.000000
2023-09-30,BCP,consumo,1232082.000000
2023-09-30,BCP,corporativo,661.000000
2023-09-30,BCP,grandes_empresas,2728.000000
2023-09-30,BCP,hipotecario,77117.000000
2023-09-30,BCP,medianas_empresas,32875.000000
2023-09-30,BCP,microempresas,57371.000000
2023-09-30,BCP,pequenas_empresas,84653.000000
2023-09-30,BIF,consumo,85015.000000
2023-09-30,BIF,corporativo,126.000000
2023-09-30,BIF,grandes_empresas,755.000000
2023-09-30,BIF,hipotecario,17080.000000
2023-09-30,BIF,medianas_empresas,1579.000000
2023-09-30,BIF,microempresas,527.000000
2023-09-30,BIF,pequenas_empresas,311.000000
2023-09-30,CITIBANK,corporativo,36.000000
2023-09-30,CITIBANK,grandes_empresas,90.000000
2023-09-30,CITIBANK,medianas_empresas,18.000000
2023-09-30,CITIBANK,microempresas,10.000000
2023-09-30,CITIBANK,pequenas_empresas,7.000000
2023-09-30,FALABELLA,consumo,1010707.000000
2023-09-30,FALABELLA,hipotecario,5.000000
2023-09-30,FALABELLA,microempresas,57.000000
2023-09-30,FALABELLA,pequenas_empresas,55.000000
2023-09-30,GNB,consumo,38863.000000
2023-09-30,GNB,corporativo,33.000000
2023-09-30,GNB,grandes_empresas,94.000000
2023-09-30,GNB,hipotecario,5414.000000
2023-09-30,GNB,medianas_empresas,80.000000
2023-09-30,GNB,pequenas_empresas,6.000000
2023-09-30,ICBC,corporativo,37.000000
2023-09-30,ICBC,grandes_empresas,16.000000
2023-09-30,INTERBANK,consumo,1130927.000000
2023-09-30,INTERBANK,corporativo,212.000000
2023-09-30,INTERBANK,grandes_empresas,942.000000
2023-09-30,INTERBANK,hipotecario,47035.000000
2023-09-30,INTERBANK,medianas_empresas,5660.000000
2023-09-30,INTERBANK,microempresas,4226.000000
2023-09-30,INTERBANK,pequenas_empresas,17153.000000
2023-09-30,MIBANCO,consumo,102950.000000
2023-09-30,MIBANCO,hipotecario,5304.000000
2023-09-30,MIBANCO,medianas_empresas,3738.000000
2023-09-30,MIBANCO,microempresas,560017.000000
2023-09-30,MIBANCO,pequenas_empresas,234737.000000
2023-09-30,PICHINCHA,consumo,380184.000000
2023-09-30,PICHINCHA,corporativo,40.000000
2023-09-30,PICHINCHA,grandes_empresas,514.000000
2023-09-30,PICHINCHA,hipotecario,12961.000000
2023-09-30,PICHINCHA,medianas_empresas,1037.000000
2023-09-30,PICHINCHA,microempresas,4076.000000
2023-09-30,PICHINCHA,pequenas_empresas,11524.000000
2023-09-30,RIPLEY,consumo,403698.000000
2023-09-30,SANTANDER,consumo,45.000000
2023-09-30,SANTANDER,corporativo,119.000000
2023-09-30,SANTANDER,grandes_empresas,261.000000
2023-09-30,SANTANDER,medianas_empresas,106.000000
2023-09-30,SCOTIABANK,consumo,468714.000000
2023-09-30,SCOTIABANK,corporativo,270.000000
2023-09-30,SCOTIABANK,grandes_empresas,1055.000000
2023-09-30,SCOTIABANK,hipotecario,37771.000000
2023-09-30,SCOTIABANK,medianas_empresas,15178.000000
2023-09-30,SCOTIABANK,microempresas,2660.000000
2023-09-30,SCOTIABANK,pequenas_empresas,21211.000000
2023-10-31,ALFIN,consumo,82554.000000
2023-10-31,ALFIN,corporativo,15.000000
2023-10-31,ALFIN,grandes_empresas,16.000000
2023-10-31,ALFIN,medianas_empresas,6.000000
2023-10-31,ALFIN,microempresas,1.000000
2023-10-31,ALFIN,pequenas_empresas,15.000000
2023-10-31,BANCOM,consumo,44033.000000
2023-10-31,BANCOM,corporativo,9.000000
2023-10-31,BANCOM,grandes_empresas,74.000000
2023-10-31,BANCOM,hipotecario,1150.000000
2023-10-31,BANCOM,medianas_empresas,192.000000
2023-10-31,BANCOM,microempresas,31.000000
2023-10-31,BANCOM,pequenas_empresas,27.000000
2023-10-31,BANK_OF_CHINA,corporativo,5.000000
2023-10-31,BANK_OF_CHINA,grandes_empresas,1.000000
2023-10-31,BBVA,consumo,826004.000000
2023-10-31,BBVA,corporativo,241.000000
2023-10-31,BBVA,grandes_empresas,2178.000000
2023-10-31,BBVA,hipotecario,52660.000000
2023-10-31,BBVA,medianas_empresas,25308.000000
2023-10-31,BBVA,microempresas,6799.000000
2023-10-31,BBVA,pequenas_empresas,44713.000000
2023-10-31,BCI,corporativo,21.000000
2023-10-31,BCI,grandes_empresas,16.000000
2023-10-31,BCP,consumo,1240293.000000
2023-10-31,BCP,corporativo,672.000000
2023-10-31,BCP,grandes_empresas,2739.000000
2023-10-31,BCP,hipotecario,77436.000000
2023-10-31,BCP,medianas_empresas,32744.000000
2023-10-31,BCP,microempresas,60597.000000
2023-10-31,BCP,pequenas_empresas,85540.000000
2023-10-31,BIF,consumo,86684.000000
2023-10-31,BIF,corporativo,137.000000
2023-10-31,BIF,grandes_empresas,756.000000
2023-10-31,BIF,hipotecario,17138.000000
2023-10-31,BIF,medianas_empresas,1568.000000
2023-10-31,BIF,microempresas,532.000000
2023-10-31,BIF,pequenas_empresas,333.000000
2023-10-31,CITIBANK,corporativo,36.000000
2023-10-31,CITIBANK,grandes_empresas,91.000000
2023-10-31,CITIBANK,medianas_empresas,17.000000
2023-10-31,CITIBANK,microempresas,10.000000
2023-10-31,CITIBANK,pequenas_empresas,7.000000
2023-10-31,FALABELLA,consumo,1007087.000000
2023-10-31,FALABELLA,hipotecario,5.000000
2023-10-31,FALABELLA,microempresas,61.000000
2023-10-31,FALABELLA,pequenas_empresas,57.000000
2023-10-31,GNB,consumo,39052.000000
2023-10-31,GNB,corporativo,32.000000
2023-10-31,GNB,grandes_empresas,90.000000
2023-10-31,GNB,hipotecario,5641.000000
2023-10-31,GNB,medianas_empresas,72.000000
2023-10-31,GNB,pequenas_empresas,8.000000
2023-10-31,ICBC,corporativo,35.000000
2023-10-31,ICBC,grandes_empresas,15.000000
2023-10-31,INTERBANK,consumo,1120315.000000
2023-10-31,INTERBANK,corporativo,214.000000
2023-10-31,INTERBANK,grandes_empresas,959.000000
2023-10-31,INTERBANK,hipotecario,47191.000000
2023-10-31,INTERBANK,medianas_empresas,5530.000000
2023-10-31,INTERBANK,microempresas,3936.000000
2023-10-31,INTERBANK,pequenas_empresas,16550.000000
2023-10-31,MIBANCO,consumo,99686.000000
2023-10-31,MIBANCO,hipotecario,5274.000000
2023-10-31,MIBANCO,medianas_empresas,3764.000000
2023-10-31,MIBANCO,microempresas,540646.000000
2023-10-31,MIBANCO,pequenas_empresas,231990.000000
2023-10-31,PICHINCHA,consumo,376574.000000
2023-10-31,PICHINCHA,corporativo,48.000000
2023-10-31,PICHINCHA,grandes_empresas,497.000000
2023-10-31,PICHINCHA,hipotecario,12971.000000
2023-10-31,PICHINCHA,medianas_empresas,985.000000
2023-10-31,PICHINCHA,microempresas,3655.000000
2023-10-31,PICHINCHA,pequenas_empresas,10691.000000
2023-10-31,RIPLEY,consumo,400508.000000
2023-10-31,SANTANDER,consumo,134.000000
2023-10-31,SANTANDER,corporativo,118.000000
2023-10-31,SANTANDER,grandes_empresas,257.000000
2023-10-31,SANTANDER,medianas_empresas,94.000000
2023-10-31,SANTANDER,pequenas_empresas,1.000000
2023-10-31,SCOTIABANK,consumo,467240.000000
2023-10-31,SCOTIABANK,corporativo,267.000000
2023-10-31,SCOTIABANK,grandes_empresas,1053.000000
2023-10-31,SCOTIABANK,hipotecario,37825.000000
2023-10-31,SCOTIABANK,medianas_empresas,14925.000000
2023-10-31,SCOTIABANK,microempresas,2370.000000
2023-10-31,SCOTIABANK,pequenas_empresas,20629.000000
2023-11-30,ALFIN,consumo,83567.000000
2023-11-30,ALFIN,corporativo,10.000000
2023-11-30,ALFIN,grandes_empresas,11.000000
2023-11-30,ALFIN,medianas_empresas,5.000000
2023-11-30,ALFIN,microempresas,352.000000
2023-11-30,ALFIN,pequenas_empresas,61.000000
2023-11-30,BANCOM,consumo,44214.000000
2023-11-30,BANCOM,corporativo,8.000000
2023-11-30,BANCOM,grandes_empresas,70.000000
2023-11-30,BANCOM,hipotecario,1154.000000
2023-11-30,BANCOM,medianas_empresas,189.000000
2023-11-30,BANCOM,microempresas,31.000000
2023-11-30,BANCOM,pequenas_empresas,27.000000
2023-11-30,BANK_OF_CHINA,corporativo,6.000000
2023-11-30,BANK_OF_CHINA,grandes_empresas,1.000000
2023-11-30,BBVA,consumo,826942.000000
2023-11-30,BBVA,corporativo,235.000000
2023-11-30,BBVA,grandes_empresas,2194.000000
2023-11-30,BBVA,hipotecario,52955.000000
2023-11-30,BBVA,medianas_empresas,25126.000000
2023-11-30,BBVA,microempresas,6820.000000
2023-11-30,BBVA,pequenas_empresas,44495.000000
2023-11-30,BCI,corporativo,21.000000
2023-11-30,BCI,grandes_empresas,17.000000
2023-11-30,BCP,consumo,1221806.000000
2023-11-30,BCP,corporativo,672.000000
2023-11-30,BCP,grandes_empresas,2724.000000
2023-11-30,BCP,hipotecario,77622.000000
2023-11-30,BCP,medianas_empresas,32667.000000
2023-11-30,BCP,microempresas,58580.000000
2023-11-30,BCP,pequenas_empresas,85885.000000
2023-11-30,BIF,consumo,87492.000000
2023-11-30,BIF,corporativo,141.000000
2023-11-30,BIF,grandes_empresas,765.000000
2023-11-30,BIF,hipotecario,17170.000000
2023-11-30,BIF,medianas_empresas,1572.000000
2023-11-30,BIF,microempresas,537.000000
2023-11-30,BIF,pequenas_empresas,365.000000
2023-11-30,CITIBANK,corporativo,38.000000
2023-11-30,CITIBANK,grandes_empresas,95.000000
2023-11-30,CITIBANK,medianas_empresas,19.000000
2023-11-30,CITIBANK,microempresas,11.000000
2023-11-30,CITIBANK,pequenas_empresas,7.000000
2023-11-30,FALABELLA,consumo,997575.000000
2023-11-30,FALABELLA,hipotecario,5.000000
2023-11-30,FALABELLA,microempresas,64.000000
2023-11-30,FALABELLA,pequenas_empresas,62.000000
2023-11-30,GNB,consumo,39414.000000
2023-11-30,GNB,corporativo,38.000000
2023-11-30,GNB,grandes_empresas,93.000000
2023-11-30,GNB,hipotecario,5743.000000
2023-11-30,GNB,medianas_empresas,68.000000
2023-11-30,GNB,microempresas,2.000000
2023-11-30,GNB,pequenas_empresas,6.000000
2023-11-30,ICBC,corporativo,33.000000
2023-11-30,ICBC,grandes_empresas,18.000000
2023-11-30,INTERBANK,consumo,1103015.000000
2023-11-30,INTERBANK,corporativo,214.000000
2023-11-30,INTERBANK,grandes_empresas,981.000000
2023-11-30,INTERBANK,hipotecario,47305.000000
2023-11-30,INTERBANK,medianas_empresas,5469.000000
2023-11-30,INTERBANK,microempresas,3994.000000
2023-11-30,INTERBANK,pequenas_empresas,16316.000000
2023-11-30,MIBANCO,consumo,96716.000000
2023-11-30,MIBANCO,hipotecario,5267.000000
2023-11-30,MIBANCO,medianas_empresas,3815.000000
2023-11-30,MIBANCO,microempresas,527329.000000
2023-11-30,MIBANCO,pequenas_empresas,230565.000000
2023-11-30,PICHINCHA,consumo,371153.000000
2023-11-30,PICHINCHA,corporativo,47.000000
2023-11-30,PICHINCHA,grandes_empresas,488.000000
2023-11-30,PICHINCHA,hipotecario,13002.000000
2023-11-30,PICHINCHA,medianas_empresas,937.000000
2023-11-30,PICHINCHA,microempresas,3208.000000
2023-11-30,PICHINCHA,pequenas_empresas,9630.000000
2023-11-30,RIPLEY,consumo,403674.000000
2023-11-30,SANTANDER,consumo,546.000000
2023-11-30,SANTANDER,corporativo,120.000000
2023-11-30,SANTANDER,grandes_empresas,260.000000
2023-11-30,SANTANDER,medianas_empresas,97.000000
2023-11-30,SANTANDER,pequenas_empresas,1.000000
2023-11-30,SCOTIABANK,consumo,464601.000000
2023-11-30,SCOTIABANK,corporativo,272.000000
2023-11-30,SCOTIABANK,grandes_empresas,1040.000000
2023-11-30,SCOTIABANK,hipotecario,37907.000000
2023-11-30,SCOTIABANK,medianas_empresas,14734.000000
2023-11-30,SCOTIABANK,microempresas,2099.000000
2023-11-30,SCOTIABANK,pequenas_empresas,20532.000000
2023-12-31,ALFIN,consumo,82617.000000
2023-12-31,ALFIN,corporativo,7.000000
2023-12-31,ALFIN,grandes_empresas,3.000000
2023-12-31,ALFIN,hipotecario,1.000000
2023-12-31,ALFIN,medianas_empresas,10.000000
2023-12-31,ALFIN,microempresas,358.000000
2023-12-31,ALFIN,pequenas_empresas,66.000000
2023-12-31,BANCOM,consumo,43451.000000
2023-12-31,BANCOM,corporativo,7.000000
2023-12-31,BANCOM,grandes_empresas,68.000000
2023-12-31,BANCOM,hipotecario,1160.000000
2023-12-31,BANCOM,medianas_empresas,173.000000
2023-12-31,BANCOM,microempresas,30.000000
2023-12-31,BANCOM,pequenas_empresas,21.000000
2023-12-31,BANK_OF_CHINA,corporativo,9.000000
2023-12-31,BBVA,consumo,826642.000000
2023-12-31,BBVA,corporativo,240.000000
2023-12-31,BBVA,grandes_empresas,2204.000000
2023-12-31,BBVA,hipotecario,53146.000000
2023-12-31,BBVA,medianas_empresas,24642.000000
2023-12-31,BBVA,microempresas,6804.000000
2023-12-31,BBVA,pequenas_empresas,43434.000000
2023-12-31,BCI,corporativo,28.000000
2023-12-31,BCI,grandes_empresas,17.000000
2023-12-31,BCP,consumo,1198959.000000
2023-12-31,BCP,corporativo,678.000000
2023-12-31,BCP,grandes_empresas,2727.000000
2023-12-31,BCP,hipotecario,77748.000000
2023-12-31,BCP,medianas_empresas,32600.000000
2023-12-31,BCP,microempresas,59948.000000
2023-12-31,BCP,pequenas_empresas,86309.000000
2023-12-31,BIF,consumo,87231.000000
2023-12-31,BIF,corporativo,137.000000
2023-12-31,BIF,grandes_empresas,749.000000
2023-12-31,BIF,hipotecario,17207.000000
2023-12-31,BIF,medianas_empresas,1575.000000
2023-12-31,BIF,microempresas,537.000000
2023-12-31,BIF,pequenas_empresas,344.000000
2023-12-31,CITIBANK,corporativo,41.000000
2023-12-31,CITIBANK,grandes_empresas,91.000000
2023-12-31,CITIBANK,medianas_empresas,17.000000
2023-12-31,CITIBANK,microempresas,11.000000
2023-12-31,CITIBANK,pequenas_empresas,8.000000
2023-12-31,FALABELLA,consumo,1001320.000000
2023-12-31,FALABELLA,hipotecario,4.000000
2023-12-31,FALABELLA,microempresas,66.000000
2023-12-31,FALABELLA,pequenas_empresas,62.000000
2023-12-31,GNB,consumo,39504.000000
2023-12-31,GNB,corporativo,36.000000
2023-12-31,GNB,grandes_empresas,90.000000
2023-12-31,GNB,hipotecario,5698.000000
2023-12-31,GNB,medianas_empresas,64.000000
2023-12-31,GNB,microempresas,1.000000
2023-12-31,GNB,pequenas_empresas,7.000000
2023-12-31,ICBC,corporativo,38.000000
2023-12-31,ICBC,grandes_empresas,16.000000
2023-12-31,INTERBANK,consumo,1078216.000000
2023-12-31,INTERBANK,corporativo,200.000000
2023-12-31,INTERBANK,grandes_empresas,997.000000
2023-12-31,INTERBANK,hipotecario,47392.000000
2023-12-31,INTERBANK,medianas_empresas,5362.000000
2023-12-31,INTERBANK,microempresas,4051.000000
2023-12-31,INTERBANK,pequenas_empresas,16057.000000
2023-12-31,MIBANCO,consumo,93741.000000
2023-12-31,MIBANCO,hipotecario,5227.000000
2023-12-31,MIBANCO,medianas_empresas,3842.000000
2023-12-31,MIBANCO,microempresas,515454.000000
2023-12-31,MIBANCO,pequenas_empresas,228987.000000
2023-12-31,PICHINCHA,consumo,364013.000000
2023-12-31,PICHINCHA,corporativo,51.000000
2023-12-31,PICHINCHA,grandes_empresas,473.000000
2023-12-31,PICHINCHA,hipotecario,13026.000000
2023-12-31,PICHINCHA,medianas_empresas,922.000000
2023-12-31,PICHINCHA,microempresas,2838.000000
2023-12-31,PICHINCHA,pequenas_empresas,9016.000000
2023-12-31,RIPLEY,consumo,420854.000000
2023-12-31,SANTANDER,consumo,542.000000
2023-12-31,SANTANDER,corporativo,125.000000
2023-12-31,SANTANDER,grandes_empresas,259.000000
2023-12-31,SANTANDER,medianas_empresas,88.000000
2023-12-31,SANTANDER,pequenas_empresas,1.000000
2023-12-31,SCOTIABANK,consumo,463208.000000
2023-12-31,SCOTIABANK,corporativo,271.000000
2023-12-31,SCOTIABANK,grandes_empresas,1043.000000
2023-12-31,SCOTIABANK,hipotecario,37945.000000
2023-12-31,SCOTIABANK,medianas_empresas,14628.000000
2023-12-31,SCOTIABANK,microempresas,2083.000000
2023-12-31,SCOTIABANK,pequenas_empresas,20556.000000
2024-01-31,ALFIN,consumo,80632.000000
2024-01-31,ALFIN,corporativo,1.000000
2024-01-31,ALFIN,grandes_empresas,3.000000
2024-01-31,ALFIN,hipotecario,1.000000
2024-01-31,ALFIN,medianas_empresas,12.000000
2024-01-31,ALFIN,microempresas,226.000000
2024-01-31,ALFIN,pequenas_empresas,199.000000
2024-01-31,BANCOM,consumo,43524.000000
2024-01-31,BANCOM,corporativo,9.000000
2024-01-31,BANCOM,grandes_empresas,62.000000
2024-01-31,BANCOM,hipotecario,1158.000000
2024-01-31,BANCOM,medianas_empresas,163.000000
2024-01-31,BANCOM,microempresas,33.000000
2024-01-31,BANCOM,pequenas_empresas,23.000000
2024-01-31,BANK_OF_CHINA,corporativo,9.000000
2024-01-31,BBVA,consumo,827584.000000
2024-01-31,BBVA,corporativo,232.000000
2024-01-31,BBVA,grandes_empresas,2169.000000
2024-01-31,BBVA,hipotecario,53383.000000
2024-01-31,BBVA,medianas_empresas,24414.000000
2024-01-31,BBVA,microempresas,6755.000000
2024-01-31,BBVA,pequenas_empresas,42743.000000
2024-01-31,BCI,corporativo,27.000000
2024-01-31,BCI,grandes_empresas,15.000000
2024-01-31,BCP,consumo,1223085.000000
2024-01-31,BCP,corporativo,667.000000
2024-01-31,BCP,grandes_empresas,2715.000000
2024-01-31,BCP,hipotecario,77927.000000
2024-01-31,BCP,medianas_empresas,32557.000000
2024-01-31,BCP,microempresas,60541.000000
2024-01-31,BCP,pequenas_empresas,86567.000000
2024-01-31,BIF,consumo,87618.000000
2024-01-31,BIF,corporativo,138.000000
2024-01-31,BIF,grandes_empresas,746.000000
2024-01-31,BIF,hipotecario,17253.000000
2024-01-31,BIF,medianas_empresas,1567.000000
2024-01-31,BIF,microempresas,561.000000
2024-01-31,BIF,pequenas_empresas,360.000000
2024-01-31,CITIBANK,corporativo,40.000000
2024-01-31,CITIBANK,grandes_empresas,93.000000
2024-01-31,CITIBANK,medianas_empresas,16.000000
2024-01-31,CITIBANK,microempresas,11.000000
2024-01-31,CITIBANK,pequenas_empresas,8.000000
2024-01-31,FALABELLA,consumo,977473.000000
2024-01-31,FALABELLA,hipotecario,4.000000
2024-01-31,FALABELLA,microempresas,64.000000
2024-01-31,FALABELLA,pequenas_empresas,61.000000
2024-01-31,GNB,consumo,39688.000000
2024-01-31,GNB,corporativo,37.000000
2024-01-31,GNB,grandes_empresas,90.000000
2024-01-31,GNB,hipotecario,5652.000000
2024-01-31,GNB,medianas_empresas,68.000000
2024-01-31,GNB,pequenas_empresas,6.000000
2024-01-31,ICBC,corporativo,37.000000
2024-01-31,ICBC,grandes_empresas,15.000000
2024-01-31,INTERBANK,consumo,1064504.000000
2024-01-31,INTERBANK,corporativo,202.000000
2024-01-31,INTERBANK,grandes_empresas,981.000000
2024-01-31,INTERBANK,hipotecario,47473.000000
2024-01-31,INTERBANK,medianas_empresas,5285.000000
2024-01-31,INTERBANK,microempresas,3934.000000
2024-01-31,INTERBANK,pequenas_empresas,15802.000000
2024-01-31,MIBANCO,consumo,91415.000000
2024-01-31,MIBANCO,hipotecario,5175.000000
2024-01-31,MIBANCO,medianas_empresas,3845.000000
2024-01-31,MIBANCO,microempresas,506293.000000
2024-01-31,MIBANCO,pequenas_empresas,226720.000000
2024-01-31,PICHINCHA,consumo,358208.000000
2024-01-31,PICHINCHA,corporativo,57.000000
2024-01-31,PICHINCHA,grandes_empresas,471.000000
2024-01-31,PICHINCHA,hipotecario,13052.000000
2024-01-31,PICHINCHA,medianas_empresas,905.000000
2024-01-31,PICHINCHA,microempresas,2551.000000
2024-01-31,PICHINCHA,pequenas_empresas,8481.000000
2024-01-31,RIPLEY,consumo,401632.000000
2024-01-31,SANTANDER,consumo,533.000000
2024-01-31,SANTANDER,corporativo,123.000000
2024-01-31,SANTANDER,grandes_empresas,250.000000
2024-01-31,SANTANDER,medianas_empresas,88.000000
2024-01-31,SANTANDER,pequenas_empresas,1.000000
2024-01-31,SCOTIABANK,consumo,461639.000000
2024-01-31,SCOTIABANK,corporativo,262.000000
2024-01-31,SCOTIABANK,grandes_empresas,1039.000000
2024-01-31,SCOTIABANK,hipotecario,37872.000000
2024-01-31,SCOTIABANK,medianas_empresas,14522.000000
2024-01-31,SCOTIABANK,microempresas,2119.000000
2024-01-31,SCOTIABANK,pequenas_empresas,20602.000000
2024-02-29,ALFIN,consumo,83699.000000
2024-02-29,ALFIN,grandes_empresas,3.000000
2024-02-29,ALFIN,hipotecario,1.000000
2024-02-29,ALFIN,medianas_empresas,12.000000
2024-02-29,ALFIN,microempresas,228.000000
2024-02-29,ALFIN,pequenas_empresas,203.000000
2024-02-29,BANCOM,consumo,43618.000000
2024-02-29,BANCOM,corporativo,9.000000
2024-02-29,BANCOM,grandes_empresas,64.000000
2024-02-29,BANCOM,hipotecario,1163.000000
2024-02-29,BANCOM,medianas_empresas,167.000000
2024-02-29,BANCOM,microempresas,31.000000
2024-02-29,BANCOM,pequenas_empresas,25.000000
2024-02-29,BANK_OF_CHINA,corporativo,8.000000
2024-02-29,BBVA,consumo,832013.000000
2024-02-29,BBVA,corporativo,229.000000
2024-02-29,BBVA,grandes_empresas,2148.000000
2024-02-29,BBVA,hipotecario,53687.000000
2024-02-29,BBVA,medianas_empresas,24352.000000
2024-02-29,BBVA,microempresas,6631.000000
2024-02-29,BBVA,pequenas_empresas,42149.000000
2024-02-29,BCI,corporativo,25.000000
2024-02-29,BCI,grandes_empresas,17.000000
2024-02-29,BCP,consumo,1250946.000000
2024-02-29,BCP,corporativo,683.000000
2024-02-29,BCP,grandes_empresas,2739.000000
2024-02-29,BCP,hipotecario,78130.000000
2024-02-29,BCP,medianas_empresas,32271.000000
2024-02-29,BCP,microempresas,61977.000000
2024-02-29,BCP,pequenas_empresas,86590.000000
2024-02-29,BIF,consumo,88254.000000
2024-02-29,BIF,corporativo,140.000000
2024-02-29,BIF,grandes_empresas,766.000000
2024-02-29,BIF,hipotecario,17319.000000
2024-02-29,BIF,medianas_empresas,1568.000000
2024-02-29,BIF,microempresas,610.000000
2024-02-29,BIF,pequenas_empresas,374.000000
2024-02-29,CITIBANK,corporativo,39.000000
2024-02-29,CITIBANK,grandes_empresas,95.000000
2024-02-29,CITIBANK,medianas_empresas,13.000000
2024-02-29,CITIBANK,microempresas,10.000000
2024-02-29,CITIBANK,pequenas_empresas,9.000000
2024-02-29,FALABELLA,consumo,963869.000000
2024-02-29,FALABELLA,hipotecario,4.000000
2024-02-29,FALABELLA,microempresas,64.000000
2024-02-29,FALABELLA,pequenas_empresas,60.000000
2024-02-29,GNB,consumo,40423.000000
2024-02-29,GNB,corporativo,34.000000
2024-02-29,GNB,grandes_empresas,95.000000
2024-02-29,GNB,hipotecario,5620.000000
2024-02-29,GNB,medianas_empresas,65.000000
2024-02-29,GNB,pequenas_empresas,6.000000
2024-02-29,ICBC,corporativo,34.000000
2024-02-29,ICBC,grandes_empresas,16.000000
2024-02-29,INTERBANK,consumo,1050136.000000
2024-02-29,INTERBANK,corporativo,198.000000
2024-02-29,INTERBANK,grandes_empresas,980.000000
2024-02-29,INTERBANK,hipotecario,47658.000000
2024-02-29,INTERBANK,medianas_empresas,5180.000000
2024-02-29,INTERBANK,microempresas,3867.000000
2024-02-29,INTERBANK,pequenas_empresas,15517.000000
2024-02-29,MIBANCO,consumo,89994.000000
2024-02-29,MIBANCO,hipotecario,5128.000000
2024-02-29,MIBANCO,medianas_empresas,3845.000000
2024-02-29,MIBANCO,microempresas,498969.000000
2024-02-29,MIBANCO,pequenas_empresas,225409.000000
2024-02-29,PICHINCHA,consumo,351180.000000
2024-02-29,PICHINCHA,corporativo,57.000000
2024-02-29,PICHINCHA,grandes_empresas,480.000000
2024-02-29,PICHINCHA,hipotecario,13085.000000
2024-02-29,PICHINCHA,medianas_empresas,886.000000
2024-02-29,PICHINCHA,microempresas,2363.000000
2024-02-29,PICHINCHA,pequenas_empresas,8016.000000
2024-02-29,RIPLEY,consumo,389921.000000
2024-02-29,SANTANDER,consumo,515.000000
2024-02-29,SANTANDER,corporativo,116.000000
2024-02-29,SANTANDER,grandes_empresas,253.000000
2024-02-29,SANTANDER,medianas_empresas,82.000000
2024-02-29,SANTANDER,pequenas_empresas,2.000000
2024-02-29,SCOTIABANK,consumo,461279.000000
2024-02-29,SCOTIABANK,corporativo,259.000000
2024-02-29,SCOTIABANK,grandes_empresas,1027.000000
2024-02-29,SCOTIABANK,hipotecario,37820.000000
2024-02-29,SCOTIABANK,medianas_empresas,14397.000000
2024-02-29,SCOTIABANK,microempresas,2094.000000
2024-02-29,SCOTIABANK,pequenas_empresas,20750.000000
2024-03-31,ALFIN,consumo,84927.000000
2024-03-31,ALFIN,grandes_empresas,4.000000
2024-03-31,ALFIN,hipotecario,1.000000
2024-03-31,ALFIN,medianas_empresas,12.000000
2024-03-31,ALFIN,microempresas,231.000000
2024-03-31,ALFIN,pequenas_empresas,205.000000
2024-03-31,BANCOM,consumo,43482.000000
2024-03-31,BANCOM,corporativo,8.000000
2024-03-31,BANCOM,grandes_empresas,64.000000
2024-03-31,BANCOM,hipotecario,1167.000000
2024-03-31,BANCOM,medianas_empresas,169.000000
2024-03-31,BANCOM,microempresas,30.000000
2024-03-31,BANCOM,pequenas_empresas,27.000000
2024-03-31,BANK_OF_CHINA,corporativo,9.000000
2024-03-31,BBVA,consumo,831286.000000
2024-03-31,BBVA,corporativo,233.000000
2024-03-31,BBVA,grandes_empresas,2150.000000
2024-03-31,BBVA,hipotecario,54073.000000
2024-03-31,BBVA,medianas_empresas,24150.000000
2024-03-31,BBVA,microempresas,6619.000000
2024-03-31,BBVA,pequenas_empresas,41150.000000
2024-03-31,BCI,corporativo,25.000000
2024-03-31,BCI,grandes_empresas,17.000000
2024-03-31,BCP,consumo,1301881.000000
2024-03-31,BCP,corporativo,685.000000
2024-03-31,BCP,grandes_empresas,2742.000000
2024-03-31,BCP,hipotecario,78195.000000
2024-03-31,BCP,medianas_empresas,32378.000000
2024-03-31,BCP,microempresas,64762.000000
2024-03-31,BCP,pequenas_empresas,87489.000000
2024-03-31,BIF,consumo,89385.000000
2024-03-31,BIF,corporativo,145.000000
2024-03-31,BIF,grandes_empresas,767.000000
2024-03-31,BIF,hipotecario,17347.000000
2024-03-31,BIF,medianas_empresas,1588.000000
2024-03-31,BIF,microempresas,610.000000
2024-03-31,BIF,pequenas_empresas,363.000000
2024-03-31,CITIBANK,corporativo,39.000000
2024-03-31,CITIBANK,grandes_empresas,92.000000
2024-03-31,CITIBANK,medianas_empresas,14.000000
2024-03-31,CITIBANK,microempresas,10.000000
2024-03-31,CITIBANK,pequenas_empresas,9.000000
2024-03-31,FALABELLA,consumo,957289.000000
2024-03-31,FALABELLA,hipotecario,4.000000
2024-03-31,FALABELLA,microempresas,65.000000
2024-03-31,FALABELLA,pequenas_empresas,69.000000
2024-03-31,GNB,consumo,41121.000000
2024-03-31,GNB,corporativo,37.000000
2024-03-31,GNB,grandes_empresas,98.000000
2024-03-31,GNB,hipotecario,5578.000000
2024-03-31,GNB,medianas_empresas,64.000000
2024-03-31,GNB,pequenas_empresas,8.000000
2024-03-31,ICBC,corporativo,33.000000
2024-03-31,ICBC,grandes_empresas,14.000000
2024-03-31,INTERBANK,consumo,1042269.000000
2024-03-31,INTERBANK,corporativo,202.000000
2024-03-31,INTERBANK,grandes_empresas,1000.000000
2024-03-31,INTERBANK,hipotecario,47762.000000
2024-03-31,INTERBANK,medianas_empresas,5120.000000
2024-03-31,INTERBANK,microempresas,3725.000000
2024-03-31,INTERBANK,pequenas_empresas,15441.000000
2024-03-31,MIBANCO,consumo,90776.000000
2024-03-31,MIBANCO,hipotecario,5086.000000
2024-03-31,MIBANCO,medianas_empresas,3858.000000
2024-03-31,MIBANCO,microempresas,501581.000000
2024-03-31,MIBANCO,pequenas_empresas,225250.000000
2024-03-31,PICHINCHA,consumo,344470.000000
2024-03-31,PICHINCHA,corporativo,60.000000
2024-03-31,PICHINCHA,grandes_empresas,479.000000
2024-03-31,PICHINCHA,hipotecario,13093.000000
2024-03-31,PICHINCHA,medianas_empresas,881.000000
2024-03-31,PICHINCHA,microempresas,2148.000000
2024-03-31,PICHINCHA,pequenas_empresas,7659.000000
2024-03-31,RIPLEY,consumo,382408.000000
2024-03-31,SANTANDER,consumo,506.000000
2024-03-31,SANTANDER,corporativo,121.000000
2024-03-31,SANTANDER,grandes_empresas,248.000000
2024-03-31,SANTANDER,medianas_empresas,80.000000
2024-03-31,SANTANDER,pequenas_empresas,3.000000
2024-03-31,SCOTIABANK,consumo,462307.000000
2024-03-31,SCOTIABANK,corporativo,261.000000
2024-03-31,SCOTIABANK,grandes_empresas,1028.000000
2024-03-31,SCOTIABANK,hipotecario,37741.000000
2024-03-31,SCOTIABANK,medianas_empresas,14317.000000
2024-03-31,SCOTIABANK,microempresas,2062.000000
2024-03-31,SCOTIABANK,pequenas_empresas,20853.000000
2024-04-30,ALFIN,consumo,85887.000000
2024-04-30,ALFIN,grandes_empresas,4.000000
2024-04-30,ALFIN,hipotecario,1.000000
2024-04-30,ALFIN,medianas_empresas,12.000000
2024-04-30,ALFIN,microempresas,234.000000
2024-04-30,ALFIN,pequenas_empresas,209.000000
2024-04-30,BANCOM,consumo,43247.000000
2024-04-30,BANCOM,corporativo,7.000000
2024-04-30,BANCOM,grandes_empresas,67.000000
2024-04-30,BANCOM,hipotecario,1163.000000
2024-04-30,BANCOM,medianas_empresas,160.000000
2024-04-30,BANCOM,microempresas,30.000000
2024-04-30,BANCOM,pequenas_empresas,25.000000
2024-04-30,BANK_OF_CHINA,corporativo,8.000000
2024-04-30,BANK_OF_CHINA,grandes_empresas,1.000000
2024-04-30,BBVA,consumo,831478.000000
2024-04-30,BBVA,corporativo,230.000000
2024-04-30,BBVA,grandes_empresas,2105.000000
2024-04-30,BBVA,hipotecario,54368.000000
2024-04-30,BBVA,medianas_empresas,23747.000000
2024-04-30,BBVA,microempresas,6402.000000
2024-04-30,BBVA,pequenas_empresas,39203.000000
2024-04-30,BCI,corporativo,25.000000
2024-04-30,BCI,grandes_empresas,16.000000
2024-04-30,BCP,consumo,1337687.000000
2024-04-30,BCP,corporativo,698.000000
2024-04-30,BCP,grandes_empresas,2719.000000
2024-04-30,BCP,hipotecario,78393.000000
2024-04-30,BCP,medianas_empresas,32108.000000
2024-04-30,BCP,microempresas,61460.000000
2024-04-30,BCP,pequenas_empresas,87888.000000
2024-04-30,BIF,consumo,91058.000000
2024-04-30,BIF,corporativo,144.000000
2024-04-30,BIF,grandes_empresas,808.000000
2024-04-30,BIF,hipotecario,17352.000000
2024-04-30,BIF,medianas_empresas,1556.000000
2024-04-30,BIF,microempresas,656.000000
2024-04-30,BIF,pequenas_empresas,363.000000
2024-04-30,CITIBANK,corporativo,38.000000
2024-04-30,CITIBANK,grandes_empresas,96.000000
2024-04-30,CITIBANK,medianas_empresas,14.000000
2024-04-30,CITIBANK,microempresas,10.000000
2024-04-30,CITIBANK,pequenas_empresas,8.000000
2024-04-30,FALABELLA,consumo,955146.000000
2024-04-30,FALABELLA,hipotecario,4.000000
2024-04-30,FALABELLA,microempresas,72.000000
2024-04-30,FALABELLA,pequenas_empresas,70.000000
2024-04-30,GNB,consumo,41307.000000
2024-04-30,GNB,corporativo,39.000000
2024-04-30,GNB,grandes_empresas,97.000000
2024-04-30,GNB,hipotecario,5546.000000
2024-04-30,GNB,medianas_empresas,62.000000
2024-04-30,GNB,pequenas_empresas,8.000000
2024-04-30,ICBC,corporativo,35.000000
2024-04-30,ICBC,grandes_empresas,14.000000
2024-04-30,INTERBANK,consumo,1035054.000000
2024-04-30,INTERBANK,corporativo,203.000000
2024-04-30,INTERBANK,grandes_empresas,1016.000000
2024-04-30,INTERBANK,hipotecario,47936.000000
2024-04-30,INTERBANK,medianas_empresas,5020.000000
2024-04-30,INTERBANK,microempresas,3782.000000
2024-04-30,INTERBANK,pequenas_empresas,15222.000000
2024-04-30,MIBANCO,consumo,91396.000000
2024-04-30,MIBANCO,hipotecario,5056.000000
2024-04-30,MIBANCO,medianas_empresas,3822.000000
2024-04-30,MIBANCO,microempresas,501728.000000
2024-04-30,MIBANCO,pequenas_empresas,224474.000000
2024-04-30,PICHINCHA,consumo,336525.000000
2024-04-30,PICHINCHA,corporativo,61.000000
2024-04-30,PICHINCHA,grandes_empresas,481.000000
2024-04-30,PICHINCHA,hipotecario,13109.000000
2024-04-30,PICHINCHA,medianas_empresas,836.000000
2024-04-30,PICHINCHA,microempresas,1936.000000
2024-04-30,PICHINCHA,pequenas_empresas,7189.000000
2024-04-30,RIPLEY,consumo,375818.000000
2024-04-30,SANTANDER,consumo,498.000000
2024-04-30,SANTANDER,corporativo,120.000000
2024-04-30,SANTANDER,grandes_empresas,249.000000
2024-04-30,SANTANDER,medianas_empresas,81.000000
2024-04-30,SANTANDER,pequenas_empresas,3.000000
2024-04-30,SCOTIABANK,consumo,459588.000000
2024-04-30,SCOTIABANK,corporativo,263.000000
2024-04-30,SCOTIABANK,grandes_empresas,1046.000000
2024-04-30,SCOTIABANK,hipotecario,37684.000000
2024-04-30,SCOTIABANK,medianas_empresas,14200.000000
2024-04-30,SCOTIABANK,microempresas,2095.000000
2024-04-30,SCOTIABANK,pequenas_empresas,20865.000000
2024-05-31,ALFIN,consumo,84685.000000
2024-05-31,ALFIN,grandes_empresas,4.000000
2024-05-31,ALFIN,hipotecario,1.000000
2024-05-31,ALFIN,medianas_empresas,12.000000
2024-05-31,ALFIN,microempresas,231.000000
2024-05-31,ALFIN,pequenas_empresas,217.000000
2024-05-31,BANCOM,consumo,43111.000000
2024-05-31,BANCOM,corporativo,6.000000
2024-05-31,BANCOM,grandes_empresas,68.000000
2024-05-31,BANCOM,hipotecario,1160.000000
2024-05-31,BANCOM,medianas_empresas,158.000000
2024-05-31,BANCOM,microempresas,32.000000
2024-05-31,BANCOM,pequenas_empresas,30.000000
2024-05-31,BANK_OF_CHINA,corporativo,8.000000
2024-05-31,BANK_OF_CHINA,grandes_empresas,1.000000
2024-05-31,BBVA,consumo,827981.000000
2024-05-31,BBVA,corporativo,223.000000
2024-05-31,BBVA,grandes_empresas,2146.000000
2024-05-31,BBVA,hipotecario,54697.000000
2024-05-31,BBVA,medianas_empresas,23896.000000
2024-05-31,BBVA,microempresas,6467.000000
2024-05-31,BBVA,pequenas_empresas,38156.000000
2024-05-31,BCI,corporativo,31.000000
2024-05-31,BCI,grandes_empresas,19.000000
2024-05-31,BCP,consumo,1318709.000000
2024-05-31,BCP,corporativo,707.000000
2024-05-31,BCP,grandes_empresas,2719.000000
2024-05-31,BCP,hipotecario,78563.000000
2024-05-31,BCP,medianas_empresas,31621.000000
2024-05-31,BCP,microempresas,63489.000000
2024-05-31,BCP,pequenas_empresas,88699.000000
2024-05-31,BIF,consumo,91717.000000
2024-05-31,BIF,corporativo,143.000000
2024-05-31,BIF,grandes_empresas,821.000000
2024-05-31,BIF,hipotecario,17378.000000
2024-05-31,BIF,medianas_empresas,1488.000000
2024-05-31,BIF,microempresas,583.000000
2024-05-31,BIF,pequenas_empresas,366.000000
2024-05-31,CITIBANK,corporativo,39.000000
2024-05-31,CITIBANK,grandes_empresas,95.000000
2024-05-31,CITIBANK,medianas_empresas,14.000000
2024-05-31,CITIBANK,microempresas,10.000000
2024-05-31,CITIBANK,pequenas_empresas,9.000000
2024-05-31,FALABELLA,consumo,953750.000000
2024-05-31,FALABELLA,hipotecario,4.000000
2024-05-31,FALABELLA,medianas_empresas,1.000000
2024-05-31,FALABELLA,microempresas,78.000000
2024-05-31,FALABELLA,pequenas_empresas,68.000000
2024-05-31,GNB,consumo,41048.000000
2024-05-31,GNB,corporativo,41.000000
2024-05-31,GNB,grandes_empresas,97.000000
2024-05-31,GNB,hipotecario,5513.000000
2024-05-31,GNB,medianas_empresas,63.000000
2024-05-31,GNB,pequenas_empresas,8.000000
2024-05-31,ICBC,corporativo,35.000000
2024-05-31,ICBC,grandes_empresas,13.000000
2024-05-31,ICBC,medianas_empresas,1.000000
2024-05-31,INTERBANK,consumo,1023814.000000
2024-05-31,INTERBANK,corporativo,208.000000
2024-05-31,INTERBANK,grandes_empresas,1050.000000
2024-05-31,INTERBANK,hipotecario,48046.000000
2024-05-31,INTERBANK,medianas_empresas,4897.000000
2024-05-31,INTERBANK,microempresas,4049.000000
2024-05-31,INTERBANK,pequenas_empresas,15478.000000
2024-05-31,MIBANCO,consumo,92164.000000
2024-05-31,MIBANCO,hipotecario,5020.000000
2024-05-31,MIBANCO,medianas_empresas,3751.000000
2024-05-31,MIBANCO,microempresas,505142.000000
2024-05-31,MIBANCO,pequenas_empresas,225024.000000
2024-05-31,PICHINCHA,consumo,324042.000000
2024-05-31,PICHINCHA,corporativo,20.000000
2024-05-31,PICHINCHA,grandes_empresas,528.000000
2024-05-31,PICHINCHA,hipotecario,13126.000000
2024-05-31,PICHINCHA,medianas_empresas,775.000000
2024-05-31,PICHINCHA,microempresas,1745.000000
2024-05-31,PICHINCHA,pequenas_empresas,6766.000000
2024-05-31,RIPLEY,consumo,378322.000000
2024-05-31,SANTANDER,consumo,487.000000
2024-05-31,SANTANDER,corporativo,120.000000
2024-05-31,SANTANDER,grandes_empresas,253.000000
2024-05-31,SANTANDER,medianas_empresas,81.000000
2024-05-31,SANTANDER,pequenas_empresas,2.000000
2024-05-31,SCOTIABANK,consumo,458540.000000
2024-05-31,SCOTIABANK,corporativo,260.000000
2024-05-31,SCOTIABANK,grandes_empresas,1045.000000
2024-05-31,SCOTIABANK,hipotecario,37664.000000
2024-05-31,SCOTIABANK,medianas_empresas,14084.000000
2024-05-31,SCOTIABANK,microempresas,2129.000000
2024-05-31,SCOTIABANK,pequenas_empresas,20835.000000
2024-06-30,ALFIN,consumo,79952.000000
2024-06-30,ALFIN,grandes_empresas,4.000000
2024-06-30,ALFIN,hipotecario,1.000000
2024-06-30,ALFIN,medianas_empresas,19.000000
2024-06-30,ALFIN,microempresas,237.000000
2024-06-30,ALFIN,pequenas_empresas,225.000000
2024-06-30,BANCOM,consumo,42734.000000
2024-06-30,BANCOM,corporativo,7.000000
2024-06-30,BANCOM,grandes_empresas,67.000000
2024-06-30,BANCOM,hipotecario,1161.000000
2024-06-30,BANCOM,medianas_empresas,160.000000
2024-06-30,BANCOM,microempresas,33.000000
2024-06-30,BANCOM,pequenas_empresas,31.000000
2024-06-30,BANK_OF_CHINA,corporativo,8.000000
2024-06-30,BBVA,consumo,821348.000000
2024-06-30,BBVA,corporativo,240.000000
2024-06-30,BBVA,grandes_empresas,2161.000000
2024-06-30,BBVA,hipotecario,55029.000000
2024-06-30,BBVA,medianas_empresas,24106.000000
2024-06-30,BBVA,microempresas,6413.000000
2024-06-30,BBVA,pequenas_empresas,37211.000000
2024-06-30,BCI,corporativo,34.000000
2024-06-30,BCI,grandes_empresas,18.000000
2024-06-30,BCP,consumo,1456753.000000
2024-06-30,BCP,corporativo,700.000000
2024-06-30,BCP,grandes_empresas,2725.000000
2024-06-30,BCP,hipotecario,78796.000000
2024-06-30,BCP,medianas_empresas,31281.000000
2024-06-30,BCP,microempresas,65177.000000
2024-06-30,BCP,pequenas_empresas,89643.000000
2024-06-30,BIF,consumo,91851.000000
2024-06-30,BIF,corporativo,151.000000
2024-06-30,BIF,grandes_empresas,826.000000
2024-06-30,BIF,hipotecario,17438.000000
2024-06-30,BIF,medianas_empresas,1494.000000
2024-06-30,BIF,microempresas,625.000000
2024-06-30,BIF,pequenas_empresas,401.000000
2024-06-30,CITIBANK,corporativo,42.000000
2024-06-30,CITIBANK,grandes_empresas,103.000000
2024-06-30,CITIBANK,medianas_empresas,13.000000
2024-06-30,CITIBANK,microempresas,10.000000
2024-06-30,CITIBANK,pequenas_empresas,9.000000
2024-06-30,FALABELLA,consumo,953100.000000
2024-06-30,FALABELLA,hipotecario,4.000000
2024-06-30,FALABELLA,medianas_empresas,1.000000
2024-06-30,FALABELLA,microempresas,77.000000
2024-06-30,FALABELLA,pequenas_empresas,75.000000
2024-06-30,GNB,consumo,40709.000000
2024-06-30,GNB,corporativo,42.000000
2024-06-30,GNB,grandes_empresas,102.000000
2024-06-30,GNB,hipotecario,5492.000000
2024-06-30,GNB,medianas_empresas,64.000000
2024-06-30,GNB,pequenas_empresas,8.000000
2024-06-30,ICBC,corporativo,37.000000
2024-06-30,ICBC,grandes_empresas,16.000000
2024-06-30,ICBC,medianas_empresas,1.000000
2024-06-30,INTERBANK,consumo,1012689.000000
2024-06-30,INTERBANK,corporativo,217.000000
2024-06-30,INTERBANK,grandes_empresas,1079.000000
2024-06-30,INTERBANK,hipotecario,48184.000000
2024-06-30,INTERBANK,medianas_empresas,4792.000000
2024-06-30,INTERBANK,microempresas,4140.000000
2024-06-30,INTERBANK,pequenas_empresas,15691.000000
2024-06-30,MIBANCO,consumo,91616.000000
2024-06-30,MIBANCO,hipotecario,4957.000000
2024-06-30,MIBANCO,medianas_empresas,3656.000000
2024-06-30,MIBANCO,microempresas,506099.000000
2024-06-30,MIBANCO,pequenas_empresas,223322.000000
2024-06-30,PICHINCHA,consumo,318129.000000
2024-06-30,PICHINCHA,corporativo,35.000000
2024-06-30,PICHINCHA,grandes_empresas,518.000000
2024-06-30,PICHINCHA,hipotecario,13151.000000
2024-06-30,PICHINCHA,medianas_empresas,750.000000
2024-06-30,PICHINCHA,microempresas,1662.000000
2024-06-30,PICHINCHA,pequenas_empresas,6445.000000
2024-06-30,RIPLEY,consumo,379050.000000
2024-06-30,SANTANDER,consumo,2009.000000
2024-06-30,SANTANDER,corporativo,121.000000
2024-06-30,SANTANDER,grandes_empresas,251.000000
2024-06-30,SANTANDER,medianas_empresas,79.000000
2024-06-30,SANTANDER,pequenas_empresas,2.000000
2024-06-30,SCOTIABANK,consumo,458519.000000
2024-06-30,SCOTIABANK,corporativo,268.000000
2024-06-30,SCOTIABANK,grandes_empresas,1043.000000
2024-06-30,SCOTIABANK,hipotecario,37705.000000
2024-06-30,SCOTIABANK,medianas_empresas,13932.000000
2024-06-30,SCOTIABANK,microempresas,2166.000000
2024-06-30,SCOTIABANK,pequenas_empresas,20739.000000
2024-07-31,ALFIN,consumo,74883.000000
2024-07-31,ALFIN,corporativo,1.000000
2024-07-31,ALFIN,grandes_empresas,3.000000
2024-07-31,ALFIN,hipotecario,1.000000
2024-07-31,ALFIN,medianas_empresas,21.000000
2024-07-31,ALFIN,microempresas,237.000000
2024-07-31,ALFIN,pequenas_empresas,226.000000
2024-07-31,BANCOM,consumo,42652.000000
2024-07-31,BANCOM,corporativo,7.000000
2024-07-31,BANCOM,grandes_empresas,65.000000
2024-07-31,BANCOM,hipotecario,1198.000000
2024-07-31,BANCOM,medianas_empresas,161.000000
2024-07-31,BANCOM,microempresas,37.000000
2024-07-31,BANCOM,pequenas_empresas,35.000000
2024-07-31,BANK_OF_CHINA,corporativo,8.000000
2024-07-31,BBVA,consumo,810942.000000
2024-07-31,BBVA,corporativo,245.000000
2024-07-31,BBVA,grandes_empresas,2157.000000
2024-07-31,BBVA,hipotecario,55207.000000
2024-07-31,BBVA,medianas_empresas,23829.000000
2024-07-31,BBVA,microempresas,6850.000000
2024-07-31,BBVA,pequenas_empresas,35903.000000
2024-07-31,BCI,corporativo,41.000000
2024-07-31,BCI,grandes_empresas,19.000000
2024-07-31,BCP,consumo,1482668.000000
2024-07-31,BCP,corporativo,671.000000
2024-07-31,BCP,grandes_empresas,2937.000000
2024-07-31,BCP,hipotecario,79001.000000
2024-07-31,BCP,medianas_empresas,30803.000000
2024-07-31,BCP,microempresas,62628.000000
2024-07-31,BCP,pequenas_empresas,88547.000000
2024-07-31,BIF,consumo,91435.000000
2024-07-31,BIF,corporativo,148.000000
2024-07-31,BIF,grandes_empresas,826.000000
2024-07-31,BIF,hipotecario,17465.000000
2024-07-31,BIF,medianas_empresas,1470.000000
2024-07-31,BIF,microempresas,643.000000
2024-07-31,BIF,pequenas_empresas,399.000000
2024-07-31,CITIBANK,corporativo,36.000000
2024-07-31,CITIBANK,grandes_empresas,104.000000
2024-07-31,CITIBANK,medianas_empresas,11.000000
2024-07-31,CITIBANK,microempresas,8.000000
2024-07-31,CITIBANK,pequenas_empresas,10.000000
2024-07-31,FALABELLA,consumo,945948.000000
2024-07-31,FALABELLA,hipotecario,3.000000
2024-07-31,FALABELLA,medianas_empresas,1.000000
2024-07-31,FALABELLA,microempresas,73.000000
2024-07-31,FALABELLA,pequenas_empresas,76.000000
2024-07-31,GNB,consumo,40261.000000
2024-07-31,GNB,corporativo,44.000000
2024-07-31,GNB,grandes_empresas,106.000000
2024-07-31,GNB,hipotecario,5451.000000
2024-07-31,GNB,medianas_empresas,62.000000
2024-07-31,GNB,pequenas_empresas,9.000000
2024-07-31,ICBC,corporativo,41.000000
2024-07-31,ICBC,grandes_empresas,16.000000
2024-07-31,INTERBANK,consumo,1004460.000000
2024-07-31,INTERBANK,corporativo,219.000000
2024-07-31,INTERBANK,grandes_empresas,1089.000000
2024-07-31,INTERBANK,hipotecario,48376.000000
2024-07-31,INTERBANK,medianas_empresas,4628.000000
2024-07-31,INTERBANK,microempresas,4113.000000
2024-07-31,INTERBANK,pequenas_empresas,15669.000000
2024-07-31,MIBANCO,consumo,89925.000000
2024-07-31,MIBANCO,hipotecario,4899.000000
2024-07-31,MIBANCO,medianas_empresas,3588.000000
2024-07-31,MIBANCO,microempresas,503975.000000
2024-07-31,MIBANCO,pequenas_empresas,220275.000000
2024-07-31,PICHINCHA,consumo,308974.000000
2024-07-31,PICHINCHA,corporativo,40.000000
2024-07-31,PICHINCHA,grandes_empresas,495.000000
2024-07-31,PICHINCHA,hipotecario,13178.000000
2024-07-31,PICHINCHA,medianas_empresas,726.000000
2024-07-31,PICHINCHA,microempresas,1433.000000
2024-07-31,PICHINCHA,pequenas_empresas,5978.000000
2024-07-31,RIPLEY,consumo,373126.000000
2024-07-31,SANTANDER,consumo,1962.000000
2024-07-31,SANTANDER,corporativo,116.000000
2024-07-31,SANTANDER,grandes_empresas,251.000000
2024-07-31,SANTANDER,medianas_empresas,79.000000
2024-07-31,SANTANDER,pequenas_empresas,2.000000
2024-07-31,SCOTIABANK,consumo,449540.000000
2024-07-31,SCOTIABANK,corporativo,271.000000
2024-07-31,SCOTIABANK,grandes_empresas,1071.000000
2024-07-31,SCOTIABANK,hipotecario,37654.000000
2024-07-31,SCOTIABANK,medianas_empresas,13677.000000
2024-07-31,SCOTIABANK,microempresas,2127.000000
2024-07-31,SCOTIABANK,pequenas_empresas,20550.000000
2024-08-31,ALFIN,consumo,69553.000000
2024-08-31,ALFIN,corporativo,2.000000
2024-08-31,ALFIN,grandes_empresas,7.000000
2024-08-31,ALFIN,hipotecario,1.000000
2024-08-31,ALFIN,medianas_empresas,27.000000
2024-08-31,ALFIN,microempresas,251.000000
2024-08-31,ALFIN,pequenas_empresas,208.000000
2024-08-31,BANCOM,consumo,42200.000000
2024-08-31,BANCOM,corporativo,7.000000
2024-08-31,BANCOM,grandes_empresas,63.000000
2024-08-31,BANCOM,hipotecario,1187.000000
2024-08-31,BANCOM,medianas_empresas,160.000000
2024-08-31,BANCOM,microempresas,34.000000
2024-08-31,BANCOM,pequenas_empresas,33.000000
2024-08-31,BANK_OF_CHINA,corporativo,9.000000
2024-08-31,BBVA,consumo,805329.000000
2024-08-31,BBVA,corporativo,238.000000
2024-08-31,BBVA,grandes_empresas,2152.000000
2024-08-31,BBVA,hipotecario,55569.000000
2024-08-31,BBVA,medianas_empresas,23565.000000
2024-08-31,BBVA,microempresas,6533.000000
2024-08-31,BBVA,pequenas_empresas,34803.000000
2024-08-31,BCI,corporativo,38.000000
2024-08-31,BCI,grandes_empresas,16.000000
2024-08-31,BCP,consumo,1539988.000000
2024-08-31,BCP,corporativo,681.000000
2024-08-31,BCP,grandes_empresas,2929.000000
2024-08-31,BCP,hipotecario,79057.000000
2024-08-31,BCP,medianas_empresas,30638.000000
2024-08-31,BCP,microempresas,63882.000000
2024-08-31,BCP,pequenas_empresas,88042.000000
2024-08-31,BIF,consumo,90950.000000
2024-08-31,BIF,corporativo,150.000000
2024-08-31,BIF,grandes_empresas,822.000000
2024-08-31,BIF,hipotecario,17518.000000
2024-08-31,BIF,medianas_empresas,1488.000000
2024-08-31,BIF,microempresas,644.000000
2024-08-31,BIF,pequenas_empresas,396.000000
2024-08-31,CITIBANK,corporativo,36.000000
2024-08-31,CITIBANK,grandes_empresas,100.000000
2024-08-31,CITIBANK,medianas_empresas,10.000000
2024-08-31,CITIBANK,microempresas,8.000000
2024-08-31,CITIBANK,pequenas_empresas,10.000000
2024-08-31,FALABELLA,consumo,933981.000000
2024-08-31,FALABELLA,hipotecario,3.000000
2024-08-31,FALABELLA,medianas_empresas,1.000000
2024-08-31,FALABELLA,microempresas,76.000000
2024-08-31,FALABELLA,pequenas_empresas,76.000000
2024-08-31,GNB,consumo,39863.000000
2024-08-31,GNB,corporativo,48.000000
2024-08-31,GNB,grandes_empresas,107.000000
2024-08-31,GNB,hipotecario,5414.000000
2024-08-31,GNB,medianas_empresas,61.000000
2024-08-31,GNB,pequenas_empresas,9.000000
2024-08-31,ICBC,corporativo,40.000000
2024-08-31,ICBC,grandes_empresas,15.000000
2024-08-31,INTERBANK,consumo,1000239.000000
2024-08-31,INTERBANK,corporativo,222.000000
2024-08-31,INTERBANK,grandes_empresas,1088.000000
2024-08-31,INTERBANK,hipotecario,48502.000000
2024-08-31,INTERBANK,medianas_empresas,4509.000000
2024-08-31,INTERBANK,microempresas,3537.000000
2024-08-31,INTERBANK,pequenas_empresas,15472.000000
2024-08-31,MIBANCO,consumo,90213.000000
2024-08-31,MIBANCO,hipotecario,4840.000000
2024-08-31,MIBANCO,medianas_empresas,3514.000000
2024-08-31,MIBANCO,microempresas,507259.000000
2024-08-31,MIBANCO,pequenas_empresas,218388.000000
2024-08-31,PICHINCHA,consumo,303110.000000
2024-08-31,PICHINCHA,corporativo,46.000000
2024-08-31,PICHINCHA,grandes_empresas,492.000000
2024-08-31,PICHINCHA,hipotecario,13202.000000
2024-08-31,PICHINCHA,medianas_empresas,700.000000
2024-08-31,PICHINCHA,microempresas,1343.000000
2024-08-31,PICHINCHA,pequenas_empresas,5648.000000
2024-08-31,RIPLEY,consumo,366883.000000
2024-08-31,SANTANDER,consumo,1918.000000
2024-08-31,SANTANDER,corporativo,119.000000
2024-08-31,SANTANDER,grandes_empresas,250.000000
2024-08-31,SANTANDER,medianas_empresas,78.000000
2024-08-31,SANTANDER,pequenas_empresas,2.000000
2024-08-31,SCOTIABANK,consumo,448455.000000
2024-08-31,SCOTIABANK,corporativo,269.000000
2024-08-31,SCOTIABANK,grandes_empresas,1076.000000
2024-08-31,SCOTIABANK,hipotecario,37602.000000
2024-08-31,SCOTIABANK,medianas_empresas,13521.000000
2024-08-31,SCOTIABANK,microempresas,2131.000000
2024-08-31,SCOTIABANK,pequenas_empresas,20397.000000
2024-09-30,ALFIN,consumo,67562.000000
2024-09-30,ALFIN,corporativo,2.000000
2024-09-30,ALFIN,grandes_empresas,7.000000
2024-09-30,ALFIN,hipotecario,1.000000
2024-09-30,ALFIN,medianas_empresas,31.000000
2024-09-30,ALFIN,microempresas,251.000000
2024-09-30,ALFIN,pequenas_empresas,207.000000
2024-09-30,BANCOM,consumo,42100.000000
2024-09-30,BANCOM,corporativo,8.000000
2024-09-30,BANCOM,grandes_empresas,64.000000
2024-09-30,BANCOM,hipotecario,1184.000000
2024-09-30,BANCOM,medianas_empresas,162.000000
2024-09-30,BANCOM,microempresas,34.000000
2024-09-30,BANCOM,pequenas_empresas,33.000000
2024-09-30,BANK_OF_CHINA,corporativo,10.000000
2024-09-30,BANK_OF_CHINA,grandes_empresas,1.000000
2024-09-30,BBVA,consumo,803181.000000
2024-09-30,BBVA,corporativo,244.000000
2024-09-30,BBVA,grandes_empresas,2179.000000
2024-09-30,BBVA,hipotecario,55934.000000
2024-09-30,BBVA,medianas_empresas,23306.000000
2024-09-30,BBVA,microempresas,6590.000000
2024-09-30,BBVA,pequenas_empresas,33438.000000
2024-09-30,BCI,corporativo,39.000000
2024-09-30,BCI,grandes_empresas,14.000000
2024-09-30,BCP,consumo,1528396.000000
2024-09-30,BCP,corporativo,700.000000
2024-09-30,BCP,grandes_empresas,2920.000000
2024-09-30,BCP,hipotecario,79327.000000
2024-09-30,BCP,medianas_empresas,30383.000000
2024-09-30,BCP,microempresas,60042.000000
2024-09-30,BCP,pequenas_empresas,87258.000000
2024-09-30,BIF,consumo,90437.000000
2024-09-30,BIF,corporativo,152.000000
2024-09-30,BIF,grandes_empresas,818.000000
2024-09-30,BIF,hipotecario,17523.000000
2024-09-30,BIF,medianas_empresas,1451.000000
2024-09-30,BIF,microempresas,684.000000
2024-09-30,BIF,pequenas_empresas,381.000000
2024-09-30,CITIBANK,corporativo,35.000000
2024-09-30,CITIBANK,grandes_empresas,98.000000
2024-09-30,CITIBANK,medianas_empresas,12.000000
2024-09-30,CITIBANK,microempresas,7.000000
2024-09-30,CITIBANK,pequenas_empresas,10.000000
2024-09-30,FALABELLA,consumo,932027.000000
2024-09-30,FALABELLA,hipotecario,3.000000
2024-09-30,FALABELLA,medianas_empresas,1.000000
2024-09-30,FALABELLA,microempresas,78.000000
2024-09-30,FALABELLA,pequenas_empresas,76.000000
2024-09-30,GNB,consumo,40280.000000
2024-09-30,GNB,corporativo,50.000000
2024-09-30,GNB,grandes_empresas,106.000000
2024-09-30,GNB,hipotecario,5629.000000
2024-09-30,GNB,medianas_empresas,61.000000
2024-09-30,GNB,pequenas_empresas,8.000000
2024-09-30,ICBC,corporativo,40.000000
2024-09-30,ICBC,grandes_empresas,15.000000
2024-09-30,INTERBANK,consumo,1003233.000000
2024-09-30,INTERBANK,corporativo,220.000000
2024-09-30,INTERBANK,grandes_empresas,1088.000000
2024-09-30,INTERBANK,hipotecario,48634.000000
2024-09-30,INTERBANK,medianas_empresas,4529.000000
2024-09-30,INTERBANK,microempresas,3180.000000
2024-09-30,INTERBANK,pequenas_empresas,15497.000000
2024-09-30,MIBANCO,consumo,90171.000000
2024-09-30,MIBANCO,hipotecario,4774.000000
2024-09-30,MIBANCO,medianas_empresas,3443.000000
2024-09-30,MIBANCO,microempresas,509646.000000
2024-09-30,MIBANCO,pequenas_empresas,216827.000000
2024-09-30,PICHINCHA,consumo,303798.000000
2024-09-30,PICHINCHA,corporativo,53.000000
2024-09-30,PICHINCHA,grandes_empresas,489.000000
2024-09-30,PICHINCHA,hipotecario,13209.000000
2024-09-30,PICHINCHA,medianas_empresas,658.000000
2024-09-30,PICHINCHA,microempresas,1323.000000
2024-09-30,PICHINCHA,pequenas_empresas,5410.000000
2024-09-30,RIPLEY,consumo,363302.000000
2024-09-30,SANTANDER,consumo,1896.000000
2024-09-30,SANTANDER,corporativo,120.000000
2024-09-30,SANTANDER,grandes_empresas,250.000000
2024-09-30,SANTANDER,medianas_empresas,73.000000
2024-09-30,SANTANDER,pequenas_empresas,2.000000
2024-09-30,SCOTIABANK,consumo,444131.000000
2024-09-30,SCOTIABANK,corporativo,261.000000
2024-09-30,SCOTIABANK,grandes_empresas,1089.000000
2024-09-30,SCOTIABANK,hipotecario,37600.000000
2024-09-30,SCOTIABANK,medianas_empresas,13357.000000
2024-09-30,SCOTIABANK,microempresas,2082.000000
2024-09-30,SCOTIABANK,pequenas_empresas,20271.000000
2024-10-31,ALFIN,consumo,66853.000000
2024-10-31,ALFIN,corporativo,5.000000
2024-10-31,ALFIN,grandes_empresas,10.000000
2024-10-31,ALFIN,medianas_empresas,14.000000
2024-10-31,ALFIN,microempresas,294.000000
2024-10-31,ALFIN,pequenas_empresas,180.000000
2024-10-31,BANCOM,consumo,42424.000000
2024-10-31,BANCOM,corporativo,10.000000
2024-10-31,BANCOM,grandes_empresas,56.000000
2024-10-31,BANCOM,hipotecario,1202.000000
2024-10-31,BANCOM,medianas_empresas,78.000000
2024-10-31,BANCOM,microempresas,33.000000
2024-10-31,BANCOM,pequenas_empresas,116.000000
2024-10-31,BANK_OF_CHINA,corporativo,10.000000
2024-10-31,BBVA,consumo,806543.000000
2024-10-31,BBVA,corporativo,592.000000
2024-10-31,BBVA,grandes_empresas,2467.000000
2024-10-31,BBVA,hipotecario,56489.000000
2024-10-31,BBVA,medianas_empresas,10435.000000
2024-10-31,BBVA,microempresas,5765.000000
2024-10-31,BBVA,pequenas_empresas,44115.000000
2024-10-31,BCI,corporativo,47.000000
2024-10-31,BCI,grandes_empresas,12.000000
2024-10-31,BCP,consumo,1672528.000000
2024-10-31,BCP,corporativo,1396.000000
2024-10-31,BCP,grandes_empresas,3427.000000
2024-10-31,BCP,hipotecario,79589.000000
2024-10-31,BCP,medianas_empresas,2582.000000
2024-10-31,BCP,microempresas,62480.000000
2024-10-31,BCP,pequenas_empresas,111679.000000
2024-10-31,BIF,consumo,90765.000000
2024-10-31,BIF,corporativo,268.000000
2024-10-31,BIF,grandes_empresas,666.000000
2024-10-31,BIF,hipotecario,17594.000000
2024-10-31,BIF,medianas_empresas,827.000000
2024-10-31,BIF,microempresas,595.000000
2024-10-31,BIF,pequenas_empresas,1239.000000
2024-10-31,CITIBANK,corporativo,36.000000
2024-10-31,CITIBANK,grandes_empresas,100.000000
2024-10-31,CITIBANK,medianas_empresas,13.000000
2024-10-31,CITIBANK,microempresas,6.000000
2024-10-31,CITIBANK,pequenas_empresas,10.000000
2024-10-31,FALABELLA,consumo,929495.000000
2024-10-31,FALABELLA,hipotecario,3.000000
2024-10-31,FALABELLA,medianas_empresas,1.000000
2024-10-31,FALABELLA,microempresas,63.000000
2024-10-31,FALABELLA,pequenas_empresas,98.000000
2024-10-31,GNB,consumo,40796.000000
2024-10-31,GNB,corporativo,76.000000
2024-10-31,GNB,grandes_empresas,81.000000
2024-10-31,GNB,hipotecario,5597.000000
2024-10-31,GNB,medianas_empresas,50.000000
2024-10-31,GNB,pequenas_empresas,12.000000
2024-10-31,ICBC,corporativo,44.000000
2024-10-31,ICBC,grandes_empresas,9.000000
2024-10-31,INTERBANK,consumo,1006801.000000
2024-10-31,INTERBANK,corporativo,444.000000
2024-10-31,INTERBANK,grandes_empresas,1012.000000
2024-10-31,INTERBANK,hipotecario,48788.000000
2024-10-31,INTERBANK,medianas_empresas,1513.000000
2024-10-31,INTERBANK,microempresas,1628.000000
2024-10-31,INTERBANK,pequenas_empresas,19630.000000
2024-10-31,MIBANCO,consumo,90960.000000
2024-10-31,MIBANCO,hipotecario,4739.000000
2024-10-31,MIBANCO,medianas_empresas,34.000000
2024-10-31,MIBANCO,microempresas,516028.000000
2024-10-31,MIBANCO,pequenas_empresas,219987.000000
2024-10-31,PICHINCHA,consumo,298829.000000
2024-10-31,PICHINCHA,corporativo,97.000000
2024-10-31,PICHINCHA,grandes_empresas,381.000000
2024-10-31,PICHINCHA,hipotecario,13252.000000
2024-10-31,PICHINCHA,medianas_empresas,332.000000
2024-10-31,PICHINCHA,microempresas,1076.000000
2024-10-31,PICHINCHA,pequenas_empresas,5169.000000
2024-10-31,RIPLEY,consumo,358751.000000
2024-10-31,SANTANDER,consumo,1851.000000
2024-10-31,SANTANDER,corporativo,181.000000
2024-10-31,SANTANDER,grandes_empresas,203.000000
2024-10-31,SANTANDER,medianas_empresas,61.000000
2024-10-31,SANTANDER,pequenas_empresas,2.000000
2024-10-31,SCOTIABANK,consumo,441797.000000
2024-10-31,SCOTIABANK,corporativo,417.000000
2024-10-31,SCOTIABANK,grandes_empresas,1079.000000
2024-10-31,SCOTIABANK,hipotecario,37595.000000
2024-10-31,SCOTIABANK,medianas_empresas,1708.000000
2024-10-31,SCOTIABANK,microempresas,1799.000000
2024-10-31,SCOTIABANK,pequenas_empresas,31272.000000
2024-11-30,ALFIN,consumo,65084.000000
2024-11-30,ALFIN,corporativo,4.000000
2024-11-30,ALFIN,grandes_empresas,12.000000
2024-11-30,ALFIN,medianas_empresas,16.000000
2024-11-30,ALFIN,microempresas,289.000000
2024-11-30,ALFIN,pequenas_empresas,181.000000
2024-11-30,BANCOM,consumo,42725.000000
2024-11-30,BANCOM,corporativo,11.000000
2024-11-30,BANCOM,grandes_empresas,56.000000
2024-11-30,BANCOM,hipotecario,1202.000000
2024-11-30,BANCOM,medianas_empresas,83.000000
2024-11-30,BANCOM,microempresas,32.000000
2024-11-30,BANCOM,pequenas_empresas,118.000000
2024-11-30,BANK_OF_CHINA,corporativo,11.000000
2024-11-30,BBVA,consumo,808512.000000
2024-11-30,BBVA,corporativo,598.000000
2024-11-30,BBVA,grandes_empresas,2490.000000
2024-11-30,BBVA,hipotecario,56880.000000
2024-11-30,BBVA,medianas_empresas,10277.000000
2024-11-30,BBVA,microempresas,5624.000000
2024-11-30,BBVA,pequenas_empresas,42949.000000
2024-11-30,BCI,corporativo,50.000000
2024-11-30,BCI,grandes_empresas,13.000000
2024-11-30,BCP,consumo,1789142.000000
2024-11-30,BCP,corporativo,1289.000000
2024-11-30,BCP,grandes_empresas,2943.000000
2024-11-30,BCP,hipotecario,79822.000000
2024-11-30,BCP,medianas_empresas,3923.000000
2024-11-30,BCP,microempresas,48435.000000
2024-11-30,BCP,pequenas_empresas,119735.000000
2024-11-30,BIF,consumo,90730.000000
2024-11-30,BIF,corporativo,283.000000
2024-11-30,BIF,grandes_empresas,696.000000
2024-11-30,BIF,hipotecario,17667.000000
2024-11-30,BIF,medianas_empresas,1063.000000
2024-11-30,BIF,microempresas,552.000000
2024-11-30,BIF,pequenas_empresas,1022.000000
2024-11-30,CITIBANK,corporativo,47.000000
2024-11-30,CITIBANK,grandes_empresas,95.000000
2024-11-30,CITIBANK,medianas_empresas,10.000000
2024-11-30,CITIBANK,microempresas,6.000000
2024-11-30,CITIBANK,pequenas_empresas,9.000000
2024-11-30,FALABELLA,consumo,947696.000000
2024-11-30,FALABELLA,hipotecario,3.000000
2024-11-30,FALABELLA,medianas_empresas,1.000000
2024-11-30,FALABELLA,microempresas,65.000000
2024-11-30,FALABELLA,pequenas_empresas,103.000000
2024-11-30,GNB,consumo,40638.000000
2024-11-30,GNB,corporativo,77.000000
2024-11-30,GNB,grandes_empresas,83.000000
2024-11-30,GNB,hipotecario,5567.000000
2024-11-30,GNB,medianas_empresas,53.000000
2024-11-30,GNB,pequenas_empresas,10.000000
2024-11-30,ICBC,corporativo,43.000000
2024-11-30,ICBC,grandes_empresas,10.000000
2024-11-30,INTERBANK,consumo,991100.000000
2024-11-30,INTERBANK,corporativo,443.000000
2024-11-30,INTERBANK,grandes_empresas,1030.000000
2024-11-30,INTERBANK,hipotecario,48930.000000
2024-11-30,INTERBANK,medianas_empresas,1460.000000
2024-11-30,INTERBANK,microempresas,1529.000000
2024-11-30,INTERBANK,pequenas_empresas,19856.000000
2024-11-30,MIBANCO,consumo,91230.000000
2024-11-30,MIBANCO,hipotecario,4671.000000
2024-11-30,MIBANCO,medianas_empresas,34.000000
2024-11-30,MIBANCO,microempresas,522420.000000
2024-11-30,MIBANCO,pequenas_empresas,219625.000000
2024-11-30,PICHINCHA,consumo,296359.000000
2024-11-30,PICHINCHA,corporativo,97.000000
2024-11-30,PICHINCHA,grandes_empresas,381.000000
2024-11-30,PICHINCHA,hipotecario,13271.000000
2024-11-30,PICHINCHA,medianas_empresas,342.000000
2024-11-30,PICHINCHA,microempresas,941.000000
2024-11-30,PICHINCHA,pequenas_empresas,4258.000000
2024-11-30,RIPLEY,consumo,363564.000000
2024-11-30,SANTANDER,consumo,1799.000000
2024-11-30,SANTANDER,corporativo,193.000000
2024-11-30,SANTANDER,grandes_empresas,191.000000
2024-11-30,SANTANDER,medianas_empresas,70.000000
2024-11-30,SANTANDER,pequenas_empresas,2.000000
2024-11-30,SCOTIABANK,consumo,442254.000000
2024-11-30,SCOTIABANK,corporativo,423.000000
2024-11-30,SCOTIABANK,grandes_empresas,1088.000000
2024-11-30,SCOTIABANK,hipotecario,37565.000000
2024-11-30,SCOTIABANK,medianas_empresas,1704.000000
2024-11-30,SCOTIABANK,microempresas,1795.000000
2024-11-30,SCOTIABANK,pequenas_empresas,31086.000000
2024-12-31,ALFIN,consumo,63780.000000
2024-12-31,ALFIN,corporativo,6.000000
2024-12-31,ALFIN,grandes_empresas,18.000000
2024-12-31,ALFIN,medianas_empresas,17.000000
2024-12-31,ALFIN,microempresas,3.000000
2024-12-31,ALFIN,pequenas_empresas,75.000000
2024-12-31,BANCOM,consumo,42162.000000
2024-12-31,BANCOM,corporativo,11.000000
2024-12-31,BANCOM,grandes_empresas,55.000000
2024-12-31,BANCOM,hipotecario,1199.000000
2024-12-31,BANCOM,medianas_empresas,79.000000
2024-12-31,BANCOM,microempresas,35.000000
2024-12-31,BANCOM,pequenas_empresas,111.000000
2024-12-31,BANK_OF_CHINA,corporativo,10.000000
2024-12-31,BBVA,consumo,808908.000000
2024-12-31,BBVA,corporativo,611.000000
2024-12-31,BBVA,grandes_empresas,2517.000000
2024-12-31,BBVA,hipotecario,57117.000000
2024-12-31,BBVA,medianas_empresas,10132.000000
2024-12-31,BBVA,microempresas,6002.000000
2024-12-31,BBVA,pequenas_empresas,41681.000000
2024-12-31,BCI,corporativo,51.000000
2024-12-31,BCI,grandes_empresas,12.000000
2024-12-31,BCP,consumo,1818784.000000
2024-12-31,BCP,corporativo,1249.000000
2024-12-31,BCP,grandes_empresas,2915.000000
2024-12-31,BCP,hipotecario,79929.000000
2024-12-31,BCP,medianas_empresas,4128.000000
2024-12-31,BCP,microempresas,47501.000000
2024-12-31,BCP,pequenas_empresas,118547.000000
2024-12-31,BIF,consumo,90247.000000
2024-12-31,BIF,corporativo,289.000000
2024-12-31,BIF,grandes_empresas,715.000000
2024-12-31,BIF,hipotecario,17689.000000
2024-12-31,BIF,medianas_empresas,1066.000000
2024-12-31,BIF,microempresas,575.000000
2024-12-31,BIF,pequenas_empresas,984.000000
2024-12-31,CITIBANK,corporativo,40.000000
2024-12-31,CITIBANK,grandes_empresas,90.000000
2024-12-31,CITIBANK,medianas_empresas,21.000000
2024-12-31,CITIBANK,microempresas,4.000000
2024-12-31,CITIBANK,pequenas_empresas,8.000000
2024-12-31,FALABELLA,consumo,965326.000000
2024-12-31,FALABELLA,hipotecario,3.000000
2024-12-31,FALABELLA,medianas_empresas,1.000000
2024-12-31,FALABELLA,microempresas,61.000000
2024-12-31,FALABELLA,pequenas_empresas,112.000000
2024-12-31,GNB,consumo,40241.000000
2024-12-31,GNB,corporativo,75.000000
2024-12-31,GNB,grandes_empresas,88.000000
2024-12-31,GNB,hipotecario,5658.000000
2024-12-31,GNB,medianas_empresas,51.000000
2024-12-31,GNB,pequenas_empresas,9.000000
2024-12-31,ICBC,corporativo,38.000000
2024-12-31,ICBC,grandes_empresas,9.000000
2024-12-31,INTERBANK,consumo,988685.000000
2024-12-31,INTERBANK,corporativo,427.000000
2024-12-31,INTERBANK,grandes_empresas,1024.000000
2024-12-31,INTERBANK,hipotecario,49067.000000
2024-12-31,INTERBANK,medianas_empresas,1399.000000
2024-12-31,INTERBANK,microempresas,1281.000000
2024-12-31,INTERBANK,pequenas_empresas,20256.000000
2024-12-31,MIBANCO,consumo,91430.000000
2024-12-31,MIBANCO,hipotecario,4592.000000
2024-12-31,MIBANCO,medianas_empresas,31.000000
2024-12-31,MIBANCO,microempresas,522496.000000
2024-12-31,MIBANCO,pequenas_empresas,218428.000000
2024-12-31,PICHINCHA,consumo,294514.000000
2024-12-31,PICHINCHA,corporativo,97.000000
2024-12-31,PICHINCHA,grandes_empresas,373.000000
2024-12-31,PICHINCHA,hipotecario,13276.000000
2024-12-31,PICHINCHA,medianas_empresas,315.000000
2024-12-31,PICHINCHA,microempresas,899.000000
2024-12-31,PICHINCHA,pequenas_empresas,4024.000000
2024-12-31,RIPLEY,consumo,383019.000000
2024-12-31,SANTANDER,consumo,1697.000000
2024-12-31,SANTANDER,corporativo,201.000000
2024-12-31,SANTANDER,grandes_empresas,183.000000
2024-12-31,SANTANDER,medianas_empresas,64.000000
2024-12-31,SANTANDER,pequenas_empresas,4.000000
2024-12-31,SCOTIABANK,consumo,439815.000000
2024-12-31,SCOTIABANK,corporativo,418.000000
2024-12-31,SCOTIABANK,grandes_empresas,1090.000000
2024-12-31,SCOTIABANK,hipotecario,37546.000000
2024-12-31,SCOTIABANK,medianas_empresas,1778.000000
2024-12-31,SCOTIABANK,microempresas,1840.000000
2024-12-31,SCOTIABANK,pequenas_empresas,30777.000000
2025-01-31,ALFIN,consumo,63093.000000
2025-01-31,ALFIN,corporativo,6.000000
2025-01-31,ALFIN,grandes_empresas,18.000000
2025-01-31,ALFIN,medianas_empresas,22.000000
2025-01-31,ALFIN,microempresas,3.000000
2025-01-31,ALFIN,pequenas_empresas,71.000000
2025-01-31,BANCOM,consumo,42101.000000
2025-01-31,BANCOM,corporativo,12.000000
2025-01-31,BANCOM,grandes_empresas,55.000000
2025-01-31,BANCOM,hipotecario,1202.000000
2025-01-31,BANCOM,medianas_empresas,77.000000
2025-01-31,BANCOM,microempresas,33.000000
2025-01-31,BANCOM,pequenas_empresas,109.000000
2025-01-31,BANK_OF_CHINA,corporativo,9.000000
2025-01-31,BBVA,consumo,810446.000000
2025-01-31,BBVA,corporativo,603.000000
2025-01-31,BBVA,grandes_empresas,2505.000000
2025-01-31,BBVA,hipotecario,57503.000000
2025-01-31,BBVA,medianas_empresas,9624.000000
2025-01-31,BBVA,microempresas,6069.000000
2025-01-31,BBVA,pequenas_empresas,41152.000000
2025-01-31,BCI,corporativo,50.000000
2025-01-31,BCI,grandes_empresas,13.000000
2025-01-31,BCP,consumo,1967408.000000
2025-01-31,BCP,corporativo,1272.000000
2025-01-31,BCP,grandes_empresas,2952.000000
2025-01-31,BCP,hipotecario,80092.000000
2025-01-31,BCP,medianas_empresas,4233.000000
2025-01-31,BCP,microempresas,48219.000000
2025-01-31,BCP,pequenas_empresas,117501.000000
2025-01-31,BIF,consumo,90543.000000
2025-01-31,BIF,corporativo,285.000000
2025-01-31,BIF,grandes_empresas,716.000000
2025-01-31,BIF,hipotecario,17737.000000
2025-01-31,BIF,medianas_empresas,1053.000000
2025-01-31,BIF,microempresas,545.000000
2025-01-31,BIF,pequenas_empresas,935.000000
2025-01-31,CITIBANK,corporativo,42.000000
2025-01-31,CITIBANK,grandes_empresas,90.000000
2025-01-31,CITIBANK,medianas_empresas,20.000000
2025-01-31,CITIBANK,microempresas,4.000000
2025-01-31,CITIBANK,pequenas_empresas,9.000000
2025-01-31,COMPARTAMOS,consumo,64822.000000
2025-01-31,COMPARTAMOS,microempresas,827213.000000
2025-01-31,COMPARTAMOS,pequenas_empresas,85543.000000
2025-01-31,FALABELLA,consumo,954039.000000
2025-01-31,FALABELLA,medianas_empresas,1.000000
2025-01-31,FALABELLA,microempresas,61.000000
2025-01-31,FALABELLA,pequenas_empresas,109.000000
2025-01-31,GNB,consumo,39928.000000
2025-01-31,GNB,corporativo,74.000000
2025-01-31,GNB,grandes_empresas,88.000000
2025-01-31,GNB,hipotecario,5630.000000
2025-01-31,GNB,medianas_empresas,51.000000
2025-01-31,GNB,pequenas_empresas,9.000000
2025-01-31,ICBC,corporativo,36.000000
2025-01-31,ICBC,grandes_empresas,9.000000
2025-01-31,INTERBANK,consumo,988658.000000
2025-01-31,INTERBANK,corporativo,432.000000
2025-01-31,INTERBANK,grandes_empresas,1026.000000
2025-01-31,INTERBANK,hipotecario,49177.000000
2025-01-31,INTERBANK,medianas_empresas,1343.000000
2025-01-31,INTERBANK,microempresas,1243.000000
2025-01-31,INTERBANK,pequenas_empresas,20380.000000
2025-01-31,MIBANCO,consumo,92399.000000
2025-01-31,MIBANCO,hipotecario,4551.000000
2025-01-31,MIBANCO,medianas_empresas,29.000000
2025-01-31,MIBANCO,microempresas,528819.000000
2025-01-31,MIBANCO,pequenas_empresas,216920.000000
2025-01-31,PICHINCHA,consumo,292432.000000
2025-01-31,PICHINCHA,corporativo,104.000000
2025-01-31,PICHINCHA,grandes_empresas,362.000000
2025-01-31,PICHINCHA,hipotecario,13275.000000
2025-01-31,PICHINCHA,medianas_empresas,326.000000
2025-01-31,PICHINCHA,microempresas,895.000000
2025-01-31,PICHINCHA,pequenas_empresas,3806.000000
2025-01-31,RIPLEY,consumo,368589.000000
2025-01-31,SANTANDER,consumo,1680.000000
2025-01-31,SANTANDER,corporativo,207.000000
2025-01-31,SANTANDER,grandes_empresas,177.000000
2025-01-31,SANTANDER,medianas_empresas,61.000000
2025-01-31,SANTANDER,pequenas_empresas,1.000000
2025-01-31,SCOTIABANK,consumo,438939.000000
2025-01-31,SCOTIABANK,corporativo,427.000000
2025-01-31,SCOTIABANK,grandes_empresas,1100.000000
2025-01-31,SCOTIABANK,hipotecario,37545.000000
2025-01-31,SCOTIABANK,medianas_empresas,2059.000000
2025-01-31,SCOTIABANK,microempresas,1814.000000
2025-01-31,SCOTIABANK,pequenas_empresas,30256.000000
2025-02-28,ALFIN,consumo,62929.000000
2025-02-28,ALFIN,corporativo,6.000000
2025-02-28,ALFIN,grandes_empresas,25.000000
2025-02-28,ALFIN,medianas_empresas,23.000000
2025-02-28,ALFIN,microempresas,3.000000
2025-02-28,ALFIN,pequenas_empresas,68.000000
2025-02-28,BANCOM,consumo,42332.000000
2025-02-28,BANCOM,corporativo,11.000000
2025-02-28,BANCOM,grandes_empresas,54.000000
2025-02-28,BANCOM,hipotecario,1200.000000
2025-02-28,BANCOM,medianas_empresas,86.000000
2025-02-28,BANCOM,microempresas,33.000000
2025-02-28,BANCOM,pequenas_empresas,106.000000
2025-02-28,BANK_OF_CHINA,corporativo,9.000000
2025-02-28,BBVA,consumo,814724.000000
2025-02-28,BBVA,corporativo,628.000000
2025-02-28,BBVA,grandes_empresas,2535.000000
2025-02-28,BBVA,hipotecario,58032.000000
2025-02-28,BBVA,medianas_empresas,9370.000000
2025-02-28,BBVA,microempresas,6082.000000
2025-02-28,BBVA,pequenas_empresas,40710.000000
2025-02-28,BCI,corporativo,50.000000
2025-02-28,BCI,grandes_empresas,13.000000
2025-02-28,BCP,consumo,2083860.000000
2025-02-28,BCP,corporativo,1289.000000
2025-02-28,BCP,grandes_empresas,2908.000000
2025-02-28,BCP,hipotecario,80377.000000
2025-02-28,BCP,medianas_empresas,4325.000000
2025-02-28,BCP,microempresas,49572.000000
2025-02-28,BCP,pequenas_empresas,116589.000000
2025-02-28,BIF,consumo,91358.000000
2025-02-28,BIF,corporativo,282.000000
2025-02-28,BIF,grandes_empresas,724.000000
2025-02-28,BIF,hipotecario,17845.000000
2025-02-28,BIF,medianas_empresas,1070.000000
2025-02-28,BIF,microempresas,561.000000
2025-02-28,BIF,pequenas_empresas,954.000000
2025-02-28,CITIBANK,corporativo,42.000000
2025-02-28,CITIBANK,grandes_empresas,91.000000
2025-02-28,CITIBANK,medianas_empresas,20.000000
2025-02-28,CITIBANK,microempresas,5.000000
2025-02-28,CITIBANK,pequenas_empresas,10.000000
2025-02-28,COMPARTAMOS,consumo,63808.000000
2025-02-28,COMPARTAMOS,microempresas,837109.000000
2025-02-28,COMPARTAMOS,pequenas_empresas,85699.000000
2025-02-28,FALABELLA,consumo,949565.000000
2025-02-28,FALABELLA,medianas_empresas,2.000000
2025-02-28,FALABELLA,microempresas,60.000000
2025-02-28,FALABELLA,pequenas_empresas,113.000000
2025-02-28,GNB,consumo,39684.000000
2025-02-28,GNB,corporativo,76.000000
2025-02-28,GNB,grandes_empresas,90.000000
2025-02-28,GNB,hipotecario,5587.000000
2025-02-28,GNB,medianas_empresas,51.000000
2025-02-28,GNB,pequenas_empresas,9.000000
2025-02-28,ICBC,corporativo,37.000000
2025-02-28,ICBC,grandes_empresas,9.000000
2025-02-28,INTERBANK,consumo,986909.000000
2025-02-28,INTERBANK,corporativo,427.000000
2025-02-28,INTERBANK,grandes_empresas,971.000000
2025-02-28,INTERBANK,hipotecario,49346.000000
2025-02-28,INTERBANK,medianas_empresas,1407.000000
2025-02-28,INTERBANK,microempresas,1269.000000
2025-02-28,INTERBANK,pequenas_empresas,20696.000000
2025-02-28,MIBANCO,consumo,93165.000000
2025-02-28,MIBANCO,hipotecario,4495.000000
2025-02-28,MIBANCO,medianas_empresas,27.000000
2025-02-28,MIBANCO,microempresas,532877.000000
2025-02-28,MIBANCO,pequenas_empresas,217133.000000
2025-02-28,PICHINCHA,consumo,291439.000000
2025-02-28,PICHINCHA,corporativo,102.000000
2025-02-28,PICHINCHA,grandes_empresas,364.000000
2025-02-28,PICHINCHA,hipotecario,13273.000000
2025-02-28,PICHINCHA,medianas_empresas,308.000000
2025-02-28,PICHINCHA,microempresas,861.000000
2025-02-28,PICHINCHA,pequenas_empresas,3497.000000
2025-02-28,RIPLEY,consumo,361265.000000
2025-02-28,SANTANDER,consumo,1614.000000
2025-02-28,SANTANDER,corporativo,206.000000
2025-02-28,SANTANDER,grandes_empresas,182.000000
2025-02-28,SANTANDER,medianas_empresas,66.000000
2025-02-28,SANTANDER,pequenas_empresas,2.000000
2025-02-28,SCOTIABANK,consumo,439196.000000
2025-02-28,SCOTIABANK,corporativo,425.000000
2025-02-28,SCOTIABANK,grandes_empresas,1111.000000
2025-02-28,SCOTIABANK,hipotecario,37579.000000
2025-02-28,SCOTIABANK,medianas_empresas,2053.000000
2025-02-28,SCOTIABANK,microempresas,1853.000000
2025-02-28,SCOTIABANK,pequenas_empresas,30107.000000
2025-03-31,ALFIN,consumo,62848.000000
2025-03-31,ALFIN,corporativo,6.000000
2025-03-31,ALFIN,grandes_empresas,27.000000
2025-03-31,ALFIN,medianas_empresas,20.000000
2025-03-31,ALFIN,microempresas,3.000000
2025-03-31,ALFIN,pequenas_empresas,70.000000
2025-03-31,BANCOM,consumo,42125.000000
2025-03-31,BANCOM,corporativo,11.000000
2025-03-31,BANCOM,grandes_empresas,57.000000
2025-03-31,BANCOM,hipotecario,1200.000000
2025-03-31,BANCOM,medianas_empresas,92.000000
2025-03-31,BANCOM,microempresas,33.000000
2025-03-31,BANCOM,pequenas_empresas,102.000000
2025-03-31,BANK_OF_CHINA,corporativo,8.000000
2025-03-31,BBVA,consumo,825725.000000
2025-03-31,BBVA,corporativo,638.000000
2025-03-31,BBVA,grandes_empresas,2511.000000
2025-03-31,BBVA,hipotecario,58584.000000
2025-03-31,BBVA,medianas_empresas,8092.000000
2025-03-31,BBVA,microempresas,6282.000000
2025-03-31,BBVA,pequenas_empresas,40828.000000
2025-03-31,BCI,corporativo,49.000000
2025-03-31,BCI,grandes_empresas,14.000000
2025-03-31,BCP,consumo,2225923.000000
2025-03-31,BCP,corporativo,1253.000000
2025-03-31,BCP,grandes_empresas,2948.000000
2025-03-31,BCP,hipotecario,80594.000000
2025-03-31,BCP,medianas_empresas,4537.000000
2025-03-31,BCP,microempresas,51637.000000
2025-03-31,BCP,pequenas_empresas,116687.000000
2025-03-31,BIF,consumo,94037.000000
2025-03-31,BIF,corporativo,275.000000
2025-03-31,BIF,grandes_empresas,722.000000
2025-03-31,BIF,hipotecario,17951.000000
2025-03-31,BIF,medianas_empresas,1071.000000
2025-03-31,BIF,microempresas,577.000000
2025-03-31,BIF,pequenas_empresas,954.000000
2025-03-31,CITIBANK,corporativo,42.000000
2025-03-31,CITIBANK,grandes_empresas,94.000000
2025-03-31,CITIBANK,medianas_empresas,19.000000
2025-03-31,CITIBANK,microempresas,4.000000
2025-03-31,CITIBANK,pequenas_empresas,10.000000
2025-03-31,COMPARTAMOS,consumo,63500.000000
2025-03-31,COMPARTAMOS,microempresas,854757.000000
2025-03-31,COMPARTAMOS,pequenas_empresas,86764.000000
2025-03-31,FALABELLA,consumo,950882.000000
2025-03-31,FALABELLA,medianas_empresas,2.000000
2025-03-31,FALABELLA,microempresas,63.000000
2025-03-31,FALABELLA,pequenas_empresas,116.000000
2025-03-31,GNB,consumo,39418.000000
2025-03-31,GNB,corporativo,81.000000
2025-03-31,GNB,grandes_empresas,95.000000
2025-03-31,GNB,hipotecario,5551.000000
2025-03-31,GNB,medianas_empresas,50.000000
2025-03-31,GNB,pequenas_empresas,10.000000
2025-03-31,ICBC,corporativo,40.000000
2025-03-31,ICBC,grandes_empresas,9.000000
2025-03-31,INTERBANK,consumo,987800.000000
2025-03-31,INTERBANK,corporativo,453.000000
2025-03-31,INTERBANK,grandes_empresas,1036.000000
2025-03-31,INTERBANK,hipotecario,49469.000000
2025-03-31,INTERBANK,medianas_empresas,1295.000000
2025-03-31,INTERBANK,microempresas,1104.000000
2025-03-31,INTERBANK,pequenas_empresas,20780.000000
2025-03-31,MIBANCO,consumo,93861.000000
2025-03-31,MIBANCO,hipotecario,4396.000000
2025-03-31,MIBANCO,medianas_empresas,26.000000
2025-03-31,MIBANCO,microempresas,537469.000000
2025-03-31,MIBANCO,pequenas_empresas,219966.000000
2025-03-31,PICHINCHA,consumo,288827.000000
2025-03-31,PICHINCHA,corporativo,95.000000
2025-03-31,PICHINCHA,grandes_empresas,353.000000
2025-03-31,PICHINCHA,hipotecario,13255.000000
2025-03-31,PICHINCHA,medianas_empresas,296.000000
2025-03-31,PICHINCHA,microempresas,846.000000
2025-03-31,PICHINCHA,pequenas_empresas,3270.000000
2025-03-31,RIPLEY,consumo,362389.000000
2025-03-31,SANTANDER,consumo,1568.000000
2025-03-31,SANTANDER,corporativo,202.000000
2025-03-31,SANTANDER,grandes_empresas,183.000000
2025-03-31,SANTANDER,medianas_empresas,64.000000
2025-03-31,SANTANDER,pequenas_empresas,2.000000
2025-03-31,SCOTIABANK,consumo,440520.000000
2025-03-31,SCOTIABANK,corporativo,433.000000
2025-03-31,SCOTIABANK,grandes_empresas,1116.000000
2025-03-31,SCOTIABANK,hipotecario,37577.000000
2025-03-31,SCOTIABANK,medianas_empresas,2052.000000
2025-03-31,SCOTIABANK,microempresas,1851.000000
2025-03-31,SCOTIABANK,pequenas_empresas,29922.000000
2025-04-30,ALFIN,consumo,99402.000000
2025-04-30,ALFIN,corporativo,6.000000
2025-04-30,ALFIN,grandes_empresas,28.000000
2025-04-30,ALFIN,medianas_empresas,18.000000
2025-04-30,ALFIN,microempresas,3.000000
2025-04-30,ALFIN,pequenas_empresas,70.000000
2025-04-30,BANCOM,consumo,42122.000000
2025-04-30,BANCOM,corporativo,10.000000
2025-04-30,BANCOM,grandes_empresas,60.000000
2025-04-30,BANCOM,hipotecario,1197.000000
2025-04-30,BANCOM,medianas_empresas,94.000000
2025-04-30,BANCOM,microempresas,34.000000
2025-04-30,BANCOM,pequenas_empresas,108.000000
2025-04-30,BANK_OF_CHINA,corporativo,9.000000
2025-04-30,BBVA,consumo,836992.000000
2025-04-30,BBVA,corporativo,640.000000
2025-04-30,BBVA,grandes_empresas,2553.000000
2025-04-30,BBVA,hipotecario,58893.000000
2025-04-30,BBVA,medianas_empresas,8095.000000
2025-04-30,BBVA,microempresas,6364.000000
2025-04-30,BBVA,pequenas_empresas,40080.000000
2025-04-30,BCI,corporativo,51.000000
2025-04-30,BCI,grandes_empresas,14.000000
2025-04-30,BCP,consumo,2283328.000000
2025-04-30,BCP,corporativo,1277.000000
2025-04-30,BCP,grandes_empresas,2953.000000
2025-04-30,BCP,hipotecario,81247.000000
2025-04-30,BCP,medianas_empresas,4476.000000
2025-04-30,BCP,microempresas,51330.000000
2025-04-30,BCP,pequenas_empresas,116236.000000
2025-04-30,BIF,consumo,96320.000000
2025-04-30,BIF,corporativo,274.000000
2025-04-30,BIF,grandes_empresas,733.000000
2025-04-30,BIF,hipotecario,18014.000000
2025-04-30,BIF,medianas_empresas,1080.000000
2025-04-30,BIF,microempresas,586.000000
2025-04-30,BIF,pequenas_empresas,991.000000
2025-04-30,CITIBANK,corporativo,44.000000
2025-04-30,CITIBANK,grandes_empresas,94.000000
2025-04-30,CITIBANK,medianas_empresas,19.000000
2025-04-30,CITIBANK,microempresas,4.000000
2025-04-30,CITIBANK,pequenas_empresas,8.000000
2025-04-30,COMPARTAMOS,consumo,63076.000000
2025-04-30,COMPARTAMOS,microempresas,867394.000000
2025-04-30,COMPARTAMOS,pequenas_empresas,87221.000000
2025-04-30,FALABELLA,consumo,956999.000000
2025-04-30,FALABELLA,medianas_empresas,2.000000
2025-04-30,FALABELLA,microempresas,62.000000
2025-04-30,FALABELLA,pequenas_empresas,118.000000
2025-04-30,GNB,consumo,39075.000000
2025-04-30,GNB,corporativo,89.000000
2025-04-30,GNB,grandes_empresas,97.000000
2025-04-30,GNB,hipotecario,5528.000000
2025-04-30,GNB,medianas_empresas,49.000000
2025-04-30,GNB,pequenas_empresas,9.000000
2025-04-30,ICBC,corporativo,38.000000
2025-04-30,ICBC,grandes_empresas,9.000000
2025-04-30,ICBC,medianas_empresas,1.000000
2025-04-30,INTERBANK,consumo,986014.000000
2025-04-30,INTERBANK,corporativo,467.000000
2025-04-30,INTERBANK,grandes_empresas,1052.000000
2025-04-30,INTERBANK,hipotecario,49583.000000
2025-04-30,INTERBANK,medianas_empresas,1745.000000
2025-04-30,INTERBANK,microempresas,1122.000000
2025-04-30,INTERBANK,pequenas_empresas,20441.000000
2025-04-30,MIBANCO,consumo,94324.000000
2025-04-30,MIBANCO,hipotecario,4290.000000
2025-04-30,MIBANCO,medianas_empresas,28.000000
2025-04-30,MIBANCO,microempresas,541235.000000
2025-04-30,MIBANCO,pequenas_empresas,222740.000000
2025-04-30,PICHINCHA,consumo,249313.000000
2025-04-30,PICHINCHA,corporativo,95.000000
2025-04-30,PICHINCHA,grandes_empresas,351.000000
2025-04-30,PICHINCHA,hipotecario,13166.000000
2025-04-30,PICHINCHA,medianas_empresas,277.000000
2025-04-30,PICHINCHA,microempresas,816.000000
2025-04-30,PICHINCHA,pequenas_empresas,3066.000000
2025-04-30,RIPLEY,consumo,367550.000000
2025-04-30,SANTANDER,consumo,1513.000000
2025-04-30,SANTANDER,corporativo,205.000000
2025-04-30,SANTANDER,grandes_empresas,184.000000
2025-04-30,SANTANDER,medianas_empresas,63.000000
2025-04-30,SANTANDER,pequenas_empresas,2.000000
2025-04-30,SCOTIABANK,consumo,440215.000000
2025-04-30,SCOTIABANK,corporativo,426.000000
2025-04-30,SCOTIABANK,grandes_empresas,1139.000000
2025-04-30,SCOTIABANK,hipotecario,37623.000000
2025-04-30,SCOTIABANK,medianas_empresas,2040.000000
2025-04-30,SCOTIABANK,microempresas,1860.000000
2025-04-30,SCOTIABANK,pequenas_empresas,29700.000000
2025-05-31,ALFIN,consumo,102189.000000
2025-05-31,ALFIN,corporativo,7.000000
2025-05-31,ALFIN,grandes_empresas,31.000000
2025-05-31,ALFIN,medianas_empresas,22.000000
2025-05-31,ALFIN,microempresas,3.000000
2025-05-31,ALFIN,pequenas_empresas,69.000000
2025-05-31,BANCOM,consumo,42189.000000
2025-05-31,BANCOM,corporativo,10.000000
2025-05-31,BANCOM,grandes_empresas,44.000000
2025-05-31,BANCOM,hipotecario,1196.000000
2025-05-31,BANCOM,medianas_empresas,54.000000
2025-05-31,BANCOM,microempresas,34.000000
2025-05-31,BANCOM,pequenas_empresas,172.000000
2025-05-31,BANK_OF_CHINA,corporativo,9.000000
2025-05-31,BBVA,consumo,848196.000000
2025-05-31,BBVA,corporativo,662.000000
2025-05-31,BBVA,grandes_empresas,2580.000000
2025-05-31,BBVA,hipotecario,58908.000000
2025-05-31,BBVA,medianas_empresas,8079.000000
2025-05-31,BBVA,microempresas,6198.000000
2025-05-31,BBVA,pequenas_empresas,39427.000000
2025-05-31,BCI,corporativo,50.000000
2025-05-31,BCI,grandes_empresas,14.000000
2025-05-31,BCP,consumo,2404002.000000
2025-05-31,BCP,corporativo,1266.000000
2025-05-31,BCP,grandes_empresas,2971.000000
2025-05-31,BCP,hipotecario,81726.000000
2025-05-31,BCP,medianas_empresas,4539.000000
2025-05-31,BCP,microempresas,51912.000000
2025-05-31,BCP,pequenas_empresas,116072.000000
2025-05-31,BIF,consumo,97543.000000
2025-05-31,BIF,corporativo,280.000000
2025-05-31,BIF,grandes_empresas,754.000000
2025-05-31,BIF,hipotecario,18063.000000
2025-05-31,BIF,medianas_empresas,1051.000000
2025-05-31,BIF,microempresas,599.000000
2025-05-31,BIF,pequenas_empresas,987.000000
2025-05-31,CITIBANK,corporativo,43.000000
2025-05-31,CITIBANK,grandes_empresas,95.000000
2025-05-31,CITIBANK,medianas_empresas,20.000000
2025-05-31,CITIBANK,microempresas,4.000000
2025-05-31,CITIBANK,pequenas_empresas,8.000000
2025-05-31,COMPARTAMOS,consumo,63209.000000
2025-05-31,COMPARTAMOS,microempresas,875164.000000
2025-05-31,COMPARTAMOS,pequenas_empresas,87983.000000
2025-05-31,FALABELLA,consumo,963541.000000
2025-05-31,FALABELLA,medianas_empresas,2.000000
2025-05-31,FALABELLA,microempresas,63.000000
2025-05-31,FALABELLA,pequenas_empresas,119.000000
2025-05-31,GNB,consumo,38644.000000
2025-05-31,GNB,corporativo,89.000000
2025-05-31,GNB,grandes_empresas,104.000000
2025-05-31,GNB,hipotecario,5499.000000
2025-05-31,GNB,medianas_empresas,49.000000
2025-05-31,GNB,pequenas_empresas,9.000000
2025-05-31,ICBC,corporativo,40.000000
2025-05-31,ICBC,grandes_empresas,12.000000
2025-05-31,ICBC,medianas_empresas,1.000000
2025-05-31,INTERBANK,consumo,984044.000000
2025-05-31,INTERBANK,corporativo,471.000000
2025-05-31,INTERBANK,grandes_empresas,1088.000000
2025-05-31,INTERBANK,hipotecario,49726.000000
2025-05-31,INTERBANK,medianas_empresas,1900.000000
2025-05-31,INTERBANK,microempresas,1180.000000
2025-05-31,INTERBANK,pequenas_empresas,20361.000000
2025-05-31,MIBANCO,consumo,95627.000000
2025-05-31,MIBANCO,hipotecario,4220.000000
2025-05-31,MIBANCO,medianas_empresas,34.000000
2025-05-31,MIBANCO,microempresas,546364.000000
2025-05-31,MIBANCO,pequenas_empresas,225650.000000
2025-05-31,PICHINCHA,consumo,237707.000000
2025-05-31,PICHINCHA,corporativo,101.000000
2025-05-31,PICHINCHA,grandes_empresas,344.000000
2025-05-31,PICHINCHA,hipotecario,13152.000000
2025-05-31,PICHINCHA,medianas_empresas,268.000000
2025-05-31,PICHINCHA,microempresas,778.000000
2025-05-31,PICHINCHA,pequenas_empresas,2831.000000
2025-05-31,RIPLEY,consumo,372509.000000
2025-05-31,SANTANDER,consumo,1462.000000
2025-05-31,SANTANDER,corporativo,212.000000
2025-05-31,SANTANDER,grandes_empresas,181.000000
2025-05-31,SANTANDER,medianas_empresas,61.000000
2025-05-31,SANTANDER,pequenas_empresas,2.000000
2025-05-31,SCOTIABANK,consumo,440189.000000
2025-05-31,SCOTIABANK,corporativo,440.000000
2025-05-31,SCOTIABANK,grandes_empresas,1144.000000
2025-05-31,SCOTIABANK,hipotecario,37679.000000
2025-05-31,SCOTIABANK,medianas_empresas,2006.000000
2025-05-31,SCOTIABANK,microempresas,1852.000000
2025-05-31,SCOTIABANK,pequenas_empresas,29517.000000
2025-06-30,ALFIN,consumo,105817.000000
2025-06-30,ALFIN,corporativo,8.000000
2025-06-30,ALFIN,grandes_empresas,33.000000
2025-06-30,ALFIN,medianas_empresas,24.000000
2025-06-30,ALFIN,microempresas,3.000000
2025-06-30,ALFIN,pequenas_empresas,68.000000
2025-06-30,BANCOM,consumo,41727.000000
2025-06-30,BANCOM,corporativo,12.000000
2025-06-30,BANCOM,grandes_empresas,51.000000
2025-06-30,BANCOM,hipotecario,1197.000000
2025-06-30,BANCOM,medianas_empresas,70.000000
2025-06-30,BANCOM,microempresas,36.000000
2025-06-30,BANCOM,pequenas_empresas,157.000000
2025-06-30,BANK_OF_CHINA,corporativo,11.000000
2025-06-30,BBVA,consumo,866013.000000
2025-06-30,BBVA,corporativo,658.000000
2025-06-30,BBVA,grandes_empresas,2574.000000
2025-06-30,BBVA,hipotecario,59190.000000
2025-06-30,BBVA,medianas_empresas,7623.000000
2025-06-30,BBVA,microempresas,5744.000000
2025-06-30,BBVA,pequenas_empresas,38927.000000
2025-06-30,BCI,corporativo,53.000000
2025-06-30,BCI,grandes_empresas,14.000000
2025-06-30,BCP,consumo,2486999.000000
2025-06-30,BCP,corporativo,1280.000000
2025-06-30,BCP,grandes_empresas,2974.000000
2025-06-30,BCP,hipotecario,82222.000000
2025-06-30,BCP,medianas_empresas,4699.000000
2025-06-30,BCP,microempresas,52396.000000
2025-06-30,BCP,pequenas_empresas,116779.000000
2025-06-30,BIF,consumo,97853.000000
2025-06-30,BIF,corporativo,278.000000
2025-06-30,BIF,grandes_empresas,745.000000
2025-06-30,BIF,hipotecario,18111.000000
2025-06-30,BIF,medianas_empresas,1068.000000
2025-06-30,BIF,microempresas,598.000000
2025-06-30,BIF,pequenas_empresas,963.000000
2025-06-30,CITIBANK,corporativo,44.000000
2025-06-30,CITIBANK,grandes_empresas,95.000000
2025-06-30,CITIBANK,medianas_empresas,21.000000
2025-06-30,CITIBANK,microempresas,6.000000
2025-06-30,CITIBANK,pequenas_empresas,8.000000
2025-06-30,COMPARTAMOS,consumo,63531.000000
2025-06-30,COMPARTAMOS,microempresas,882312.000000
2025-06-30,COMPARTAMOS,pequenas_empresas,89274.000000
2025-06-30,FALABELLA,consumo,973394.000000
2025-06-30,FALABELLA,medianas_empresas,1.000000
2025-06-30,FALABELLA,microempresas,63.000000
2025-06-30,FALABELLA,pequenas_empresas,123.000000
2025-06-30,GNB,consumo,38290.000000
2025-06-30,GNB,corporativo,94.000000
2025-06-30,GNB,grandes_empresas,109.000000
2025-06-30,GNB,hipotecario,5474.000000
2025-06-30,GNB,medianas_empresas,50.000000
2025-06-30,GNB,pequenas_empresas,10.000000
2025-06-30,ICBC,corporativo,41.000000
2025-06-30,ICBC,grandes_empresas,12.000000
2025-06-30,ICBC,medianas_empresas,1.000000
2025-06-30,INTERBANK,consumo,984136.000000
2025-06-30,INTERBANK,corporativo,491.000000
2025-06-30,INTERBANK,grandes_empresas,1103.000000
2025-06-30,INTERBANK,hipotecario,49946.000000
2025-06-30,INTERBANK,medianas_empresas,1511.000000
2025-06-30,INTERBANK,microempresas,1188.000000
2025-06-30,INTERBANK,pequenas_empresas,20787.000000
2025-06-30,MIBANCO,consumo,100470.000000
2025-06-30,MIBANCO,hipotecario,4146.000000
2025-06-30,MIBANCO,medianas_empresas,32.000000
2025-06-30,MIBANCO,microempresas,550000.000000
2025-06-30,MIBANCO,pequenas_empresas,227790.000000
2025-06-30,PICHINCHA,consumo,230384.000000
2025-06-30,PICHINCHA,corporativo,93.000000
2025-06-30,PICHINCHA,grandes_empresas,266.000000
2025-06-30,PICHINCHA,hipotecario,13096.000000
2025-06-30,PICHINCHA,medianas_empresas,268.000000
2025-06-30,PICHINCHA,microempresas,656.000000
2025-06-30,PICHINCHA,pequenas_empresas,2321.000000
2025-06-30,RIPLEY,consumo,376130.000000
2025-06-30,SANTANDER,consumo,1410.000000
2025-06-30,SANTANDER,corporativo,213.000000
2025-06-30,SANTANDER,grandes_empresas,183.000000
2025-06-30,SANTANDER,medianas_empresas,66.000000
2025-06-30,SANTANDER,pequenas_empresas,2.000000
2025-06-30,SANTANDER_CONSUMER,consumo,285038.000000
2025-06-30,SANTANDER_CONSUMER,hipotecario,364.000000
2025-06-30,SANTANDER_CONSUMER,microempresas,1050.000000
2025-06-30,SANTANDER_CONSUMER,pequenas_empresas,317.000000
2025-06-30,SCOTIABANK,consumo,438916.000000
2025-06-30,SCOTIABANK,corporativo,442.000000
2025-06-30,SCOTIABANK,grandes_empresas,1151.000000
2025-06-30,SCOTIABANK,hipotecario,37779.000000
2025-06-30,SCOTIABANK,medianas_empresas,1954.000000
2025-06-30,SCOTIABANK,microempresas,1816.000000
2025-06-30,SCOTIABANK,pequenas_empresas,29291.000000
2025-07-31,ALFIN,consumo,109777.000000
2025-07-31,ALFIN,corporativo,10.000000
2025-07-31,ALFIN,grandes_empresas,37.000000
2025-07-31,ALFIN,medianas_empresas,24.000000
2025-07-31,ALFIN,microempresas,3.000000
2025-07-31,ALFIN,pequenas_empresas,68.000000
2025-07-31,BANCOM,consumo,41711.000000
2025-07-31,BANCOM,corporativo,12.000000
2025-07-31,BANCOM,grandes_empresas,54.000000
2025-07-31,BANCOM,hipotecario,1193.000000
2025-07-31,BANCOM,medianas_empresas,74.000000
2025-07-31,BANCOM,microempresas,37.000000
2025-07-31,BANCOM,pequenas_empresas,168.000000
2025-07-31,BANK_OF_CHINA,corporativo,10.000000
2025-07-31,BBVA,consumo,876915.000000
2025-07-31,BBVA,corporativo,660.000000
2025-07-31,BBVA,grandes_empresas,2532.000000
2025-07-31,BBVA,hipotecario,59430.000000
2025-07-31,BBVA,medianas_empresas,7360.000000
2025-07-31,BBVA,microempresas,5309.000000
2025-07-31,BBVA,pequenas_empresas,38990.000000
2025-07-31,BCI,corporativo,54.000000
2025-07-31,BCI,grandes_empresas,14.000000
2025-07-31,BCP,consumo,2526160.000000
2025-07-31,BCP,corporativo,1335.000000
2025-07-31,BCP,grandes_empresas,2965.000000
2025-07-31,BCP,hipotecario,82556.000000
2025-07-31,BCP,medianas_empresas,5063.000000
2025-07-31,BCP,microempresas,53039.000000
2025-07-31,BCP,pequenas_empresas,116643.000000
2025-07-31,BIF,consumo,97285.000000
2025-07-31,BIF,corporativo,294.000000
2025-07-31,BIF,grandes_empresas,735.000000
2025-07-31,BIF,hipotecario,18154.000000
2025-07-31,BIF,medianas_empresas,1062.000000
2025-07-31,BIF,microempresas,640.000000
2025-07-31,BIF,pequenas_empresas,947.000000
2025-07-31,CITIBANK,corporativo,40.000000
2025-07-31,CITIBANK,grandes_empresas,95.000000
2025-07-31,CITIBANK,medianas_empresas,20.000000
2025-07-31,CITIBANK,microempresas,6.000000
2025-07-31,CITIBANK,pequenas_empresas,6.000000
2025-07-31,COMPARTAMOS,consumo,63643.000000
2025-07-31,COMPARTAMOS,microempresas,881693.000000
2025-07-31,COMPARTAMOS,pequenas_empresas,90050.000000
2025-07-31,FALABELLA,consumo,980055.000000
2025-07-31,FALABELLA,medianas_empresas,1.000000
2025-07-31,FALABELLA,microempresas,66.000000
2025-07-31,FALABELLA,pequenas_empresas,124.000000
2025-07-31,GNB,consumo,38044.000000
2025-07-31,GNB,corporativo,96.000000
2025-07-31,GNB,grandes_empresas,108.000000
2025-07-31,GNB,hipotecario,5431.000000
2025-07-31,GNB,medianas_empresas,51.000000
2025-07-31,GNB,pequenas_empresas,10.000000
2025-07-31,ICBC,corporativo,45.000000
2025-07-31,ICBC,grandes_empresas,10.000000
2025-07-31,ICBC,medianas_empresas,1.000000
2025-07-31,INTERBANK,consumo,982623.000000
2025-07-31,INTERBANK,corporativo,496.000000
2025-07-31,INTERBANK,grandes_empresas,1111.000000
2025-07-31,INTERBANK,hipotecario,50077.000000
2025-07-31,INTERBANK,medianas_empresas,1568.000000
2025-07-31,INTERBANK,microempresas,1164.000000
2025-07-31,INTERBANK,pequenas_empresas,20844.000000
2025-07-31,MIBANCO,consumo,104992.000000
2025-07-31,MIBANCO,hipotecario,4086.000000
2025-07-31,MIBANCO,medianas_empresas,32.000000
2025-07-31,MIBANCO,microempresas,551703.000000
2025-07-31,MIBANCO,pequenas_empresas,228775.000000
2025-07-31,PICHINCHA,consumo,220819.000000
2025-07-31,PICHINCHA,corporativo,102.000000
2025-07-31,PICHINCHA,grandes_empresas,276.000000
2025-07-31,PICHINCHA,hipotecario,13081.000000
2025-07-31,PICHINCHA,medianas_empresas,229.000000
2025-07-31,PICHINCHA,microempresas,640.000000
2025-07-31,PICHINCHA,pequenas_empresas,2176.000000
2025-07-31,RIPLEY,consumo,379995.000000
2025-07-31,SANTANDER,consumo,1365.000000
2025-07-31,SANTANDER,corporativo,211.000000
2025-07-31,SANTANDER,grandes_empresas,181.000000
2025-07-31,SANTANDER,medianas_empresas,66.000000
2025-07-31,SANTANDER,pequenas_empresas,2.000000
2025-07-31,SANTANDER_CONSUMER,consumo,286505.000000
2025-07-31,SANTANDER_CONSUMER,hipotecario,377.000000
2025-07-31,SANTANDER_CONSUMER,microempresas,1030.000000
2025-07-31,SANTANDER_CONSUMER,pequenas_empresas,307.000000
2025-07-31,SCOTIABANK,consumo,435753.000000
2025-07-31,SCOTIABANK,corporativo,407.000000
2025-07-31,SCOTIABANK,grandes_empresas,1077.000000
2025-07-31,SCOTIABANK,hipotecario,37791.000000
2025-07-31,SCOTIABANK,medianas_empresas,1601.000000
2025-07-31,SCOTIABANK,microempresas,1832.000000
2025-07-31,SCOTIABANK,pequenas_empresas,29506.000000
2025-08-31,ALFIN,consumo,113427.000000
2025-08-31,ALFIN,corporativo,12.000000
2025-08-31,ALFIN,grandes_empresas,35.000000
2025-08-31,ALFIN,medianas_empresas,26.000000
2025-08-31,ALFIN,microempresas,4.000000
2025-08-31,ALFIN,pequenas_empresas,66.000000
2025-08-31,BANCOM,consumo,41812.000000
2025-08-31,BANCOM,corporativo,13.000000
2025-08-31,BANCOM,grandes_empresas,58.000000
2025-08-31,BANCOM,hipotecario,1189.000000
2025-08-31,BANCOM,medianas_empresas,83.000000
2025-08-31,BANCOM,microempresas,36.000000
2025-08-31,BANCOM,pequenas_empresas,187.000000
2025-08-31,BANK_OF_CHINA,corporativo,10.000000
2025-08-31,BBVA,consumo,894999.000000
2025-08-31,BBVA,corporativo,659.000000
2025-08-31,BBVA,grandes_empresas,2498.000000
2025-08-31,BBVA,hipotecario,59802.000000
2025-08-31,BBVA,medianas_empresas,7635.000000
2025-08-31,BBVA,microempresas,4892.000000
2025-08-31,BBVA,pequenas_empresas,38596.000000
2025-08-31,BCI,corporativo,56.000000
2025-08-31,BCI,grandes_empresas,12.000000
2025-08-31,BCP,consumo,2553725.000000
2025-08-31,BCP,corporativo,1289.000000
2025-08-31,BCP,grandes_empresas,2870.000000
2025-08-31,BCP,hipotecario,83011.000000
2025-08-31,BCP,medianas_empresas,5136.000000
2025-08-31,BCP,microempresas,54060.000000
2025-08-31,BCP,pequenas_empresas,117840.000000
2025-08-31,BIF,consumo,97314.000000
2025-08-31,BIF,corporativo,283.000000
2025-08-31,BIF,grandes_empresas,750.000000
2025-08-31,BIF,hipotecario,18281.000000
2025-08-31,BIF,medianas_empresas,1036.000000
2025-08-31,BIF,microempresas,624.000000
2025-08-31,BIF,pequenas_empresas,916.000000
2025-08-31,CITIBANK,corporativo,41.000000
2025-08-31,CITIBANK,grandes_empresas,92.000000
2025-08-31,CITIBANK,medianas_empresas,21.000000
2025-08-31,CITIBANK,microempresas,4.000000
2025-08-31,CITIBANK,pequenas_empresas,6.000000
2025-08-31,COMPARTAMOS,consumo,64047.000000
2025-08-31,COMPARTAMOS,microempresas,885337.000000
2025-08-31,COMPARTAMOS,pequenas_empresas,88570.000000
2025-08-31,FALABELLA,consumo,981406.000000
2025-08-31,FALABELLA,medianas_empresas,1.000000
2025-08-31,FALABELLA,microempresas,69.000000
2025-08-31,FALABELLA,pequenas_empresas,121.000000
2025-08-31,GNB,consumo,37871.000000
2025-08-31,GNB,corporativo,97.000000
2025-08-31,GNB,grandes_empresas,110.000000
2025-08-31,GNB,hipotecario,5397.000000
2025-08-31,GNB,medianas_empresas,53.000000
2025-08-31,GNB,pequenas_empresas,10.000000
2025-08-31,ICBC,corporativo,42.000000
2025-08-31,ICBC,grandes_empresas,11.000000
2025-08-31,ICBC,medianas_empresas,1.000000
2025-08-31,INTERBANK,consumo,985264.000000
2025-08-31,INTERBANK,corporativo,488.000000
2025-08-31,INTERBANK,grandes_empresas,1103.000000
2025-08-31,INTERBANK,hipotecario,50324.000000
2025-08-31,INTERBANK,medianas_empresas,1603.000000
2025-08-31,INTERBANK,microempresas,1027.000000
2025-08-31,INTERBANK,pequenas_empresas,20733.000000
2025-08-31,MIBANCO,consumo,109383.000000
2025-08-31,MIBANCO,hipotecario,4020.000000
2025-08-31,MIBANCO,medianas_empresas,60.000000
2025-08-31,MIBANCO,microempresas,588980.000000
2025-08-31,MIBANCO,pequenas_empresas,193484.000000
2025-08-31,PICHINCHA,consumo,212017.000000
2025-08-31,PICHINCHA,corporativo,102.000000
2025-08-31,PICHINCHA,grandes_empresas,272.000000
2025-08-31,PICHINCHA,hipotecario,13057.000000
2025-08-31,PICHINCHA,medianas_empresas,215.000000
2025-08-31,PICHINCHA,microempresas,525.000000
2025-08-31,PICHINCHA,pequenas_empresas,1923.000000
2025-08-31,RIPLEY,consumo,378475.000000
2025-08-31,SANTANDER,consumo,1306.000000
2025-08-31,SANTANDER,corporativo,211.000000
2025-08-31,SANTANDER,grandes_empresas,186.000000
2025-08-31,SANTANDER,medianas_empresas,74.000000
2025-08-31,SANTANDER,pequenas_empresas,2.000000
2025-08-31,SANTANDER_CONSUMER,consumo,289058.000000
2025-08-31,SANTANDER_CONSUMER,hipotecario,391.000000
2025-08-31,SANTANDER_CONSUMER,microempresas,1021.000000
2025-08-31,SANTANDER_CONSUMER,pequenas_empresas,294.000000
2025-08-31,SCOTIABANK,consumo,433526.000000
2025-08-31,SCOTIABANK,corporativo,425.000000
2025-08-31,SCOTIABANK,grandes_empresas,1133.000000
2025-08-31,SCOTIABANK,hipotecario,37904.000000
2025-08-31,SCOTIABANK,medianas_empresas,1596.000000
2025-08-31,SCOTIABANK,microempresas,1818.000000
2025-08-31,SCOTIABANK,pequenas_empresas,29191.000000
2025-09-30,ALFIN,consumo,115252.000000
2025-09-30,ALFIN,corporativo,14.000000
2025-09-30,ALFIN,grandes_empresas,37.000000
2025-09-30,ALFIN,medianas_empresas,26.000000
2025-09-30,ALFIN,microempresas,4.000000
2025-09-30,ALFIN,pequenas_empresas,64.000000
2025-09-30,BANCOM,consumo,41508.000000
2025-09-30,BANCOM,corporativo,11.000000
2025-09-30,BANCOM,grandes_empresas,58.000000
2025-09-30,BANCOM,hipotecario,1180.000000
2025-09-30,BANCOM,medianas_empresas,89.000000
2025-09-30,BANCOM,microempresas,35.000000
2025-09-30,BANCOM,pequenas_empresas,230.000000
2025-09-30,BANK_OF_CHINA,corporativo,6.000000
2025-09-30,BBVA,consumo,914833.000000
2025-09-30,BBVA,corporativo,655.000000
2025-09-30,BBVA,grandes_empresas,2471.000000
2025-09-30,BBVA,hipotecario,60187.000000
2025-09-30,BBVA,medianas_empresas,7542.000000
2025-09-30,BBVA,microempresas,4657.000000
2025-09-30,BBVA,pequenas_empresas,38448.000000
2025-09-30,BCI,corporativo,58.000000
2025-09-30,BCI,grandes_empresas,13.000000
2025-09-30,BCP,consumo,2586799.000000
2025-09-30,BCP,corporativo,1278.000000
2025-09-30,BCP,grandes_empresas,2888.000000
2025-09-30,BCP,hipotecario,83498.000000
2025-09-30,BCP,medianas_empresas,5347.000000
2025-09-30,BCP,microempresas,54478.000000
2025-09-30,BCP,pequenas_empresas,118883.000000
2025-09-30,BIF,consumo,97475.000000
2025-09-30,BIF,corporativo,285.000000
2025-09-30,BIF,grandes_empresas,752.000000
2025-09-30,BIF,hipotecario,18387.000000
2025-09-30,BIF,medianas_empresas,1057.000000
2025-09-30,BIF,microempresas,623.000000
2025-09-30,BIF,pequenas_empresas,911.000000
2025-09-30,CITIBANK,corporativo,40.000000
2025-09-30,CITIBANK,grandes_empresas,91.000000
2025-09-30,CITIBANK,medianas_empresas,21.000000
2025-09-30,CITIBANK,microempresas,4.000000
2025-09-30,CITIBANK,pequenas_empresas,8.000000
2025-09-30,COMPARTAMOS,consumo,65443.000000
2025-09-30,COMPARTAMOS,microempresas,883362.000000
2025-09-30,COMPARTAMOS,pequenas_empresas,91663.000000
2025-09-30,FALABELLA,consumo,984227.000000
2025-09-30,FALABELLA,medianas_empresas,1.000000
2025-09-30,FALABELLA,microempresas,68.000000
2025-09-30,FALABELLA,pequenas_empresas,122.000000
2025-09-30,GNB,consumo,37933.000000
2025-09-30,GNB,corporativo,97.000000
2025-09-30,GNB,grandes_empresas,111.000000
2025-09-30,GNB,hipotecario,5363.000000
2025-09-30,GNB,medianas_empresas,54.000000
2025-09-30,GNB,pequenas_empresas,10.000000
2025-09-30,ICBC,corporativo,43.000000
2025-09-30,ICBC,grandes_empresas,11.000000
2025-09-30,ICBC,medianas_empresas,1.000000
2025-09-30,INTERBANK,consumo,991335.000000
2025-09-30,INTERBANK,corporativo,494.000000
2025-09-30,INTERBANK,grandes_empresas,1106.000000
2025-09-30,INTERBANK,hipotecario,50515.000000
2025-09-30,INTERBANK,medianas_empresas,1634.000000
2025-09-30,INTERBANK,microempresas,843.000000
2025-09-30,INTERBANK,pequenas_empresas,20726.000000
2025-09-30,MIBANCO,consumo,112157.000000
2025-09-30,MIBANCO,hipotecario,3954.000000
2025-09-30,MIBANCO,medianas_empresas,42.000000
2025-09-30,MIBANCO,microempresas,583268.000000
2025-09-30,MIBANCO,pequenas_empresas,194784.000000
2025-09-30,PICHINCHA,consumo,205289.000000
2025-09-30,PICHINCHA,corporativo,103.000000
2025-09-30,PICHINCHA,grandes_empresas,273.000000
2025-09-30,PICHINCHA,hipotecario,13049.000000
2025-09-30,PICHINCHA,medianas_empresas,198.000000
2025-09-30,PICHINCHA,microempresas,483.000000
2025-09-30,PICHINCHA,pequenas_empresas,1649.000000
2025-09-30,RIPLEY,consumo,376399.000000
2025-09-30,SANTANDER,consumo,1263.000000
2025-09-30,SANTANDER,corporativo,214.000000
2025-09-30,SANTANDER,grandes_empresas,185.000000
2025-09-30,SANTANDER,medianas_empresas,70.000000
2025-09-30,SANTANDER,pequenas_empresas,1.000000
2025-09-30,SANTANDER_CONSUMER,consumo,291948.000000
2025-09-30,SANTANDER_CONSUMER,hipotecario,410.000000
2025-09-30,SANTANDER_CONSUMER,microempresas,996.000000
2025-09-30,SANTANDER_CONSUMER,pequenas_empresas,293.000000
2025-09-30,SCOTIABANK,consumo,430462.000000
2025-09-30,SCOTIABANK,corporativo,436.000000
2025-09-30,SCOTIABANK,grandes_empresas,1110.000000
2025-09-30,SCOTIABANK,hipotecario,38004.000000
2025-09-30,SCOTIABANK,medianas_empresas,1593.000000
2025-09-30,SCOTIABANK,microempresas,1809.000000
2025-09-30,SCOTIABANK,pequenas_empresas,28894.000000
2025-10-31,ALFIN,consumo,118218.000000
2025-10-31,ALFIN,corporativo,15.000000
2025-10-31,ALFIN,grandes_empresas,37.000000
2025-10-31,ALFIN,medianas_empresas,27.000000
2025-10-31,ALFIN,microempresas,3.000000
2025-10-31,ALFIN,pequenas_empresas,62.000000
2025-10-31,BANCOM,consumo,41719.000000
2025-10-31,BANCOM,corporativo,8.000000
2025-10-31,BANCOM,grandes_empresas,54.000000
2025-10-31,BANCOM,hipotecario,1171.000000
2025-10-31,BANCOM,medianas_empresas,87.000000
2025-10-31,BANCOM,microempresas,36.000000
2025-10-31,BANCOM,pequenas_empresas,313.000000
2025-10-31,BANK_OF_CHINA,corporativo,7.000000
2025-10-31,BBVA,consumo,935679.000000
2025-10-31,BBVA,corporativo,657.000000
2025-10-31,BBVA,grandes_empresas,2479.000000
2025-10-31,BBVA,hipotecario,60626.000000
2025-10-31,BBVA,medianas_empresas,7532.000000
2025-10-31,BBVA,microempresas,4677.000000
2025-10-31,BBVA,pequenas_empresas,38925.000000
2025-10-31,BCI,corporativo,63.000000
2025-10-31,BCI,grandes_empresas,12.000000
2025-10-31,BCP,consumo,2793514.000000
2025-10-31,BCP,corporativo,1270.000000
2025-10-31,BCP,grandes_empresas,2909.000000
2025-10-31,BCP,hipotecario,83939.000000
2025-10-31,BCP,medianas_empresas,5477.000000
2025-10-31,BCP,microempresas,57000.000000
2025-10-31,BCP,pequenas_empresas,121358.000000
2025-10-31,BIF,consumo,98260.000000
2025-10-31,BIF,corporativo,290.000000
2025-10-31,BIF,grandes_empresas,752.000000
2025-10-31,BIF,hipotecario,18521.000000
2025-10-31,BIF,medianas_empresas,1052.000000
2025-10-31,BIF,microempresas,620.000000
2025-10-31,BIF,pequenas_empresas,895.000000
2025-10-31,CITIBANK,corporativo,42.000000
2025-10-31,CITIBANK,grandes_empresas,93.000000
2025-10-31,CITIBANK,medianas_empresas,19.000000
2025-10-31,CITIBANK,microempresas,4.000000
2025-10-31,CITIBANK,pequenas_empresas,8.000000
2025-10-31,COMPARTAMOS,consumo,67937.000000
2025-10-31,COMPARTAMOS,microempresas,886549.000000
2025-10-31,COMPARTAMOS,pequenas_empresas,92807.000000
2025-10-31,FALABELLA,consumo,987824.000000
2025-10-31,FALABELLA,medianas_empresas,1.000000
2025-10-31,FALABELLA,microempresas,67.000000
2025-10-31,FALABELLA,pequenas_empresas,117.000000
2025-10-31,GNB,consumo,38644.000000
2025-10-31,GNB,corporativo,100.000000
2025-10-31,GNB,grandes_empresas,114.000000
2025-10-31,GNB,hipotecario,5324.000000
2025-10-31,GNB,medianas_empresas,55.000000
2025-10-31,GNB,pequenas_empresas,8.000000
2025-10-31,ICBC,corporativo,43.000000
2025-10-31,ICBC,grandes_empresas,12.000000
2025-10-31,ICBC,medianas_empresas,1.000000
2025-10-31,INTERBANK,consumo,997411.000000
2025-10-31,INTERBANK,corporativo,489.000000
2025-10-31,INTERBANK,grandes_empresas,1135.000000
2025-10-31,INTERBANK,hipotecario,50828.000000
2025-10-31,INTERBANK,medianas_empresas,1612.000000
2025-10-31,INTERBANK,microempresas,800.000000
2025-10-31,INTERBANK,pequenas_empresas,20718.000000
2025-10-31,MIBANCO,consumo,114435.000000
2025-10-31,MIBANCO,hipotecario,3872.000000
2025-10-31,MIBANCO,medianas_empresas,37.000000
2025-10-31,MIBANCO,microempresas,468075.000000
2025-10-31,MIBANCO,pequenas_empresas,299930.000000
2025-10-31,PICHINCHA,consumo,197539.000000
2025-10-31,PICHINCHA,corporativo,110.000000
2025-10-31,PICHINCHA,grandes_empresas,266.000000
2025-10-31,PICHINCHA,hipotecario,13027.000000
2025-10-31,PICHINCHA,medianas_empresas,197.000000
2025-10-31,PICHINCHA,microempresas,433.000000
2025-10-31,PICHINCHA,pequenas_empresas,1470.000000
2025-10-31,RIPLEY,consumo,376692.000000
2025-10-31,SANTANDER,consumo,1215.000000
2025-10-31,SANTANDER,corporativo,210.000000
2025-10-31,SANTANDER,grandes_empresas,188.000000
2025-10-31,SANTANDER,medianas_empresas,75.000000
2025-10-31,SANTANDER,pequenas_empresas,1.000000
2025-10-31,SANTANDER_CONSUMER,consumo,294119.000000
2025-10-31,SANTANDER_CONSUMER,hipotecario,426.000000
2025-10-31,SANTANDER_CONSUMER,microempresas,977.000000
2025-10-31,SANTANDER_CONSUMER,pequenas_empresas,288.000000
2025-10-31,SCOTIABANK,consumo,426111.000000
2025-10-31,SCOTIABANK,corporativo,430.000000
2025-10-31,SCOTIABANK,grandes_empresas,1124.000000
2025-10-31,SCOTIABANK,hipotecario,38098.000000
2025-10-31,SCOTIABANK,medianas_empresas,1569.000000
2025-10-31,SCOTIABANK,microempresas,1805.000000
2025-10-31,SCOTIABANK,pequenas_empresas,28741.000000
2025-11-30,ALFIN,consumo,118735.000000
2025-11-30,ALFIN,corporativo,16.000000
2025-11-30,ALFIN,grandes_empresas,38.000000
2025-11-30,ALFIN,medianas_empresas,27.000000
2025-11-30,ALFIN,microempresas,3.000000
2025-11-30,ALFIN,pequenas_empresas,61.000000
2025-11-30,BANCOM,consumo,41959.000000
2025-11-30,BANCOM,corporativo,8.000000
2025-11-30,BANCOM,grandes_empresas,56.000000
2025-11-30,BANCOM,hipotecario,1161.000000
2025-11-30,BANCOM,medianas_empresas,88.000000
2025-11-30,BANCOM,microempresas,35.000000
2025-11-30,BANCOM,pequenas_empresas,395.000000
2025-11-30,BANK_OF_CHINA,corporativo,6.000000
2025-11-30,BBVA,consumo,947997.000000
2025-11-30,BBVA,corporativo,656.000000
2025-11-30,BBVA,grandes_empresas,2471.000000
2025-11-30,BBVA,hipotecario,61114.000000
2025-11-30,BBVA,medianas_empresas,7589.000000
2025-11-30,BBVA,microempresas,4125.000000
2025-11-30,BBVA,pequenas_empresas,39944.000000
2025-11-30,BCI,corporativo,62.000000
2025-11-30,BCI,grandes_empresas,12.000000
2025-11-30,BCP,consumo,2933385.000000
2025-11-30,BCP,corporativo,1289.000000
2025-11-30,BCP,grandes_empresas,2909.000000
2025-11-30,BCP,hipotecario,84132.000000
2025-11-30,BCP,medianas_empresas,5629.000000
2025-11-30,BCP,microempresas,56877.000000
2025-11-30,BCP,pequenas_empresas,123772.000000
2025-11-30,BIF,consumo,98329.000000
2025-11-30,BIF,corporativo,290.000000
2025-11-30,BIF,grandes_empresas,754.000000
2025-11-30,BIF,hipotecario,18649.000000
2025-11-30,BIF,medianas_empresas,1040.000000
2025-11-30,BIF,microempresas,571.000000
2025-11-30,BIF,pequenas_empresas,854.000000
2025-11-30,CITIBANK,corporativo,43.000000
2025-11-30,CITIBANK,grandes_empresas,90.000000
2025-11-30,CITIBANK,medianas_empresas,23.000000
2025-11-30,CITIBANK,microempresas,4.000000
2025-11-30,CITIBANK,pequenas_empresas,9.000000
2025-11-30,COMPARTAMOS,consumo,70043.000000
2025-11-30,COMPARTAMOS,microempresas,888691.000000
2025-11-30,COMPARTAMOS,pequenas_empresas,93577.000000
2025-11-30,FALABELLA,consumo,1008120.000000
2025-11-30,FALABELLA,medianas_empresas,1.000000
2025-11-30,FALABELLA,microempresas,66.000000
2025-11-30,FALABELLA,pequenas_empresas,108.000000
2025-11-30,GNB,consumo,39260.000000
2025-11-30,GNB,corporativo,102.000000
2025-11-30,GNB,grandes_empresas,114.000000
2025-11-30,GNB,hipotecario,5310.000000
2025-11-30,GNB,medianas_empresas,55.000000
2025-11-30,GNB,pequenas_empresas,8.000000
2025-11-30,ICBC,corporativo,45.000000
2025-11-30,ICBC,grandes_empresas,12.000000
2025-11-30,ICBC,medianas_empresas,1.000000
2025-11-30,INTERBANK,consumo,992044.000000
2025-11-30,INTERBANK,corporativo,489.000000
2025-11-30,INTERBANK,grandes_empresas,1147.000000
2025-11-30,INTERBANK,hipotecario,51089.000000
2025-11-30,INTERBANK,medianas_empresas,1609.000000
2025-11-30,INTERBANK,microempresas,818.000000
2025-11-30,INTERBANK,pequenas_empresas,19716.000000
2025-11-30,MIBANCO,consumo,115627.000000
2025-11-30,MIBANCO,hipotecario,3817.000000
2025-11-30,MIBANCO,medianas_empresas,38.000000
2025-11-30,MIBANCO,microempresas,481016.000000
2025-11-30,MIBANCO,pequenas_empresas,289919.000000
2025-11-30,PICHINCHA,consumo,192091.000000
2025-11-30,PICHINCHA,corporativo,111.000000
2025-11-30,PICHINCHA,grandes_empresas,278.000000
2025-11-30,PICHINCHA,hipotecario,13040.000000
2025-11-30,PICHINCHA,medianas_empresas,198.000000
2025-11-30,PICHINCHA,microempresas,393.000000
2025-11-30,PICHINCHA,pequenas_empresas,1247.000000
2025-11-30,RIPLEY,consumo,387866.000000
2025-11-30,SANTANDER,consumo,1176.000000
2025-11-30,SANTANDER,corporativo,214.000000
2025-11-30,SANTANDER,grandes_empresas,189.000000
2025-11-30,SANTANDER,medianas_empresas,75.000000
2025-11-30,SANTANDER,pequenas_empresas,1.000000
2025-11-30,SANTANDER_CONSUMER,consumo,296206.000000
2025-11-30,SANTANDER_CONSUMER,hipotecario,440.000000
2025-11-30,SANTANDER_CONSUMER,microempresas,969.000000
2025-11-30,SANTANDER_CONSUMER,pequenas_empresas,278.000000
2025-11-30,SCOTIABANK,consumo,423876.000000
2025-11-30,SCOTIABANK,corporativo,428.000000
2025-11-30,SCOTIABANK,grandes_empresas,1103.000000
2025-11-30,SCOTIABANK,hipotecario,38163.000000
2025-11-30,SCOTIABANK,medianas_empresas,1611.000000
2025-11-30,SCOTIABANK,microempresas,1822.000000
2025-11-30,SCOTIABANK,pequenas_empresas,28719.000000
2025-12-31,ALFIN,consumo,120328.000000
2025-12-31,ALFIN,corporativo,13.000000
2025-12-31,ALFIN,grandes_empresas,39.000000
2025-12-31,ALFIN,medianas_empresas,29.000000
2025-12-31,ALFIN,microempresas,3.000000
2025-12-31,ALFIN,pequenas_empresas,61.000000
2025-12-31,BANCOM,consumo,41562.000000
2025-12-31,BANCOM,corporativo,10.000000
2025-12-31,BANCOM,grandes_empresas,55.000000
2025-12-31,BANCOM,hipotecario,1154.000000
2025-12-31,BANCOM,medianas_empresas,86.000000
2025-12-31,BANCOM,microempresas,37.000000
2025-12-31,BANCOM,pequenas_empresas,420.000000
2025-12-31,BANK_OF_CHINA,corporativo,4.000000
2025-12-31,BBVA,consumo,954559.000000
2025-12-31,BBVA,corporativo,662.000000
2025-12-31,BBVA,grandes_empresas,2448.000000
2025-12-31,BBVA,hipotecario,61322.000000
2025-12-31,BBVA,medianas_empresas,7661.000000
2025-12-31,BBVA,microempresas,4006.000000
2025-12-31,BBVA,pequenas_empresas,40073.000000
2025-12-31,BCI,corporativo,60.000000
2025-12-31,BCI,grandes_empresas,14.000000
2025-12-31,BCP,consumo,3012645.000000
2025-12-31,BCP,corporativo,1289.000000
2025-12-31,BCP,grandes_empresas,2881.000000
2025-12-31,BCP,hipotecario,84562.000000
2025-12-31,BCP,medianas_empresas,5562.000000
2025-12-31,BCP,microempresas,55291.000000
2025-12-31,BCP,pequenas_empresas,124958.000000
2025-12-31,BIF,consumo,97383.000000
2025-12-31,BIF,corporativo,282.000000
2025-12-31,BIF,grandes_empresas,733.000000
2025-12-31,BIF,hipotecario,18719.000000
2025-12-31,BIF,medianas_empresas,1011.000000
2025-12-31,BIF,microempresas,551.000000
2025-12-31,BIF,pequenas_empresas,856.000000
2025-12-31,CITIBANK,corporativo,38.000000
2025-12-31,CITIBANK,grandes_empresas,87.000000
2025-12-31,CITIBANK,medianas_empresas,21.000000
2025-12-31,CITIBANK,microempresas,5.000000
2025-12-31,CITIBANK,pequenas_empresas,8.000000
2025-12-31,COMPARTAMOS,consumo,71792.000000
2025-12-31,COMPARTAMOS,microempresas,894654.000000
2025-12-31,COMPARTAMOS,pequenas_empresas,94589.000000
2025-12-31,FALABELLA,consumo,1021614.000000
2025-12-31,FALABELLA,medianas_empresas,1.000000
2025-12-31,FALABELLA,microempresas,62.000000
2025-12-31,FALABELLA,pequenas_empresas,100.000000
2025-12-31,GNB,consumo,39430.000000
2025-12-31,GNB,corporativo,98.000000
2025-12-31,GNB,grandes_empresas,111.000000
2025-12-31,GNB,hipotecario,5291.000000
2025-12-31,GNB,medianas_empresas,54.000000
2025-12-31,GNB,pequenas_empresas,8.000000
2025-12-31,ICBC,corporativo,40.000000
2025-12-31,ICBC,grandes_empresas,12.000000
2025-12-31,ICBC,medianas_empresas,1.000000
2025-12-31,INTERBANK,consumo,995081.000000
2025-12-31,INTERBANK,corporativo,440.000000
2025-12-31,INTERBANK,grandes_empresas,1036.000000
2025-12-31,INTERBANK,hipotecario,51334.000000
2025-12-31,INTERBANK,medianas_empresas,1423.000000
2025-12-31,INTERBANK,microempresas,830.000000
2025-12-31,INTERBANK,pequenas_empresas,19913.000000
2025-12-31,MIBANCO,consumo,115087.000000
2025-12-31,MIBANCO,hipotecario,3730.000000
2025-12-31,MIBANCO,medianas_empresas,35.000000
2025-12-31,MIBANCO,microempresas,479581.000000
2025-12-31,MIBANCO,pequenas_empresas,291677.000000
2025-12-31,PICHINCHA,consumo,187300.000000
2025-12-31,PICHINCHA,corporativo,108.000000
2025-12-31,PICHINCHA,grandes_empresas,275.000000
2025-12-31,PICHINCHA,hipotecario,13005.000000
2025-12-31,PICHINCHA,medianas_empresas,188.000000
2025-12-31,PICHINCHA,microempresas,368.000000
2025-12-31,PICHINCHA,pequenas_empresas,1168.000000
2025-12-31,RIPLEY,consumo,406923.000000
2025-12-31,SANTANDER,consumo,1140.000000
2025-12-31,SANTANDER,corporativo,214.000000
2025-12-31,SANTANDER,grandes_empresas,186.000000
2025-12-31,SANTANDER,medianas_empresas,70.000000
2025-12-31,SANTANDER,pequenas_empresas,3.000000
2025-12-31,SANTANDER_CONSUMER,consumo,300652.000000
2025-12-31,SANTANDER_CONSUMER,hipotecario,460.000000
2025-12-31,SANTANDER_CONSUMER,microempresas,946.000000
2025-12-31,SANTANDER_CONSUMER,pequenas_empresas,277.000000
2025-12-31,SCOTIABANK,consumo,417986.000000
2025-12-31,SCOTIABANK,corporativo,414.000000
2025-12-31,SCOTIABANK,grandes_empresas,1098.000000
2025-12-31,SCOTIABANK,hipotecario,38243.000000
2025-12-31,SCOTIABANK,medianas_empresas,1610.000000
2025-12-31,SCOTIABANK,microempresas,1774.000000
2025-12-31,SCOTIABANK,pequenas_empresas,28556.000000
2026-01-31,ALFIN,consumo,121607.000000
2026-01-31,ALFIN,corporativo,13.000000
2026-01-31,ALFIN,grandes_empresas,40.000000
2026-01-31,ALFIN,medianas_empresas,30.000000
2026-01-31,ALFIN,microempresas,3.000000
2026-01-31,ALFIN,pequenas_empresas,60.000000
2026-01-31,BANCOM,consumo,41780.000000
2026-01-31,BANCOM,corporativo,10.000000
2026-01-31,BANCOM,grandes_empresas,52.000000
2026-01-31,BANCOM,hipotecario,1149.000000
2026-01-31,BANCOM,medianas_empresas,80.000000
2026-01-31,BANCOM,microempresas,35.000000
2026-01-31,BANCOM,pequenas_empresas,483.000000
2026-01-31,BANK_OF_CHINA,corporativo,5.000000
2026-01-31,BBVA,consumo,961982.000000
2026-01-31,BBVA,corporativo,658.000000
2026-01-31,BBVA,grandes_empresas,2454.000000
2026-01-31,BBVA,hipotecario,61643.000000
2026-01-31,BBVA,medianas_empresas,7484.000000
2026-01-31,BBVA,microempresas,4127.000000
2026-01-31,BBVA,pequenas_empresas,40590.000000
2026-01-31,BCI,corporativo,58.000000
2026-01-31,BCI,grandes_empresas,16.000000
2026-01-31,BCP,consumo,3201314.000000
2026-01-31,BCP,corporativo,1287.000000
2026-01-31,BCP,grandes_empresas,2835.000000
2026-01-31,BCP,hipotecario,84909.000000
2026-01-31,BCP,medianas_empresas,5682.000000
2026-01-31,BCP,microempresas,57885.000000
2026-01-31,BCP,pequenas_empresas,126107.000000
2026-01-31,BIF,consumo,98255.000000
2026-01-31,BIF,corporativo,278.000000
2026-01-31,BIF,grandes_empresas,739.000000
2026-01-31,BIF,hipotecario,18854.000000
2026-01-31,BIF,medianas_empresas,1004.000000
2026-01-31,BIF,microempresas,558.000000
2026-01-31,BIF,pequenas_empresas,833.000000
2026-01-31,CITIBANK,corporativo,42.000000
2026-01-31,CITIBANK,grandes_empresas,85.000000
2026-01-31,CITIBANK,medianas_empresas,22.000000
2026-01-31,CITIBANK,microempresas,4.000000
2026-01-31,CITIBANK,pequenas_empresas,8.000000
2026-01-31,COMPARTAMOS,consumo,74605.000000
2026-01-31,COMPARTAMOS,microempresas,892987.000000
2026-01-31,COMPARTAMOS,pequenas_empresas,96109.000000
2026-01-31,FALABELLA,consumo,1012176.000000
2026-01-31,FALABELLA,medianas_empresas,1.000000
2026-01-31,FALABELLA,microempresas,61.000000
2026-01-31,FALABELLA,pequenas_empresas,95.000000
2026-01-31,GNB,consumo,39659.000000
2026-01-31,GNB,corporativo,103.000000
2026-01-31,GNB,grandes_empresas,121.000000
2026-01-31,GNB,hipotecario,5261.000000
2026-01-31,GNB,medianas_empresas,53.000000
2026-01-31,GNB,pequenas_empresas,8.000000
2026-01-31,ICBC,corporativo,41.000000
2026-01-31,ICBC,grandes_empresas,12.000000
2026-01-31,ICBC,medianas_empresas,1.000000
2026-01-31,INTERBANK,consumo,1002528.000000
2026-01-31,INTERBANK,corporativo,449.000000
2026-01-31,INTERBANK,grandes_empresas,1044.000000
2026-01-31,INTERBANK,hipotecario,51499.000000
2026-01-31,INTERBANK,medianas_empresas,1404.000000
2026-01-31,INTERBANK,microempresas,851.000000
2026-01-31,INTERBANK,pequenas_empresas,19867.000000
2026-01-31,MIBANCO,consumo,118000.000000
2026-01-31,MIBANCO,hipotecario,3669.000000
2026-01-31,MIBANCO,medianas_empresas,36.000000
2026-01-31,MIBANCO,microempresas,466247.000000
2026-01-31,MIBANCO,pequenas_empresas,310277.000000
2026-01-31,PICHINCHA,consumo,182452.000000
2026-01-31,PICHINCHA,corporativo,110.000000
2026-01-31,PICHINCHA,grandes_empresas,276.000000
2026-01-31,PICHINCHA,hipotecario,12954.000000
2026-01-31,PICHINCHA,medianas_empresas,173.000000
2026-01-31,PICHINCHA,microempresas,333.000000
2026-01-31,PICHINCHA,pequenas_empresas,1004.000000
2026-01-31,RIPLEY,consumo,396505.000000
2026-01-31,SANTANDER,consumo,1076.000000
2026-01-31,SANTANDER,corporativo,201.000000
2026-01-31,SANTANDER,grandes_empresas,184.000000
2026-01-31,SANTANDER,medianas_empresas,69.000000
2026-01-31,SANTANDER,pequenas_empresas,3.000000
2026-01-31,SANTANDER_CONSUMER,consumo,306667.000000
2026-01-31,SANTANDER_CONSUMER,hipotecario,474.000000
2026-01-31,SANTANDER_CONSUMER,microempresas,931.000000
2026-01-31,SANTANDER_CONSUMER,pequenas_empresas,271.000000
2026-01-31,SCOTIABANK,consumo,416841.000000
2026-01-31,SCOTIABANK,corporativo,419.000000
2026-01-31,SCOTIABANK,grandes_empresas,1103.000000
2026-01-31,SCOTIABANK,hipotecario,38352.000000
2026-01-31,SCOTIABANK,medianas_empresas,1603.000000
2026-01-31,SCOTIABANK,microempresas,1799.000000
2026-01-31,SCOTIABANK,pequenas_empresas,28473.000000
2026-02-28,ALFIN,consumo,123072.000000
2026-02-28,ALFIN,corporativo,13.000000
2026-02-28,ALFIN,grandes_empresas,41.000000
2026-02-28,ALFIN,medianas_empresas,31.000000
2026-02-28,ALFIN,microempresas,3.000000
2026-02-28,ALFIN,pequenas_empresas,59.000000
2026-02-28,BANCOM,consumo,42069.000000
2026-02-28,BANCOM,corporativo,10.000000
2026-02-28,BANCOM,grandes_empresas,51.000000
2026-02-28,BANCOM,hipotecario,1145.000000
2026-02-28,BANCOM,medianas_empresas,84.000000
2026-02-28,BANCOM,microempresas,35.000000
2026-02-28,BANCOM,pequenas_empresas,541.000000
2026-02-28,BANK_OF_CHINA,corporativo,6.000000
2026-02-28,BBVA,consumo,971690.000000
2026-02-28,BBVA,corporativo,659.000000
2026-02-28,BBVA,grandes_empresas,2455.000000
2026-02-28,BBVA,hipotecario,61923.000000
2026-02-28,BBVA,medianas_empresas,7536.000000
2026-02-28,BBVA,microempresas,3294.000000
2026-02-28,BBVA,pequenas_empresas,41017.000000
2026-02-28,BCI,corporativo,61.000000
2026-02-28,BCI,grandes_empresas,16.000000
2026-02-28,BCP,consumo,3310239.000000
2026-02-28,BCP,corporativo,1241.000000
2026-02-28,BCP,grandes_empresas,2828.000000
2026-02-28,BCP,hipotecario,85244.000000
2026-02-28,BCP,medianas_empresas,5787.000000
2026-02-28,BCP,microempresas,57342.000000
2026-02-28,BCP,pequenas_empresas,128356.000000
2026-02-28,BIF,consumo,99144.000000
2026-02-28,BIF,corporativo,276.000000
2026-02-28,BIF,grandes_empresas,732.000000
2026-02-28,BIF,hipotecario,18972.000000
2026-02-28,BIF,medianas_empresas,1004.000000
2026-02-28,BIF,microempresas,527.000000
2026-02-28,BIF,pequenas_empresas,859.000000
2026-02-28,CITIBANK,corporativo,41.000000
2026-02-28,CITIBANK,grandes_empresas,87.000000
2026-02-28,CITIBANK,medianas_empresas,21.000000
2026-02-28,CITIBANK,microempresas,5.000000
2026-02-28,CITIBANK,pequenas_empresas,8.000000
2026-02-28,COMPARTAMOS,consumo,76926.000000
2026-02-28,COMPARTAMOS,microempresas,890825.000000
2026-02-28,COMPARTAMOS,pequenas_empresas,96227.000000
2026-02-28,FALABELLA,consumo,1004873.000000
2026-02-28,FALABELLA,grandes_empresas,1.000000
2026-02-28,FALABELLA,microempresas,60.000000
2026-02-28,FALABELLA,pequenas_empresas,87.000000
2026-02-28,GNB,consumo,39876.000000
2026-02-28,GNB,corporativo,108.000000
2026-02-28,GNB,grandes_empresas,123.000000
2026-02-28,GNB,hipotecario,5234.000000
2026-02-28,GNB,medianas_empresas,52.000000
2026-02-28,GNB,pequenas_empresas,8.000000
2026-02-28,ICBC,corporativo,39.000000
2026-02-28,ICBC,grandes_empresas,10.000000
2026-02-28,ICBC,medianas_empresas,1.000000
2026-02-28,INTERBANK,consumo,1007009.000000
2026-02-28,INTERBANK,corporativo,455.000000
2026-02-28,INTERBANK,grandes_empresas,1052.000000
2026-02-28,INTERBANK,hipotecario,51673.000000
2026-02-28,INTERBANK,medianas_empresas,1460.000000
2026-02-28,INTERBANK,microempresas,871.000000
2026-02-28,INTERBANK,pequenas_empresas,19953.000000
2026-02-28,MIBANCO,consumo,121522.000000
2026-02-28,MIBANCO,hipotecario,3600.000000
2026-02-28,MIBANCO,medianas_empresas,39.000000
2026-02-28,MIBANCO,microempresas,469440.000000
2026-02-28,MIBANCO,pequenas_empresas,313796.000000
2026-02-28,PICHINCHA,consumo,178712.000000
2026-02-28,PICHINCHA,corporativo,115.000000
2026-02-28,PICHINCHA,grandes_empresas,271.000000
2026-02-28,PICHINCHA,hipotecario,12904.000000
2026-02-28,PICHINCHA,medianas_empresas,175.000000
2026-02-28,PICHINCHA,microempresas,329.000000
2026-02-28,PICHINCHA,pequenas_empresas,935.000000
2026-02-28,RIPLEY,consumo,392708.000000
2026-02-28,SANTANDER,consumo,1023.000000
2026-02-28,SANTANDER,corporativo,200.000000
2026-02-28,SANTANDER,grandes_empresas,181.000000
2026-02-28,SANTANDER,medianas_empresas,66.000000
2026-02-28,SANTANDER,pequenas_empresas,3.000000
2026-02-28,SANTANDER_CONSUMER,consumo,313352.000000
2026-02-28,SANTANDER_CONSUMER,hipotecario,493.000000
2026-02-28,SANTANDER_CONSUMER,microempresas,914.000000
2026-02-28,SANTANDER_CONSUMER,pequenas_empresas,271.000000
2026-02-28,SCOTIABANK,consumo,415692.000000
2026-02-28,SCOTIABANK,corporativo,424.000000
2026-02-28,SCOTIABANK,grandes_empresas,1104.000000
2026-02-28,SCOTIABANK,hipotecario,38446.000000
2026-02-28,SCOTIABANK,medianas_empresas,1620.000000
2026-02-28,SCOTIABANK,microempresas,1774.000000
2026-02-28,SCOTIABANK,pequenas_empresas,28282.000000
2026-03-31,ALFIN,consumo,126225.000000
2026-03-31,ALFIN,corporativo,15.000000
2026-03-31,ALFIN,grandes_empresas,37.000000
2026-03-31,ALFIN,medianas_empresas,33.000000
2026-03-31,ALFIN,microempresas,2.000000
2026-03-31,ALFIN,pequenas_empresas,59.000000
2026-03-31,BANCOM,consumo,41768.000000
2026-03-31,BANCOM,corporativo,10.000000
2026-03-31,BANCOM,grandes_empresas,54.000000
2026-03-31,BANCOM,hipotecario,1141.000000
2026-03-31,BANCOM,medianas_empresas,82.000000
2026-03-31,BANCOM,microempresas,35.000000
2026-03-31,BANCOM,pequenas_empresas,592.000000
2026-03-31,BANK_OF_CHINA,corporativo,5.000000
2026-03-31,BBVA,consumo,982586.000000
2026-03-31,BBVA,corporativo,656.000000
2026-03-31,BBVA,grandes_empresas,2487.000000
2026-03-31,BBVA,hipotecario,62137.000000
2026-03-31,BBVA,medianas_empresas,7624.000000
2026-03-31,BBVA,microempresas,3119.000000
2026-03-31,BBVA,pequenas_empresas,41286.000000
2026-03-31,BCI,corporativo,61.000000
2026-03-31,BCI,grandes_empresas,17.000000
2026-03-31,BCP,consumo,3516780.000000
2026-03-31,BCP,corporativo,1255.000000
2026-03-31,BCP,grandes_empresas,2709.000000
2026-03-31,BCP,hipotecario,85623.000000
2026-03-31,BCP,medianas_empresas,5637.000000
2026-03-31,BCP,microempresas,61076.000000
2026-03-31,BCP,pequenas_empresas,131562.000000
2026-03-31,BIF,consumo,99600.000000
2026-03-31,BIF,corporativo,288.000000
2026-03-31,BIF,grandes_empresas,727.000000
2026-03-31,BIF,hipotecario,19058.000000
2026-03-31,BIF,medianas_empresas,1040.000000
2026-03-31,BIF,microempresas,535.000000
2026-03-31,BIF,pequenas_empresas,866.000000
2026-03-31,CITIBANK,corporativo,41.000000
2026-03-31,CITIBANK,grandes_empresas,87.000000
2026-03-31,CITIBANK,medianas_empresas,21.000000
2026-03-31,CITIBANK,microempresas,4.000000
2026-03-31,CITIBANK,pequenas_empresas,8.000000
2026-03-31,COMPARTAMOS,consumo,79541.000000
2026-03-31,COMPARTAMOS,microempresas,897715.000000
2026-03-31,COMPARTAMOS,pequenas_empresas,98037.000000
2026-03-31,FALABELLA,consumo,1010384.000000
2026-03-31,FALABELLA,grandes_empresas,1.000000
2026-03-31,FALABELLA,microempresas,53.000000
2026-03-31,FALABELLA,pequenas_empresas,84.000000
2026-03-31,GNB,consumo,40054.000000
2026-03-31,GNB,corporativo,99.000000
2026-03-31,GNB,grandes_empresas,124.000000
2026-03-31,GNB,hipotecario,5197.000000
2026-03-31,GNB,medianas_empresas,53.000000
2026-03-31,GNB,pequenas_empresas,8.000000
2026-03-31,ICBC,corporativo,42.000000
2026-03-31,ICBC,grandes_empresas,12.000000
2026-03-31,ICBC,medianas_empresas,1.000000
2026-03-31,INTERBANK,consumo,1016347.000000
2026-03-31,INTERBANK,corporativo,443.000000
2026-03-31,INTERBANK,grandes_empresas,1068.000000
2026-03-31,INTERBANK,hipotecario,51752.000000
2026-03-31,INTERBANK,medianas_empresas,1534.000000
2026-03-31,INTERBANK,microempresas,915.000000
2026-03-31,INTERBANK,pequenas_empresas,20090.000000
2026-03-31,MIBANCO,consumo,126388.000000
2026-03-31,MIBANCO,hipotecario,3529.000000
2026-03-31,MIBANCO,medianas_empresas,37.000000
2026-03-31,MIBANCO,microempresas,474739.000000
2026-03-31,MIBANCO,pequenas_empresas,318189.000000
2026-03-31,PICHINCHA,consumo,174124.000000
2026-03-31,PICHINCHA,corporativo,115.000000
2026-03-31,PICHINCHA,grandes_empresas,277.000000
2026-03-31,PICHINCHA,hipotecario,12867.000000
2026-03-31,PICHINCHA,medianas_empresas,157.000000
2026-03-31,PICHINCHA,microempresas,301.000000
2026-03-31,PICHINCHA,pequenas_empresas,795.000000
2026-03-31,RIPLEY,consumo,393950.000000
2026-03-31,SANTANDER,consumo,966.000000
2026-03-31,SANTANDER,corporativo,204.000000
2026-03-31,SANTANDER,grandes_empresas,176.000000
2026-03-31,SANTANDER,medianas_empresas,70.000000
2026-03-31,SANTANDER,pequenas_empresas,3.000000
2026-03-31,SANTANDER_CONSUMER,consumo,325419.000000
2026-03-31,SANTANDER_CONSUMER,hipotecario,507.000000
2026-03-31,SANTANDER_CONSUMER,microempresas,899.000000
2026-03-31,SANTANDER_CONSUMER,pequenas_empresas,259.000000
2026-03-31,SCOTIABANK,consumo,416599.000000
2026-03-31,SCOTIABANK,corporativo,424.000000
2026-03-31,SCOTIABANK,grandes_empresas,1109.000000
2026-03-31,SCOTIABANK,hipotecario,38585.000000
2026-03-31,SCOTIABANK,medianas_empresas,1630.000000
2026-03-31,SCOTIABANK,microempresas,1753.000000
2026-03-31,SCOTIABANK,pequenas_empresas,27981.000000
2026-04-30,ALFIN,consumo,128449.000000
2026-04-30,ALFIN,corporativo,15.000000
2026-04-30,ALFIN,grandes_empresas,38.000000
2026-04-30,ALFIN,medianas_empresas,33.000000
2026-04-30,ALFIN,microempresas,2.000000
2026-04-30,ALFIN,pequenas_empresas,58.000000
2026-04-30,BANCOM,consumo,41728.000000
2026-04-30,BANCOM,corporativo,9.000000
2026-04-30,BANCOM,grandes_empresas,56.000000
2026-04-30,BANCOM,hipotecario,1143.000000
2026-04-30,BANCOM,medianas_empresas,78.000000
2026-04-30,BANCOM,microempresas,33.000000
2026-04-30,BANCOM,pequenas_empresas,663.000000
2026-04-30,BANK_OF_CHINA,corporativo,6.000000
2026-04-30,BBVA,consumo,994894.000000
2026-04-30,BBVA,corporativo,664.000000
2026-04-30,BBVA,grandes_empresas,2534.000000
2026-04-30,BBVA,hipotecario,62423.000000
2026-04-30,BBVA,medianas_empresas,7643.000000
2026-04-30,BBVA,microempresas,3045.000000
2026-04-30,BBVA,pequenas_empresas,41607.000000
2026-04-30,BCI,corporativo,59.000000
2026-04-30,BCI,grandes_empresas,19.000000
2026-04-30,BCP,consumo,3716123.000000
2026-04-30,BCP,corporativo,1260.000000
2026-04-30,BCP,grandes_empresas,2698.000000
2026-04-30,BCP,hipotecario,86102.000000
2026-04-30,BCP,medianas_empresas,5720.000000
2026-04-30,BCP,microempresas,69694.000000
2026-04-30,BCP,pequenas_empresas,136097.000000
2026-04-30,BIF,consumo,100122.000000
2026-04-30,BIF,corporativo,287.000000
2026-04-30,BIF,grandes_empresas,740.000000
2026-04-30,BIF,hipotecario,19198.000000
2026-04-30,BIF,medianas_empresas,1052.000000
2026-04-30,BIF,microempresas,550.000000
2026-04-30,BIF,pequenas_empresas,873.000000
2026-04-30,CITIBANK,corporativo,45.000000
2026-04-30,CITIBANK,grandes_empresas,85.000000
2026-04-30,CITIBANK,medianas_empresas,21.000000
2026-04-30,CITIBANK,microempresas,4.000000
2026-04-30,CITIBANK,pequenas_empresas,7.000000
2026-04-30,COMPARTAMOS,consumo,81916.000000
2026-04-30,COMPARTAMOS,microempresas,901563.000000
2026-04-30,COMPARTAMOS,pequenas_empresas,98656.000000
2026-04-30,FALABELLA,consumo,1036086.000000
2026-04-30,FALABELLA,grandes_empresas,1.000000
2026-04-30,FALABELLA,microempresas,49.000000
2026-04-30,FALABELLA,pequenas_empresas,78.000000
2026-04-30,GNB,consumo,40376.000000
2026-04-30,GNB,corporativo,104.000000
2026-04-30,GNB,grandes_empresas,126.000000
2026-04-30,GNB,hipotecario,5166.000000
2026-04-30,GNB,medianas_empresas,50.000000
2026-04-30,GNB,pequenas_empresas,9.000000
2026-04-30,ICBC,corporativo,41.000000
2026-04-30,ICBC,grandes_empresas,12.000000
2026-04-30,ICBC,medianas_empresas,1.000000
2026-04-30,INTERBANK,consumo,1023207.000000
2026-04-30,INTERBANK,corporativo,454.000000
2026-04-30,INTERBANK,grandes_empresas,1072.000000
2026-04-30,INTERBANK,hipotecario,51851.000000
2026-04-30,INTERBANK,medianas_empresas,1627.000000
2026-04-30,INTERBANK,microempresas,956.000000
2026-04-30,INTERBANK,pequenas_empresas,20380.000000
2026-04-30,MIBANCO,consumo,131303.000000
2026-04-30,MIBANCO,hipotecario,3457.000000
2026-04-30,MIBANCO,medianas_empresas,37.000000
2026-04-30,MIBANCO,microempresas,481882.000000
2026-04-30,MIBANCO,pequenas_empresas,323262.000000
2026-04-30,PICHINCHA,consumo,170929.000000
2026-04-30,PICHINCHA,corporativo,115.000000
2026-04-30,PICHINCHA,grandes_empresas,265.000000
2026-04-30,PICHINCHA,hipotecario,12831.000000
2026-04-30,PICHINCHA,medianas_empresas,140.000000
2026-04-30,PICHINCHA,microempresas,285.000000
2026-04-30,PICHINCHA,pequenas_empresas,714.000000
2026-04-30,RIPLEY,consumo,400508.000000
2026-04-30,SANTANDER,consumo,915.000000
2026-04-30,SANTANDER,corporativo,203.000000
2026-04-30,SANTANDER,grandes_empresas,177.000000
2026-04-30,SANTANDER,medianas_empresas,65.000000
2026-04-30,SANTANDER,pequenas_empresas,1.000000
2026-04-30,SANTANDER_CONSUMER,consumo,335273.000000
2026-04-30,SANTANDER_CONSUMER,hipotecario,520.000000
2026-04-30,SANTANDER_CONSUMER,microempresas,889.000000
2026-04-30,SANTANDER_CONSUMER,pequenas_empresas,248.000000
2026-04-30,SCOTIABANK,consumo,419624.000000
2026-04-30,SCOTIABANK,corporativo,425.000000
2026-04-30,SCOTIABANK,grandes_empresas,1111.000000
2026-04-30,SCOTIABANK,hipotecario,38831.000000
2026-04-30,SCOTIABANK,medianas_empresas,1637.000000
2026-04-30,SCOTIABANK,microempresas,1696.000000
2026-04-30,SCOTIABANK,pequenas_empresas,27811.000000
2026-05-31,ALFIN,consumo,130456.000000
2026-05-31,ALFIN,corporativo,16.000000
2026-05-31,ALFIN,grandes_empresas,40.000000
2026-05-31,ALFIN,medianas_empresas,33.000000
2026-05-31,ALFIN,microempresas,3.000000
2026-05-31,ALFIN,pequenas_empresas,55.000000
2026-05-31,BANCOM,consumo,41774.000000
2026-05-31,BANCOM,corporativo,10.000000
2026-05-31,BANCOM,grandes_empresas,77.000000
2026-05-31,BANCOM,hipotecario,1138.000000
2026-05-31,BANCOM,medianas_empresas,105.000000
2026-05-31,BANCOM,microempresas,23.000000
2026-05-31,BANCOM,pequenas_empresas,724.000000
2026-05-31,BANK_OF_CHINA,corporativo,5.000000
2026-05-31,BBVA,consumo,1009134.000000
2026-05-31,BBVA,corporativo,682.000000
2026-05-31,BBVA,grandes_empresas,2569.000000
2026-05-31,BBVA,hipotecario,62805.000000
2026-05-31,BBVA,medianas_empresas,7870.000000
2026-05-31,BBVA,microempresas,2970.000000
2026-05-31,BBVA,pequenas_empresas,41562.000000
2026-05-31,BCI,corporativo,65.000000
2026-05-31,BCI,grandes_empresas,19.000000
2026-05-31,BCP,consumo,3904545.000000
2026-05-31,BCP,corporativo,1240.000000
2026-05-31,BCP,grandes_empresas,2801.000000
2026-05-31,BCP,hipotecario,86504.000000
2026-05-31,BCP,medianas_empresas,5795.000000
2026-05-31,BCP,microempresas,75902.000000
2026-05-31,BCP,pequenas_empresas,140368.000000
2026-05-31,BIF,consumo,100503.000000
2026-05-31,BIF,corporativo,283.000000
2026-05-31,BIF,grandes_empresas,755.000000
2026-05-31,BIF,hipotecario,19304.000000
2026-05-31,BIF,medianas_empresas,1094.000000
2026-05-31,BIF,microempresas,550.000000
2026-05-31,BIF,pequenas_empresas,866.000000
2026-05-31,CITIBANK,corporativo,60.000000
2026-05-31,CITIBANK,grandes_empresas,72.000000
2026-05-31,CITIBANK,medianas_empresas,19.000000
2026-05-31,CITIBANK,microempresas,4.000000
2026-05-31,CITIBANK,pequenas_empresas,7.000000
2026-05-31,COMPARTAMOS,consumo,83744.000000
2026-05-31,COMPARTAMOS,microempresas,896555.000000
2026-05-31,COMPARTAMOS,pequenas_empresas,99715.000000
2026-05-31,FALABELLA,consumo,1041500.000000
2026-05-31,FALABELLA,grandes_empresas,1.000000
2026-05-31,FALABELLA,microempresas,51.000000
2026-05-31,FALABELLA,pequenas_empresas,66.000000
2026-05-31,GNB,consumo,40703.000000
2026-05-31,GNB,corporativo,101.000000
2026-05-31,GNB,grandes_empresas,123.000000
2026-05-31,GNB,hipotecario,5129.000000
2026-05-31,GNB,medianas_empresas,50.000000
2026-05-31,GNB,pequenas_empresas,9.000000
2026-05-31,ICBC,corporativo,35.000000
2026-05-31,ICBC,grandes_empresas,12.000000
2026-05-31,ICBC,medianas_empresas,1.000000
2026-05-31,INTERBANK,consumo,1032632.000000
2026-05-31,INTERBANK,corporativo,456.000000
2026-05-31,INTERBANK,grandes_empresas,1089.000000
2026-05-31,INTERBANK,hipotecario,52049.000000
2026-05-31,INTERBANK,medianas_empresas,1687.000000
2026-05-31,INTERBANK,microempresas,1028.000000
2026-05-31,INTERBANK,pequenas_empresas,20819.000000
2026-05-31,MIBANCO,consumo,136188.000000
2026-05-31,MIBANCO,hipotecario,3403.000000
2026-05-31,MIBANCO,medianas_empresas,45.000000
2026-05-31,MIBANCO,microempresas,488556.000000
2026-05-31,MIBANCO,pequenas_empresas,328721.000000
2026-05-31,PICHINCHA,consumo,167889.000000
2026-05-31,PICHINCHA,corporativo,112.000000
2026-05-31,PICHINCHA,grandes_empresas,266.000000
2026-05-31,PICHINCHA,hipotecario,12820.000000
2026-05-31,PICHINCHA,medianas_empresas,146.000000
2026-05-31,PICHINCHA,microempresas,286.000000
2026-05-31,PICHINCHA,pequenas_empresas,698.000000
2026-05-31,RIPLEY,consumo,407134.000000
2026-05-31,SANTANDER,consumo,871.000000
2026-05-31,SANTANDER,corporativo,204.000000
2026-05-31,SANTANDER,grandes_empresas,182.000000
2026-05-31,SANTANDER,medianas_empresas,65.000000
2026-05-31,SANTANDER,pequenas_empresas,2.000000
2026-05-31,SANTANDER_CONSUMER,consumo,340865.000000
2026-05-31,SANTANDER_CONSUMER,hipotecario,525.000000
2026-05-31,SANTANDER_CONSUMER,microempresas,885.000000
2026-05-31,SANTANDER_CONSUMER,pequenas_empresas,236.000000
2026-05-31,SCOTIABANK,consumo,423048.000000
2026-05-31,SCOTIABANK,corporativo,441.000000
2026-05-31,SCOTIABANK,grandes_empresas,1113.000000
2026-05-31,SCOTIABANK,hipotecario,39070.000000
2026-05-31,SCOTIABANK,medianas_empresas,1649.000000
2026-05-31,SCOTIABANK,microempresas,1681.000000
2026-05-31,SCOTIABANK,pequenas_empresas,27806.000000
2026-06-30,ALFIN,consumo,132391.000000
2026-06-30,ALFIN,corporativo,16.000000
2026-06-30,ALFIN,grandes_empresas,42.000000
2026-06-30,ALFIN,medianas_empresas,36.000000
2026-06-30,ALFIN,microempresas,2.000000
2026-06-30,ALFIN,pequenas_empresas,55.000000
2026-06-30,BANCOM,consumo,41462.000000
2026-06-30,BANCOM,corporativo,10.000000
2026-06-30,BANCOM,grandes_empresas,81.000000
2026-06-30,BANCOM,hipotecario,1133.000000
2026-06-30,BANCOM,medianas_empresas,99.000000
2026-06-30,BANCOM,microempresas,26.000000
2026-06-30,BANCOM,pequenas_empresas,800.000000
2026-06-30,BANK_OF_CHINA,corporativo,8.000000
2026-06-30,BBVA,consumo,1025179.000000
2026-06-30,BBVA,corporativo,697.000000
2026-06-30,BBVA,grandes_empresas,2654.000000
2026-06-30,BBVA,hipotecario,63116.000000
2026-06-30,BBVA,medianas_empresas,7937.000000
2026-06-30,BBVA,microempresas,2921.000000
2026-06-30,BBVA,pequenas_empresas,41722.000000
2026-06-30,BCI,corporativo,67.000000
2026-06-30,BCI,grandes_empresas,18.000000
2026-06-30,BCP,consumo,4077114.000000
2026-06-30,BCP,corporativo,1261.000000
2026-06-30,BCP,grandes_empresas,2855.000000
2026-06-30,BCP,hipotecario,86943.000000
2026-06-30,BCP,medianas_empresas,5975.000000
2026-06-30,BCP,microempresas,87662.000000
2026-06-30,BCP,pequenas_empresas,144074.000000
2026-06-30,BIF,consumo,101417.000000
2026-06-30,BIF,corporativo,290.000000
2026-06-30,BIF,grandes_empresas,767.000000
2026-06-30,BIF,hipotecario,19421.000000
2026-06-30,BIF,medianas_empresas,1079.000000
2026-06-30,BIF,microempresas,551.000000
2026-06-30,BIF,pequenas_empresas,865.000000
2026-06-30,CITIBANK,corporativo,60.000000
2026-06-30,CITIBANK,grandes_empresas,74.000000
2026-06-30,CITIBANK,medianas_empresas,23.000000
2026-06-30,CITIBANK,pequenas_empresas,5.000000
2026-06-30,COMPARTAMOS,consumo,85418.000000
2026-06-30,COMPARTAMOS,microempresas,893079.000000
2026-06-30,COMPARTAMOS,pequenas_empresas,100208.000000
2026-06-30,EFECTIVA,consumo,248519.000000
2026-06-30,EFECTIVA,hipotecario,3770.000000
2026-06-30,EFECTIVA,microempresas,12740.000000
2026-06-30,EFECTIVA,pequenas_empresas,10163.000000
2026-06-30,FALABELLA,consumo,1042993.000000
2026-06-30,FALABELLA,grandes_empresas,1.000000
2026-06-30,FALABELLA,microempresas,48.000000
2026-06-30,FALABELLA,pequenas_empresas,64.000000
2026-06-30,GNB,consumo,41903.000000
2026-06-30,GNB,corporativo,91.000000
2026-06-30,GNB,grandes_empresas,124.000000
2026-06-30,GNB,hipotecario,5112.000000
2026-06-30,GNB,medianas_empresas,49.000000
2026-06-30,GNB,pequenas_empresas,9.000000
2026-06-30,ICBC,corporativo,39.000000
2026-06-30,ICBC,grandes_empresas,12.000000
2026-06-30,ICBC,medianas_empresas,1.000000
2026-06-30,INTERBANK,consumo,1051311.000000
2026-06-30,INTERBANK,corporativo,465.000000
2026-06-30,INTERBANK,grandes_empresas,1093.000000
2026-06-30,INTERBANK,hipotecario,52237.000000
2026-06-30,INTERBANK,medianas_empresas,1727.000000
2026-06-30,INTERBANK,microempresas,1012.000000
2026-06-30,INTERBANK,pequenas_empresas,21045.000000
2026-06-30,MIBANCO,consumo,141742.000000
2026-06-30,MIBANCO,hipotecario,3358.000000
2026-06-30,MIBANCO,medianas_empresas,39.000000
2026-06-30,MIBANCO,microempresas,495727.000000
2026-06-30,MIBANCO,pequenas_empresas,334123.000000
2026-06-30,PICHINCHA,consumo,166437.000000
2026-06-30,PICHINCHA,corporativo,113.000000
2026-06-30,PICHINCHA,grandes_empresas,257.000000
2026-06-30,PICHINCHA,hipotecario,12787.000000
2026-06-30,PICHINCHA,medianas_empresas,146.000000
2026-06-30,PICHINCHA,microempresas,256.000000
2026-06-30,PICHINCHA,pequenas_empresas,630.000000
2026-06-30,RIPLEY,consumo,413236.000000
2026-06-30,SANTANDER,consumo,844.000000
2026-06-30,SANTANDER,corporativo,202.000000
2026-06-30,SANTANDER,grandes_empresas,181.000000
2026-06-30,SANTANDER,medianas_empresas,61.000000
2026-06-30,SANTANDER,pequenas_empresas,2.000000
2026-06-30,SANTANDER_CONSUMER,consumo,348075.000000
2026-06-30,SANTANDER_CONSUMER,hipotecario,535.000000
2026-06-30,SANTANDER_CONSUMER,microempresas,871.000000
2026-06-30,SANTANDER_CONSUMER,pequenas_empresas,231.000000
2026-06-30,SCOTIABANK,consumo,425932.000000
2026-06-30,SCOTIABANK,corporativo,445.000000
2026-06-30,SCOTIABANK,grandes_empresas,1111.000000
2026-06-30,SCOTIABANK,hipotecario,39254.000000
2026-06-30,SCOTIABANK,medianas_empresas,1641.000000
2026-06-30,SCOTIABANK,microempresas,1673.000000
2026-06-30,SCOTIABANK,pequenas_empresas,27641.000000
2026-07-31,ALFIN,consumo,134678.000000
2026-07-31,ALFIN,corporativo,16.000000
2026-07-31,ALFIN,grandes_empresas,41.000000
2026-07-31,ALFIN,medianas_empresas,35.000000
2026-07-31,ALFIN,microempresas,2.000000
2026-07-31,ALFIN,pequenas_empresas,56.000000
2026-07-31,BANCOM,consumo,41415.000000
2026-07-31,BANCOM,corporativo,14.000000
2026-07-31,BANCOM,grandes_empresas,83.000000
2026-07-31,BANCOM,hipotecario,1129.000000
2026-07-31,BANCOM,medianas_empresas,100.000000
2026-07-31,BANCOM,microempresas,25.000000
2026-07-31,BANCOM,pequenas_empresas,872.000000
2026-07-31,BANK_OF_CHINA,corporativo,10.000000
2026-07-31,BBVA,consumo,1036672.000000
2026-07-31,BBVA,corporativo,685.000000
2026-07-31,BBVA,grandes_empresas,2620.000000
2026-07-31,BBVA,hipotecario,63421.000000
2026-07-31,BBVA,medianas_empresas,6795.000000
2026-07-31,BBVA,microempresas,2671.000000
2026-07-31,BBVA,pequenas_empresas,41845.000000
2026-07-31,BCI,corporativo,68.000000
2026-07-31,BCI,grandes_empresas,19.000000
2026-07-31,BCP,consumo,4096295.000000
2026-07-31,BCP,corporativo,1251.000000
2026-07-31,BCP,grandes_empresas,2884.000000
2026-07-31,BCP,hipotecario,87408.000000
2026-07-31,BCP,medianas_empresas,5991.000000
2026-07-31,BCP,microempresas,98971.000000
2026-07-31,BCP,pequenas_empresas,149576.000000
2026-07-31,BIF,consumo,102031.000000
2026-07-31,BIF,corporativo,295.000000
2026-07-31,BIF,grandes_empresas,768.000000
2026-07-31,BIF,hipotecario,19507.000000
2026-07-31,BIF,medianas_empresas,1094.000000
2026-07-31,BIF,microempresas,548.000000
2026-07-31,BIF,pequenas_empresas,876.000000
2026-07-31,CITIBANK,corporativo,53.000000
2026-07-31,CITIBANK,grandes_empresas,50.000000
2026-07-31,CITIBANK,medianas_empresas,47.000000
2026-07-31,CITIBANK,microempresas,6.000000
2026-07-31,CITIBANK,pequenas_empresas,6.000000
2026-07-31,COMPARTAMOS,consumo,86499.000000
2026-07-31,COMPARTAMOS,microempresas,883280.000000
2026-07-31,COMPARTAMOS,pequenas_empresas,100264.000000
2026-07-31,EFECTIVA,consumo,249789.000000
2026-07-31,EFECTIVA,hipotecario,3784.000000
2026-07-31,EFECTIVA,microempresas,12628.000000
2026-07-31,EFECTIVA,pequenas_empresas,10326.000000
2026-07-31,FALABELLA,consumo,1049941.000000
2026-07-31,FALABELLA,microempresas,47.000000
2026-07-31,FALABELLA,pequenas_empresas,57.000000
2026-07-31,GNB,consumo,42113.000000
2026-07-31,GNB,corporativo,101.000000
2026-07-31,GNB,grandes_empresas,127.000000
2026-07-31,GNB,hipotecario,5089.000000
2026-07-31,GNB,medianas_empresas,50.000000
2026-07-31,GNB,pequenas_empresas,10.000000
2026-07-31,ICBC,corporativo,40.000000
2026-07-31,ICBC,grandes_empresas,12.000000
2026-07-31,INTERBANK,consumo,1060987.000000
2026-07-31,INTERBANK,corporativo,473.000000
2026-07-31,INTERBANK,grandes_empresas,1116.000000
2026-07-31,INTERBANK,hipotecario,52390.000000
2026-07-31,INTERBANK,medianas_empresas,1769.000000
2026-07-31,INTERBANK,microempresas,1094.000000
2026-07-31,INTERBANK,pequenas_empresas,21276.000000
2026-07-31,MIBANCO,consumo,153033.000000
2026-07-31,MIBANCO,hipotecario,3303.000000
2026-07-31,MIBANCO,medianas_empresas,23.000000
2026-07-31,MIBANCO,microempresas,503103.000000
2026-07-31,MIBANCO,pequenas_empresas,340570.000000
2026-07-31,PICHINCHA,consumo,163924.000000
2026-07-31,PICHINCHA,corporativo,110.000000
2026-07-31,PICHINCHA,grandes_empresas,219.000000
2026-07-31,PICHINCHA,hipotecario,12782.000000
2026-07-31,PICHINCHA,medianas_empresas,143.000000
2026-07-31,PICHINCHA,microempresas,264.000000
2026-07-31,PICHINCHA,pequenas_empresas,669.000000
2026-07-31,RIPLEY,consumo,418752.000000
2026-07-31,SANTANDER,consumo,799.000000
2026-07-31,SANTANDER,corporativo,215.000000
2026-07-31,SANTANDER,grandes_empresas,183.000000
2026-07-31,SANTANDER,medianas_empresas,55.000000
2026-07-31,SANTANDER,pequenas_empresas,2.000000
2026-07-31,SANTANDER_CONSUMER,consumo,357060.000000
2026-07-31,SANTANDER_CONSUMER,hipotecario,559.000000
2026-07-31,SANTANDER_CONSUMER,microempresas,857.000000
2026-07-31,SANTANDER_CONSUMER,pequenas_empresas,228.000000
2026-07-31,SCOTIABANK,consumo,425670.000000
2026-07-31,SCOTIABANK,corporativo,447.000000
2026-07-31,SCOTIABANK,grandes_empresas,1131.000000
2026-07-31,SCOTIABANK,hipotecario,39386.000000
2026-07-31,SCOTIABANK,medianas_empresas,1644.000000
2026-07-31,SCOTIABANK,microempresas,1646.000000
2026-07-31,SCOTIABANK,pequenas_empresas,27653.000000
