fecha,metrica,tipo_credito,valor
2015-01-31,deudores,consumo,3256567.000000
2015-01-31,morosidad_publicada,consumo,3.458582
2015-01-31,deudores,corporativo,621.000000
2015-01-31,morosidad_publicada,corporativo,0.002124
2015-01-31,deudores,grandes_empresas,2524.000000
2015-01-31,morosidad_publicada,grandes_empresas,0.828243
2015-01-31,deudores,hipotecario,200265.000000
2015-01-31,morosidad_publicada,hipotecario,1.444445
2015-01-31,deudores,medianas_empresas,27625.000000
2015-01-31,morosidad_publicada,medianas_empresas,5.212448
2015-01-31,deudores,microempresas,242256.000000
2015-01-31,morosidad_publicada,microempresas,4.122125
2015-01-31,deudores,pequenas_empresas,187340.000000
2015-01-31,morosidad_publicada,pequenas_empresas,9.541886
2015-01-31,deudores,total,3689161.000000
2015-01-31,mora_120d,total,1.736548
2015-01-31,mora_30d,total,3.102787
2015-01-31,mora_60d,total,2.370808
2015-01-31,mora_90d,total,2.017608
2015-01-31,morosidad_contable,total,2.580000
2015-01-31,morosidad_publicada,total,2.577390
2015-02-28,deudores,consumo,3251947.000000
2015-02-28,morosidad_publicada,consumo,3.329739
2015-02-28,deudores,corporativo,635.000000
2015-02-28,morosidad_publicada,corporativo,0.056683
2015-02-28,deudores,grandes_empresas,2549.000000
2015-02-28,morosidad_publicada,grandes_empresas,0.858779
2015-02-28,deudores,hipotecario,200873.000000
2015-02-28,morosidad_publicada,hipotecario,1.443382
2015-02-28,deudores,medianas_empresas,27876.000000
2015-02-28,morosidad_publicada,medianas_empresas,5.258398
2015-02-28,deudores,microempresas,241563.000000
2015-02-28,morosidad_publicada,microempresas,4.378028
2015-02-28,deudores,pequenas_empresas,185691.000000
2015-02-28,morosidad_publicada,pequenas_empresas,9.570984
2015-02-28,deudores,total,3684622.000000
2015-02-28,mora_120d,total,1.728797
2015-02-28,mora_30d,total,3.056653
2015-02-28,mora_60d,total,2.393744
2015-02-28,mora_90d,total,2.000228
2015-02-28,morosidad_contable,total,2.580000
2015-02-28,morosidad_publicada,total,2.580193
2015-03-31,deudores,consumo,3399796.000000
2015-03-31,morosidad_publicada,consumo,3.266135
2015-03-31,deudores,corporativo,659.000000
2015-03-31,morosidad_publicada,corporativo,0.021450
2015-03-31,deudores,grandes_empresas,2501.000000
2015-03-31,morosidad_publicada,grandes_empresas,0.790040
2015-03-31,deudores,hipotecario,201765.000000
2015-03-31,morosidad_publicada,hipotecario,1.493978
2015-03-31,deudores,medianas_empresas,27882.000000
2015-03-31,morosidad_publicada,medianas_empresas,4.989076
2015-03-31,deudores,microempresas,616288.000000
2015-03-31,morosidad_publicada,microempresas,4.172052
2015-03-31,deudores,pequenas_empresas,228398.000000
2015-03-31,morosidad_publicada,pequenas_empresas,9.277381
2015-03-31,deudores,total,4200944.000000
2015-03-31,mora_120d,total,1.730427
2015-03-31,mora_30d,total,3.099603
2015-03-31,mora_60d,total,2.416631
2015-03-31,mora_90d,total,2.047832
2015-03-31,morosidad_contable,total,2.540000
2015-03-31,morosidad_publicada,total,2.544152
2015-04-30,deudores,consumo,3404713.000000
2015-04-30,morosidad_publicada,consumo,3.354377
2015-04-30,deudores,corporativo,667.000000
2015-04-30,morosidad_publicada,corporativo,0.017451
2015-04-30,deudores,grandes_empresas,2502.000000
2015-04-30,morosidad_publicada,grandes_empresas,0.873361
2015-04-30,deudores,hipotecario,202203.000000
2015-04-30,morosidad_publicada,hipotecario,1.510902
2015-04-30,deudores,medianas_empresas,28042.000000
2015-04-30,morosidad_publicada,medianas_empresas,5.139476
2015-04-30,deudores,microempresas,613505.000000
2015-04-30,morosidad_publicada,microempresas,4.208582
2015-04-30,deudores,pequenas_empresas,228373.000000
2015-04-30,morosidad_publicada,pequenas_empresas,9.660368
2015-04-30,deudores,total,4204531.000000
2015-04-30,mora_120d,total,1.796127
2015-04-30,mora_30d,total,3.196129
2015-04-30,mora_60d,total,2.486007
2015-04-30,mora_90d,total,2.078859
2015-04-30,morosidad_contable,total,2.600000
2015-04-30,morosidad_publicada,total,2.596265
2015-05-31,deudores,consumo,3411114.000000
2015-05-31,morosidad_publicada,consumo,3.553505
2015-05-31,deudores,corporativo,659.000000
2015-05-31,morosidad_publicada,corporativo,0.008896
2015-05-31,deudores,grandes_empresas,2583.000000
2015-05-31,morosidad_publicada,grandes_empresas,0.848744
2015-05-31,deudores,hipotecario,202835.000000
2015-05-31,morosidad_publicada,hipotecario,1.551083
2015-05-31,deudores,medianas_empresas,27849.000000
2015-05-31,morosidad_publicada,medianas_empresas,5.281510
2015-05-31,deudores,microempresas,610563.000000
2015-05-31,morosidad_publicada,microempresas,4.277879
2015-05-31,deudores,pequenas_empresas,228498.000000
2015-05-31,morosidad_publicada,pequenas_empresas,9.906956
2015-05-31,deudores,total,4210191.000000
2015-05-31,mora_120d,total,1.833892
2015-05-31,mora_30d,total,3.201211
2015-05-31,mora_60d,total,2.531953
2015-05-31,mora_90d,total,2.142056
2015-05-31,morosidad_contable,total,2.670000
2015-05-31,morosidad_publicada,total,2.666058
2015-06-30,deudores,consumo,3411488.000000
2015-06-30,morosidad_publicada,consumo,3.538392
2015-06-30,deudores,corporativo,693.000000
2015-06-30,morosidad_publicada,corporativo,0.009816
2015-06-30,deudores,grandes_empresas,2610.000000
2015-06-30,morosidad_publicada,grandes_empresas,0.859994
2015-06-30,deudores,hipotecario,202875.000000
2015-06-30,morosidad_publicada,hipotecario,1.584289
2015-06-30,deudores,medianas_empresas,28004.000000
2015-06-30,morosidad_publicada,medianas_empresas,5.402141
2015-06-30,deudores,microempresas,607744.000000
2015-06-30,morosidad_publicada,microempresas,4.184837
2015-06-30,deudores,pequenas_empresas,227893.000000
2015-06-30,morosidad_publicada,pequenas_empresas,9.859260
2015-06-30,deudores,total,4208644.000000
2015-06-30,mora_120d,total,1.849338
2015-06-30,mora_30d,total,3.216021
2015-06-30,mora_60d,total,2.598658
2015-06-30,mora_90d,total,2.154523
2015-06-30,morosidad_contable,total,2.690000
2015-06-30,morosidad_publicada,total,2.685957
2015-07-31,deudores,consumo,3404728.000000
2015-07-31,morosidad_publicada,consumo,3.472844
2015-07-31,deudores,corporativo,666.000000
2015-07-31,morosidad_publicada,corporativo,0.012064
2015-07-31,deudores,grandes_empresas,2726.000000
2015-07-31,morosidad_publicada,grandes_empresas,0.901377
2015-07-31,deudores,hipotecario,203327.000000
2015-07-31,morosidad_publicada,hipotecario,1.608464
2015-07-31,deudores,medianas_empresas,28015.000000
2015-07-31,morosidad_publicada,medianas_empresas,5.763516
2015-07-31,deudores,microempresas,603306.000000
2015-07-31,morosidad_publicada,microempresas,4.023429
2015-07-31,deudores,pequenas_empresas,227643.000000
2015-07-31,morosidad_publicada,pequenas_empresas,10.068396
2015-07-31,deudores,total,4198381.000000
2015-07-31,mora_120d,total,1.868847
2015-07-31,mora_30d,total,3.248736
2015-07-31,mora_60d,total,2.567215
2015-07-31,mora_90d,total,2.188662
2015-07-31,morosidad_contable,total,2.730000
2015-07-31,morosidad_publicada,total,2.726579
2015-08-31,deudores,consumo,3391957.000000
2015-08-31,morosidad_publicada,consumo,3.458023
2015-08-31,deudores,corporativo,686.000000
2015-08-31,morosidad_publicada,corporativo,0.000319
2015-08-31,deudores,grandes_empresas,2717.000000
2015-08-31,morosidad_publicada,grandes_empresas,1.060594
2015-08-31,deudores,hipotecario,203958.000000
2015-08-31,morosidad_publicada,hipotecario,1.652507
2015-08-31,deudores,medianas_empresas,27870.000000
2015-08-31,morosidad_publicada,medianas_empresas,5.443379
2015-08-31,deudores,microempresas,602846.000000
2015-08-31,morosidad_publicada,microempresas,3.931928
2015-08-31,deudores,pequenas_empresas,227698.000000
2015-08-31,morosidad_publicada,pequenas_empresas,10.034938
2015-08-31,deudores,total,4187336.000000
2015-08-31,mora_120d,total,1.896924
2015-08-31,mora_30d,total,3.257875
2015-08-31,mora_60d,total,2.614815
2015-08-31,mora_90d,total,2.184512
2015-08-31,morosidad_contable,total,2.700000
2015-08-31,morosidad_publicada,total,2.695001
2015-09-30,deudores,consumo,3382086.000000
2015-09-30,morosidad_publicada,consumo,3.283219
2015-09-30,deudores,corporativo,672.000000
2015-09-30,morosidad_publicada,corporativo,0.015709
2015-09-30,deudores,grandes_empresas,2696.000000
2015-09-30,morosidad_publicada,grandes_empresas,1.063298
2015-09-30,deudores,hipotecario,204635.000000
2015-09-30,morosidad_publicada,hipotecario,1.659410
2015-09-30,deudores,medianas_empresas,27886.000000
2015-09-30,morosidad_publicada,medianas_empresas,5.274124
2015-09-30,deudores,microempresas,590288.000000
2015-09-30,morosidad_publicada,microempresas,3.217691
2015-09-30,deudores,pequenas_empresas,225810.000000
2015-09-30,morosidad_publicada,pequenas_empresas,9.413392
2015-09-30,deudores,total,4165831.000000
2015-09-30,mora_120d,total,1.809136
2015-09-30,mora_30d,total,3.110460
2015-09-30,mora_60d,total,2.520034
2015-09-30,mora_90d,total,2.112515
2015-09-30,morosidad_contable,total,2.580000
2015-09-30,morosidad_publicada,total,2.580549
2015-10-31,deudores,consumo,3383606.000000
2015-10-31,morosidad_publicada,consumo,3.369481
2015-10-31,deudores,corporativo,695.000000
2015-10-31,morosidad_publicada,corporativo,0.016092
2015-10-31,deudores,grandes_empresas,2672.000000
2015-10-31,morosidad_publicada,grandes_empresas,1.040795
2015-10-31,deudores,hipotecario,205265.000000
2015-10-31,morosidad_publicada,hipotecario,1.779321
2015-10-31,deudores,medianas_empresas,27951.000000
2015-10-31,morosidad_publicada,medianas_empresas,5.483266
2015-10-31,deudores,microempresas,590583.000000
2015-10-31,morosidad_publicada,microempresas,3.225753
2015-10-31,deudores,pequenas_empresas,226058.000000
2015-10-31,morosidad_publicada,pequenas_empresas,9.431113
2015-10-31,deudores,total,4169002.000000
2015-10-31,mora_120d,total,1.848444
2015-10-31,mora_30d,total,3.161398
2015-10-31,mora_60d,total,2.542887
2015-10-31,mora_90d,total,2.151163
2015-10-31,morosidad_contable,total,2.650000
2015-10-31,morosidad_publicada,total,2.651608
2015-11-30,deudores,consumo,3383162.000000
2015-11-30,morosidad_publicada,consumo,3.304759
2015-11-30,deudores,corporativo,769.000000
2015-11-30,morosidad_publicada,corporativo,0.029226
2015-11-30,deudores,grandes_empresas,2671.000000
2015-11-30,morosidad_publicada,grandes_empresas,1.030949
2015-11-30,deudores,hipotecario,205850.000000
2015-11-30,morosidad_publicada,hipotecario,1.785904
2015-11-30,deudores,medianas_empresas,28001.000000
2015-11-30,morosidad_publicada,medianas_empresas,5.614140
2015-11-30,deudores,microempresas,588187.000000
2015-11-30,morosidad_publicada,microempresas,3.032918
2015-11-30,deudores,pequenas_empresas,225552.000000
2015-11-30,morosidad_publicada,pequenas_empresas,8.847792
2015-11-30,deudores,total,4169002.000000
2015-11-30,mora_120d,total,1.780737
2015-11-30,mora_30d,total,3.182691
2015-11-30,mora_60d,total,2.522781
2015-11-30,mora_90d,total,2.087842
2015-11-30,morosidad_contable,total,2.620000
2015-11-30,morosidad_publicada,total,2.617717
2015-12-31,deudores,consumo,3395115.000000
2015-12-31,morosidad_publicada,consumo,3.276281
2015-12-31,deudores,corporativo,675.000000
2015-12-31,morosidad_publicada,corporativo,0.019313
2015-12-31,deudores,grandes_empresas,2634.000000
2015-12-31,morosidad_publicada,grandes_empresas,0.982262
2015-12-31,deudores,hipotecario,206574.000000
2015-12-31,morosidad_publicada,hipotecario,1.842450
2015-12-31,deudores,medianas_empresas,28033.000000
2015-12-31,morosidad_publicada,medianas_empresas,5.208803
2015-12-31,deudores,microempresas,586509.000000
2015-12-31,morosidad_publicada,microempresas,2.935073
2015-12-31,deudores,pequenas_empresas,225871.000000
2015-12-31,morosidad_publicada,pequenas_empresas,8.581089
2015-12-31,deudores,total,4177965.000000
2015-12-31,mora_120d,total,1.770142
2015-12-31,mora_30d,total,3.090768
2015-12-31,mora_60d,total,2.474104
2015-12-31,mora_90d,total,2.088528
2015-12-31,morosidad_contable,total,2.540000
2015-12-31,morosidad_publicada,total,2.539117
2016-01-31,deudores,consumo,3371520.000000
2016-01-31,morosidad_publicada,consumo,3.442836
2016-01-31,deudores,corporativo,717.000000
2016-01-31,morosidad_publicada,corporativo,0.014892
2016-01-31,deudores,grandes_empresas,2655.000000
2016-01-31,morosidad_publicada,grandes_empresas,1.067677
2016-01-31,deudores,hipotecario,206831.000000
2016-01-31,morosidad_publicada,hipotecario,1.927008
2016-01-31,deudores,medianas_empresas,28094.000000
2016-01-31,morosidad_publicada,medianas_empresas,5.461527
2016-01-31,deudores,microempresas,585007.000000
2016-01-31,morosidad_publicada,microempresas,3.030370
2016-01-31,deudores,pequenas_empresas,226555.000000
2016-01-31,morosidad_publicada,pequenas_empresas,9.028891
2016-01-31,deudores,total,4156287.000000
2016-01-31,mora_120d,total,1.858596
2016-01-31,mora_30d,total,3.189747
2016-01-31,mora_60d,total,2.533423
2016-01-31,mora_90d,total,2.157974
2016-01-31,morosidad_contable,total,2.640000
2016-01-31,morosidad_publicada,total,2.642861
2016-02-29,deudores,consumo,3365747.000000
2016-02-29,morosidad_publicada,consumo,3.490596
2016-02-29,deudores,corporativo,727.000000
2016-02-29,morosidad_publicada,corporativo,0.014820
2016-02-29,deudores,grandes_empresas,2662.000000
2016-02-29,morosidad_publicada,grandes_empresas,1.232955
2016-02-29,deudores,hipotecario,207264.000000
2016-02-29,morosidad_publicada,hipotecario,2.032269
2016-02-29,deudores,medianas_empresas,28194.000000
2016-02-29,morosidad_publicada,medianas_empresas,5.566573
2016-02-29,deudores,microempresas,585991.000000
2016-02-29,morosidad_publicada,microempresas,3.159040
2016-02-29,deudores,pequenas_empresas,227894.000000
2016-02-29,morosidad_publicada,pequenas_empresas,8.944434
2016-02-29,deudores,total,4154324.000000
2016-02-29,mora_120d,total,1.891928
2016-02-29,mora_30d,total,3.263562
2016-02-29,mora_60d,total,2.631220
2016-02-29,mora_90d,total,2.203578
2016-02-29,morosidad_contable,total,2.710000
2016-02-29,morosidad_publicada,total,2.709918
2016-03-31,deudores,consumo,3364905.000000
2016-03-31,morosidad_publicada,consumo,3.542489
2016-03-31,deudores,corporativo,715.000000
2016-03-31,morosidad_publicada,corporativo,0.021626
2016-03-31,deudores,grandes_empresas,2645.000000
2016-03-31,morosidad_publicada,grandes_empresas,1.063681
2016-03-31,deudores,hipotecario,207622.000000
2016-03-31,morosidad_publicada,hipotecario,2.000704
2016-03-31,deudores,medianas_empresas,28374.000000
2016-03-31,morosidad_publicada,medianas_empresas,5.580460
2016-03-31,deudores,microempresas,588815.000000
2016-03-31,morosidad_publicada,microempresas,3.229151
2016-03-31,deudores,pequenas_empresas,228559.000000
2016-03-31,morosidad_publicada,pequenas_empresas,9.231545
2016-03-31,deudores,total,4158081.000000
2016-03-31,mora_120d,total,1.899066
2016-03-31,mora_30d,total,3.345250
2016-03-31,mora_60d,total,2.619378
2016-03-31,mora_90d,total,2.192547
2016-03-31,morosidad_contable,total,2.700000
2016-03-31,morosidad_publicada,total,2.701677
2016-04-30,deudores,consumo,3361856.000000
2016-04-30,morosidad_publicada,consumo,3.544377
2016-04-30,deudores,corporativo,726.000000
2016-04-30,morosidad_publicada,corporativo,0.140837
2016-04-30,deudores,grandes_empresas,2704.000000
2016-04-30,morosidad_publicada,grandes_empresas,1.122029
2016-04-30,deudores,hipotecario,207299.000000
2016-04-30,morosidad_publicada,hipotecario,2.011784
2016-04-30,deudores,medianas_empresas,28314.000000
2016-04-30,morosidad_publicada,medianas_empresas,5.683284
2016-04-30,deudores,microempresas,591469.000000
2016-04-30,morosidad_publicada,microempresas,3.306786
2016-04-30,deudores,pequenas_empresas,229813.000000
2016-04-30,morosidad_publicada,pequenas_empresas,9.311144
2016-04-30,deudores,total,4149169.000000
2016-04-30,mora_120d,total,1.902726
2016-04-30,mora_30d,total,3.320009
2016-04-30,mora_60d,total,2.640118
2016-04-30,mora_90d,total,2.224045
2016-04-30,morosidad_contable,total,2.770000
2016-04-30,morosidad_publicada,total,2.765550
2016-05-31,deudores,consumo,3385913.000000
2016-05-31,morosidad_publicada,consumo,3.752790
2016-05-31,deudores,corporativo,724.000000
2016-05-31,morosidad_publicada,corporativo,0.132418
2016-05-31,deudores,grandes_empresas,2752.000000
2016-05-31,morosidad_publicada,grandes_empresas,1.074026
2016-05-31,deudores,hipotecario,208733.000000
2016-05-31,morosidad_publicada,hipotecario,2.119040
2016-05-31,deudores,medianas_empresas,28579.000000
2016-05-31,morosidad_publicada,medianas_empresas,5.920729
2016-05-31,deudores,microempresas,592287.000000
2016-05-31,morosidad_publicada,microempresas,3.343389
2016-05-31,deudores,pequenas_empresas,230775.000000
2016-05-31,morosidad_publicada,pequenas_empresas,9.435761
2016-05-31,deudores,total,4183995.000000
2016-05-31,mora_120d,total,1.978972
2016-05-31,mora_30d,total,3.431311
2016-05-31,mora_60d,total,2.760695
2016-05-31,mora_90d,total,2.338500
2016-05-31,morosidad_contable,total,2.860000
2016-05-31,morosidad_publicada,total,2.862335
2016-06-30,deudores,consumo,3398791.000000
2016-06-30,morosidad_publicada,consumo,3.780047
2016-06-30,deudores,corporativo,715.000000
2016-06-30,morosidad_publicada,corporativo,0.069995
2016-06-30,deudores,grandes_empresas,2746.000000
2016-06-30,morosidad_publicada,grandes_empresas,1.071901
2016-06-30,deudores,hipotecario,209363.000000
2016-06-30,morosidad_publicada,hipotecario,2.153075
2016-06-30,deudores,medianas_empresas,28604.000000
2016-06-30,morosidad_publicada,medianas_empresas,5.944158
2016-06-30,deudores,microempresas,592474.000000
2016-06-30,morosidad_publicada,microempresas,3.188546
2016-06-30,deudores,pequenas_empresas,231404.000000
2016-06-30,morosidad_publicada,pequenas_empresas,9.486108
2016-06-30,deudores,total,4197172.000000
2016-06-30,mora_120d,total,2.040158
2016-06-30,mora_30d,total,3.484675
2016-06-30,mora_60d,total,2.781963
2016-06-30,mora_90d,total,2.355120
2016-06-30,morosidad_contable,total,2.870000
2016-06-30,morosidad_publicada,total,2.865539
2016-07-31,deudores,consumo,3386467.000000
2016-07-31,morosidad_publicada,consumo,3.651198
2016-07-31,deudores,corporativo,695.000000
2016-07-31,morosidad_publicada,corporativo,0.031841
2016-07-31,deudores,grandes_empresas,2819.000000
2016-07-31,morosidad_publicada,grandes_empresas,0.957032
2016-07-31,deudores,hipotecario,209799.000000
2016-07-31,morosidad_publicada,hipotecario,2.183675
2016-07-31,deudores,medianas_empresas,28461.000000
2016-07-31,morosidad_publicada,medianas_empresas,6.064192
2016-07-31,deudores,microempresas,594069.000000
2016-07-31,morosidad_publicada,microempresas,3.378065
2016-07-31,deudores,pequenas_empresas,232576.000000
2016-07-31,morosidad_publicada,pequenas_empresas,9.823274
2016-07-31,deudores,total,4188452.000000
2016-07-31,mora_120d,total,2.024813
2016-07-31,mora_30d,total,3.391403
2016-07-31,mora_60d,total,2.776956
2016-07-31,mora_90d,total,2.345720
2016-07-31,morosidad_contable,total,2.850000
2016-07-31,morosidad_publicada,total,2.845195
2016-08-31,deudores,consumo,3387631.000000
2016-08-31,morosidad_publicada,consumo,3.674286
2016-08-31,deudores,corporativo,698.000000
2016-08-31,morosidad_publicada,corporativo,0.012755
2016-08-31,deudores,grandes_empresas,2803.000000
2016-08-31,morosidad_publicada,grandes_empresas,0.976519
2016-08-31,deudores,hipotecario,210315.000000
2016-08-31,morosidad_publicada,hipotecario,2.331469
2016-08-31,deudores,medianas_empresas,28442.000000
2016-08-31,morosidad_publicada,medianas_empresas,6.423643
2016-08-31,deudores,microempresas,594671.000000
2016-08-31,morosidad_publicada,microempresas,3.281598
2016-08-31,deudores,pequenas_empresas,233085.000000
2016-08-31,morosidad_publicada,pequenas_empresas,9.657294
2016-08-31,deudores,total,4190891.000000
2016-08-31,mora_120d,total,2.095650
2016-08-31,mora_30d,total,3.458089
2016-08-31,mora_60d,total,2.854078
2016-08-31,mora_90d,total,2.410916
2016-08-31,morosidad_contable,total,2.910000
2016-08-31,morosidad_publicada,total,2.913036
2016-09-30,deudores,consumo,3377390.000000
2016-09-30,morosidad_publicada,consumo,3.549288
2016-09-30,deudores,corporativo,708.000000
2016-09-30,morosidad_publicada,corporativo,0.017535
2016-09-30,deudores,grandes_empresas,2801.000000
2016-09-30,morosidad_publicada,grandes_empresas,0.956016
2016-09-30,deudores,hipotecario,210261.000000
2016-09-30,morosidad_publicada,hipotecario,2.270400
2016-09-30,deudores,medianas_empresas,28354.000000
2016-09-30,morosidad_publicada,medianas_empresas,6.266481
2016-09-30,deudores,microempresas,594766.000000
2016-09-30,morosidad_publicada,microempresas,3.124342
2016-09-30,deudores,pequenas_empresas,233801.000000
2016-09-30,morosidad_publicada,pequenas_empresas,9.470160
2016-09-30,deudores,total,4181811.000000
2016-09-30,mora_120d,total,2.080157
2016-09-30,mora_30d,total,3.412761
2016-09-30,mora_60d,total,2.781814
2016-09-30,mora_90d,total,2.397261
2016-09-30,morosidad_contable,total,2.860000
2016-09-30,morosidad_publicada,total,2.856306
2016-10-31,deudores,consumo,3382503.000000
2016-10-31,morosidad_publicada,consumo,3.625410
2016-10-31,deudores,corporativo,721.000000
2016-10-31,morosidad_publicada,corporativo,0.012973
2016-10-31,deudores,grandes_empresas,2801.000000
2016-10-31,morosidad_publicada,grandes_empresas,1.255008
2016-10-31,deudores,hipotecario,209222.000000
2016-10-31,morosidad_publicada,hipotecario,2.292374
2016-10-31,deudores,medianas_empresas,28267.000000
2016-10-31,morosidad_publicada,medianas_empresas,6.436098
2016-10-31,deudores,microempresas,597095.000000
2016-10-31,morosidad_publicada,microempresas,3.099875
2016-10-31,deudores,pequenas_empresas,234700.000000
2016-10-31,morosidad_publicada,pequenas_empresas,9.388329
2016-10-31,deudores,total,4189790.000000
2016-10-31,mora_120d,total,2.118463
2016-10-31,mora_30d,total,3.508549
2016-10-31,mora_60d,total,2.846118
2016-10-31,mora_90d,total,2.443638
2016-10-31,morosidad_contable,total,2.950000
2016-10-31,morosidad_publicada,total,2.947851
2016-11-30,deudores,consumo,3386405.000000
2016-11-30,morosidad_publicada,consumo,3.652866
2016-11-30,deudores,corporativo,740.000000
2016-11-30,morosidad_publicada,corporativo,0.003109
2016-11-30,deudores,grandes_empresas,2803.000000
2016-11-30,morosidad_publicada,grandes_empresas,1.256277
2016-11-30,deudores,hipotecario,208757.000000
2016-11-30,morosidad_publicada,hipotecario,2.315158
2016-11-30,deudores,medianas_empresas,28358.000000
2016-11-30,morosidad_publicada,medianas_empresas,6.516277
2016-11-30,deudores,microempresas,599346.000000
2016-11-30,morosidad_publicada,microempresas,3.090775
2016-11-30,deudores,pequenas_empresas,235722.000000
2016-11-30,morosidad_publicada,pequenas_empresas,9.302726
2016-11-30,deudores,total,4196569.000000
2016-11-30,mora_120d,total,2.163673
2016-11-30,mora_30d,total,3.510943
2016-11-30,mora_60d,total,2.918959
2016-11-30,mora_90d,total,2.463405
2016-11-30,morosidad_contable,total,2.960000
2016-11-30,morosidad_publicada,total,2.963397
2016-12-31,deudores,consumo,3402379.000000
2016-12-31,morosidad_publicada,consumo,3.583045
2016-12-31,deudores,corporativo,728.000000
2016-12-31,morosidad_publicada,corporativo,0.002369
2016-12-31,deudores,grandes_empresas,2772.000000
2016-12-31,morosidad_publicada,grandes_empresas,0.917875
2016-12-31,deudores,hipotecario,208967.000000
2016-12-31,morosidad_publicada,hipotecario,2.278437
2016-12-31,deudores,medianas_empresas,28410.000000
2016-12-31,morosidad_publicada,medianas_empresas,6.077875
2016-12-31,deudores,microempresas,599012.000000
2016-12-31,morosidad_publicada,microempresas,3.075322
2016-12-31,deudores,pequenas_empresas,235302.000000
2016-12-31,morosidad_publicada,pequenas_empresas,8.963290
2016-12-31,deudores,total,4210930.000000
2016-12-31,mora_120d,total,2.068464
2016-12-31,mora_30d,total,3.341442
2016-12-31,mora_60d,total,2.760523
2016-12-31,mora_90d,total,2.369399
2016-12-31,morosidad_contable,total,2.800000
2016-12-31,morosidad_publicada,total,2.796346
2017-01-31,deudores,consumo,3384723.000000
2017-01-31,morosidad_publicada,consumo,3.743809
2017-01-31,deudores,corporativo,758.000000
2017-01-31,morosidad_publicada,corporativo,0.000459
2017-01-31,deudores,grandes_empresas,2745.000000
2017-01-31,morosidad_publicada,grandes_empresas,1.093488
2017-01-31,deudores,hipotecario,208881.000000
2017-01-31,morosidad_publicada,hipotecario,2.323400
2017-01-31,deudores,medianas_empresas,28411.000000
2017-01-31,morosidad_publicada,medianas_empresas,6.741171
2017-01-31,deudores,microempresas,595845.000000
2017-01-31,morosidad_publicada,microempresas,3.030397
2017-01-31,deudores,pequenas_empresas,235207.000000
2017-01-31,morosidad_publicada,pequenas_empresas,9.040442
2017-01-31,deudores,total,4192468.000000
2017-01-31,mora_120d,total,2.153935
2017-01-31,mora_30d,total,3.511913
2017-01-31,mora_60d,total,2.905799
2017-01-31,mora_90d,total,2.458772
2017-01-31,morosidad_contable,total,2.960000
2017-01-31,morosidad_publicada,total,2.956424
2017-02-28,deudores,consumo,3383180.000000
2017-02-28,morosidad_publicada,consumo,3.742691
2017-02-28,deudores,corporativo,723.000000
2017-02-28,morosidad_publicada,corporativo,0.001420
2017-02-28,deudores,grandes_empresas,2762.000000
2017-02-28,morosidad_publicada,grandes_empresas,1.089646
2017-02-28,deudores,hipotecario,209469.000000
2017-02-28,morosidad_publicada,hipotecario,2.376827
2017-02-28,deudores,medianas_empresas,28589.000000
2017-02-28,morosidad_publicada,medianas_empresas,6.789346
2017-02-28,deudores,microempresas,597668.000000
2017-02-28,morosidad_publicada,microempresas,3.219522
2017-02-28,deudores,pequenas_empresas,236277.000000
2017-02-28,morosidad_publicada,pequenas_empresas,9.229458
2017-02-28,deudores,total,4195003.000000
2017-02-28,mora_120d,total,2.174473
2017-02-28,mora_30d,total,3.561448
2017-02-28,mora_60d,total,2.917453
2017-02-28,mora_90d,total,2.487609
2017-02-28,morosidad_contable,total,2.980000
2017-02-28,morosidad_publicada,total,2.983391
2017-03-31,deudores,consumo,3374160.000000
2017-03-31,morosidad_publicada,consumo,3.705992
2017-03-31,deudores,corporativo,720.000000
2017-03-31,morosidad_publicada,corporativo,0.009222
2017-03-31,deudores,grandes_empresas,2932.000000
2017-03-31,morosidad_publicada,grandes_empresas,1.034107
2017-03-31,deudores,hipotecario,210219.000000
2017-03-31,morosidad_publicada,hipotecario,2.432755
2017-03-31,deudores,medianas_empresas,28759.000000
2017-03-31,morosidad_publicada,medianas_empresas,6.838168
2017-03-31,deudores,microempresas,596904.000000
2017-03-31,morosidad_publicada,microempresas,3.538013
2017-03-31,deudores,pequenas_empresas,237124.000000
2017-03-31,morosidad_publicada,pequenas_empresas,9.412552
2017-03-31,deudores,total,4188097.000000
2017-03-31,mora_120d,total,2.204088
2017-03-31,mora_30d,total,3.675537
2017-03-31,mora_60d,total,2.935153
2017-03-31,mora_90d,total,2.523641
2017-03-31,morosidad_contable,total,3.010000
2017-03-31,morosidad_publicada,total,3.005452
2017-04-30,deudores,consumo,3369382.000000
2017-04-30,morosidad_publicada,consumo,3.755905
2017-04-30,deudores,corporativo,718.000000
2017-04-30,morosidad_publicada,corporativo,0.008653
2017-04-30,deudores,grandes_empresas,2929.000000
2017-04-30,morosidad_publicada,grandes_empresas,1.206137
2017-04-30,deudores,hipotecario,210444.000000
2017-04-30,morosidad_publicada,hipotecario,2.426198
2017-04-30,deudores,medianas_empresas,28841.000000
2017-04-30,morosidad_publicada,medianas_empresas,7.039453
2017-04-30,deudores,microempresas,595775.000000
2017-04-30,morosidad_publicada,microempresas,3.538249
2017-04-30,deudores,pequenas_empresas,238283.000000
2017-04-30,morosidad_publicada,pequenas_empresas,9.450805
2017-04-30,deudores,total,4184305.000000
2017-04-30,mora_120d,total,2.236343
2017-04-30,mora_30d,total,3.663261
2017-04-30,mora_60d,total,3.000325
2017-04-30,mora_90d,total,2.574055
2017-04-30,morosidad_contable,total,3.000000
2017-04-30,morosidad_publicada,total,3.058857
2017-05-31,deudores,consumo,3373674.000000
2017-05-31,morosidad_publicada,consumo,3.927641
2017-05-31,deudores,corporativo,730.000000
2017-05-31,morosidad_publicada,corporativo,0.028977
2017-05-31,deudores,grandes_empresas,2915.000000
2017-05-31,morosidad_publicada,grandes_empresas,1.286186
2017-05-31,deudores,hipotecario,210972.000000
2017-05-31,morosidad_publicada,hipotecario,2.563721
2017-05-31,deudores,medianas_empresas,29006.000000
2017-05-31,morosidad_publicada,medianas_empresas,7.016937
2017-05-31,deudores,microempresas,598240.000000
2017-05-31,morosidad_publicada,microempresas,3.497352
2017-05-31,deudores,pequenas_empresas,239727.000000
2017-05-31,morosidad_publicada,pequenas_empresas,9.306010
2017-05-31,deudores,total,4191911.000000
2017-05-31,mora_120d,total,2.340137
2017-05-31,mora_30d,total,3.720840
2017-05-31,mora_60d,total,3.123368
2017-05-31,mora_90d,total,2.699534
2017-05-31,morosidad_contable,total,3.150000
2017-05-31,morosidad_publicada,total,3.146584
2017-06-30,deudores,consumo,3369463.000000
2017-06-30,morosidad_publicada,consumo,3.685705
2017-06-30,deudores,corporativo,747.000000
2017-06-30,morosidad_publicada,corporativo,0.031769
2017-06-30,deudores,grandes_empresas,2882.000000
2017-06-30,morosidad_publicada,grandes_empresas,1.157225
2017-06-30,deudores,hipotecario,211468.000000
2017-06-30,morosidad_publicada,hipotecario,2.567785
2017-06-30,deudores,medianas_empresas,29264.000000
2017-06-30,morosidad_publicada,medianas_empresas,6.930226
2017-06-30,deudores,microempresas,606707.000000
2017-06-30,morosidad_publicada,microempresas,3.440081
2017-06-30,deudores,pequenas_empresas,241481.000000
2017-06-30,morosidad_publicada,pequenas_empresas,9.171924
2017-06-30,deudores,total,4197167.000000
2017-06-30,mora_120d,total,2.360748
2017-06-30,mora_30d,total,3.761807
2017-06-30,mora_60d,total,3.087742
2017-06-30,mora_90d,total,2.667908
2017-06-30,morosidad_contable,total,3.090000
2017-06-30,morosidad_publicada,total,3.089071
2017-07-31,deudores,consumo,3349267.000000
2017-07-31,morosidad_publicada,consumo,3.661005
2017-07-31,deudores,corporativo,756.000000
2017-07-31,morosidad_publicada,corporativo,0.033517
2017-07-31,deudores,grandes_empresas,2888.000000
2017-07-31,morosidad_publicada,grandes_empresas,1.295839
2017-07-31,deudores,hipotecario,211835.000000
2017-07-31,morosidad_publicada,hipotecario,2.616393
2017-07-31,deudores,medianas_empresas,29197.000000
2017-07-31,morosidad_publicada,medianas_empresas,7.134147
2017-07-31,deudores,microempresas,606972.000000
2017-07-31,morosidad_publicada,microempresas,3.530246
2017-07-31,deudores,pequenas_empresas,241834.000000
2017-07-31,morosidad_publicada,pequenas_empresas,9.316128
2017-07-31,deudores,total,4179304.000000
2017-07-31,mora_120d,total,2.352363
2017-07-31,mora_30d,total,3.772782
2017-07-31,mora_60d,total,3.118912
2017-07-31,mora_90d,total,2.672288
2017-07-31,morosidad_contable,total,3.120000
2017-07-31,morosidad_publicada,total,3.115320
2017-08-31,deudores,consumo,3344252.000000
2017-08-31,morosidad_publicada,consumo,3.754464
2017-08-31,deudores,corporativo,745.000000
2017-08-31,morosidad_publicada,corporativo,0.032495
2017-08-31,deudores,grandes_empresas,2870.000000
2017-08-31,morosidad_publicada,grandes_empresas,1.095317
2017-08-31,deudores,hipotecario,212355.000000
2017-08-31,morosidad_publicada,hipotecario,2.625616
2017-08-31,deudores,medianas_empresas,29296.000000
2017-08-31,morosidad_publicada,medianas_empresas,7.253045
2017-08-31,deudores,microempresas,613352.000000
2017-08-31,morosidad_publicada,microempresas,3.434648
2017-08-31,deudores,pequenas_empresas,242503.000000
2017-08-31,morosidad_publicada,pequenas_empresas,9.279442
2017-08-31,deudores,total,4181683.000000
2017-08-31,mora_120d,total,2.412947
2017-08-31,mora_30d,total,3.801059
2017-08-31,mora_60d,total,3.148917
2017-08-31,mora_90d,total,2.697347
2017-08-31,morosidad_contable,total,3.110000
2017-08-31,morosidad_publicada,total,3.111883
2017-09-30,deudores,consumo,3330733.000000
2017-09-30,morosidad_publicada,consumo,3.680061
2017-09-30,deudores,corporativo,774.000000
2017-09-30,morosidad_publicada,corporativo,0.040190
2017-09-30,deudores,grandes_empresas,2877.000000
2017-09-30,morosidad_publicada,grandes_empresas,1.111945
2017-09-30,deudores,hipotecario,213170.000000
2017-09-30,morosidad_publicada,hipotecario,2.651499
2017-09-30,deudores,medianas_empresas,29431.000000
2017-09-30,morosidad_publicada,medianas_empresas,7.080069
2017-09-30,deudores,microempresas,623426.000000
2017-09-30,morosidad_publicada,microempresas,3.121078
2017-09-30,deudores,pequenas_empresas,240367.000000
2017-09-30,morosidad_publicada,pequenas_empresas,9.173688
2017-09-30,deudores,total,4176876.000000
2017-09-30,mora_120d,total,2.350122
2017-09-30,mora_30d,total,3.717819
2017-09-30,mora_60d,total,3.075541
2017-09-30,mora_90d,total,2.652181
2017-09-30,morosidad_contable,total,3.080000
2017-09-30,morosidad_publicada,total,3.080539
2017-10-31,deudores,consumo,3332647.000000
2017-10-31,morosidad_publicada,consumo,3.794297
2017-10-31,deudores,corporativo,778.000000
2017-10-31,morosidad_publicada,corporativo,0.037285
2017-10-31,deudores,grandes_empresas,2875.000000
2017-10-31,morosidad_publicada,grandes_empresas,1.073353
2017-10-31,deudores,hipotecario,215143.000000
2017-10-31,morosidad_publicada,hipotecario,2.758447
2017-10-31,deudores,medianas_empresas,29466.000000
2017-10-31,morosidad_publicada,medianas_empresas,7.231523
2017-10-31,deudores,microempresas,632890.000000
2017-10-31,morosidad_publicada,microempresas,3.374326
2017-10-31,deudores,pequenas_empresas,242822.000000
2017-10-31,morosidad_publicada,pequenas_empresas,9.221319
2017-10-31,deudores,total,4190967.000000
2017-10-31,mora_120d,total,2.368352
2017-10-31,mora_30d,total,3.801586
2017-10-31,mora_60d,total,3.131424
2017-10-31,mora_90d,total,2.697320
2017-10-31,morosidad_contable,total,3.140000
2017-10-31,morosidad_publicada,total,3.138309
2017-11-30,deudores,consumo,3336036.000000
2017-11-30,morosidad_publicada,consumo,3.819896
2017-11-30,deudores,corporativo,788.000000
2017-11-30,morosidad_publicada,corporativo,0.039488
2017-11-30,deudores,grandes_empresas,2861.000000
2017-11-30,morosidad_publicada,grandes_empresas,1.164152
2017-11-30,deudores,hipotecario,215764.000000
2017-11-30,morosidad_publicada,hipotecario,2.785714
2017-11-30,deudores,medianas_empresas,29668.000000
2017-11-30,morosidad_publicada,medianas_empresas,7.109501
2017-11-30,deudores,microempresas,644081.000000
2017-11-30,morosidad_publicada,microempresas,3.252462
2017-11-30,deudores,pequenas_empresas,243903.000000
2017-11-30,morosidad_publicada,pequenas_empresas,9.102402
2017-11-30,deudores,total,4206210.000000
2017-11-30,mora_120d,total,2.388032
2017-11-30,mora_30d,total,3.794221
2017-11-30,mora_60d,total,3.145455
2017-11-30,mora_90d,total,2.686239
2017-11-30,morosidad_contable,total,3.120000
2017-11-30,morosidad_publicada,total,3.121070
2017-12-31,deudores,consumo,3350614.000000
2017-12-31,morosidad_publicada,consumo,3.636142
2017-12-31,deudores,corporativo,773.000000
2017-12-31,morosidad_publicada,corporativo,0.049169
2017-12-31,deudores,grandes_empresas,2844.000000
2017-12-31,morosidad_publicada,grandes_empresas,1.013750
2017-12-31,deudores,hipotecario,216184.000000
2017-12-31,morosidad_publicada,hipotecario,2.764439
2017-12-31,deudores,medianas_empresas,29559.000000
2017-12-31,morosidad_publicada,medianas_empresas,7.097476
2017-12-31,deudores,microempresas,651207.000000
2017-12-31,morosidad_publicada,microempresas,3.224909
2017-12-31,deudores,pequenas_empresas,243935.000000
2017-12-31,morosidad_publicada,pequenas_empresas,9.003761
2017-12-31,deudores,total,4226800.000000
2017-12-31,mora_120d,total,2.304688
2017-12-31,mora_30d,total,3.604091
2017-12-31,mora_60d,total,3.024384
2017-12-31,mora_90d,total,2.625463
2017-12-31,morosidad_contable,total,3.040000
2017-12-31,morosidad_publicada,total,3.040346
2018-01-31,deudores,consumo,3341716.000000
2018-01-31,morosidad_publicada,consumo,3.733010
2018-01-31,deudores,corporativo,815.000000
2018-01-31,morosidad_publicada,corporativo,0.065276
2018-01-31,deudores,grandes_empresas,3003.000000
2018-01-31,morosidad_publicada,grandes_empresas,0.959291
2018-01-31,deudores,hipotecario,216301.000000
2018-01-31,morosidad_publicada,hipotecario,2.858514
2018-01-31,deudores,medianas_empresas,29726.000000
2018-01-31,morosidad_publicada,medianas_empresas,7.500447
2018-01-31,deudores,microempresas,656359.000000
2018-01-31,morosidad_publicada,microempresas,3.213764
2018-01-31,deudores,pequenas_empresas,244157.000000
2018-01-31,morosidad_publicada,pequenas_empresas,9.192331
2018-01-31,deudores,total,4224640.000000
2018-01-31,mora_120d,total,2.427308
2018-01-31,mora_30d,total,3.699682
2018-01-31,mora_60d,total,3.144851
2018-01-31,mora_90d,total,2.707439
2018-01-31,morosidad_contable,total,3.120000
2018-01-31,morosidad_publicada,total,3.124751
2018-02-28,deudores,consumo,3340011.000000
2018-02-28,morosidad_publicada,consumo,3.698747
2018-02-28,deudores,corporativo,799.000000
2018-02-28,morosidad_publicada,corporativo,0.344420
2018-02-28,deudores,grandes_empresas,3046.000000
2018-02-28,morosidad_publicada,grandes_empresas,1.222833
2018-02-28,deudores,hipotecario,216815.000000
2018-02-28,morosidad_publicada,hipotecario,2.897753
2018-02-28,deudores,medianas_empresas,29850.000000
2018-02-28,morosidad_publicada,medianas_empresas,7.506782
2018-02-28,deudores,microempresas,666078.000000
2018-02-28,morosidad_publicada,microempresas,3.294558
2018-02-28,deudores,pequenas_empresas,245397.000000
2018-02-28,morosidad_publicada,pequenas_empresas,9.358219
2018-02-28,deudores,total,4233680.000000
2018-02-28,mora_120d,total,2.447146
2018-02-28,mora_30d,total,3.753734
2018-02-28,mora_60d,total,3.148689
2018-02-28,mora_90d,total,2.729581
2018-02-28,morosidad_contable,total,3.240000
2018-02-28,morosidad_publicada,total,3.240991
2018-03-31,deudores,consumo,3338761.000000
2018-03-31,morosidad_publicada,consumo,3.503744
2018-03-31,deudores,corporativo,815.000000
2018-03-31,morosidad_publicada,corporativo,0.065611
2018-03-31,deudores,grandes_empresas,3054.000000
2018-03-31,morosidad_publicada,grandes_empresas,1.151986
2018-03-31,deudores,hipotecario,217278.000000
2018-03-31,morosidad_publicada,hipotecario,2.849020
2018-03-31,deudores,medianas_empresas,30100.000000
2018-03-31,morosidad_publicada,medianas_empresas,7.357417
2018-03-31,deudores,microempresas,675920.000000
2018-03-31,morosidad_publicada,microempresas,3.439980
2018-03-31,deudores,pequenas_empresas,245978.000000
2018-03-31,morosidad_publicada,pequenas_empresas,9.137702
2018-03-31,deudores,total,4242647.000000
2018-03-31,mora_120d,total,2.336690
2018-03-31,mora_30d,total,3.641528
2018-03-31,mora_60d,total,3.042451
2018-03-31,mora_90d,total,2.623420
2018-03-31,morosidad_contable,total,3.070000
2018-03-31,morosidad_publicada,total,3.070066
2018-04-30,deudores,consumo,3346509.000000
2018-04-30,morosidad_publicada,consumo,3.533173
2018-04-30,deudores,corporativo,801.000000
2018-04-30,morosidad_publicada,corporativo,0.051097
2018-04-30,deudores,grandes_empresas,3073.000000
2018-04-30,morosidad_publicada,grandes_empresas,1.224714
2018-04-30,deudores,hipotecario,217853.000000
2018-04-30,morosidad_publicada,hipotecario,2.891477
2018-04-30,deudores,medianas_empresas,30264.000000
2018-04-30,morosidad_publicada,medianas_empresas,7.489221
2018-04-30,deudores,microempresas,682099.000000
2018-04-30,morosidad_publicada,microempresas,3.612407
2018-04-30,deudores,pequenas_empresas,247289.000000
2018-04-30,morosidad_publicada,pequenas_empresas,9.273741
2018-04-30,deudores,total,4257490.000000
2018-04-30,mora_120d,total,2.348102
2018-04-30,mora_30d,total,3.694891
2018-04-30,mora_60d,total,3.117505
2018-04-30,mora_90d,total,2.652269
2018-04-30,morosidad_contable,total,3.110000
2018-04-30,morosidad_publicada,total,3.108441
2018-05-31,deudores,consumo,3370366.000000
2018-05-31,morosidad_publicada,consumo,3.641905
2018-05-31,deudores,corporativo,783.000000
2018-05-31,morosidad_publicada,corporativo,0.050190
2018-05-31,deudores,grandes_empresas,3083.000000
2018-05-31,morosidad_publicada,grandes_empresas,1.249485
2018-05-31,deudores,hipotecario,218677.000000
2018-05-31,morosidad_publicada,hipotecario,2.947415
2018-05-31,deudores,medianas_empresas,30480.000000
2018-05-31,morosidad_publicada,medianas_empresas,7.490547
2018-05-31,deudores,microempresas,683885.000000
2018-05-31,morosidad_publicada,microempresas,3.621793
2018-05-31,deudores,pequenas_empresas,248689.000000
2018-05-31,morosidad_publicada,pequenas_empresas,9.313203
2018-05-31,deudores,total,4283721.000000
2018-05-31,mora_120d,total,2.373533
2018-05-31,mora_30d,total,3.728662
2018-05-31,mora_60d,total,3.086247
2018-05-31,mora_90d,total,2.693373
2018-05-31,morosidad_contable,total,3.140000
2018-05-31,morosidad_publicada,total,3.139127
2018-06-30,deudores,consumo,3379254.000000
2018-06-30,morosidad_publicada,consumo,3.438181
2018-06-30,deudores,corporativo,837.000000
2018-06-30,morosidad_publicada,corporativo,0.046147
2018-06-30,deudores,grandes_empresas,3066.000000
2018-06-30,morosidad_publicada,grandes_empresas,1.245013
2018-06-30,deudores,hipotecario,219617.000000
2018-06-30,morosidad_publicada,hipotecario,2.870914
2018-06-30,deudores,medianas_empresas,30520.000000
2018-06-30,morosidad_publicada,medianas_empresas,7.434381
2018-06-30,deudores,microempresas,685633.000000
2018-06-30,morosidad_publicada,microempresas,3.807909
2018-06-30,deudores,pequenas_empresas,249236.000000
2018-06-30,morosidad_publicada,pequenas_empresas,9.403682
2018-06-30,deudores,total,4294624.000000
2018-06-30,mora_120d,total,2.351612
2018-06-30,mora_30d,total,3.663506
2018-06-30,mora_60d,total,3.077862
2018-06-30,mora_90d,total,2.649891
2018-06-30,morosidad_contable,total,3.100000
2018-06-30,morosidad_publicada,total,3.104207
2018-07-31,deudores,consumo,3363159.000000
2018-07-31,morosidad_publicada,consumo,3.453396
2018-07-31,deudores,corporativo,799.000000
2018-07-31,morosidad_publicada,corporativo,0.020610
2018-07-31,deudores,grandes_empresas,3107.000000
2018-07-31,morosidad_publicada,grandes_empresas,1.380976
2018-07-31,deudores,hipotecario,220112.000000
2018-07-31,morosidad_publicada,hipotecario,2.953095
2018-07-31,deudores,medianas_empresas,30493.000000
2018-07-31,morosidad_publicada,medianas_empresas,7.851114
2018-07-31,deudores,microempresas,683951.000000
2018-07-31,morosidad_publicada,microempresas,3.760408
2018-07-31,deudores,pequenas_empresas,249500.000000
2018-07-31,morosidad_publicada,pequenas_empresas,9.507262
2018-07-31,deudores,total,4278349.000000
2018-07-31,mora_120d,total,2.385614
2018-07-31,mora_30d,total,3.709632
2018-07-31,mora_60d,total,3.126679
2018-07-31,mora_90d,total,2.704384
2018-07-31,morosidad_contable,total,3.180000
2018-07-31,morosidad_publicada,total,3.183440
2018-08-31,deudores,consumo,3378031.000000
2018-08-31,morosidad_publicada,consumo,3.468530
2018-08-31,deudores,corporativo,799.000000
2018-08-31,morosidad_publicada,corporativo,0.029667
2018-08-31,deudores,grandes_empresas,3089.000000
2018-08-31,morosidad_publicada,grandes_empresas,1.383145
2018-08-31,deudores,hipotecario,220967.000000
2018-08-31,morosidad_publicada,hipotecario,2.952058
2018-08-31,deudores,medianas_empresas,30612.000000
2018-08-31,morosidad_publicada,medianas_empresas,8.147256
2018-08-31,deudores,microempresas,685136.000000
2018-08-31,morosidad_publicada,microempresas,4.086742
2018-08-31,deudores,pequenas_empresas,248627.000000
2018-08-31,morosidad_publicada,pequenas_empresas,9.361249
2018-08-31,deudores,total,4293416.000000
2018-08-31,mora_120d,total,2.443366
2018-08-31,mora_30d,total,3.799553
2018-08-31,mora_60d,total,3.133498
2018-08-31,mora_90d,total,2.734875
2018-08-31,morosidad_contable,total,3.230000
2018-08-31,morosidad_publicada,total,3.225807
2018-09-30,deudores,consumo,3387324.000000
2018-09-30,morosidad_publicada,consumo,3.048579
2018-09-30,deudores,corporativo,817.000000
2018-09-30,morosidad_publicada,corporativo,0.037912
2018-09-30,deudores,grandes_empresas,3061.000000
2018-09-30,morosidad_publicada,grandes_empresas,1.370165
2018-09-30,deudores,hipotecario,221792.000000
2018-09-30,morosidad_publicada,hipotecario,2.896829
2018-09-30,deudores,medianas_empresas,30937.000000
2018-09-30,morosidad_publicada,medianas_empresas,7.665303
2018-09-30,deudores,microempresas,678061.000000
2018-09-30,morosidad_publicada,microempresas,3.704184
2018-09-30,deudores,pequenas_empresas,250275.000000
2018-09-30,morosidad_publicada,pequenas_empresas,9.364221
2018-09-30,deudores,total,4298726.000000
2018-09-30,mora_120d,total,2.333133
2018-09-30,mora_30d,total,3.619912
2018-09-30,mora_60d,total,3.039836
2018-09-30,mora_90d,total,2.632564
2018-09-30,morosidad_contable,total,3.070000
2018-09-30,morosidad_publicada,total,3.069416
2018-10-31,deudores,consumo,3406528.000000
2018-10-31,morosidad_publicada,consumo,3.080223
2018-10-31,deudores,corporativo,778.000000
2018-10-31,morosidad_publicada,corporativo,0.017458
2018-10-31,deudores,grandes_empresas,3045.000000
2018-10-31,morosidad_publicada,grandes_empresas,1.305364
2018-10-31,deudores,hipotecario,222724.000000
2018-10-31,morosidad_publicada,hipotecario,3.019327
2018-10-31,deudores,medianas_empresas,31173.000000
2018-10-31,morosidad_publicada,medianas_empresas,7.846172
2018-10-31,deudores,microempresas,675434.000000
2018-10-31,morosidad_publicada,microempresas,3.688972
2018-10-31,deudores,pequenas_empresas,251641.000000
2018-10-31,morosidad_publicada,pequenas_empresas,9.334113
2018-10-31,deudores,total,4316311.000000
2018-10-31,mora_120d,total,2.374003
2018-10-31,mora_30d,total,3.628651
2018-10-31,mora_60d,total,3.076643
2018-10-31,mora_90d,total,2.663908
2018-10-31,morosidad_contable,total,3.100000
2018-10-31,morosidad_publicada,total,3.097382
2018-11-30,deudores,consumo,3388182.000000
2018-11-30,morosidad_publicada,consumo,3.069163
2018-11-30,deudores,corporativo,775.000000
2018-11-30,morosidad_publicada,corporativo,0.021556
2018-11-30,deudores,grandes_empresas,3042.000000
2018-11-30,morosidad_publicada,grandes_empresas,1.297139
2018-11-30,deudores,hipotecario,223794.000000
2018-11-30,morosidad_publicada,hipotecario,2.991382
2018-11-30,deudores,medianas_empresas,31463.000000
2018-11-30,morosidad_publicada,medianas_empresas,7.746667
2018-11-30,deudores,microempresas,676568.000000
2018-11-30,morosidad_publicada,microempresas,3.429278
2018-11-30,deudores,pequenas_empresas,252723.000000
2018-11-30,morosidad_publicada,pequenas_empresas,9.180819
2018-11-30,deudores,total,4300984.000000
2018-11-30,mora_120d,total,2.374924
2018-11-30,mora_30d,total,3.663724
2018-11-30,mora_60d,total,3.063106
2018-11-30,mora_90d,total,2.658327
2018-11-30,morosidad_contable,total,3.070000
2018-11-30,morosidad_publicada,total,3.074074
2018-12-31,deudores,consumo,3400955.000000
2018-12-31,morosidad_publicada,consumo,2.946239
2018-12-31,deudores,corporativo,736.000000
2018-12-31,morosidad_publicada,corporativo,0.014957
2018-12-31,deudores,grandes_empresas,3040.000000
2018-12-31,morosidad_publicada,grandes_empresas,1.250019
2018-12-31,deudores,hipotecario,224392.000000
2018-12-31,morosidad_publicada,hipotecario,3.006975
2018-12-31,deudores,medianas_empresas,31687.000000
2018-12-31,morosidad_publicada,medianas_empresas,7.404977
2018-12-31,deudores,microempresas,672824.000000
2018-12-31,morosidad_publicada,microempresas,3.521566
2018-12-31,deudores,pequenas_empresas,252233.000000
2018-12-31,morosidad_publicada,pequenas_empresas,8.836580
2018-12-31,deudores,total,4309398.000000
2018-12-31,mora_120d,total,2.240611
2018-12-31,mora_30d,total,3.496203
2018-12-31,mora_60d,total,2.954632
2018-12-31,mora_90d,total,2.547627
2018-12-31,morosidad_contable,total,2.950000
2018-12-31,morosidad_publicada,total,2.950788
2019-01-31,deudores,consumo,3391298.000000
2019-01-31,morosidad_publicada,consumo,2.975948
2019-01-31,deudores,corporativo,775.000000
2019-01-31,morosidad_publicada,corporativo,0.029226
2019-01-31,deudores,grandes_empresas,3110.000000
2019-01-31,morosidad_publicada,grandes_empresas,1.315783
2019-01-31,deudores,hipotecario,224854.000000
2019-01-31,morosidad_publicada,hipotecario,3.046855
2019-01-31,deudores,medianas_empresas,31895.000000
2019-01-31,morosidad_publicada,medianas_empresas,7.705694
2019-01-31,deudores,microempresas,670763.000000
2019-01-31,morosidad_publicada,microempresas,3.585826
2019-01-31,deudores,pequenas_empresas,252474.000000
2019-01-31,morosidad_publicada,pequenas_empresas,8.859624
2019-01-31,deudores,total,4299873.000000
2019-01-31,mora_120d,total,2.340964
2019-01-31,mora_30d,total,3.614570
2019-01-31,mora_60d,total,3.022470
2019-01-31,mora_90d,total,2.615697
2019-01-31,morosidad_contable,total,3.040000
2019-01-31,morosidad_publicada,total,3.039507
2019-02-28,deudores,consumo,3395701.000000
2019-02-28,morosidad_publicada,consumo,2.926492
2019-02-28,deudores,corporativo,768.000000
2019-02-28,morosidad_publicada,corporativo,0.041468
2019-02-28,deudores,grandes_empresas,3118.000000
2019-02-28,morosidad_publicada,grandes_empresas,1.334788
2019-02-28,deudores,hipotecario,225252.000000
2019-02-28,morosidad_publicada,hipotecario,2.946617
2019-02-28,deudores,medianas_empresas,31939.000000
2019-02-28,morosidad_publicada,medianas_empresas,7.867207
2019-02-28,deudores,microempresas,672347.000000
2019-02-28,morosidad_publicada,microempresas,3.547573
2019-02-28,deudores,pequenas_empresas,253245.000000
2019-02-28,morosidad_publicada,pequenas_empresas,8.738946
2019-02-28,deudores,total,4306468.000000
2019-02-28,mora_120d,total,2.311676
2019-02-28,mora_30d,total,3.688081
2019-02-28,mora_60d,total,3.009150
2019-02-28,mora_90d,total,2.579107
2019-02-28,morosidad_contable,total,3.050000
2019-02-28,morosidad_publicada,total,3.047362
2019-03-31,deudores,consumo,3288544.000000
2019-03-31,morosidad_publicada,consumo,2.849676
2019-03-31,deudores,corporativo,764.000000
2019-03-31,morosidad_publicada,corporativo,0.034262
2019-03-31,deudores,grandes_empresas,3127.000000
2019-03-31,morosidad_publicada,grandes_empresas,1.376441
2019-03-31,deudores,hipotecario,226435.000000
2019-03-31,morosidad_publicada,hipotecario,2.928889
2019-03-31,deudores,medianas_empresas,32174.000000
2019-03-31,morosidad_publicada,medianas_empresas,7.761576
2019-03-31,deudores,microempresas,676304.000000
2019-03-31,morosidad_publicada,microempresas,3.570677
2019-03-31,deudores,pequenas_empresas,253699.000000
2019-03-31,morosidad_publicada,pequenas_empresas,8.626665
2019-03-31,deudores,total,4210454.000000
2019-03-31,mora_120d,total,2.238910
2019-03-31,mora_30d,total,3.608160
2019-03-31,mora_60d,total,2.952391
2019-03-31,mora_90d,total,2.514441
2019-03-31,morosidad_contable,total,2.990000
2019-03-31,morosidad_publicada,total,2.991748
2019-04-30,deudores,consumo,3318995.000000
2019-04-30,morosidad_publicada,consumo,2.907831
2019-04-30,deudores,corporativo,748.000000
2019-04-30,morosidad_publicada,corporativo,0.029671
2019-04-30,deudores,grandes_empresas,3105.000000
2019-04-30,morosidad_publicada,grandes_empresas,1.400670
2019-04-30,deudores,hipotecario,227055.000000
2019-04-30,morosidad_publicada,hipotecario,2.966643
2019-04-30,deudores,medianas_empresas,32433.000000
2019-04-30,morosidad_publicada,medianas_empresas,7.808777
2019-04-30,deudores,microempresas,679044.000000
2019-04-30,morosidad_publicada,microempresas,3.635899
2019-04-30,deudores,pequenas_empresas,255094.000000
2019-04-30,morosidad_publicada,pequenas_empresas,8.836499
2019-04-30,deudores,total,4242713.000000
2019-04-30,mora_120d,total,2.265801
2019-04-30,mora_30d,total,3.713667
2019-04-30,mora_60d,total,3.072836
2019-04-30,mora_90d,total,2.562500
2019-04-30,morosidad_contable,total,3.050000
2019-04-30,morosidad_publicada,total,3.050397
2019-05-31,deudores,consumo,3371623.000000
2019-05-31,morosidad_publicada,consumo,3.047273
2019-05-31,deudores,corporativo,743.000000
2019-05-31,morosidad_publicada,corporativo,0.027383
2019-05-31,deudores,grandes_empresas,3106.000000
2019-05-31,morosidad_publicada,grandes_empresas,1.429020
2019-05-31,deudores,hipotecario,228024.000000
2019-05-31,morosidad_publicada,hipotecario,3.049929
2019-05-31,deudores,medianas_empresas,32648.000000
2019-05-31,morosidad_publicada,medianas_empresas,8.026891
2019-05-31,deudores,microempresas,683636.000000
2019-05-31,morosidad_publicada,microempresas,3.551632
2019-05-31,deudores,pequenas_empresas,256930.000000
2019-05-31,morosidad_publicada,pequenas_empresas,8.808071
2019-05-31,deudores,total,4298940.000000
2019-05-31,mora_120d,total,2.311188
2019-05-31,mora_30d,total,3.754244
2019-05-31,mora_60d,total,3.062106
2019-05-31,mora_90d,total,2.645170
2019-05-31,morosidad_contable,total,3.110000
2019-05-31,morosidad_publicada,total,3.106912
2019-06-30,deudores,consumo,3426874.000000
2019-06-30,morosidad_publicada,consumo,2.938450
2019-06-30,deudores,corporativo,773.000000
2019-06-30,morosidad_publicada,corporativo,0.027362
2019-06-30,deudores,grandes_empresas,3122.000000
2019-06-30,morosidad_publicada,grandes_empresas,1.436360
2019-06-30,deudores,hipotecario,229010.000000
2019-06-30,morosidad_publicada,hipotecario,2.965886
2019-06-30,deudores,medianas_empresas,32728.000000
2019-06-30,morosidad_publicada,medianas_empresas,8.132115
2019-06-30,deudores,microempresas,685634.000000
2019-06-30,morosidad_publicada,microempresas,3.660202
2019-06-30,deudores,pequenas_empresas,257940.000000
2019-06-30,morosidad_publicada,pequenas_empresas,8.809532
2019-06-30,deudores,total,4354390.000000
2019-06-30,mora_120d,total,2.334193
2019-06-30,mora_30d,total,3.691455
2019-06-30,mora_60d,total,3.043064
2019-06-30,mora_90d,total,2.620882
2019-06-30,morosidad_contable,total,3.080000
2019-06-30,morosidad_publicada,total,3.083588
2019-07-31,deudores,consumo,3451876.000000
2019-07-31,morosidad_publicada,consumo,2.996716
2019-07-31,deudores,corporativo,754.000000
2019-07-31,morosidad_publicada,corporativo,0.079554
2019-07-31,deudores,grandes_empresas,3147.000000
2019-07-31,morosidad_publicada,grandes_empresas,1.423433
2019-07-31,deudores,hipotecario,229450.000000
2019-07-31,morosidad_publicada,hipotecario,2.978043
2019-07-31,deudores,medianas_empresas,32675.000000
2019-07-31,morosidad_publicada,medianas_empresas,8.427606
2019-07-31,deudores,microempresas,683400.000000
2019-07-31,morosidad_publicada,microempresas,3.631433
2019-07-31,deudores,pequenas_empresas,258168.000000
2019-07-31,morosidad_publicada,pequenas_empresas,8.617274
2019-07-31,deudores,total,4374942.000000
2019-07-31,mora_120d,total,2.341559
2019-07-31,mora_30d,total,3.713957
2019-07-31,mora_60d,total,3.082535
2019-07-31,mora_90d,total,2.632429
2019-07-31,morosidad_contable,total,3.130000
2019-07-31,morosidad_publicada,total,3.125132
2019-08-31,deudores,consumo,3512202.000000
2019-08-31,morosidad_publicada,consumo,3.035621
2019-08-31,deudores,corporativo,755.000000
2019-08-31,morosidad_publicada,corporativo,0.027042
2019-08-31,deudores,grandes_empresas,3103.000000
2019-08-31,morosidad_publicada,grandes_empresas,1.332068
2019-08-31,deudores,hipotecario,230267.000000
2019-08-31,morosidad_publicada,hipotecario,3.000869
2019-08-31,deudores,medianas_empresas,32760.000000
2019-08-31,morosidad_publicada,medianas_empresas,8.625954
2019-08-31,deudores,microempresas,685088.000000
2019-08-31,morosidad_publicada,microempresas,3.569389
2019-08-31,deudores,pequenas_empresas,259240.000000
2019-08-31,morosidad_publicada,pequenas_empresas,8.637893
2019-08-31,deudores,total,4434328.000000
2019-08-31,mora_120d,total,2.328270
2019-08-31,mora_30d,total,3.719807
2019-08-31,mora_60d,total,3.074277
2019-08-31,mora_90d,total,2.629293
2019-08-31,morosidad_contable,total,3.130000
2019-08-31,morosidad_publicada,total,3.126567
2019-09-30,deudores,consumo,3548768.000000
2019-09-30,morosidad_publicada,consumo,2.995444
2019-09-30,deudores,corporativo,760.000000
2019-09-30,morosidad_publicada,corporativo,0.035485
2019-09-30,deudores,grandes_empresas,3100.000000
2019-09-30,morosidad_publicada,grandes_empresas,1.226402
2019-09-30,deudores,hipotecario,231304.000000
2019-09-30,morosidad_publicada,hipotecario,2.997057
2019-09-30,deudores,medianas_empresas,32958.000000
2019-09-30,morosidad_publicada,medianas_empresas,8.520356
2019-09-30,deudores,microempresas,681505.000000
2019-09-30,morosidad_publicada,microempresas,3.545907
2019-09-30,deudores,pequenas_empresas,260387.000000
2019-09-30,morosidad_publicada,pequenas_empresas,8.641754
2019-09-30,deudores,total,4466958.000000
2019-09-30,mora_120d,total,2.349573
2019-09-30,mora_30d,total,3.765470
2019-09-30,mora_60d,total,3.127255
2019-09-30,mora_90d,total,2.666182
2019-09-30,morosidad_contable,total,3.100000
2019-09-30,morosidad_publicada,total,3.101598
2019-10-31,deudores,consumo,3585492.000000
2019-10-31,morosidad_publicada,consumo,3.001844
2019-10-31,deudores,corporativo,765.000000
2019-10-31,morosidad_publicada,corporativo,0.027271
2019-10-31,deudores,grandes_empresas,3119.000000
2019-10-31,morosidad_publicada,grandes_empresas,1.263792
2019-10-31,deudores,hipotecario,232344.000000
2019-10-31,morosidad_publicada,hipotecario,2.983646
2019-10-31,deudores,medianas_empresas,33387.000000
2019-10-31,morosidad_publicada,medianas_empresas,8.464406
2019-10-31,deudores,microempresas,681812.000000
2019-10-31,morosidad_publicada,microempresas,3.533507
2019-10-31,deudores,pequenas_empresas,261112.000000
2019-10-31,morosidad_publicada,pequenas_empresas,8.543539
2019-10-31,deudores,total,4503495.000000
2019-10-31,mora_120d,total,2.370988
2019-10-31,mora_30d,total,3.713001
2019-10-31,mora_60d,total,3.061193
2019-10-31,mora_90d,total,2.670343
2019-10-31,morosidad_contable,total,3.080000
2019-10-31,morosidad_publicada,total,3.081567
2019-11-30,deudores,consumo,3616272.000000
2019-11-30,morosidad_publicada,consumo,3.053750
2019-11-30,deudores,corporativo,761.000000
2019-11-30,morosidad_publicada,corporativo,0.043055
2019-11-30,deudores,grandes_empresas,3120.000000
2019-11-30,morosidad_publicada,grandes_empresas,1.239355
2019-11-30,deudores,hipotecario,233321.000000
2019-11-30,morosidad_publicada,hipotecario,2.970859
2019-11-30,deudores,medianas_empresas,33316.000000
2019-11-30,morosidad_publicada,medianas_empresas,8.286430
2019-11-30,deudores,microempresas,683819.000000
2019-11-30,morosidad_publicada,microempresas,3.442403
2019-11-30,deudores,pequenas_empresas,263040.000000
2019-11-30,morosidad_publicada,pequenas_empresas,8.307565
2019-11-30,deudores,total,4536065.000000
2019-11-30,mora_120d,total,2.368686
2019-11-30,mora_30d,total,3.684546
2019-11-30,mora_60d,total,3.051357
2019-11-30,mora_90d,total,2.641459
2019-11-30,morosidad_contable,total,3.050000
2019-11-30,morosidad_publicada,total,3.048757
2019-12-31,deudores,consumo,3646568.000000
2019-12-31,morosidad_publicada,consumo,2.998347
2019-12-31,deudores,corporativo,746.000000
2019-12-31,morosidad_publicada,corporativo,0.018090
2019-12-31,deudores,grandes_empresas,3119.000000
2019-12-31,morosidad_publicada,grandes_empresas,1.343740
2019-12-31,deudores,hipotecario,234059.000000
2019-12-31,morosidad_publicada,hipotecario,2.958088
2019-12-31,deudores,medianas_empresas,33439.000000
2019-12-31,morosidad_publicada,medianas_empresas,8.040929
2019-12-31,deudores,microempresas,681985.000000
2019-12-31,morosidad_publicada,microempresas,3.407373
2019-12-31,deudores,pequenas_empresas,262968.000000
2019-12-31,morosidad_publicada,pequenas_empresas,8.202918
2019-12-31,deudores,total,4563638.000000
2019-12-31,mora_120d,total,2.310188
2019-12-31,mora_30d,total,3.603677
2019-12-31,mora_60d,total,3.034711
2019-12-31,mora_90d,total,2.608549
2019-12-31,morosidad_contable,total,3.020000
2019-12-31,morosidad_publicada,total,3.019031
2020-01-31,deudores,consumo,3663259.000000
2020-01-31,morosidad_publicada,consumo,3.083902
2020-01-31,deudores,corporativo,795.000000
2020-01-31,morosidad_publicada,corporativo,0.061374
2020-01-31,deudores,grandes_empresas,3116.000000
2020-01-31,morosidad_publicada,grandes_empresas,1.338703
2020-01-31,deudores,hipotecario,234871.000000
2020-01-31,morosidad_publicada,hipotecario,2.954652
2020-01-31,deudores,medianas_empresas,33722.000000
2020-01-31,morosidad_publicada,medianas_empresas,8.272503
2020-01-31,deudores,microempresas,681519.000000
2020-01-31,morosidad_publicada,microempresas,3.403568
2020-01-31,deudores,pequenas_empresas,263898.000000
2020-01-31,morosidad_publicada,pequenas_empresas,8.275948
2020-01-31,deudores,total,4581259.000000
2020-01-31,mora_120d,total,2.270865
2020-01-31,mora_30d,total,3.597598
2020-01-31,mora_60d,total,2.947531
2020-01-31,mora_90d,total,2.542397
2020-01-31,morosidad_contable,total,3.090000
2020-02-29,deudores,consumo,3679168.000000
2020-02-29,morosidad_publicada,consumo,3.030198
2020-02-29,deudores,corporativo,772.000000
2020-02-29,morosidad_publicada,corporativo,0.072412
2020-02-29,deudores,grandes_empresas,3093.000000
2020-02-29,morosidad_publicada,grandes_empresas,1.308626
2020-02-29,deudores,hipotecario,235625.000000
2020-02-29,morosidad_publicada,hipotecario,2.929125
2020-02-29,deudores,medianas_empresas,33911.000000
2020-02-29,morosidad_publicada,medianas_empresas,8.425274
2020-02-29,deudores,microempresas,684002.000000
2020-02-29,morosidad_publicada,microempresas,3.460513
2020-02-29,deudores,pequenas_empresas,265734.000000
2020-02-29,morosidad_publicada,pequenas_empresas,8.169004
2020-02-29,deudores,total,4601767.000000
2020-02-29,mora_120d,total,2.330042
2020-02-29,mora_30d,total,3.713929
2020-02-29,mora_60d,total,3.060120
2020-02-29,mora_90d,total,2.624102
2020-02-29,morosidad_contable,total,3.090000
2020-03-31,deudores,consumo,3650403.000000
2020-03-31,morosidad_publicada,consumo,3.248634
2020-03-31,deudores,corporativo,780.000000
2020-03-31,morosidad_publicada,corporativo,0.083611
2020-03-31,deudores,grandes_empresas,3098.000000
2020-03-31,morosidad_publicada,grandes_empresas,1.346085
2020-03-31,deudores,hipotecario,235035.000000
2020-03-31,morosidad_publicada,hipotecario,3.131344
2020-03-31,deudores,medianas_empresas,33996.000000
2020-03-31,morosidad_publicada,medianas_empresas,8.708501
2020-03-31,deudores,microempresas,676147.000000
2020-03-31,morosidad_publicada,microempresas,3.645284
2020-03-31,deudores,pequenas_empresas,266254.000000
2020-03-31,morosidad_publicada,pequenas_empresas,8.397940
2020-03-31,deudores,total,4570058.000000
2020-03-31,mora_120d,total,2.246490
2020-03-31,mora_30d,total,3.593733
2020-03-31,mora_60d,total,2.946222
2020-03-31,mora_90d,total,2.529196
2020-03-31,morosidad_contable,total,3.150000
2020-04-30,deudores,consumo,3558086.000000
2020-04-30,morosidad_publicada,consumo,3.655745
2020-04-30,deudores,corporativo,732.000000
2020-04-30,morosidad_publicada,corporativo,0.141003
2020-04-30,deudores,grandes_empresas,3036.000000
2020-04-30,morosidad_publicada,grandes_empresas,1.517194
2020-04-30,deudores,hipotecario,234487.000000
2020-04-30,morosidad_publicada,hipotecario,3.482660
2020-04-30,deudores,medianas_empresas,34174.000000
2020-04-30,morosidad_publicada,medianas_empresas,9.312125
2020-04-30,deudores,microempresas,655579.000000
2020-04-30,morosidad_publicada,microempresas,3.747178
2020-04-30,deudores,pequenas_empresas,267896.000000
2020-04-30,morosidad_publicada,pequenas_empresas,8.515965
2020-04-30,deudores,total,4462576.000000
2020-04-30,mora_120d,total,2.291827
2020-04-30,mora_30d,total,3.927807
2020-04-30,mora_60d,total,3.106852
2020-04-30,mora_90d,total,2.625028
2020-04-30,morosidad_contable,total,3.380000
2020-05-31,deudores,consumo,3514798.000000
2020-05-31,morosidad_publicada,consumo,3.508408
2020-05-31,deudores,corporativo,728.000000
2020-05-31,morosidad_publicada,corporativo,0.052618
2020-05-31,deudores,grandes_empresas,3197.000000
2020-05-31,morosidad_publicada,grandes_empresas,1.363326
2020-05-31,deudores,hipotecario,234157.000000
2020-05-31,morosidad_publicada,hipotecario,3.449575
2020-05-31,deudores,medianas_empresas,35434.000000
2020-05-31,morosidad_publicada,medianas_empresas,7.511638
2020-05-31,deudores,microempresas,636721.000000
2020-05-31,morosidad_publicada,microempresas,3.995173
2020-05-31,deudores,pequenas_empresas,275548.000000
2020-05-31,morosidad_publicada,pequenas_empresas,7.362662
2020-05-31,deudores,total,4410097.000000
2020-05-31,mora_120d,total,2.224760
2020-05-31,mora_30d,total,3.717787
2020-05-31,mora_60d,total,3.033547
2020-05-31,mora_90d,total,2.542023
2020-05-31,morosidad_contable,total,3.080000
2020-06-30,deudores,consumo,3488398.000000
2020-06-30,morosidad_publicada,consumo,3.711187
2020-06-30,deudores,corporativo,726.000000
2020-06-30,morosidad_publicada,corporativo,0.064498
2020-06-30,deudores,grandes_empresas,3319.000000
2020-06-30,morosidad_publicada,grandes_empresas,1.329272
2020-06-30,deudores,hipotecario,233696.000000
2020-06-30,morosidad_publicada,hipotecario,3.581973
2020-06-30,deudores,medianas_empresas,36859.000000
2020-06-30,morosidad_publicada,medianas_empresas,7.281631
2020-06-30,deudores,microempresas,610370.000000
2020-06-30,morosidad_publicada,microempresas,4.729128
2020-06-30,deudores,pequenas_empresas,278559.000000
2020-06-30,morosidad_publicada,pequenas_empresas,7.066554
2020-06-30,deudores,total,4366864.000000
2020-06-30,mora_120d,total,2.287767
2020-06-30,mora_30d,total,3.579351
2020-06-30,mora_60d,total,3.024902
2020-06-30,mora_90d,total,2.589526
2020-06-30,morosidad_contable,total,3.150000
2020-07-31,deudores,consumo,3453535.000000
2020-07-31,morosidad_publicada,consumo,3.488867
2020-07-31,deudores,corporativo,770.000000
2020-07-31,morosidad_publicada,corporativo,0.114170
2020-07-31,deudores,grandes_empresas,3430.000000
2020-07-31,morosidad_publicada,grandes_empresas,1.335997
2020-07-31,deudores,hipotecario,232870.000000
2020-07-31,morosidad_publicada,hipotecario,3.306553
2020-07-31,deudores,medianas_empresas,38386.000000
2020-07-31,morosidad_publicada,medianas_empresas,6.846628
2020-07-31,deudores,microempresas,585192.000000
2020-07-31,morosidad_publicada,microempresas,3.817649
2020-07-31,deudores,pequenas_empresas,283447.000000
2020-07-31,morosidad_publicada,pequenas_empresas,6.381752
2020-07-31,deudores,total,4317942.000000
2020-07-31,mora_120d,total,2.311762
2020-07-31,mora_30d,total,3.686254
2020-07-31,mora_60d,total,2.952098
2020-07-31,mora_90d,total,2.595592
2020-07-31,morosidad_contable,total,3.020000
2020-08-31,deudores,consumo,3442439.000000
2020-08-31,morosidad_publicada,consumo,3.707067
2020-08-31,deudores,corporativo,780.000000
2020-08-31,morosidad_publicada,corporativo,0.492107
2020-08-31,deudores,grandes_empresas,3469.000000
2020-08-31,morosidad_publicada,grandes_empresas,1.195763
2020-08-31,deudores,hipotecario,232504.000000
2020-08-31,morosidad_publicada,hipotecario,3.286345
2020-08-31,deudores,medianas_empresas,39952.000000
2020-08-31,morosidad_publicada,medianas_empresas,6.572111
2020-08-31,deudores,microempresas,586286.000000
2020-08-31,morosidad_publicada,microempresas,3.259235
2020-08-31,deudores,pequenas_empresas,293859.000000
2020-08-31,morosidad_publicada,pequenas_empresas,6.097484
2020-08-31,deudores,total,4319533.000000
2020-08-31,mora_120d,total,2.297106
2020-08-31,mora_30d,total,3.699805
2020-08-31,mora_60d,total,3.087091
2020-08-31,mora_90d,total,2.552244
2020-08-31,morosidad_contable,total,3.100000
2020-09-30,deudores,consumo,3438602.000000
2020-09-30,morosidad_publicada,consumo,4.392413
2020-09-30,deudores,corporativo,761.000000
2020-09-30,morosidad_publicada,corporativo,0.526719
2020-09-30,deudores,grandes_empresas,3472.000000
2020-09-30,morosidad_publicada,grandes_empresas,1.078445
2020-09-30,deudores,hipotecario,232820.000000
2020-09-30,morosidad_publicada,hipotecario,3.444737
2020-09-30,deudores,medianas_empresas,40931.000000
2020-09-30,morosidad_publicada,medianas_empresas,6.571149
2020-09-30,deudores,microempresas,594233.000000
2020-09-30,morosidad_publicada,microempresas,3.133211
2020-09-30,deudores,pequenas_empresas,304256.000000
2020-09-30,morosidad_publicada,pequenas_empresas,6.009074
2020-09-30,deudores,total,4336645.000000
2020-09-30,mora_120d,total,2.428030
2020-09-30,mora_30d,total,3.996852
2020-09-30,mora_60d,total,3.403310
2020-09-30,mora_90d,total,2.892751
2020-09-30,morosidad_contable,total,3.290000
2020-10-31,deudores,consumo,3448681.000000
2020-10-31,morosidad_publicada,consumo,5.168293
2020-10-31,deudores,corporativo,753.000000
2020-10-31,morosidad_publicada,corporativo,0.655490
2020-10-31,deudores,grandes_empresas,3491.000000
2020-10-31,morosidad_publicada,grandes_empresas,1.094295
2020-10-31,deudores,hipotecario,233323.000000
2020-10-31,morosidad_publicada,hipotecario,3.583491
2020-10-31,deudores,medianas_empresas,41518.000000
2020-10-31,morosidad_publicada,medianas_empresas,6.609898
2020-10-31,deudores,microempresas,613123.000000
2020-10-31,morosidad_publicada,microempresas,3.354232
2020-10-31,deudores,pequenas_empresas,308886.000000
2020-10-31,morosidad_publicada,pequenas_empresas,6.212598
2020-10-31,deudores,total,4369283.000000
2020-10-31,mora_120d,total,2.650856
2020-10-31,mora_30d,total,4.268213
2020-10-31,mora_60d,total,3.603726
2020-10-31,mora_90d,total,3.060140
2020-10-31,morosidad_contable,total,3.520000
2020-11-30,deudores,consumo,3414619.000000
2020-11-30,morosidad_publicada,consumo,5.868906
2020-11-30,deudores,corporativo,757.000000
2020-11-30,morosidad_publicada,corporativo,0.676449
2020-11-30,deudores,grandes_empresas,3495.000000
2020-11-30,morosidad_publicada,grandes_empresas,1.210224
2020-11-30,deudores,hipotecario,234068.000000
2020-11-30,morosidad_publicada,hipotecario,3.609370
2020-11-30,deudores,medianas_empresas,46233.000000
2020-11-30,morosidad_publicada,medianas_empresas,6.239139
2020-11-30,deudores,microempresas,612530.000000
2020-11-30,morosidad_publicada,microempresas,3.429194
2020-11-30,deudores,pequenas_empresas,306822.000000
2020-11-30,morosidad_publicada,pequenas_empresas,7.300028
2020-11-30,deudores,total,4339435.000000
2020-11-30,mora_120d,total,2.744435
2020-11-30,mora_30d,total,4.508713
2020-11-30,mora_60d,total,3.785127
2020-11-30,mora_90d,total,3.215094
2020-11-30,morosidad_contable,total,3.700000
2020-12-31,deudores,consumo,3382782.000000
2020-12-31,morosidad_publicada,consumo,6.384278
2020-12-31,deudores,corporativo,761.000000
2020-12-31,morosidad_publicada,corporativo,0.693024
2020-12-31,deudores,grandes_empresas,3492.000000
2020-12-31,morosidad_publicada,grandes_empresas,1.226192
2020-12-31,deudores,hipotecario,234570.000000
2020-12-31,morosidad_publicada,hipotecario,3.558507
2020-12-31,deudores,medianas_empresas,48679.000000
2020-12-31,morosidad_publicada,medianas_empresas,6.073648
2020-12-31,deudores,microempresas,613640.000000
2020-12-31,morosidad_publicada,microempresas,3.559196
2020-12-31,deudores,pequenas_empresas,308398.000000
2020-12-31,morosidad_publicada,pequenas_empresas,7.831164
2020-12-31,deudores,total,4313802.000000
2020-12-31,mora_120d,total,2.871182
2020-12-31,mora_30d,total,4.488654
2020-12-31,mora_60d,total,3.930316
2020-12-31,mora_90d,total,3.358687
2020-12-31,morosidad_contable,total,3.800000
2021-01-31,deudores,consumo,3300748.000000
2021-01-31,morosidad_publicada,consumo,6.139681
2021-01-31,deudores,corporativo,862.000000
2021-01-31,morosidad_publicada,corporativo,0.701212
2021-01-31,deudores,grandes_empresas,3485.000000
2021-01-31,morosidad_publicada,grandes_empresas,1.336074
2021-01-31,deudores,hipotecario,234861.000000
2021-01-31,morosidad_publicada,hipotecario,3.656902
2021-01-31,deudores,medianas_empresas,50802.000000
2021-01-31,morosidad_publicada,medianas_empresas,6.202379
2021-01-31,deudores,microempresas,599207.000000
2021-01-31,morosidad_publicada,microempresas,3.953342
2021-01-31,deudores,pequenas_empresas,320793.000000
2021-01-31,morosidad_publicada,pequenas_empresas,8.230176
2021-01-31,deudores,total,4237782.000000
2021-01-31,mora_120d,total,2.941713
2021-01-31,mora_30d,total,4.370674
2021-01-31,mora_60d,total,3.835223
2021-01-31,mora_90d,total,3.426490
2021-01-31,morosidad_contable,total,3.840000
2021-02-28,deudores,consumo,3237434.000000
2021-02-28,morosidad_publicada,consumo,5.812209
2021-02-28,deudores,corporativo,859.000000
2021-02-28,morosidad_publicada,corporativo,0.731529
2021-02-28,deudores,grandes_empresas,3490.000000
2021-02-28,morosidad_publicada,grandes_empresas,1.303599
2021-02-28,deudores,hipotecario,235518.000000
2021-02-28,morosidad_publicada,hipotecario,3.617296
2021-02-28,deudores,medianas_empresas,51705.000000
2021-02-28,morosidad_publicada,medianas_empresas,6.343204
2021-02-28,deudores,microempresas,587926.000000
2021-02-28,morosidad_publicada,microempresas,4.286888
2021-02-28,deudores,pequenas_empresas,331709.000000
2021-02-28,morosidad_publicada,pequenas_empresas,8.560898
2021-02-28,deudores,total,4179259.000000
2021-02-28,mora_120d,total,3.067746
2021-02-28,mora_30d,total,4.388599
2021-02-28,mora_60d,total,3.801732
2021-02-28,mora_90d,total,3.418140
2021-02-28,morosidad_contable,total,3.840000
2021-02-28,morosidad_publicada,total,3.843350
2021-03-31,deudores,consumo,3239124.000000
2021-03-31,morosidad_publicada,consumo,4.963754
2021-03-31,deudores,corporativo,832.000000
2021-03-31,morosidad_publicada,corporativo,0.755064
2021-03-31,deudores,grandes_empresas,3532.000000
2021-03-31,morosidad_publicada,grandes_empresas,1.258877
2021-03-31,deudores,hipotecario,236253.000000
2021-03-31,morosidad_publicada,hipotecario,3.612820
2021-03-31,deudores,medianas_empresas,54616.000000
2021-03-31,morosidad_publicada,medianas_empresas,6.253043
2021-03-31,deudores,microempresas,589561.000000
2021-03-31,morosidad_publicada,microempresas,4.903798
2021-03-31,deudores,pequenas_empresas,337944.000000
2021-03-31,morosidad_publicada,pequenas_empresas,9.593381
2021-03-31,deudores,total,4192227.000000
2021-03-31,mora_120d,total,3.017935
2021-03-31,mora_30d,total,4.298201
2021-03-31,mora_60d,total,3.747373
2021-03-31,mora_90d,total,3.327798
2021-03-31,morosidad_contable,total,3.750000
2021-03-31,morosidad_publicada,total,3.753372
2021-04-30,deudores,consumo,3233442.000000
2021-04-30,morosidad_publicada,consumo,4.286278
2021-04-30,deudores,corporativo,816.000000
2021-04-30,morosidad_publicada,corporativo,0.734375
2021-04-30,deudores,grandes_empresas,3457.000000
2021-04-30,morosidad_publicada,grandes_empresas,1.323725
2021-04-30,deudores,hipotecario,236921.000000
2021-04-30,morosidad_publicada,hipotecario,3.579992
2021-04-30,deudores,medianas_empresas,55443.000000
2021-04-30,morosidad_publicada,medianas_empresas,6.214453
2021-04-30,deudores,microempresas,588207.000000
2021-04-30,morosidad_publicada,microempresas,4.748803
2021-04-30,deudores,pequenas_empresas,339674.000000
2021-04-30,morosidad_publicada,pequenas_empresas,9.476937
2021-04-30,deudores,total,4186640.000000
2021-04-30,mora_120d,total,2.895165
2021-04-30,mora_30d,total,4.189762
2021-04-30,mora_60d,total,3.644426
2021-04-30,mora_90d,total,3.238063
2021-04-30,morosidad_contable,total,3.630000
2021-04-30,morosidad_publicada,total,3.626801
2021-05-31,deudores,consumo,3249545.000000
2021-05-31,morosidad_publicada,consumo,4.051615
2021-05-31,deudores,corporativo,814.000000
2021-05-31,morosidad_publicada,corporativo,0.692382
2021-05-31,deudores,grandes_empresas,3493.000000
2021-05-31,morosidad_publicada,grandes_empresas,1.453075
2021-05-31,deudores,hipotecario,236924.000000
2021-05-31,morosidad_publicada,hipotecario,3.571390
2021-05-31,deudores,medianas_empresas,55804.000000
2021-05-31,morosidad_publicada,medianas_empresas,6.280655
2021-05-31,deudores,microempresas,592157.000000
2021-05-31,morosidad_publicada,microempresas,4.541902
2021-05-31,deudores,pequenas_empresas,340019.000000
2021-05-31,morosidad_publicada,pequenas_empresas,9.419868
2021-05-31,deudores,total,4205660.000000
2021-05-31,mora_120d,total,2.859131
2021-05-31,mora_30d,total,4.085184
2021-05-31,mora_60d,total,3.552310
2021-05-31,mora_90d,total,3.176105
2021-05-31,morosidad_contable,total,3.570000
2021-05-31,morosidad_publicada,total,3.567959
2021-06-30,deudores,consumo,3261198.000000
2021-06-30,morosidad_publicada,consumo,3.972986
2021-06-30,deudores,corporativo,815.000000
2021-06-30,morosidad_publicada,corporativo,0.670724
2021-06-30,deudores,grandes_empresas,3508.000000
2021-06-30,morosidad_publicada,grandes_empresas,1.574987
2021-06-30,deudores,hipotecario,237191.000000
2021-06-30,morosidad_publicada,hipotecario,3.506379
2021-06-30,deudores,medianas_empresas,56021.000000
2021-06-30,morosidad_publicada,medianas_empresas,6.661640
2021-06-30,deudores,microempresas,600895.000000
2021-06-30,morosidad_publicada,microempresas,4.254829
2021-06-30,deudores,pequenas_empresas,341402.000000
2021-06-30,morosidad_publicada,pequenas_empresas,9.459507
2021-06-30,deudores,total,4224044.000000
2021-06-30,mora_120d,total,2.884545
2021-06-30,mora_30d,total,4.031427
2021-06-30,mora_60d,total,3.558556
2021-06-30,mora_90d,total,3.160785
2021-06-30,morosidad_contable,total,3.600000
2021-06-30,morosidad_publicada,total,3.603013
2021-07-31,deudores,consumo,3250627.000000
2021-07-31,morosidad_publicada,consumo,3.620378
2021-07-31,deudores,corporativo,812.000000
2021-07-31,morosidad_publicada,corporativo,0.673017
2021-07-31,deudores,grandes_empresas,3533.000000
2021-07-31,morosidad_publicada,grandes_empresas,1.548257
2021-07-31,deudores,hipotecario,237365.000000
2021-07-31,morosidad_publicada,hipotecario,3.491792
2021-07-31,deudores,medianas_empresas,55998.000000
2021-07-31,morosidad_publicada,medianas_empresas,7.417703
2021-07-31,deudores,microempresas,602237.000000
2021-07-31,morosidad_publicada,microempresas,3.961898
2021-07-31,deudores,pequenas_empresas,338781.000000
2021-07-31,morosidad_publicada,pequenas_empresas,9.543584
2021-07-31,deudores,total,4212548.000000
2021-07-31,mora_120d,total,2.817549
2021-07-31,mora_30d,total,4.065644
2021-07-31,mora_60d,total,3.440247
2021-07-31,mora_90d,total,3.110674
2021-07-31,morosidad_contable,total,3.660000
2021-07-31,morosidad_publicada,total,3.662806
2021-08-31,deudores,consumo,3255984.000000
2021-08-31,morosidad_publicada,consumo,3.332568
2021-08-31,deudores,corporativo,826.000000
2021-08-31,morosidad_publicada,corporativo,0.769419
2021-08-31,deudores,grandes_empresas,3489.000000
2021-08-31,morosidad_publicada,grandes_empresas,1.349054
2021-08-31,deudores,hipotecario,237238.000000
2021-08-31,morosidad_publicada,hipotecario,3.409460
2021-08-31,deudores,medianas_empresas,56102.000000
2021-08-31,morosidad_publicada,medianas_empresas,7.965132
2021-08-31,deudores,microempresas,610164.000000
2021-08-31,morosidad_publicada,microempresas,3.716460
2021-08-31,deudores,pequenas_empresas,337841.000000
2021-08-31,morosidad_publicada,pequenas_empresas,9.457558
2021-08-31,deudores,total,4223691.000000
2021-08-31,mora_120d,total,2.857408
2021-08-31,mora_30d,total,4.059019
2021-08-31,mora_60d,total,3.514127
2021-08-31,mora_90d,total,3.094743
2021-08-31,morosidad_contable,total,3.700000
2021-08-31,morosidad_publicada,total,3.700376
2021-09-30,deudores,consumo,3262197.000000
2021-09-30,morosidad_publicada,consumo,3.012606
2021-09-30,deudores,corporativo,812.000000
2021-09-30,morosidad_publicada,corporativo,0.697218
2021-09-30,deudores,grandes_empresas,3493.000000
2021-09-30,morosidad_publicada,grandes_empresas,1.253163
2021-09-30,deudores,hipotecario,237514.000000
2021-09-30,morosidad_publicada,hipotecario,3.293540
2021-09-30,deudores,medianas_empresas,56208.000000
2021-09-30,morosidad_publicada,medianas_empresas,8.556799
2021-09-30,deudores,microempresas,617512.000000
2021-09-30,morosidad_publicada,microempresas,3.643707
2021-09-30,deudores,pequenas_empresas,340111.000000
2021-09-30,morosidad_publicada,pequenas_empresas,9.428350
2021-09-30,deudores,total,4236611.000000
2021-09-30,mora_120d,total,2.815305
2021-09-30,mora_30d,total,3.987617
2021-09-30,mora_60d,total,3.476963
2021-09-30,mora_90d,total,3.106638
2021-09-30,morosidad_contable,total,3.730000
2021-09-30,morosidad_publicada,total,3.733094
2021-10-31,deudores,consumo,3319187.000000
2021-10-31,morosidad_publicada,consumo,2.714327
2021-10-31,deudores,corporativo,783.000000
2021-10-31,morosidad_publicada,corporativo,0.694939
2021-10-31,deudores,grandes_empresas,3506.000000
2021-10-31,morosidad_publicada,grandes_empresas,1.325267
2021-10-31,deudores,hipotecario,238372.000000
2021-10-31,morosidad_publicada,hipotecario,3.252764
2021-10-31,deudores,medianas_empresas,56412.000000
2021-10-31,morosidad_publicada,medianas_empresas,9.085327
2021-10-31,deudores,microempresas,625603.000000
2021-10-31,morosidad_publicada,microempresas,4.468495
2021-10-31,deudores,pequenas_empresas,341748.000000
2021-10-31,morosidad_publicada,pequenas_empresas,9.944098
2021-10-31,deudores,total,4297787.000000
2021-10-31,mora_120d,total,2.831005
2021-10-31,mora_30d,total,4.115767
2021-10-31,mora_60d,total,3.453995
2021-10-31,mora_90d,total,3.097088
2021-10-31,morosidad_contable,total,3.840000
2021-10-31,morosidad_publicada,total,3.841798
2021-11-30,deudores,consumo,3369950.000000
2021-11-30,morosidad_publicada,consumo,2.571799
2021-11-30,deudores,corporativo,804.000000
2021-11-30,morosidad_publicada,corporativo,0.783798
2021-11-30,deudores,grandes_empresas,3482.000000
2021-11-30,morosidad_publicada,grandes_empresas,1.453706
2021-11-30,deudores,hipotecario,239118.000000
2021-11-30,morosidad_publicada,hipotecario,3.158411
2021-11-30,deudores,medianas_empresas,56509.000000
2021-11-30,morosidad_publicada,medianas_empresas,9.319697
2021-11-30,deudores,microempresas,633006.000000
2021-11-30,morosidad_publicada,microempresas,4.182682
2021-11-30,deudores,pequenas_empresas,340126.000000
2021-11-30,morosidad_publicada,pequenas_empresas,9.448414
2021-11-30,deudores,total,4349334.000000
2021-11-30,mora_120d,total,2.774143
2021-11-30,mora_30d,total,4.071455
2021-11-30,mora_60d,total,3.501109
2021-11-30,mora_90d,total,3.040168
2021-11-30,morosidad_contable,total,3.840000
2021-11-30,morosidad_publicada,total,3.842134
2021-12-31,deudores,consumo,3411550.000000
2021-12-31,morosidad_publicada,consumo,2.480020
2021-12-31,deudores,corporativo,799.000000
2021-12-31,morosidad_publicada,corporativo,0.645775
2021-12-31,deudores,grandes_empresas,3507.000000
2021-12-31,morosidad_publicada,grandes_empresas,1.431149
2021-12-31,deudores,hipotecario,239862.000000
2021-12-31,morosidad_publicada,hipotecario,3.065468
2021-12-31,deudores,medianas_empresas,56481.000000
2021-12-31,morosidad_publicada,medianas_empresas,9.472565
2021-12-31,deudores,microempresas,637574.000000
2021-12-31,morosidad_publicada,microempresas,4.397853
2021-12-31,deudores,pequenas_empresas,342502.000000
2021-12-31,morosidad_publicada,pequenas_empresas,9.437208
2021-12-31,deudores,total,4394992.000000
2021-12-31,mora_120d,total,2.761401
2021-12-31,mora_30d,total,4.100261
2021-12-31,mora_60d,total,3.523876
2021-12-31,mora_90d,total,3.122259
2021-12-31,morosidad_contable,total,3.770000
2021-12-31,morosidad_publicada,total,3.769401
2022-01-31,deudores,consumo,3444985.000000
2022-01-31,morosidad_publicada,consumo,2.394064
2022-01-31,deudores,corporativo,794.000000
2022-01-31,morosidad_publicada,corporativo,0.703049
2022-01-31,deudores,grandes_empresas,3500.000000
2022-01-31,morosidad_publicada,grandes_empresas,1.650858
2022-01-31,deudores,hipotecario,240525.000000
2022-01-31,morosidad_publicada,hipotecario,3.031628
2022-01-31,deudores,medianas_empresas,56529.000000
2022-01-31,morosidad_publicada,medianas_empresas,9.842989
2022-01-31,deudores,microempresas,638109.000000
2022-01-31,morosidad_publicada,microempresas,4.594740
2022-01-31,deudores,pequenas_empresas,345716.000000
2022-01-31,morosidad_publicada,pequenas_empresas,9.461554
2022-01-31,deudores,total,4430098.000000
2022-01-31,mora_120d,total,2.896831
2022-01-31,mora_30d,total,4.241251
2022-01-31,mora_60d,total,3.642344
2022-01-31,mora_90d,total,3.211100
2022-01-31,morosidad_contable,total,3.880000
2022-01-31,morosidad_publicada,total,3.878689
2022-02-28,deudores,consumo,3473078.000000
2022-02-28,morosidad_publicada,consumo,2.411908
2022-02-28,deudores,corporativo,815.000000
2022-02-28,morosidad_publicada,corporativo,0.710903
2022-02-28,deudores,grandes_empresas,3513.000000
2022-02-28,morosidad_publicada,grandes_empresas,1.695163
2022-02-28,deudores,hipotecario,241456.000000
2022-02-28,morosidad_publicada,hipotecario,2.954905
2022-02-28,deudores,medianas_empresas,56550.000000
2022-02-28,morosidad_publicada,medianas_empresas,9.792970
2022-02-28,deudores,microempresas,647085.000000
2022-02-28,morosidad_publicada,microempresas,4.672507
2022-02-28,deudores,pequenas_empresas,350403.000000
2022-02-28,morosidad_publicada,pequenas_empresas,9.028810
2022-02-28,deudores,total,4468620.000000
2022-02-28,mora_120d,total,2.909339
2022-02-28,mora_30d,total,3.758949
2022-02-28,mora_60d,total,3.594145
2022-02-28,mora_90d,total,3.199287
2022-02-28,morosidad_contable,total,3.830000
2022-02-28,morosidad_publicada,total,3.830860
2022-03-31,deudores,consumo,3530122.000000
2022-03-31,morosidad_publicada,consumo,2.333206
2022-03-31,deudores,corporativo,790.000000
2022-03-31,morosidad_publicada,corporativo,0.701970
2022-03-31,deudores,grandes_empresas,3562.000000
2022-03-31,morosidad_publicada,grandes_empresas,1.819778
2022-03-31,deudores,hipotecario,242419.000000
2022-03-31,morosidad_publicada,hipotecario,2.928561
2022-03-31,deudores,medianas_empresas,56518.000000
2022-03-31,morosidad_publicada,medianas_empresas,9.910904
2022-03-31,deudores,microempresas,657408.000000
2022-03-31,morosidad_publicada,microempresas,4.901577
2022-03-31,deudores,pequenas_empresas,356014.000000
2022-03-31,morosidad_publicada,pequenas_empresas,8.953992
2022-03-31,deudores,total,4536852.000000
2022-03-31,mora_120d,total,2.896854
2022-03-31,mora_30d,total,4.212643
2022-03-31,mora_60d,total,3.570550
2022-03-31,mora_90d,total,3.186522
2022-03-31,morosidad_contable,total,3.810000
2022-03-31,morosidad_publicada,total,3.805192
2022-04-30,deudores,consumo,3578793.000000
2022-04-30,morosidad_publicada,consumo,2.312144
2022-04-30,deudores,corporativo,808.000000
2022-04-30,morosidad_publicada,corporativo,0.823209
2022-04-30,deudores,grandes_empresas,3624.000000
2022-04-30,morosidad_publicada,grandes_empresas,1.781266
2022-04-30,deudores,hipotecario,243456.000000
2022-04-30,morosidad_publicada,hipotecario,2.880246
2022-04-30,deudores,medianas_empresas,56431.000000
2022-04-30,morosidad_publicada,medianas_empresas,9.904649
2022-04-30,deudores,microempresas,665720.000000
2022-04-30,morosidad_publicada,microempresas,5.092408
2022-04-30,deudores,pequenas_empresas,362047.000000
2022-04-30,morosidad_publicada,pequenas_empresas,8.546886
2022-04-30,deudores,total,4595621.000000
2022-04-30,mora_120d,total,2.868721
2022-04-30,mora_30d,total,4.159728
2022-04-30,mora_60d,total,3.571757
2022-04-30,mora_90d,total,3.175459
2022-04-30,morosidad_contable,total,3.760000
2022-04-30,morosidad_publicada,total,3.764601
2022-05-31,deudores,consumo,3626284.000000
2022-05-31,morosidad_publicada,consumo,2.458133
2022-05-31,deudores,corporativo,805.000000
2022-05-31,morosidad_publicada,corporativo,0.822826
2022-05-31,deudores,grandes_empresas,3647.000000
2022-05-31,morosidad_publicada,grandes_empresas,1.926660
2022-05-31,deudores,hipotecario,244415.000000
2022-05-31,morosidad_publicada,hipotecario,2.876524
2022-05-31,deudores,medianas_empresas,56330.000000
2022-05-31,morosidad_publicada,medianas_empresas,9.837554
2022-05-31,deudores,microempresas,675581.000000
2022-05-31,morosidad_publicada,microempresas,5.541593
2022-05-31,deudores,pequenas_empresas,368545.000000
2022-05-31,morosidad_publicada,pequenas_empresas,8.473126
2022-05-31,deudores,total,4655135.000000
2022-05-31,mora_120d,total,2.897228
2022-05-31,mora_30d,total,4.224051
2022-05-31,mora_60d,total,3.620602
2022-05-31,mora_90d,total,3.202272
2022-05-31,morosidad_contable,total,3.800000
2022-05-31,morosidad_publicada,total,3.802840
2022-06-30,deudores,consumo,3657726.000000
2022-06-30,morosidad_publicada,consumo,2.543423
2022-06-30,deudores,corporativo,828.000000
2022-06-30,morosidad_publicada,corporativo,0.852037
2022-06-30,deudores,grandes_empresas,3614.000000
2022-06-30,morosidad_publicada,grandes_empresas,2.078221
2022-06-30,deudores,hipotecario,245291.000000
2022-06-30,morosidad_publicada,hipotecario,2.859722
2022-06-30,deudores,medianas_empresas,56218.000000
2022-06-30,morosidad_publicada,medianas_empresas,10.035727
2022-06-30,deudores,microempresas,674186.000000
2022-06-30,morosidad_publicada,microempresas,5.291681
2022-06-30,deudores,pequenas_empresas,372188.000000
2022-06-30,morosidad_publicada,pequenas_empresas,8.277942
2022-06-30,deudores,total,4686519.000000
2022-06-30,mora_120d,total,2.893993
2022-06-30,mora_30d,total,4.222286
2022-06-30,mora_60d,total,3.614768
2022-06-30,mora_90d,total,3.180566
2022-06-30,morosidad_contable,total,3.830000
2022-06-30,morosidad_publicada,total,3.826677
2022-07-31,deudores,consumo,3661527.000000
2022-07-31,morosidad_publicada,consumo,2.541505
2022-07-31,deudores,corporativo,821.000000
2022-07-31,morosidad_publicada,corporativo,0.848900
2022-07-31,deudores,grandes_empresas,3634.000000
2022-07-31,morosidad_publicada,grandes_empresas,1.873769
2022-07-31,deudores,hipotecario,246034.000000
2022-07-31,morosidad_publicada,hipotecario,2.812472
2022-07-31,deudores,medianas_empresas,55631.000000
2022-07-31,morosidad_publicada,medianas_empresas,10.579650
2022-07-31,deudores,microempresas,674858.000000
2022-07-31,morosidad_publicada,microempresas,5.618485
2022-07-31,deudores,pequenas_empresas,374642.000000
2022-07-31,morosidad_publicada,pequenas_empresas,8.210622
2022-07-31,deudores,total,4692866.000000
2022-07-31,mora_120d,total,2.741834
2022-07-31,mora_30d,total,4.037167
2022-07-31,mora_60d,total,3.435575
2022-07-31,mora_90d,total,3.028635
2022-07-31,morosidad_contable,total,3.830000
2022-07-31,morosidad_publicada,total,3.828331
2022-08-31,deudores,consumo,3679811.000000
2022-08-31,morosidad_publicada,consumo,2.659978
2022-08-31,deudores,corporativo,809.000000
2022-08-31,morosidad_publicada,corporativo,0.895442
2022-08-31,deudores,grandes_empresas,3569.000000
2022-08-31,morosidad_publicada,grandes_empresas,2.031375
2022-08-31,deudores,hipotecario,246290.000000
2022-08-31,morosidad_publicada,hipotecario,2.727517
2022-08-31,deudores,medianas_empresas,55283.000000
2022-08-31,morosidad_publicada,medianas_empresas,11.040787
2022-08-31,deudores,microempresas,674152.000000
2022-08-31,morosidad_publicada,microempresas,5.593029
2022-08-31,deudores,pequenas_empresas,377404.000000
2022-08-31,morosidad_publicada,pequenas_empresas,8.109727
2022-08-31,deudores,total,4712695.000000
2022-08-31,mora_120d,total,2.777223
2022-08-31,mora_30d,total,4.193942
2022-08-31,mora_60d,total,3.529005
2022-08-31,mora_90d,total,3.068691
2022-08-31,morosidad_contable,total,3.930000
2022-08-31,morosidad_publicada,total,3.932557
2022-09-30,deudores,consumo,3682131.000000
2022-09-30,morosidad_publicada,consumo,2.689097
2022-09-30,deudores,corporativo,840.000000
2022-09-30,morosidad_publicada,corporativo,0.924525
2022-09-30,deudores,grandes_empresas,3565.000000
2022-09-30,morosidad_publicada,grandes_empresas,1.941005
2022-09-30,deudores,hipotecario,246838.000000
2022-09-30,morosidad_publicada,hipotecario,2.663105
2022-09-30,deudores,medianas_empresas,55104.000000
2022-09-30,morosidad_publicada,medianas_empresas,11.213945
2022-09-30,deudores,microempresas,673840.000000
2022-09-30,morosidad_publicada,microempresas,5.783521
2022-09-30,deudores,pequenas_empresas,380644.000000
2022-09-30,morosidad_publicada,pequenas_empresas,8.206342
2022-09-30,deudores,total,4719149.000000
2022-09-30,mora_120d,total,2.826921
2022-09-30,mora_30d,total,4.269400
2022-09-30,mora_60d,total,3.588317
2022-09-30,mora_90d,total,3.147661
2022-09-30,morosidad_contable,total,3.970000
2022-09-30,morosidad_publicada,total,3.967326
2022-10-31,deudores,consumo,3716728.000000
2022-10-31,morosidad_publicada,consumo,2.655700
2022-10-31,deudores,corporativo,811.000000
2022-10-31,morosidad_publicada,corporativo,0.958112
2022-10-31,deudores,grandes_empresas,3569.000000
2022-10-31,morosidad_publicada,grandes_empresas,2.002538
2022-10-31,deudores,hipotecario,247395.000000
2022-10-31,morosidad_publicada,hipotecario,2.631581
2022-10-31,deudores,medianas_empresas,54980.000000
2022-10-31,morosidad_publicada,medianas_empresas,11.448274
2022-10-31,deudores,microempresas,674640.000000
2022-10-31,morosidad_publicada,microempresas,5.997356
2022-10-31,deudores,pequenas_empresas,382771.000000
2022-10-31,morosidad_publicada,pequenas_empresas,8.514380
2022-10-31,deudores,total,4755830.000000
2022-10-31,mora_120d,total,2.885248
2022-10-31,mora_30d,total,4.391872
2022-10-31,mora_60d,total,3.685464
2022-10-31,mora_90d,total,3.217624
2022-10-31,morosidad_contable,total,4.030000
2022-10-31,morosidad_publicada,total,4.031576
2022-11-30,deudores,consumo,3718339.000000
2022-11-30,morosidad_publicada,consumo,2.662265
2022-11-30,deudores,corporativo,809.000000
2022-11-30,morosidad_publicada,corporativo,0.811558
2022-11-30,deudores,grandes_empresas,3576.000000
2022-11-30,morosidad_publicada,grandes_empresas,1.973962
2022-11-30,deudores,hipotecario,247918.000000
2022-11-30,morosidad_publicada,hipotecario,2.597956
2022-11-30,deudores,medianas_empresas,54931.000000
2022-11-30,morosidad_publicada,medianas_empresas,11.762392
2022-11-30,deudores,microempresas,675980.000000
2022-11-30,morosidad_publicada,microempresas,4.930164
2022-11-30,deudores,pequenas_empresas,385260.000000
2022-11-30,morosidad_publicada,pequenas_empresas,8.324619
2022-11-30,deudores,total,4761249.000000
2022-11-30,mora_120d,total,2.867284
2022-11-30,mora_30d,total,4.367290
2022-11-30,mora_60d,total,3.696910
2022-11-30,mora_90d,total,3.192984
2022-11-30,morosidad_contable,total,4.000000
2022-11-30,morosidad_publicada,total,4.004787
2022-12-31,deudores,consumo,3736433.000000
2022-12-31,morosidad_publicada,consumo,2.744195
2022-12-31,deudores,corporativo,818.000000
2022-12-31,morosidad_publicada,corporativo,0.791241
2022-12-31,deudores,grandes_empresas,3584.000000
2022-12-31,morosidad_publicada,grandes_empresas,1.923108
2022-12-31,deudores,hipotecario,248235.000000
2022-12-31,morosidad_publicada,hipotecario,2.593839
2022-12-31,deudores,medianas_empresas,54652.000000
2022-12-31,morosidad_publicada,medianas_empresas,11.510363
2022-12-31,deudores,microempresas,672270.000000
2022-12-31,morosidad_publicada,microempresas,4.888244
2022-12-31,deudores,pequenas_empresas,385305.000000
2022-12-31,morosidad_publicada,pequenas_empresas,8.189243
2022-12-31,deudores,total,4775533.000000
2022-12-31,mora_120d,total,2.933960
2022-12-31,mora_30d,total,4.461520
2022-12-31,mora_60d,total,3.772765
2022-12-31,mora_90d,total,3.300337
2022-12-31,morosidad_contable,total,3.950000
2022-12-31,morosidad_publicada,total,3.946005
2023-01-31,deudores,consumo,3753790.000000
2023-01-31,morosidad_publicada,consumo,2.842623
2023-01-31,deudores,corporativo,823.000000
2023-01-31,morosidad_publicada,corporativo,0.812641
2023-01-31,deudores,grandes_empresas,3566.000000
2023-01-31,morosidad_publicada,grandes_empresas,2.060272
2023-01-31,deudores,hipotecario,248507.000000
2023-01-31,morosidad_publicada,hipotecario,2.620410
2023-01-31,deudores,medianas_empresas,54573.000000
2023-01-31,morosidad_publicada,medianas_empresas,11.694263
2023-01-31,deudores,microempresas,669518.000000
2023-01-31,morosidad_publicada,microempresas,4.365189
2023-01-31,deudores,pequenas_empresas,385582.000000
2023-01-31,morosidad_publicada,pequenas_empresas,8.185774
2023-01-31,deudores,total,4791344.000000
2023-01-31,mora_120d,total,3.027690
2023-01-31,mora_30d,total,4.581855
2023-01-31,mora_60d,total,3.908125
2023-01-31,mora_90d,total,3.382718
2023-01-31,morosidad_contable,total,4.010000
2023-01-31,morosidad_publicada,total,4.012638
2023-02-28,deudores,consumo,3772798.000000
2023-02-28,morosidad_publicada,consumo,2.841037
2023-02-28,deudores,corporativo,821.000000
2023-02-28,morosidad_publicada,corporativo,0.814214
2023-02-28,deudores,grandes_empresas,3600.000000
2023-02-28,morosidad_publicada,grandes_empresas,2.110097
2023-02-28,deudores,hipotecario,248906.000000
2023-02-28,morosidad_publicada,hipotecario,2.629408
2023-02-28,deudores,medianas_empresas,54132.000000
2023-02-28,morosidad_publicada,medianas_empresas,11.828107
2023-02-28,deudores,microempresas,670243.000000
2023-02-28,morosidad_publicada,microempresas,4.188237
2023-02-28,deudores,pequenas_empresas,387045.000000
2023-02-28,morosidad_publicada,pequenas_empresas,7.843543
2023-02-28,deudores,total,4811922.000000
2023-02-28,mora_120d,total,3.027221
2023-02-28,mora_30d,total,4.543703
2023-02-28,mora_60d,total,3.870063
2023-02-28,mora_90d,total,3.390398
2023-02-28,morosidad_contable,total,4.010000
2023-02-28,morosidad_publicada,total,4.014503
2023-03-31,deudores,consumo,3768654.000000
2023-03-31,morosidad_publicada,consumo,2.818951
2023-03-31,deudores,corporativo,836.000000
2023-03-31,morosidad_publicada,corporativo,0.790444
2023-03-31,deudores,grandes_empresas,3621.000000
2023-03-31,morosidad_publicada,grandes_empresas,2.120086
2023-03-31,deudores,hipotecario,249420.000000
2023-03-31,morosidad_publicada,hipotecario,2.572522
2023-03-31,deudores,medianas_empresas,53714.000000
2023-03-31,morosidad_publicada,medianas_empresas,11.749549
2023-03-31,deudores,microempresas,672572.000000
2023-03-31,morosidad_publicada,microempresas,4.738720
2023-03-31,deudores,pequenas_empresas,388170.000000
2023-03-31,morosidad_publicada,pequenas_empresas,7.991073
2023-03-31,deudores,total,4811400.000000
2023-03-31,mora_120d,total,2.984744
2023-03-31,mora_30d,total,4.586071
2023-03-31,mora_60d,total,3.764187
2023-03-31,mora_90d,total,3.316792
2023-03-31,morosidad_contable,total,3.960000
2023-03-31,morosidad_publicada,total,3.957038
2023-04-30,deudores,consumo,3775666.000000
2023-04-30,morosidad_publicada,consumo,2.873537
2023-04-30,deudores,corporativo,829.000000
2023-04-30,morosidad_publicada,corporativo,0.786895
2023-04-30,deudores,grandes_empresas,3665.000000
2023-04-30,morosidad_publicada,grandes_empresas,2.153497
2023-04-30,deudores,hipotecario,249794.000000
2023-04-30,morosidad_publicada,hipotecario,2.568538
2023-04-30,deudores,medianas_empresas,53336.000000
2023-04-30,morosidad_publicada,medianas_empresas,11.953974
2023-04-30,deudores,microempresas,676628.000000
2023-04-30,morosidad_publicada,microempresas,5.297068
2023-04-30,deudores,pequenas_empresas,389751.000000
2023-04-30,morosidad_publicada,pequenas_empresas,8.333521
2023-04-30,deudores,total,4823211.000000
2023-04-30,mora_120d,total,3.001751
2023-04-30,mora_30d,total,4.654069
2023-04-30,mora_60d,total,3.858313
2023-04-30,mora_90d,total,3.339509
2023-04-30,morosidad_contable,total,4.010000
2023-04-30,morosidad_publicada,total,4.012285
2023-05-31,deudores,consumo,3774328.000000
2023-05-31,morosidad_publicada,consumo,3.051503
2023-05-31,deudores,corporativo,820.000000
2023-05-31,morosidad_publicada,corporativo,0.360781
2023-05-31,deudores,grandes_empresas,3718.000000
2023-05-31,morosidad_publicada,grandes_empresas,2.080182
2023-05-31,deudores,hipotecario,250347.000000
2023-05-31,morosidad_publicada,hipotecario,2.673567
2023-05-31,deudores,medianas_empresas,52771.000000
2023-05-31,morosidad_publicada,medianas_empresas,12.435708
2023-05-31,deudores,microempresas,681851.000000
2023-05-31,morosidad_publicada,microempresas,5.647504
2023-05-31,deudores,pequenas_empresas,390150.000000
2023-05-31,morosidad_publicada,pequenas_empresas,8.746693
2023-05-31,deudores,total,4827879.000000
2023-05-31,mora_120d,total,3.013998
2023-05-31,mora_30d,total,4.693841
2023-05-31,mora_60d,total,3.960150
2023-05-31,mora_90d,total,3.421640
2023-05-31,morosidad_contable,total,4.050000
2023-05-31,morosidad_publicada,total,4.045947
2023-06-30,deudores,consumo,3771399.000000
2023-06-30,morosidad_publicada,consumo,3.020873
2023-06-30,deudores,corporativo,824.000000
2023-06-30,morosidad_publicada,corporativo,0.347630
2023-06-30,deudores,grandes_empresas,3798.000000
2023-06-30,morosidad_publicada,grandes_empresas,2.003417
2023-06-30,deudores,hipotecario,250835.000000
2023-06-30,morosidad_publicada,hipotecario,2.658028
2023-06-30,deudores,medianas_empresas,52030.000000
2023-06-30,morosidad_publicada,medianas_empresas,12.719979
2023-06-30,deudores,microempresas,683848.000000
2023-06-30,morosidad_publicada,microempresas,5.746273
2023-06-30,deudores,pequenas_empresas,388776.000000
2023-06-30,morosidad_publicada,pequenas_empresas,9.010440
2023-06-30,deudores,total,4824854.000000
2023-06-30,mora_120d,total,3.082246
2023-06-30,mora_30d,total,4.830712
2023-06-30,mora_60d,total,3.986588
2023-06-30,mora_90d,total,3.464510
2023-06-30,morosidad_contable,total,4.070000
2023-06-30,morosidad_publicada,total,4.066479
2023-07-31,deudores,consumo,3745738.000000
2023-07-31,morosidad_publicada,consumo,3.264351
2023-07-31,deudores,corporativo,858.000000
2023-07-31,morosidad_publicada,corporativo,0.330393
2023-07-31,deudores,grandes_empresas,3985.000000
2023-07-31,morosidad_publicada,grandes_empresas,2.131631
2023-07-31,deudores,hipotecario,251005.000000
2023-07-31,morosidad_publicada,hipotecario,2.665382
2023-07-31,deudores,medianas_empresas,50997.000000
2023-07-31,morosidad_publicada,medianas_empresas,13.569401
2023-07-31,deudores,microempresas,673014.000000
2023-07-31,morosidad_publicada,microempresas,5.824328
2023-07-31,deudores,pequenas_empresas,385188.000000
2023-07-31,morosidad_publicada,pequenas_empresas,9.293880
2023-07-31,deudores,total,4787823.000000
2023-07-31,mora_120d,total,3.157571
2023-07-31,mora_30d,total,5.047653
2023-07-31,mora_60d,total,4.156390
2023-07-31,mora_90d,total,3.567379
2023-07-31,morosidad_contable,total,4.240000
2023-07-31,morosidad_publicada,total,4.237992
2023-08-31,deudores,consumo,3754720.000000
2023-08-31,morosidad_publicada,consumo,3.482364
2023-08-31,deudores,corporativo,853.000000
2023-08-31,morosidad_publicada,corporativo,0.321361
2023-08-31,deudores,grandes_empresas,3941.000000
2023-08-31,morosidad_publicada,grandes_empresas,2.048089
2023-08-31,deudores,hipotecario,251616.000000
2023-08-31,morosidad_publicada,hipotecario,2.737862
2023-08-31,deudores,medianas_empresas,50406.000000
2023-08-31,morosidad_publicada,medianas_empresas,13.901786
2023-08-31,deudores,microempresas,651593.000000
2023-08-31,morosidad_publicada,microempresas,5.715568
2023-08-31,deudores,pequenas_empresas,378245.000000
2023-08-31,morosidad_publicada,pequenas_empresas,9.203775
2023-08-31,deudores,total,4774597.000000
2023-08-31,mora_120d,total,3.190431
2023-08-31,mora_30d,total,5.105229
2023-08-31,mora_60d,total,4.251404
2023-08-31,mora_90d,total,3.618730
2023-08-31,morosidad_contable,total,4.300000
2023-08-31,morosidad_publicada,total,4.295217
2023-09-30,deudores,consumo,3748782.000000
2023-09-30,morosidad_publicada,consumo,3.548585
2023-09-30,deudores,corporativo,869.000000
2023-09-30,morosidad_publicada,corporativo,0.387973
2023-09-30,deudores,grandes_empresas,3937.000000
2023-09-30,morosidad_publicada,grandes_empresas,2.043740
2023-09-30,deudores,hipotecario,252366.000000
2023-09-30,morosidad_publicada,hipotecario,2.748986
2023-09-30,deudores,medianas_empresas,49929.000000
2023-09-30,morosidad_publicada,medianas_empresas,13.677569
2023-09-30,deudores,microempresas,632276.000000
2023-09-30,morosidad_publicada,microempresas,5.634672
2023-09-30,deudores,pequenas_empresas,372855.000000
2023-09-30,morosidad_publicada,pequenas_empresas,9.203286
2023-09-30,deudores,total,4748317.000000
2023-09-30,mora_120d,total,3.195034
2023-09-30,mora_30d,total,5.091929
2023-09-30,mora_60d,total,4.217193
2023-09-30,mora_90d,total,3.655262
2023-09-30,morosidad_contable,total,4.290000
2023-09-30,morosidad_publicada,total,4.286241
2023-10-31,deudores,consumo,3742724.000000
2023-10-31,morosidad_publicada,consumo,3.764025
2023-10-31,deudores,corporativo,886.000000
2023-10-31,morosidad_publicada,corporativo,0.341503
2023-10-31,deudores,grandes_empresas,3944.000000
2023-10-31,morosidad_publicada,grandes_empresas,2.000017
2023-10-31,deudores,hipotecario,253468.000000
2023-10-31,morosidad_publicada,hipotecario,2.826297
2023-10-31,deudores,medianas_empresas,49611.000000
2023-10-31,morosidad_publicada,medianas_empresas,13.930138
2023-10-31,deudores,microempresas,615255.000000
2023-10-31,morosidad_publicada,microempresas,5.178793
2023-10-31,deudores,pequenas_empresas,369570.000000
2023-10-31,morosidad_publicada,pequenas_empresas,9.571859
2023-10-31,deudores,total,4725148.000000
2023-10-31,mora_120d,total,3.313758
2023-10-31,mora_30d,total,5.229082
2023-10-31,mora_60d,total,4.361803
2023-10-31,mora_90d,total,3.744817
2023-10-31,morosidad_contable,total,4.380000
2023-10-31,morosidad_publicada,total,4.384170
2023-11-30,deudores,consumo,3710754.000000
2023-11-30,morosidad_publicada,consumo,3.846745
2023-11-30,deudores,corporativo,885.000000
2023-11-30,morosidad_publicada,corporativo,0.319581
2023-11-30,deudores,grandes_empresas,3943.000000
2023-11-30,morosidad_publicada,grandes_empresas,1.900645
2023-11-30,deudores,hipotecario,254288.000000
2023-11-30,morosidad_publicada,hipotecario,2.787523
2023-11-30,deudores,medianas_empresas,49239.000000
2023-11-30,morosidad_publicada,medianas_empresas,14.037357
2023-11-30,deudores,microempresas,599815.000000
2023-11-30,morosidad_publicada,microempresas,4.839585
2023-11-30,deudores,pequenas_empresas,367705.000000
2023-11-30,morosidad_publicada,pequenas_empresas,9.643617
2023-11-30,deudores,total,4679362.000000
2023-11-30,mora_120d,total,3.292011
2023-11-30,mora_30d,total,5.277031
2023-11-30,mora_60d,total,4.364372
2023-11-30,mora_90d,total,3.728062
2023-11-30,morosidad_contable,total,4.380000
2023-11-30,morosidad_publicada,total,4.384107
2023-12-31,deudores,consumo,3683085.000000
2023-12-31,morosidad_publicada,consumo,3.962818
2023-12-31,deudores,corporativo,900.000000
2023-12-31,morosidad_publicada,corporativo,0.317608
2023-12-31,deudores,grandes_empresas,3952.000000
2023-12-31,morosidad_publicada,grandes_empresas,1.915376
2023-12-31,deudores,hipotecario,254669.000000
2023-12-31,morosidad_publicada,hipotecario,2.708548
2023-12-31,deudores,medianas_empresas,48814.000000
2023-12-31,morosidad_publicada,medianas_empresas,13.443957
2023-12-31,deudores,microempresas,589031.000000
2023-12-31,morosidad_publicada,microempresas,4.329938
2023-12-31,deudores,pequenas_empresas,365288.000000
2023-12-31,morosidad_publicada,pequenas_empresas,9.708840
2023-12-31,deudores,total,4641515.000000
2023-12-31,mora_120d,total,3.222653
2023-12-31,mora_30d,total,5.112587
2023-12-31,mora_60d,total,4.292163
2023-12-31,mora_90d,total,3.698573
2023-12-31,morosidad_contable,total,4.310000
2023-12-31,morosidad_publicada,total,4.314941
2024-01-31,deudores,consumo,3677202.000000
2024-01-31,morosidad_publicada,consumo,4.092183
2024-01-31,deudores,corporativo,879.000000
2024-01-31,morosidad_publicada,corporativo,0.395847
2024-01-31,deudores,grandes_empresas,3940.000000
2024-01-31,morosidad_publicada,grandes_empresas,2.091970
2024-01-31,deudores,hipotecario,255011.000000
2024-01-31,morosidad_publicada,hipotecario,2.758367
2024-01-31,deudores,medianas_empresas,48727.000000
2024-01-31,morosidad_publicada,medianas_empresas,13.529345
2024-01-31,deudores,microempresas,580065.000000
2024-01-31,morosidad_publicada,microempresas,4.095355
2024-01-31,deudores,pequenas_empresas,362655.000000
2024-01-31,morosidad_publicada,pequenas_empresas,9.779370
2024-01-31,deudores,total,4627163.000000
2024-01-31,mora_120d,total,3.391338
2024-01-31,mora_30d,total,5.257849
2024-01-31,mora_60d,total,4.429584
2024-01-31,mora_90d,total,3.800845
2024-01-31,morosidad_contable,total,4.420000
2024-01-31,morosidad_publicada,total,4.424558
2024-02-29,deudores,consumo,3687553.000000
2024-02-29,morosidad_publicada,consumo,3.994674
2024-02-29,deudores,corporativo,889.000000
2024-02-29,morosidad_publicada,corporativo,0.354697
2024-02-29,deudores,grandes_empresas,3963.000000
2024-02-29,morosidad_publicada,grandes_empresas,2.202374
2024-02-29,deudores,hipotecario,255623.000000
2024-02-29,morosidad_publicada,hipotecario,2.798621
2024-02-29,deudores,medianas_empresas,48461.000000
2024-02-29,morosidad_publicada,medianas_empresas,13.703869
2024-02-29,deudores,microempresas,573872.000000
2024-02-29,morosidad_publicada,microempresas,4.006441
2024-02-29,deudores,pequenas_empresas,360554.000000
2024-02-29,morosidad_publicada,pequenas_empresas,9.790028
2024-02-29,deudores,total,4630260.000000
2024-02-29,mora_120d,total,3.381451
2024-02-29,mora_30d,total,5.340820
2024-02-29,mora_60d,total,4.440312
2024-02-29,mora_90d,total,3.845016
2024-02-29,morosidad_contable,total,4.430000
2024-02-29,morosidad_publicada,total,4.433076
2024-03-31,deudores,consumo,3729374.000000
2024-03-31,morosidad_publicada,consumo,4.034791
2024-03-31,deudores,corporativo,888.000000
2024-03-31,morosidad_publicada,corporativo,0.456565
2024-03-31,deudores,grandes_empresas,3978.000000
2024-03-31,morosidad_publicada,grandes_empresas,2.252602
2024-03-31,deudores,hipotecario,256039.000000
2024-03-31,morosidad_publicada,hipotecario,2.842266
2024-03-31,deudores,medianas_empresas,48434.000000
2024-03-31,morosidad_publicada,medianas_empresas,13.785126
2024-03-31,deudores,microempresas,578936.000000
2024-03-31,morosidad_publicada,microempresas,4.037543
2024-03-31,deudores,pequenas_empresas,360066.000000
2024-03-31,morosidad_publicada,pequenas_empresas,9.947226
2024-03-31,deudores,total,4674154.000000
2024-03-31,mora_120d,total,3.338582
2024-03-31,mora_30d,total,5.328136
2024-03-31,mora_60d,total,4.404980
2024-03-31,mora_90d,total,3.775797
2024-03-31,morosidad_contable,total,4.470000
2024-03-31,morosidad_publicada,total,4.468388
2024-04-30,deudores,consumo,3750297.000000
2024-04-30,morosidad_publicada,consumo,4.154766
2024-04-30,deudores,corporativo,897.000000
2024-04-30,morosidad_publicada,corporativo,0.517249
2024-04-30,deudores,grandes_empresas,3991.000000
2024-04-30,morosidad_publicada,grandes_empresas,2.256957
2024-04-30,deudores,hipotecario,256550.000000
2024-04-30,morosidad_publicada,hipotecario,2.917560
2024-04-30,deudores,medianas_empresas,48063.000000
2024-04-30,morosidad_publicada,medianas_empresas,13.619859
2024-04-30,deudores,microempresas,575551.000000
2024-04-30,morosidad_publicada,microempresas,4.041267
2024-04-30,deudores,pequenas_empresas,357901.000000
2024-04-30,morosidad_publicada,pequenas_empresas,9.950577
2024-04-30,deudores,total,4688048.000000
2024-04-30,mora_120d,total,3.289888
2024-04-30,mora_30d,total,5.332693
2024-04-30,mora_60d,total,4.460756
2024-04-30,mora_90d,total,3.788964
2024-04-30,morosidad_contable,total,4.460000
2024-04-30,morosidad_publicada,total,4.462023
2024-05-31,deudores,consumo,3724892.000000
2024-05-31,morosidad_publicada,consumo,4.233216
2024-05-31,deudores,corporativo,911.000000
2024-05-31,morosidad_publicada,corporativo,0.548955
2024-05-31,deudores,grandes_empresas,4088.000000
2024-05-31,morosidad_publicada,grandes_empresas,2.222669
2024-05-31,deudores,hipotecario,257066.000000
2024-05-31,morosidad_publicada,hipotecario,2.945168
2024-05-31,deudores,medianas_empresas,47697.000000
2024-05-31,morosidad_publicada,medianas_empresas,13.559284
2024-05-31,deudores,microempresas,580994.000000
2024-05-31,morosidad_publicada,microempresas,4.386968
2024-05-31,deudores,pequenas_empresas,358596.000000
2024-05-31,morosidad_publicada,pequenas_empresas,10.271361
2024-05-31,deudores,total,4670906.000000
2024-05-31,mora_120d,total,3.341787
2024-05-31,mora_30d,total,5.353940
2024-05-31,mora_60d,total,4.393733
2024-05-31,mora_90d,total,3.841655
2024-05-31,morosidad_contable,total,4.490000
2024-05-31,morosidad_publicada,total,4.492448
2024-06-30,deudores,consumo,3827276.000000
2024-06-30,morosidad_publicada,consumo,4.124558
2024-06-30,deudores,corporativo,925.000000
2024-06-30,morosidad_publicada,corporativo,0.573922
2024-06-30,deudores,grandes_empresas,4101.000000
2024-06-30,morosidad_publicada,grandes_empresas,2.286005
2024-06-30,deudores,hipotecario,257759.000000
2024-06-30,morosidad_publicada,hipotecario,2.897957
2024-06-30,deudores,medianas_empresas,47290.000000
2024-06-30,morosidad_publicada,medianas_empresas,13.110724
2024-06-30,deudores,microempresas,583649.000000
2024-06-30,morosidad_publicada,microempresas,4.403154
2024-06-30,deudores,pequenas_empresas,356992.000000
2024-06-30,morosidad_publicada,pequenas_empresas,10.433179
2024-06-30,deudores,total,4768946.000000
2024-06-30,mora_120d,total,3.344817
2024-06-30,mora_30d,total,5.202097
2024-06-30,mora_60d,total,4.362783
2024-06-30,mora_90d,total,3.802092
2024-06-30,morosidad_contable,total,4.420000
2024-06-30,morosidad_publicada,total,4.421989
2024-07-31,deudores,consumo,3836775.000000
2024-07-31,morosidad_publicada,consumo,4.043454
2024-07-31,deudores,corporativo,896.000000
2024-07-31,morosidad_publicada,corporativo,0.320326
2024-07-31,deudores,grandes_empresas,4211.000000
2024-07-31,morosidad_publicada,grandes_empresas,2.439628
2024-07-31,deudores,hipotecario,258211.000000
2024-07-31,morosidad_publicada,hipotecario,2.914699
2024-07-31,deudores,medianas_empresas,46853.000000
2024-07-31,morosidad_publicada,medianas_empresas,13.810922
2024-07-31,deudores,microempresas,579189.000000
2024-07-31,morosidad_publicada,microempresas,4.246118
2024-07-31,deudores,pequenas_empresas,352258.000000
2024-07-31,morosidad_publicada,pequenas_empresas,10.357732
2024-07-31,deudores,total,4770800.000000
2024-07-31,mora_120d,total,3.376219
2024-07-31,mora_30d,total,5.099765
2024-07-31,mora_60d,total,4.355487
2024-07-31,mora_90d,total,3.828989
2024-07-31,morosidad_contable,total,4.430000
2024-07-31,morosidad_publicada,total,4.433980
2024-08-31,deudores,consumo,3866647.000000
2024-08-31,morosidad_publicada,consumo,3.778101
2024-08-31,deudores,corporativo,897.000000
2024-08-31,morosidad_publicada,corporativo,0.265485
2024-08-31,deudores,grandes_empresas,4189.000000
2024-08-31,morosidad_publicada,grandes_empresas,2.021614
2024-08-31,deudores,hipotecario,258605.000000
2024-08-31,morosidad_publicada,hipotecario,2.865287
2024-08-31,deudores,medianas_empresas,46555.000000
2024-08-31,morosidad_publicada,medianas_empresas,13.454249
2024-08-31,deudores,microempresas,582737.000000
2024-08-31,morosidad_publicada,microempresas,3.986003
2024-08-31,deudores,pequenas_empresas,348932.000000
2024-08-31,morosidad_publicada,pequenas_empresas,10.024322
2024-08-31,deudores,total,4799240.000000
2024-08-31,mora_120d,total,3.326276
2024-08-31,mora_30d,total,4.879705
2024-08-31,mora_60d,total,4.143547
2024-08-31,mora_90d,total,3.703996
2024-08-31,morosidad_contable,total,4.220000
2024-08-31,morosidad_publicada,total,4.219190
2024-09-30,deudores,consumo,3856126.000000
2024-09-30,morosidad_publicada,consumo,3.611782
2024-09-30,deudores,corporativo,912.000000
2024-09-30,morosidad_publicada,corporativo,0.309289
2024-09-30,deudores,grandes_empresas,4189.000000
2024-09-30,morosidad_publicada,grandes_empresas,2.023070
2024-09-30,deudores,hipotecario,259502.000000
2024-09-30,morosidad_publicada,hipotecario,2.860683
2024-09-30,deudores,medianas_empresas,46384.000000
2024-09-30,morosidad_publicada,medianas_empresas,13.369148
2024-09-30,deudores,microempresas,580964.000000
2024-09-30,morosidad_publicada,microempresas,3.581400
2024-09-30,deudores,pequenas_empresas,345889.000000
2024-09-30,morosidad_publicada,pequenas_empresas,9.822000
2024-09-30,deudores,total,4785002.000000
2024-09-30,mora_120d,total,3.208721
2024-09-30,mora_30d,total,4.712523
2024-09-30,mora_60d,total,4.044098
2024-09-30,mora_90d,total,3.569650
2024-09-30,morosidad_contable,total,4.170000
2024-09-30,morosidad_publicada,total,4.155640
2024-10-31,deudores,consumo,3958348.000000
2024-10-31,morosidad_publicada,consumo,3.529583
2024-10-31,deudores,corporativo,1904.000000
2024-10-31,morosidad_publicada,corporativo,0.283985
2024-10-31,deudores,grandes_empresas,5136.000000
2024-10-31,morosidad_publicada,grandes_empresas,2.755782
2024-10-31,deudores,hipotecario,260448.000000
2024-10-31,morosidad_publicada,hipotecario,2.866668
2024-10-31,deudores,medianas_empresas,14861.000000
2024-10-31,morosidad_publicada,medianas_empresas,16.638180
2024-10-31,deudores,microempresas,587330.000000
2024-10-31,morosidad_publicada,microempresas,3.638573
2024-10-31,deudores,pequenas_empresas,382158.000000
2024-10-31,morosidad_publicada,pequenas_empresas,11.699371
2024-10-31,deudores,total,4883237.000000
2024-10-31,mora_120d,total,3.227787
2024-10-31,mora_30d,total,4.718784
2024-10-31,mora_60d,total,3.960070
2024-10-31,mora_90d,total,3.579404
2024-10-31,morosidad_contable,total,4.070000
2024-10-31,morosidad_publicada,total,4.070501
2024-11-30,deudores,consumo,4056393.000000
2024-11-30,morosidad_publicada,consumo,3.195885
2024-11-30,deudores,corporativo,1823.000000
2024-11-30,morosidad_publicada,corporativo,0.265601
2024-11-30,deudores,grandes_empresas,4808.000000
2024-11-30,morosidad_publicada,grandes_empresas,2.401814
2024-11-30,deudores,hipotecario,261132.000000
2024-11-30,morosidad_publicada,hipotecario,2.837648
2024-11-30,deudores,medianas_empresas,14917.000000
2024-11-30,morosidad_publicada,medianas_empresas,15.131235
2024-11-30,deudores,microempresas,580140.000000
2024-11-30,morosidad_publicada,microempresas,3.739073
2024-11-30,deudores,pequenas_empresas,388275.000000
2024-11-30,morosidad_publicada,pequenas_empresas,11.967310
2024-11-30,deudores,total,4976289.000000
2024-11-30,mora_120d,total,3.137335
2024-11-30,mora_30d,total,4.534375
2024-11-30,mora_60d,total,3.853698
2024-11-30,mora_90d,total,3.423259
2024-11-30,morosidad_contable,total,3.920000
2024-11-30,morosidad_publicada,total,3.916354
2024-12-31,deudores,consumo,4094849.000000
2024-12-31,morosidad_publicada,consumo,3.224692
2024-12-31,deudores,corporativo,1791.000000
2024-12-31,morosidad_publicada,corporativo,0.243128
2024-12-31,deudores,grandes_empresas,4813.000000
2024-12-31,morosidad_publicada,grandes_empresas,2.197352
2024-12-31,deudores,hipotecario,261603.000000
2024-12-31,morosidad_publicada,hipotecario,2.771958
2024-12-31,deudores,medianas_empresas,14888.000000
2024-12-31,morosidad_publicada,medianas_empresas,13.460163
2024-12-31,deudores,microempresas,579186.000000
2024-12-31,morosidad_publicada,microempresas,3.301372
2024-12-31,deudores,pequenas_empresas,385355.000000
2024-12-31,morosidad_publicada,pequenas_empresas,11.680209
2024-12-31,deudores,total,5008814.000000
2024-12-31,mora_120d,total,2.948409
2024-12-31,mora_30d,total,4.333122
2024-12-31,mora_60d,total,3.694393
2024-12-31,mora_90d,total,3.293778
2024-12-31,morosidad_contable,total,3.750000
2024-12-31,morosidad_publicada,total,3.747728
2025-01-31,deudores,consumo,4249556.000000
2025-01-31,morosidad_publicada,consumo,3.180477
2025-01-31,deudores,corporativo,1833.000000
2025-01-31,morosidad_publicada,corporativo,0.185571
2025-01-31,deudores,grandes_empresas,4834.000000
2025-01-31,morosidad_publicada,grandes_empresas,2.223847
2025-01-31,deudores,hipotecario,262156.000000
2025-01-31,morosidad_publicada,hipotecario,2.749533
2025-01-31,deudores,medianas_empresas,14523.000000
2025-01-31,morosidad_publicada,medianas_empresas,13.882724
2025-01-31,deudores,microempresas,1371008.000000
2025-01-31,morosidad_publicada,microempresas,3.641310
2025-01-31,deudores,pequenas_empresas,446781.000000
2025-01-31,morosidad_publicada,pequenas_empresas,11.472709
2025-01-31,deudores,total,5822350.000000
2025-01-31,mora_120d,total,3.003231
2025-01-31,mora_30d,total,4.413369
2025-01-31,mora_60d,total,3.701406
2025-01-31,mora_90d,total,3.286739
2025-01-31,morosidad_contable,total,3.760000
2025-01-31,morosidad_publicada,total,3.757211
2025-02-28,deudores,consumo,4343705.000000
2025-02-28,morosidad_publicada,consumo,3.089561
2025-02-28,deudores,corporativo,1867.000000
2025-02-28,morosidad_publicada,corporativo,0.118632
2025-02-28,deudores,grandes_empresas,4827.000000
2025-02-28,morosidad_publicada,grandes_empresas,2.515051
2025-02-28,deudores,hipotecario,263143.000000
2025-02-28,morosidad_publicada,hipotecario,2.724205
2025-02-28,deudores,medianas_empresas,14407.000000
2025-02-28,morosidad_publicada,medianas_empresas,13.529989
2025-02-28,deudores,microempresas,1385750.000000
2025-02-28,morosidad_publicada,microempresas,3.524073
2025-02-28,deudores,pequenas_empresas,446275.000000
2025-02-28,morosidad_publicada,pequenas_empresas,11.137235
2025-02-28,deudores,total,5913483.000000
2025-02-28,mora_120d,total,2.921339
2025-02-28,mora_30d,total,4.282825
2025-02-28,mora_60d,total,3.626750
2025-02-28,mora_90d,total,3.227175
2025-02-28,morosidad_contable,total,3.670000
2025-02-28,morosidad_publicada,total,3.670345
2025-03-31,deudores,consumo,4480002.000000
2025-03-31,morosidad_publicada,consumo,3.156468
2025-03-31,deudores,corporativo,1849.000000
2025-03-31,morosidad_publicada,corporativo,0.143137
2025-03-31,deudores,grandes_empresas,4852.000000
2025-03-31,morosidad_publicada,grandes_empresas,2.221679
2025-03-31,deudores,hipotecario,263857.000000
2025-03-31,morosidad_publicada,hipotecario,2.808371
2025-03-31,deudores,medianas_empresas,13201.000000
2025-03-31,morosidad_publicada,medianas_empresas,13.957277
2025-03-31,deudores,microempresas,1408570.000000
2025-03-31,morosidad_publicada,microempresas,3.632193
2025-03-31,deudores,pequenas_empresas,449179.000000
2025-03-31,morosidad_publicada,pequenas_empresas,11.329258
2025-03-31,deudores,total,6053095.000000
2025-03-31,mora_120d,total,2.911595
2025-03-31,mora_30d,total,4.390621
2025-03-31,mora_60d,total,3.629695
2025-03-31,mora_90d,total,3.226754
2025-03-31,morosidad_contable,total,3.710000
2025-03-31,morosidad_publicada,total,3.714703
2025-04-30,deudores,consumo,4544687.000000
2025-04-30,morosidad_publicada,consumo,3.143322
2025-04-30,deudores,corporativo,1857.000000
2025-04-30,morosidad_publicada,corporativo,0.130452
2025-04-30,deudores,grandes_empresas,4927.000000
2025-04-30,morosidad_publicada,grandes_empresas,2.290505
2025-04-30,deudores,hipotecario,264617.000000
2025-04-30,morosidad_publicada,hipotecario,2.728787
2025-04-30,deudores,medianas_empresas,13437.000000
2025-04-30,morosidad_publicada,medianas_empresas,13.979574
2025-04-30,deudores,microempresas,1423959.000000
2025-04-30,morosidad_publicada,microempresas,3.713347
2025-04-30,deudores,pequenas_empresas,450847.000000
2025-04-30,morosidad_publicada,pequenas_empresas,11.130899
2025-04-30,deudores,total,6125539.000000
2025-04-30,mora_120d,total,2.880538
2025-04-30,mora_30d,total,4.293569
2025-04-30,mora_60d,total,3.656203
2025-04-30,mora_90d,total,3.182895
2025-04-30,morosidad_contable,total,3.650000
2025-04-30,morosidad_publicada,total,3.645305
2025-05-31,deudores,consumo,4775702.000000
2025-05-31,morosidad_publicada,consumo,3.222906
2025-05-31,deudores,corporativo,1862.000000
2025-05-31,morosidad_publicada,corporativo,0.116133
2025-05-31,deudores,grandes_empresas,4989.000000
2025-05-31,morosidad_publicada,grandes_empresas,2.087647
2025-05-31,deudores,hipotecario,265777.000000
2025-05-31,morosidad_publicada,hipotecario,2.794656
2025-05-31,deudores,medianas_empresas,13694.000000
2025-05-31,morosidad_publicada,medianas_empresas,13.495653
2025-05-31,deudores,microempresas,1437117.000000
2025-05-31,morosidad_publicada,microempresas,3.810646
2025-05-31,deudores,pequenas_empresas,453495.000000
2025-05-31,morosidad_publicada,pequenas_empresas,11.088294
2025-05-31,deudores,total,6325318.000000
2025-05-31,mora_120d,total,2.830428
2025-05-31,mora_30d,total,4.212552
2025-05-31,mora_60d,total,3.578338
2025-05-31,mora_90d,total,3.174181
2025-05-31,morosidad_contable,total,3.600000
2025-05-31,morosidad_publicada,total,3.604774
2025-06-30,deudores,consumo,4859903.000000
2025-06-30,morosidad_publicada,consumo,3.177835
2025-06-30,deudores,corporativo,1873.000000
2025-06-30,morosidad_publicada,corporativo,0.087057
2025-06-30,deudores,grandes_empresas,4961.000000
2025-06-30,morosidad_publicada,grandes_empresas,2.084183
2025-06-30,deudores,hipotecario,266769.000000
2025-06-30,morosidad_publicada,hipotecario,2.756467
2025-06-30,deudores,medianas_empresas,13105.000000
2025-06-30,morosidad_publicada,medianas_empresas,12.131665
2025-06-30,deudores,microempresas,1446556.000000
2025-06-30,morosidad_publicada,microempresas,3.927248
2025-06-30,deudores,pequenas_empresas,456114.000000
2025-06-30,morosidad_publicada,pequenas_empresas,10.963884
2025-06-30,deudores,total,6412302.000000
2025-06-30,mora_120d,total,2.775927
2025-06-30,mora_30d,total,4.154791
2025-06-30,mora_60d,total,3.510042
2025-06-30,mora_90d,total,3.089043
2025-06-30,morosidad_contable,total,3.500000
2025-06-30,morosidad_publicada,total,3.503920
2025-07-31,deudores,consumo,4911258.000000
2025-07-31,morosidad_publicada,consumo,3.169480
2025-07-31,deudores,corporativo,1931.000000
2025-07-31,morosidad_publicada,corporativo,0.100327
2025-07-31,deudores,grandes_empresas,4870.000000
2025-07-31,morosidad_publicada,grandes_empresas,2.237473
2025-07-31,deudores,hipotecario,267410.000000
2025-07-31,morosidad_publicada,hipotecario,2.749220
2025-07-31,deudores,medianas_empresas,12951.000000
2025-07-31,morosidad_publicada,medianas_empresas,12.718132
2025-07-31,deudores,microempresas,1447490.000000
2025-07-31,morosidad_publicada,microempresas,3.933182
2025-07-31,deudores,pequenas_empresas,457455.000000
2025-07-31,morosidad_publicada,pequenas_empresas,10.814918
2025-07-31,deudores,total,6454809.000000
2025-07-31,mora_120d,total,2.779287
2025-07-31,mora_30d,total,4.095865
2025-07-31,mora_60d,total,3.464545
2025-07-31,mora_90d,total,3.082616
2025-07-31,morosidad_contable,total,3.520000
2025-07-31,morosidad_publicada,total,3.521498
2025-08-31,deudores,consumo,4939669.000000
2025-08-31,morosidad_publicada,consumo,3.056026
2025-08-31,deudores,corporativo,1870.000000
2025-08-31,morosidad_publicada,corporativo,0.087720
2025-08-31,deudores,grandes_empresas,4813.000000
2025-08-31,morosidad_publicada,grandes_empresas,2.221564
2025-08-31,deudores,hipotecario,268513.000000
2025-08-31,morosidad_publicada,hipotecario,2.746206
2025-08-31,deudores,medianas_empresas,13148.000000
2025-08-31,morosidad_publicada,medianas_empresas,12.296453
2025-08-31,deudores,microempresas,1487864.000000
2025-08-31,morosidad_publicada,microempresas,4.916083
2025-08-31,deudores,pequenas_empresas,427520.000000
2025-08-31,morosidad_publicada,pequenas_empresas,10.493511
2025-08-31,deudores,total,6481218.000000
2025-08-31,mora_120d,total,2.744303
2025-08-31,mora_30d,total,4.039259
2025-08-31,mora_60d,total,3.397755
2025-08-31,mora_90d,total,3.042051
2025-08-31,morosidad_contable,total,3.460000
2025-08-31,morosidad_publicada,total,3.462515
2025-09-30,deudores,consumo,4979029.000000
2025-09-30,morosidad_publicada,consumo,2.991430
2025-09-30,deudores,corporativo,1865.000000
2025-09-30,morosidad_publicada,corporativo,0.098817
2025-09-30,deudores,grandes_empresas,4766.000000
2025-09-30,morosidad_publicada,grandes_empresas,2.229068
2025-09-30,deudores,hipotecario,269591.000000
2025-09-30,morosidad_publicada,hipotecario,2.710037
2025-09-30,deudores,medianas_empresas,13162.000000
2025-09-30,morosidad_publicada,medianas_empresas,11.690786
2025-09-30,deudores,microempresas,1480335.000000
2025-09-30,morosidad_publicada,microempresas,4.568819
2025-09-30,deudores,pequenas_empresas,431357.000000
2025-09-30,morosidad_publicada,pequenas_empresas,10.360216
2025-09-30,deudores,total,6510249.000000
2025-09-30,mora_120d,total,2.711636
2025-09-30,mora_30d,total,4.009933
2025-09-30,mora_60d,total,3.393380
2025-09-30,mora_90d,total,3.016166
2025-09-30,morosidad_contable,total,3.410000
2025-09-30,morosidad_publicada,total,3.409128
2025-10-31,deudores,consumo,5168572.000000
2025-10-31,morosidad_publicada,consumo,2.929231
2025-10-31,deudores,corporativo,1873.000000
2025-10-31,morosidad_publicada,corporativo,0.097100
2025-10-31,deudores,grandes_empresas,4784.000000
2025-10-31,morosidad_publicada,grandes_empresas,2.240541
2025-10-31,deudores,hipotecario,270744.000000
2025-10-31,morosidad_publicada,hipotecario,2.729222
2025-10-31,deudores,medianas_empresas,13145.000000
2025-10-31,morosidad_publicada,medianas_empresas,11.761187
2025-10-31,deudores,microempresas,1373432.000000
2025-10-31,morosidad_publicada,microempresas,4.386093
2025-10-31,deudores,pequenas_empresas,524288.000000
2025-10-31,morosidad_publicada,pequenas_empresas,10.006225
2025-10-31,deudores,total,6671901.000000
2025-10-31,mora_120d,total,2.734398
2025-10-31,mora_30d,total,4.005064
2025-10-31,mora_60d,total,3.368461
2025-10-31,mora_90d,total,3.017166
2025-10-31,morosidad_contable,total,3.390000
2025-10-31,morosidad_publicada,total,3.390157
2025-11-30,deudores,consumo,5301910.000000
2025-11-30,morosidad_publicada,consumo,2.827981
2025-11-30,deudores,corporativo,1894.000000
2025-11-30,morosidad_publicada,corporativo,0.096376
2025-11-30,deudores,grandes_empresas,4775.000000
2025-11-30,morosidad_publicada,grandes_empresas,2.148550
2025-11-30,deudores,hipotecario,271803.000000
2025-11-30,morosidad_publicada,hipotecario,2.672049
2025-11-30,deudores,medianas_empresas,13320.000000
2025-11-30,morosidad_publicada,medianas_empresas,11.222018
2025-11-30,deudores,microempresas,1387412.000000
2025-11-30,morosidad_publicada,microempresas,4.023695
2025-11-30,deudores,pequenas_empresas,517598.000000
2025-11-30,morosidad_publicada,pequenas_empresas,9.508603
2025-11-30,deudores,total,6786771.000000
2025-11-30,mora_120d,total,2.635782
2025-11-30,mora_30d,total,3.814939
2025-11-30,mora_60d,total,3.243418
2025-11-30,mora_90d,total,2.898810
2025-11-30,morosidad_contable,total,3.260000
2025-11-30,morosidad_publicada,total,3.258002
2025-12-31,deudores,consumo,5414939.000000
2025-12-31,morosidad_publicada,consumo,2.928442
2025-12-31,deudores,corporativo,1872.000000
2025-12-31,morosidad_publicada,corporativo,0.084006
2025-12-31,deudores,grandes_empresas,4703.000000
2025-12-31,morosidad_publicada,grandes_empresas,2.282510
2025-12-31,deudores,hipotecario,272662.000000
2025-12-31,morosidad_publicada,hipotecario,2.638530
2025-12-31,deudores,medianas_empresas,13080.000000
2025-12-31,morosidad_publicada,medianas_empresas,10.771172
2025-12-31,deudores,microempresas,1390430.000000
2025-12-31,morosidad_publicada,microempresas,3.892758
2025-12-31,deudores,pequenas_empresas,521199.000000
2025-12-31,morosidad_publicada,pequenas_empresas,9.417351
2025-12-31,deudores,total,6888618.000000
2025-12-31,mora_120d,total,2.620920
2025-12-31,mora_30d,total,3.753300
2025-12-31,mora_60d,total,3.220276
2025-12-31,mora_90d,total,2.889046
2025-12-31,morosidad_contable,total,3.260000
2025-12-31,morosidad_publicada,total,3.261729
2026-01-31,deudores,consumo,5584821.000000
2026-01-31,morosidad_publicada,consumo,2.707024
2026-01-31,deudores,corporativo,1872.000000
2026-01-31,morosidad_publicada,corporativo,0.095089
2026-01-31,deudores,grandes_empresas,4694.000000
2026-01-31,morosidad_publicada,grandes_empresas,2.414851
2026-01-31,deudores,hipotecario,273481.000000
2026-01-31,morosidad_publicada,hipotecario,2.597765
2026-01-31,deudores,medianas_empresas,13053.000000
2026-01-31,morosidad_publicada,medianas_empresas,10.764494
2026-01-31,deudores,microempresas,1378157.000000
2026-01-31,morosidad_publicada,microempresas,3.935504
2026-01-31,deudores,pequenas_empresas,539363.000000
2026-01-31,morosidad_publicada,pequenas_empresas,9.155418
2026-01-31,deudores,total,7038702.000000
2026-01-31,mora_120d,total,2.572292
2026-01-31,mora_30d,total,3.722320
2026-01-31,mora_60d,total,3.145127
2026-01-31,mora_90d,total,2.813018
2026-01-31,morosidad_contable,total,3.200000
2026-01-31,morosidad_publicada,total,3.195651
2026-02-28,deudores,consumo,5697957.000000
2026-02-28,morosidad_publicada,consumo,2.577768
2026-02-28,deudores,corporativo,1848.000000
2026-02-28,morosidad_publicada,corporativo,0.083081
2026-02-28,deudores,grandes_empresas,4684.000000
2026-02-28,morosidad_publicada,grandes_empresas,2.487659
2026-02-28,deudores,hipotecario,274288.000000
2026-02-28,morosidad_publicada,hipotecario,2.496599
2026-02-28,deudores,medianas_empresas,13149.000000
2026-02-28,morosidad_publicada,medianas_empresas,10.613985
2026-02-28,deudores,microempresas,1377682.000000
2026-02-28,morosidad_publicada,microempresas,4.004800
2026-02-28,deudores,pequenas_empresas,544786.000000
2026-02-28,morosidad_publicada,pequenas_empresas,8.864916
2026-02-28,deudores,total,7141394.000000
2026-02-28,mora_120d,total,2.491148
2026-02-28,mora_30d,total,3.582263
2026-02-28,mora_60d,total,3.054030
2026-02-28,mora_90d,total,2.746273
2026-02-28,morosidad_contable,total,3.110000
2026-02-28,morosidad_publicada,total,3.108819
2026-03-31,deudores,consumo,5897156.000000
2026-03-31,morosidad_publicada,consumo,2.454628
2026-03-31,deudores,corporativo,1855.000000
2026-03-31,morosidad_publicada,corporativo,0.071879
2026-03-31,deudores,grandes_empresas,4645.000000
2026-03-31,morosidad_publicada,grandes_empresas,2.351845
2026-03-31,deudores,hipotecario,274987.000000
2026-03-31,morosidad_publicada,hipotecario,2.477072
2026-03-31,deudores,medianas_empresas,13148.000000
2026-03-31,morosidad_publicada,medianas_empresas,9.944813
2026-03-31,deudores,microempresas,1392063.000000
2026-03-31,morosidad_publicada,microempresas,4.127854
2026-03-31,deudores,pequenas_empresas,552845.000000
2026-03-31,morosidad_publicada,pequenas_empresas,8.617659
2026-03-31,deudores,total,7328574.000000
2026-03-31,mora_120d,total,2.393347
2026-03-31,mora_30d,total,3.490286
2026-03-31,mora_60d,total,2.936288
2026-03-31,mora_90d,total,2.637207
2026-03-31,morosidad_contable,total,2.990000
2026-03-31,morosidad_publicada,total,2.987324
2026-04-30,deudores,consumo,6099148.000000
2026-04-30,morosidad_publicada,consumo,2.409611
2026-04-30,deudores,corporativo,1869.000000
2026-04-30,morosidad_publicada,corporativo,0.082624
2026-04-30,deudores,grandes_empresas,4718.000000
2026-04-30,morosidad_publicada,grandes_empresas,2.224338
2026-04-30,deudores,hipotecario,275994.000000
2026-04-30,morosidad_publicada,hipotecario,2.411057
2026-04-30,deudores,medianas_empresas,13315.000000
2026-04-30,morosidad_publicada,medianas_empresas,9.542138
2026-04-30,deudores,microempresas,1408271.000000
2026-04-30,morosidad_publicada,microempresas,4.321636
2026-04-30,deudores,pequenas_empresas,561788.000000
2026-04-30,morosidad_publicada,pequenas_empresas,8.491079
2026-04-30,deudores,total,7521905.000000
2026-04-30,mora_120d,total,2.323187
2026-04-30,mora_30d,total,3.425184
2026-04-30,mora_60d,total,2.877109
2026-04-30,mora_90d,total,2.561147
2026-04-30,morosidad_contable,total,2.900000
2026-04-30,morosidad_publicada,total,2.895106
2026-05-31,deudores,consumo,6288687.000000
2026-05-31,morosidad_publicada,consumo,2.444997
2026-05-31,deudores,corporativo,1896.000000
2026-05-31,morosidad_publicada,corporativo,0.118194
2026-05-31,deudores,grandes_empresas,4860.000000
2026-05-31,morosidad_publicada,grandes_empresas,1.852516
2026-05-31,deudores,hipotecario,277170.000000
2026-05-31,morosidad_publicada,hipotecario,2.386246
2026-05-31,deudores,medianas_empresas,13701.000000
2026-05-31,morosidad_publicada,medianas_empresas,8.843137
2026-05-31,deudores,microempresas,1414061.000000
2026-05-31,morosidad_publicada,microempresas,4.625863
2026-05-31,deudores,pequenas_empresas,571078.000000
2026-05-31,morosidad_publicada,pequenas_empresas,8.360682
2026-05-31,deudores,total,7701770.000000
2026-05-31,mora_120d,total,2.268039
2026-05-31,mora_30d,total,3.313090
2026-05-31,mora_60d,total,2.818481
2026-05-31,mora_90d,total,2.511697
2026-05-31,morosidad_contable,total,2.830000
2026-05-31,morosidad_publicada,total,2.834601
2026-06-30,deudores,consumo,6554944.000000
2026-06-30,morosidad_publicada,consumo,2.459522
2026-06-30,deudores,corporativo,1931.000000
2026-06-30,morosidad_publicada,corporativo,0.107852
2026-06-30,deudores,grandes_empresas,4927.000000
2026-06-30,morosidad_publicada,grandes_empresas,1.870900
2026-06-30,deudores,hipotecario,281965.000000
2026-06-30,morosidad_publicada,hipotecario,2.420933
2026-06-30,deudores,medianas_empresas,13873.000000
2026-06-30,morosidad_publicada,medianas_empresas,8.911345
2026-06-30,deudores,microempresas,1434938.000000
2026-06-30,morosidad_publicada,microempresas,5.005279
2026-06-30,deudores,pequenas_empresas,585111.000000
2026-06-30,morosidad_publicada,pequenas_empresas,8.335293
2026-06-30,deudores,total,7951247.000000
2026-06-30,mora_120d,total,2.254441
2026-06-30,mora_30d,total,3.387415
2026-06-30,mora_60d,total,2.842754
2026-06-30,mora_90d,total,2.505910
2026-06-30,morosidad_contable,total,2.850000
2026-06-30,morosidad_publicada,total,2.857857
2026-07-31,deudores,consumo,6593809.000000
2026-07-31,morosidad_publicada,consumo,2.491304
2026-07-31,deudores,corporativo,1919.000000
2026-07-31,morosidad_publicada,corporativo,0.117029
2026-07-31,deudores,grandes_empresas,4895.000000
2026-07-31,morosidad_publicada,grandes_empresas,1.902994
2026-07-31,deudores,hipotecario,282936.000000
2026-07-31,morosidad_publicada,hipotecario,2.399847
2026-07-31,deudores,medianas_empresas,12758.000000
2026-07-31,morosidad_publicada,medianas_empresas,6.841899
2026-07-31,deudores,microempresas,1438711.000000
2026-07-31,morosidad_publicada,microempresas,5.123108
2026-07-31,deudores,pequenas_empresas,595390.000000
2026-07-31,morosidad_publicada,pequenas_empresas,8.993641
2026-07-31,deudores,total,7991619.000000
2026-07-31,mora_120d,total,2.240154
2026-07-31,mora_30d,total,3.382013
2026-07-31,mora_60d,total,2.785480
2026-07-31,mora_90d,total,2.484871
2026-07-31,morosidad_contable,total,2.850000
2026-07-31,morosidad_publicada,total,2.851309
