fecha,entidad_id,mora_120d,mora_30d,mora_60d,mora_90d,morosidad_contable
2015-01-31,ALFIN,3.893616,19.276817,12.880782,7.832958,10.150000
2015-01-31,BANCOM,2.483929,6.657995,5.016258,3.646453,6.520000
2015-01-31,BBVA,1.904586,3.490146,2.505345,2.111457,2.430000
2015-01-31,BCP,1.527667,2.655233,2.070217,1.760452,2.370000
2015-01-31,BIF,0.901236,2.059398,1.416504,1.236253,1.630000
2015-01-31,CENCOSUD,0.277667,7.739006,4.969440,2.199175,3.790000
2015-01-31,CITIBANK,1.882673,2.836278,2.439093,2.159645,2.250000
2015-01-31,FALABELLA,2.685396,5.452356,4.095153,3.321968,3.670000
2015-01-31,GNB,1.396693,2.874158,2.009377,1.704207,1.870000
2015-01-31,INTERBANK,1.567029,3.378779,2.308574,1.930027,2.500000
2015-01-31,MIBANCO,4.269779,7.535216,6.124795,4.982529,7.190000
2015-01-31,PICHINCHA,2.448952,3.536741,2.971463,2.714671,3.620000
2015-01-31,RIPLEY,1.124437,2.455519,1.884832,1.449334,3.490000
2015-01-31,SANTANDER,0.212380,0.258123,0.219070,0.214068,0.430000
2015-01-31,SCOTIABANK,1.832374,2.519659,2.239586,2.066460,2.560000
2015-02-28,ALFIN,3.452319,18.943857,12.153896,7.203918,9.560000
2015-02-28,BANCOM,3.184712,5.933337,5.496020,4.283083,6.010000
2015-02-28,BBVA,1.977349,3.384967,2.529013,2.141530,2.450000
2015-02-28,BCP,1.473080,2.569926,2.040516,1.706688,2.340000
2015-02-28,BIF,0.887110,2.008730,1.443999,1.222812,1.620000
2015-02-28,CENCOSUD,0.345764,8.498767,5.138496,2.813953,3.950000
2015-02-28,CITIBANK,1.802613,2.709235,2.289620,2.007973,2.110000
2015-02-28,FALABELLA,2.647914,5.463329,3.931872,3.167143,3.550000
2015-02-28,GNB,1.476361,3.593985,2.506462,1.827329,2.100000
2015-02-28,INTERBANK,1.582535,3.307896,2.510579,1.941801,2.540000
2015-02-28,MIBANCO,3.979712,7.128949,5.794259,4.786586,7.060000
2015-02-28,PICHINCHA,2.435093,3.955605,3.197800,2.723073,3.930000
2015-02-28,RIPLEY,0.695190,2.029639,1.362591,0.983966,3.390000
2015-02-28,SANTANDER,0.214984,0.247369,0.225375,0.220570,0.500000
2015-02-28,SCOTIABANK,1.842612,2.594417,2.278268,2.080415,2.610000
2015-03-31,ALFIN,3.659224,20.236487,12.958812,7.454940,9.940000
2015-03-31,BANCOM,3.845140,6.177631,5.337270,4.903945,5.820000
2015-03-31,BBVA,1.857297,3.280964,2.448138,2.060541,2.310000
2015-03-31,BCP,1.447349,2.611136,2.023782,1.689185,2.310000
2015-03-31,BIF,1.013509,2.090581,1.660410,1.443121,1.620000
2015-03-31,CENCOSUD,0.346121,8.358659,5.026507,2.367599,3.640000
2015-03-31,CITIBANK,1.683461,2.523141,2.172649,1.908668,1.990000
2015-03-31,FALABELLA,2.770774,6.188244,4.214909,3.401984,3.900000
2015-03-31,GNB,1.418952,3.449373,2.386950,1.809906,2.090000
2015-03-31,INTERBANK,1.594047,3.124065,2.406965,2.073833,2.280000
2015-03-31,MIBANCO,3.474150,6.176187,4.933843,4.119400,6.060000
2015-03-31,PICHINCHA,2.385608,3.719094,3.179813,2.862477,3.630000
2015-03-31,RIPLEY,1.818127,6.280811,4.044646,2.736179,3.400000
2015-03-31,SANTANDER,0.419575,0.434225,0.431176,0.423607,0.430000
2015-03-31,SCOTIABANK,1.859734,2.649699,2.331757,2.128338,2.640000
2015-04-30,ALFIN,3.551691,21.290517,13.650704,7.870934,10.490000
2015-04-30,BANCOM,4.680486,6.320098,5.524761,5.053477,6.000000
2015-04-30,BBVA,1.944773,3.566004,2.534452,2.096975,2.410000
2015-04-30,BCP,1.459053,2.640890,2.061781,1.718100,2.320000
2015-04-30,BIF,1.297525,2.217880,1.741861,1.514114,1.700000
2015-04-30,CENCOSUD,1.890955,9.866255,6.837157,4.215973,5.450000
2015-04-30,CITIBANK,1.676792,2.505151,2.163700,1.906288,2.000000
2015-04-30,FALABELLA,2.495605,6.042404,4.344690,3.160263,3.690000
2015-04-30,GNB,1.483198,3.291736,2.384607,1.905846,2.170000
2015-04-30,INTERBANK,1.708834,3.129743,2.482626,2.068117,2.290000
2015-04-30,MIBANCO,3.560233,6.442371,5.074640,4.212922,6.290000
2015-04-30,PICHINCHA,2.658216,3.871944,3.364288,2.931627,3.710000
2015-04-30,RIPLEY,1.842533,6.222069,4.349540,2.945028,3.590000
2015-04-30,SANTANDER,0.423097,0.498307,0.430678,0.430642,0.440000
2015-04-30,SCOTIABANK,1.901520,2.697857,2.389206,2.149316,2.700000
2015-05-31,ALFIN,4.141408,23.769255,14.599731,8.494021,11.290000
2015-05-31,BANCOM,4.894157,6.565898,5.686548,5.296459,6.340000
2015-05-31,BBVA,1.978994,3.470969,2.597579,2.134800,2.470000
2015-05-31,BCP,1.491849,2.609218,2.086004,1.772206,2.360000
2015-05-31,BIF,1.245246,2.342267,1.742375,1.521560,1.690000
2015-05-31,CENCOSUD,2.290746,9.482344,6.893580,5.040029,5.950000
2015-05-31,FALABELLA,2.652974,6.144590,4.421082,3.440672,3.890000
2015-05-31,GNB,1.606854,3.089252,2.362220,1.923227,2.170000
2015-05-31,INTERBANK,1.734127,3.228776,2.525802,2.103867,2.310000
2015-05-31,MIBANCO,3.618772,6.735304,5.265655,4.287332,6.540000
2015-05-31,PICHINCHA,2.616887,3.793846,3.241018,2.966155,3.820000
2015-05-31,RIPLEY,2.002698,6.170403,4.364258,3.151097,3.670000
2015-05-31,SANTANDER,0.440130,0.514216,0.444077,0.440171,0.500000
2015-05-31,SCOTIABANK,2.048858,2.898167,2.587013,2.375054,2.920000
2015-06-30,ALFIN,4.108204,24.423462,15.461994,8.865568,11.760000
2015-06-30,BANCOM,4.505505,5.904867,5.262664,4.812346,5.320000
2015-06-30,BBVA,1.778693,3.178929,2.543118,1.976651,2.310000
2015-06-30,BCP,1.583980,2.728573,2.170455,1.838924,2.430000
2015-06-30,BIF,1.278836,2.383358,1.928701,1.575991,1.730000
2015-06-30,CENCOSUD,2.813903,9.065719,6.458075,4.367460,5.330000
2015-06-30,FALABELLA,2.730942,6.140338,4.477660,3.470624,3.920000
2015-06-30,GNB,1.620605,3.023465,2.306101,1.909911,2.020000
2015-06-30,INTERBANK,1.730866,3.353125,2.641291,2.154783,2.410000
2015-06-30,MIBANCO,3.640571,6.768458,5.400905,4.386809,6.570000
2015-06-30,PICHINCHA,2.712384,4.021662,3.531796,3.042024,3.860000
2015-06-30,RIPLEY,2.064966,5.827349,4.240103,3.059863,3.530000
2015-06-30,SANTANDER,0.426237,0.442958,0.430442,0.430118,0.460000
2015-06-30,SCOTIABANK,2.186040,3.025333,2.696257,2.456699,3.090000
2015-07-31,ALFIN,4.533717,23.768699,15.351265,9.447724,12.220000
2015-07-31,BANCOM,4.731718,5.838891,5.356342,5.029120,5.380000
2015-07-31,BBVA,1.849571,3.431514,2.523507,2.060744,2.460000
2015-07-31,BCP,1.593387,2.755646,2.155102,1.835921,2.460000
2015-07-31,BIF,1.238781,2.261230,1.760920,1.628893,1.770000
2015-07-31,CENCOSUD,2.265625,8.372598,5.882977,4.212282,5.050000
2015-07-31,FALABELLA,2.782873,6.039865,4.497326,3.558528,3.970000
2015-07-31,GNB,1.596271,2.866438,2.166281,1.831827,2.080000
2015-07-31,ICBC,,,,,3.650000
2015-07-31,INTERBANK,1.773072,3.273625,2.600600,2.207501,2.410000
2015-07-31,MIBANCO,3.820251,6.752458,5.475443,4.535103,6.610000
2015-07-31,PICHINCHA,2.734033,4.140218,3.571498,3.237005,4.220000
2015-07-31,RIPLEY,1.859187,5.288913,3.808234,2.811964,3.240000
2015-07-31,SANTANDER,0.411471,0.446356,0.422455,0.411497,0.440000
2015-07-31,SCOTIABANK,2.129583,2.982754,2.652587,2.449539,2.990000
2015-08-31,ALFIN,4.965934,22.709606,14.656495,9.233748,11.820000
2015-08-31,BANCOM,4.841895,5.880173,5.345985,5.067948,5.340000
2015-08-31,BBVA,1.955156,3.628938,2.819155,2.157019,2.540000
2015-08-31,BCP,1.559959,2.715140,2.161700,1.811223,2.390000
2015-08-31,BIF,1.366247,2.216131,1.663839,1.527067,1.700000
2015-08-31,CENCOSUD,2.693554,8.745852,6.777935,4.614003,5.440000
2015-08-31,FALABELLA,2.870779,6.092016,4.568299,3.622666,4.010000
2015-08-31,GNB,1.546933,2.944261,2.136578,1.754779,1.960000
2015-08-31,ICBC,,3.225779,,,3.230000
2015-08-31,INTERBANK,1.825947,3.296854,2.581189,2.201576,2.450000
2015-08-31,MIBANCO,3.978512,6.682676,5.554702,4.672765,6.520000
2015-08-31,PICHINCHA,2.939508,4.121446,3.612822,3.274699,4.080000
2015-08-31,RIPLEY,1.829311,5.212106,3.659779,2.662210,3.060000
2015-08-31,SANTANDER,0.411069,0.420226,0.420201,0.420141,0.420000
2015-08-31,SCOTIABANK,2.106819,2.917686,2.590336,2.371916,2.920000
2015-09-30,ALFIN,5.212916,22.118118,14.055091,9.099033,11.580000
2015-09-30,BANCOM,4.492774,5.445840,4.987161,4.695586,4.870000
2015-09-30,BBVA,1.896011,3.295925,2.695759,2.106742,2.410000
2015-09-30,BCP,1.563611,2.691288,2.149454,1.838668,2.360000
2015-09-30,BIF,1.387505,2.362779,1.798516,1.595376,1.750000
2015-09-30,CENCOSUD,2.366743,8.552059,5.833334,4.255647,5.130000
2015-09-30,FALABELLA,2.948892,6.298211,4.689195,3.724162,4.120000
2015-09-30,GNB,1.503349,3.011080,2.225795,1.772036,1.980000
2015-09-30,ICBC,,3.528791,3.528791,,3.530000
2015-09-30,INTERBANK,1.752962,3.211589,2.511355,2.102283,2.320000
2015-09-30,MIBANCO,3.024022,5.648582,4.518627,3.704180,5.470000
2015-09-30,PICHINCHA,2.792350,3.980397,3.531586,3.175216,3.970000
2015-09-30,RIPLEY,1.475502,5.057851,3.404068,2.323745,2.740000
2015-09-30,SANTANDER,0.422354,0.425596,0.422386,0.422386,0.500000
2015-09-30,SCOTIABANK,1.931789,2.790189,2.461464,2.233582,2.780000
2015-10-31,ALFIN,5.568404,21.951602,14.390957,9.344758,11.150000
2015-10-31,BANCOM,4.670717,5.994361,5.210212,4.880954,5.300000
2015-10-31,BBVA,1.965405,3.362086,2.686552,2.175688,2.480000
2015-10-31,BCP,1.610569,2.776284,2.184715,1.875717,2.470000
2015-10-31,BIF,1.328850,2.264473,1.799544,1.601947,1.720000
2015-10-31,CENCOSUD,2.359602,8.829148,6.029503,4.228658,5.190000
2015-10-31,FALABELLA,2.986433,6.526879,4.796182,3.780411,4.200000
2015-10-31,GNB,1.346714,2.816054,2.087760,1.658247,1.850000
2015-10-31,ICBC,,3.415185,3.415185,3.415185,3.420000
2015-10-31,INTERBANK,1.638134,3.046933,2.420016,1.986798,2.200000
2015-10-31,MIBANCO,3.100145,5.600190,4.496346,3.654522,5.430000
2015-10-31,PICHINCHA,2.771359,3.759773,3.438638,3.178852,3.870000
2015-10-31,RIPLEY,1.463587,5.195264,3.502844,2.363237,2.790000
2015-10-31,SANTANDER,0.426981,0.507180,0.431247,0.426981,0.510000
2015-10-31,SCOTIABANK,2.062247,2.982077,2.604607,2.369684,3.000000
2015-11-30,ALFIN,5.355307,22.201921,14.474837,9.223290,11.120000
2015-11-30,BANCOM,3.046090,4.606519,3.844082,3.283643,3.750000
2015-11-30,BBVA,1.694237,3.245886,2.498601,1.901852,2.240000
2015-11-30,BCP,1.607221,2.857424,2.207711,1.862138,2.530000
2015-11-30,BIF,1.316949,2.273133,1.781662,1.573547,1.740000
2015-11-30,CENCOSUD,2.100723,8.640930,5.908153,3.657542,4.730000
2015-11-30,FALABELLA,3.060765,6.780715,4.981630,3.882021,4.300000
2015-11-30,GNB,1.407281,2.859178,2.093775,1.719896,1.940000
2015-11-30,ICBC,3.746778,3.746778,3.746778,3.746778,3.750000
2015-11-30,INTERBANK,1.638392,3.215190,2.538457,2.070747,2.320000
2015-11-30,MIBANCO,2.732289,5.221068,4.187266,3.302722,5.040000
2015-11-30,PICHINCHA,2.762051,4.002996,3.418673,3.170229,3.870000
2015-11-30,RIPLEY,0.676055,4.150682,2.643108,1.566592,1.960000
2015-11-30,SANTANDER,0.412391,0.424733,0.417615,0.414400,0.420000
2015-11-30,SCOTIABANK,2.162582,3.100389,2.745609,2.478208,3.070000
2015-12-31,ALFIN,5.134893,21.974465,14.514805,9.102708,11.000000
2015-12-31,BANCOM,2.808880,4.368827,3.576406,3.255770,3.460000
2015-12-31,BBVA,1.680799,3.151296,2.377365,1.847081,2.170000
2015-12-31,BCP,1.600657,2.745318,2.183371,1.880868,2.430000
2015-12-31,BIF,1.329821,2.308299,1.765125,1.588233,1.770000
2015-12-31,CENCOSUD,1.994726,7.755022,5.503909,3.944340,4.720000
2015-12-31,FALABELLA,3.027231,6.299536,4.864267,3.895791,4.240000
2015-12-31,GNB,1.466007,2.922961,2.057797,1.684312,2.000000
2015-12-31,ICBC,3.483378,3.483378,3.483378,3.483378,3.480000
2015-12-31,INTERBANK,1.716261,3.227018,2.590750,2.178399,2.350000
2015-12-31,MIBANCO,2.575129,4.958148,3.943512,3.184850,4.810000
2015-12-31,PICHINCHA,2.853759,3.803013,3.408486,3.198533,3.860000
2015-12-31,RIPLEY,1.255524,4.595686,3.128559,2.135319,2.490000
2015-12-31,SANTANDER,0.370334,0.557352,0.370372,0.370356,0.440000
2015-12-31,SCOTIABANK,2.074082,2.969340,2.672906,2.433264,2.890000
2016-01-31,ALFIN,5.055781,22.277323,14.563639,9.219854,11.200000
2016-01-31,BANCOM,3.095080,4.684409,3.682073,3.296436,3.740000
2016-01-31,BBVA,1.802793,3.266604,2.447990,2.017076,2.330000
2016-01-31,BCP,1.707415,2.882124,2.264845,1.945477,2.530000
2016-01-31,BIF,1.332428,2.513963,1.866971,1.685171,1.960000
2016-01-31,CENCOSUD,2.320006,7.961755,6.183875,4.235902,4.980000
2016-01-31,FALABELLA,3.220585,6.364932,4.989601,4.030053,4.350000
2016-01-31,GNB,1.438827,3.086717,2.167217,1.689750,2.010000
2016-01-31,ICBC,3.805166,3.805166,3.805166,3.805166,3.810000
2016-01-31,INTERBANK,1.733124,3.286284,2.594116,2.181476,2.360000
2016-01-31,MIBANCO,2.626356,4.951775,3.986615,3.082698,4.780000
2016-01-31,PICHINCHA,2.967726,4.116809,3.486995,3.176822,4.260000
2016-01-31,RIPLEY,1.340748,4.747319,3.255428,2.205532,2.550000
2016-01-31,SANTANDER,0.371328,0.627844,0.428824,0.371346,0.690000
2016-01-31,SCOTIABANK,2.169259,2.990397,2.704188,2.489578,2.950000
2016-02-29,ALFIN,4.827283,22.100250,14.365592,8.929382,10.970000
2016-02-29,BANCOM,3.040590,4.810535,3.844801,3.323075,3.730000
2016-02-29,BBVA,1.875384,3.301449,2.678974,2.115718,2.420000
2016-02-29,BCP,1.671208,2.879898,2.270843,1.911914,2.510000
2016-02-29,BIF,1.436413,2.680152,1.991313,1.700709,2.170000
2016-02-29,CENCOSUD,1.915240,8.381771,5.488010,3.633563,4.560000
2016-02-29,FALABELLA,3.247925,6.408931,4.992293,4.069342,4.380000
2016-02-29,GNB,1.452903,3.344502,2.255588,1.846866,2.160000
2016-02-29,ICBC,3.605763,3.605763,3.605763,3.605763,3.610000
2016-02-29,INTERBANK,1.785938,3.444069,2.717787,2.269280,2.520000
2016-02-29,MIBANCO,2.445181,4.844527,3.816651,2.988007,4.690000
2016-02-29,PICHINCHA,3.012736,4.481511,3.921663,3.389092,4.400000
2016-02-29,RIPLEY,1.291175,5.092718,3.254925,2.176444,2.550000
2016-02-29,SANTANDER,0.384231,0.618463,0.447677,0.443334,0.560000
2016-02-29,SCOTIABANK,2.320036,3.143192,2.814747,2.604438,3.120000
2016-03-31,ALFIN,4.677940,22.906206,14.585758,8.950907,11.090000
2016-03-31,BANCOM,3.208403,5.280701,4.222980,3.599981,3.880000
2016-03-31,BBVA,1.849928,3.419459,2.510527,2.022121,2.330000
2016-03-31,BCP,1.684364,2.977421,2.321878,1.945797,2.580000
2016-03-31,BIF,1.369538,2.708092,2.045242,1.679074,2.070000
2016-03-31,CENCOSUD,2.044983,8.777785,5.741226,3.378131,4.500000
2016-03-31,FALABELLA,3.361309,7.047044,5.274888,4.113101,4.530000
2016-03-31,GNB,1.404124,3.181640,2.221727,1.724657,1.970000
2016-03-31,ICBC,3.029003,3.029003,3.029003,3.029003,3.030000
2016-03-31,INTERBANK,1.876840,3.490668,2.728272,2.288473,2.490000
2016-03-31,MIBANCO,2.491968,4.919290,3.836252,3.017496,4.730000
2016-03-31,PICHINCHA,2.668654,3.790615,3.324925,3.007306,3.760000
2016-03-31,RIPLEY,1.282600,5.419372,3.457147,2.182916,2.620000
2016-03-31,SANTANDER,0.428910,0.675373,0.514106,0.492718,0.550000
2016-03-31,SCOTIABANK,2.375353,3.252513,2.894907,2.658146,3.200000
2016-04-30,ALFIN,4.549902,22.614952,14.718842,9.002500,11.120000
2016-04-30,BANCOM,3.310632,4.980363,4.119106,3.708020,3.890000
2016-04-30,BBVA,1.833226,3.249561,2.430544,2.004997,2.360000
2016-04-30,BCP,1.731376,3.027077,2.415088,2.011136,2.720000
2016-04-30,BIF,1.465329,2.713962,2.076132,1.784919,2.070000
2016-04-30,CENCOSUD,1.696064,9.485161,6.317777,3.779230,4.980000
2016-04-30,FALABELLA,3.444201,7.341819,5.539501,4.389228,4.800000
2016-04-30,GNB,1.433444,3.028814,2.223070,1.817293,2.000000
2016-04-30,ICBC,2.790948,2.790948,2.790948,2.790948,2.790000
2016-04-30,INTERBANK,1.766109,3.389202,2.656302,2.255388,2.430000
2016-04-30,MIBANCO,2.454065,4.888594,3.847460,2.998014,4.700000
2016-04-30,PICHINCHA,2.680200,3.923330,3.475597,3.143230,3.830000
2016-04-30,RIPLEY,1.285536,5.515123,3.627121,2.357171,2.800000
2016-04-30,SANTANDER,0.477317,0.590108,0.529406,0.497616,0.640000
2016-04-30,SCOTIABANK,2.364903,3.272594,2.908404,2.660164,3.230000
2016-05-31,ALFIN,4.639358,21.787885,14.659312,9.282268,11.250000
2016-05-31,BANCOM,3.061832,4.173908,3.599370,3.341209,3.530000
2016-05-31,BBVA,1.927731,3.377256,2.757495,2.151497,2.440000
2016-05-31,BCP,1.784911,3.156719,2.454169,2.098811,2.820000
2016-05-31,BIF,1.594212,2.765418,2.188222,2.027598,2.230000
2016-05-31,CENCOSUD,1.970104,9.318597,6.598349,4.693666,5.620000
2016-05-31,FALABELLA,3.653418,7.340416,5.723810,4.613071,4.980000
2016-05-31,GNB,1.529506,2.911682,2.272298,1.802781,1.980000
2016-05-31,ICBC,2.646478,2.646478,2.646478,2.646478,2.650000
2016-05-31,INTERBANK,1.897905,3.669850,2.850304,2.447613,2.660000
2016-05-31,MIBANCO,2.480451,4.940123,3.882886,3.109600,4.750000
2016-05-31,PICHINCHA,2.690946,4.022557,3.298706,3.059631,3.940000
2016-05-31,RIPLEY,0.573531,4.638982,2.834246,1.572482,1.980000
2016-05-31,SANTANDER,0.498605,0.569159,0.563571,0.530732,0.580000
2016-05-31,SCOTIABANK,2.480549,3.383504,3.026029,2.804598,3.340000
2016-06-30,ALFIN,4.923917,20.454614,13.831236,9.245866,11.020000
2016-06-30,BANCOM,2.644780,3.004978,2.947419,2.916578,3.170000
2016-06-30,BBVA,2.035404,3.705456,2.731222,2.241306,2.490000
2016-06-30,BCP,1.828904,3.082403,2.498376,2.102275,2.740000
2016-06-30,BIF,1.611963,2.809938,2.206511,2.000821,2.320000
2016-06-30,CENCOSUD,2.579301,9.345023,6.507312,4.273688,5.300000
2016-06-30,FALABELLA,3.893731,7.641915,5.907089,4.831582,5.180000
2016-06-30,GNB,1.507382,2.962743,2.168078,1.787276,2.030000
2016-06-30,ICBC,3.056320,3.056320,3.056320,3.056320,3.060000
2016-06-30,INTERBANK,1.986067,3.645877,2.869459,2.390936,2.670000
2016-06-30,MIBANCO,2.448928,4.931298,3.835095,2.973345,4.740000
2016-06-30,PICHINCHA,2.752541,3.768572,3.354509,3.068752,3.710000
2016-06-30,RIPLEY,0.579586,4.621654,2.834108,1.612952,1.990000
2016-06-30,SANTANDER,0.503684,0.586055,0.537933,0.537341,0.670000
2016-06-30,SCOTIABANK,2.534655,3.491952,3.107754,2.849207,3.460000
2016-07-31,ALFIN,5.660774,18.780472,12.943712,9.145155,10.700000
2016-07-31,BANCOM,2.720023,3.282487,3.064941,2.993542,3.530000
2016-07-31,BBVA,1.927826,3.403846,2.731008,2.125830,2.430000
2016-07-31,BCP,1.833305,3.047420,2.486406,2.117217,2.760000
2016-07-31,BIF,1.707199,2.976163,2.286646,2.085346,2.330000
2016-07-31,CENCOSUD,2.727957,9.634249,6.806050,4.874338,5.800000
2016-07-31,FALABELLA,4.071379,7.702637,6.049734,4.944317,5.290000
2016-07-31,GNB,1.483206,2.998084,2.134325,1.736213,1.950000
2016-07-31,ICBC,2.232119,2.232119,2.232119,2.232119,2.230000
2016-07-31,INTERBANK,1.901964,3.495311,2.783621,2.357610,2.580000
2016-07-31,MIBANCO,2.484788,4.989449,3.865165,2.985314,4.760000
2016-07-31,PICHINCHA,2.746544,3.794136,3.369171,3.044611,3.810000
2016-07-31,RIPLEY,1.383395,5.071449,3.539630,2.408170,2.740000
2016-07-31,SANTANDER,0.532855,0.728933,0.600139,0.600139,0.680000
2016-07-31,SCOTIABANK,2.541703,3.430663,3.101883,2.871083,3.390000
2016-08-31,ALFIN,6.049287,17.985706,12.478240,9.080141,10.540000
2016-08-31,BANCOM,2.883377,3.921237,3.364612,3.130830,4.010000
2016-08-31,BBVA,1.997624,3.314269,2.817638,2.189935,2.480000
2016-08-31,BCP,1.920444,3.204215,2.592106,2.211470,2.800000
2016-08-31,BIF,1.860197,3.116453,2.482518,2.277169,2.480000
2016-08-31,CENCOSUD,2.659937,9.336437,7.376166,4.884508,5.760000
2016-08-31,FALABELLA,4.198870,7.783320,6.166405,5.095716,5.440000
2016-08-31,GNB,1.479086,3.016824,2.062330,1.733230,1.980000
2016-08-31,ICBC,2.163545,2.163545,2.163545,2.163545,2.160000
2016-08-31,INTERBANK,2.044061,3.679021,2.891496,2.438491,2.730000
2016-08-31,MIBANCO,2.532062,4.865524,3.923112,3.056795,4.640000
2016-08-31,PICHINCHA,2.653233,4.162844,3.342289,2.987878,4.050000
2016-08-31,RIPLEY,0.657774,4.344675,2.637818,1.571214,1.900000
2016-08-31,SANTANDER,0.541381,0.688963,0.617924,0.613717,0.700000
2016-08-31,SCOTIABANK,2.573631,3.447087,3.123352,2.888067,3.460000
2016-09-30,ALFIN,6.113752,17.390818,12.005212,8.876184,10.300000
2016-09-30,BANCOM,2.326869,3.415155,3.216375,2.782672,3.400000
2016-09-30,BBVA,2.002217,3.381728,2.597577,2.190171,2.450000
2016-09-30,BCP,1.936173,3.087859,2.561619,2.215821,2.740000
2016-09-30,BIF,1.928724,3.144553,2.531865,2.341051,2.530000
2016-09-30,CENCOSUD,2.765150,9.390045,6.751401,5.046492,5.850000
2016-09-30,FALABELLA,4.309088,8.014659,6.257075,5.199078,5.560000
2016-09-30,GNB,1.427850,3.131536,2.057275,1.649407,2.110000
2016-09-30,ICBC,2.245561,2.245561,2.245561,2.245561,2.250000
2016-09-30,INTERBANK,1.949032,3.615057,2.829480,2.381004,2.620000
2016-09-30,MIBANCO,2.466942,4.791037,3.777709,3.036592,4.570000
2016-09-30,PICHINCHA,2.617698,4.098632,3.701179,3.045808,4.180000
2016-09-30,RIPLEY,0.369770,4.180138,2.444407,1.275324,1.610000
2016-09-30,SANTANDER,0.581487,0.936267,0.662237,0.594435,0.920000
2016-09-30,SCOTIABANK,2.523831,3.364621,3.048382,2.832462,3.320000
2016-10-31,ALFIN,6.201312,16.554460,11.623440,8.649790,9.990000
2016-10-31,BANCOM,2.667997,3.674888,3.444005,3.325345,3.690000
2016-10-31,BBVA,1.975501,3.560227,2.730982,2.176691,2.560000
2016-10-31,BCP,1.983581,3.117132,2.585112,2.257490,2.830000
2016-10-31,BIF,2.072667,3.300308,2.620246,2.439014,2.640000
2016-10-31,CENCOSUD,2.812291,9.415937,6.614357,4.805578,5.670000
2016-10-31,FALABELLA,4.390968,8.389620,6.458450,5.277276,5.670000
2016-10-31,GNB,1.375038,3.116981,2.143315,1.622512,2.170000
2016-10-31,ICBC,2.332439,2.332439,2.332439,2.332439,2.330000
2016-10-31,INTERBANK,2.040527,3.742512,2.915556,2.485117,2.690000
2016-10-31,MIBANCO,2.502915,4.742405,3.775939,3.026414,4.550000
2016-10-31,PICHINCHA,2.689719,4.188880,3.630055,3.335058,4.180000
2016-10-31,RIPLEY,0.410927,4.358214,2.568737,1.386815,1.740000
2016-10-31,SANTANDER,0.572870,0.718575,0.635439,0.574809,0.730000
2016-10-31,SCOTIABANK,2.561118,3.484998,3.109342,2.882926,3.470000
2016-11-30,ALFIN,5.914193,16.008200,11.045934,8.263349,9.580000
2016-11-30,BANCOM,3.083140,3.594864,3.542510,3.339552,3.630000
2016-11-30,BBVA,2.072572,3.534470,2.951399,2.262463,2.680000
2016-11-30,BCP,2.017734,3.094662,2.581634,2.257385,2.790000
2016-11-30,BIF,2.083314,3.251049,2.740647,2.447493,2.610000
2016-11-30,CENCOSUD,2.446776,9.387054,6.570497,4.140267,5.140000
2016-11-30,FALABELLA,4.348084,8.523090,6.624058,5.327521,5.740000
2016-11-30,GNB,1.367413,3.064273,2.277018,1.687360,2.250000
2016-11-30,ICBC,2.395462,2.395462,2.395462,2.395462,2.400000
2016-11-30,INTERBANK,2.031123,3.926237,2.994715,2.485024,2.740000
2016-11-30,MIBANCO,2.484900,4.700998,3.753017,2.958031,4.500000
2016-11-30,PICHINCHA,2.941725,4.043738,3.663155,3.255503,4.040000
2016-11-30,RIPLEY,0.427873,4.562450,2.697127,1.409692,1.780000
2016-11-30,SANTANDER,0.619984,0.687729,0.683685,0.682070,0.700000
2016-11-30,SCOTIABANK,2.602376,3.502740,3.159693,2.913134,3.480000
2016-12-31,ALFIN,5.919923,15.197246,10.666081,8.031406,9.240000
2016-12-31,BANCOM,2.894191,3.357351,3.307305,3.258791,3.340000
2016-12-31,BBVA,1.921878,3.267217,2.604037,2.131068,2.410000
2016-12-31,BCP,1.984822,3.029357,2.528529,2.220747,2.710000
2016-12-31,BIF,2.027375,3.072231,2.538699,2.332458,2.500000
2016-12-31,CENCOSUD,2.641233,9.020962,6.671697,4.842211,5.610000
2016-12-31,FALABELLA,4.367752,8.081096,6.513173,5.361277,5.710000
2016-12-31,GNB,1.416270,2.963527,2.257368,1.668766,2.080000
2016-12-31,INTERBANK,2.036366,3.760158,2.986680,2.477972,2.640000
2016-12-31,MIBANCO,2.450325,4.655221,3.719521,2.921254,4.460000
2016-12-31,PICHINCHA,2.978888,3.907159,3.524677,3.284603,3.980000
2016-12-31,RIPLEY,1.271550,5.043085,3.532030,2.357907,2.690000
2016-12-31,SANTANDER,0.660473,0.848442,0.710174,0.664653,0.690000
2016-12-31,SCOTIABANK,2.254650,3.135969,2.801283,2.569006,3.080000
2017-01-31,ALFIN,5.967157,15.877174,10.871597,8.146819,9.400000
2017-01-31,BANCOM,3.111382,3.843613,3.324352,3.280512,3.910000
2017-01-31,BBVA,2.111739,3.720930,3.004152,2.376395,2.790000
2017-01-31,BCP,2.011313,3.044847,2.564281,2.229098,2.770000
2017-01-31,BIF,2.082524,3.344936,2.661254,2.310900,2.570000
2017-01-31,CENCOSUD,2.944587,9.035035,7.209433,5.111662,5.810000
2017-01-31,FALABELLA,4.690901,8.176930,6.711735,5.663879,5.980000
2017-01-31,GNB,1.471951,3.355251,2.353055,1.885770,2.190000
2017-01-31,INTERBANK,2.133737,3.925150,3.095843,2.535451,2.760000
2017-01-31,MIBANCO,2.346137,4.599218,3.762019,2.851759,4.400000
2017-01-31,PICHINCHA,3.077715,4.149403,3.747688,3.454722,4.350000
2017-01-31,RIPLEY,1.405655,5.324448,3.626507,2.483125,2.820000
2017-01-31,SANTANDER,0.671379,0.922464,0.735256,0.671379,0.810000
2017-01-31,SCOTIABANK,2.336545,3.249055,2.885225,2.654014,3.210000
2017-02-28,ALFIN,5.696738,16.161699,10.729190,7.851035,9.150000
2017-02-28,BANCOM,2.903289,3.606209,3.088104,3.032642,3.670000
2017-02-28,BBVA,2.235098,3.798966,3.055521,2.455002,2.830000
2017-02-28,BCP,1.989155,3.028023,2.551176,2.235752,2.790000
2017-02-28,BIF,2.017712,3.398999,2.674432,2.306486,2.630000
2017-02-28,CENCOSUD,2.476397,9.380647,6.584284,4.486932,5.360000
2017-02-28,FALABELLA,4.961001,8.593923,6.775812,5.745850,6.110000
2017-02-28,GNB,1.587597,3.454715,2.504458,1.965539,2.260000
2017-02-28,INTERBANK,2.073758,4.016711,3.059373,2.555955,2.740000
2017-02-28,MIBANCO,2.366291,4.768991,3.719423,2.891404,4.560000
2017-02-28,PICHINCHA,3.169603,4.311485,3.839225,3.477501,4.510000
2017-02-28,RIPLEY,1.442793,6.017038,3.816062,2.478370,2.880000
2017-02-28,SANTANDER,0.682488,0.930466,0.744852,0.701513,1.060000
2017-02-28,SCOTIABANK,2.355511,3.264892,2.921640,2.685094,3.190000
2017-03-31,ALFIN,5.531641,17.112263,11.104951,7.734724,9.170000
2017-03-31,BANCOM,2.771865,3.614038,3.458212,2.966267,3.620000
2017-03-31,BBVA,2.216314,3.895482,2.932073,2.445473,2.730000
2017-03-31,BCP,2.094048,3.269117,2.673899,2.350503,2.940000
2017-03-31,BIF,2.109130,3.525802,2.819094,2.432436,2.660000
2017-03-31,CENCOSUD,2.280335,9.832397,6.737405,4.281794,5.330000
2017-03-31,FALABELLA,4.961207,9.401665,6.987665,5.845856,6.320000
2017-03-31,GNB,1.633380,3.305087,2.409660,1.954023,2.240000
2017-03-31,INTERBANK,2.097625,4.063511,3.071690,2.568644,2.750000
2017-03-31,MIBANCO,2.365786,4.902394,3.792436,2.914486,4.650000
2017-03-31,PICHINCHA,3.303353,4.707998,3.943447,3.688867,4.720000
2017-03-31,RIPLEY,1.483265,6.169217,4.146534,2.632863,3.090000
2017-03-31,SANTANDER,0.624564,0.778909,0.662856,0.624564,0.700000
2017-03-31,SCOTIABANK,2.292070,3.137793,2.831127,2.599692,3.070000
2017-04-30,ALFIN,5.184966,18.095250,11.664256,7.825047,9.380000
2017-04-30,BANCOM,2.888182,3.730742,3.681524,3.541623,3.790000
2017-04-30,BBVA,2.356110,3.998940,3.110992,2.601370,2.970000
2017-04-30,BCP,2.080769,3.150303,2.666881,2.343911,2.890000
2017-04-30,BIF,2.098828,3.374508,2.840783,2.451629,2.590000
2017-04-30,CENCOSUD,2.317902,10.519936,7.460495,4.693602,5.830000
2017-04-30,FALABELLA,4.924846,9.649136,7.562794,5.893321,
2017-04-30,GNB,1.709785,3.313191,2.406182,2.004188,2.370000
2017-04-30,INTERBANK,2.057237,3.958981,3.066320,2.549242,2.750000
2017-04-30,MIBANCO,2.363016,4.976511,3.859443,2.910308,4.700000
2017-04-30,PICHINCHA,3.424366,4.924495,4.443959,3.867630,4.710000
2017-04-30,RIPLEY,1.590224,6.035991,4.188897,2.920603,3.330000
2017-04-30,SANTANDER,0.601107,1.017681,0.638286,0.601107,0.640000
2017-04-30,SCOTIABANK,2.352539,3.200288,2.859953,2.667145,3.150000
2017-05-31,ALFIN,5.366042,18.096792,12.199834,8.137973,9.630000
2017-05-31,BANCOM,3.302620,3.666916,3.612466,3.589622,3.720000
2017-05-31,BBVA,2.489401,4.014582,3.393220,2.750443,3.090000
2017-05-31,BCP,2.173497,3.213641,2.737008,2.458786,2.910000
2017-05-31,BIF,2.192127,3.434777,2.819866,2.550851,2.700000
2017-05-31,CENCOSUD,2.526704,10.158522,7.520197,5.541796,6.410000
2017-05-31,CITIBANK,,0.696339,,,1.820000
2017-05-31,FALABELLA,5.074825,9.630632,7.665471,6.316835,6.730000
2017-05-31,GNB,1.673004,3.278991,2.418680,1.992426,2.430000
2017-05-31,INTERBANK,2.130489,4.075837,3.124426,2.645364,2.860000
2017-05-31,MIBANCO,2.368744,4.940891,3.864532,2.999742,4.680000
2017-05-31,PICHINCHA,3.409093,4.691298,4.332072,4.061473,4.560000
2017-05-31,RIPLEY,1.729043,5.540374,3.868276,2.793922,3.130000
2017-05-31,SANTANDER,0.602756,0.871027,0.703940,0.626101,0.650000
2017-05-31,SCOTIABANK,2.499276,3.320970,3.051739,2.792127,3.270000
2017-06-30,ALFIN,5.371785,18.039926,12.009801,8.101745,9.580000
2017-06-30,BANCOM,2.842373,3.119143,3.031616,2.994540,3.120000
2017-06-30,BBVA,2.462098,4.113137,3.198276,2.672931,2.920000
2017-06-30,BCP,2.213289,3.183868,2.740644,2.430636,2.900000
2017-06-30,BIF,2.294741,3.754354,2.994604,2.668881,2.850000
2017-06-30,CENCOSUD,3.039798,9.595982,7.106568,4.863065,5.770000
2017-06-30,CITIBANK,,1.149007,,,1.150000
2017-06-30,FALABELLA,5.450268,10.040957,7.938399,6.591982,7.020000
2017-06-30,GNB,1.708466,3.287355,2.397913,2.009146,2.350000
2017-06-30,INTERBANK,2.141923,4.083116,3.150535,2.591751,2.810000
2017-06-30,MIBANCO,2.410105,4.868884,3.877705,2.906528,4.610000
2017-06-30,PICHINCHA,3.675826,4.656719,4.265691,4.016771,4.510000
2017-06-30,RIPLEY,1.530962,5.244427,3.587707,2.464755,2.800000
2017-06-30,SANTANDER,0.624759,0.691242,0.639591,0.624759,0.640000
2017-06-30,SCOTIABANK,2.461986,3.410202,3.027276,2.797036,3.220000
2017-07-31,ALFIN,5.494837,17.756506,11.854396,7.902443,9.370000
2017-07-31,BANCOM,2.892507,3.226314,3.184724,3.138889,3.230000
2017-07-31,BBVA,2.562356,4.320305,3.448554,2.762074,3.060000
2017-07-31,BCP,2.155781,3.137287,2.692830,2.413470,2.900000
2017-07-31,BIF,2.337146,3.642489,3.062679,2.708464,2.860000
2017-07-31,CENCOSUD,2.944439,9.009174,6.641521,4.987386,5.700000
2017-07-31,CITIBANK,,1.180481,1.180481,,1.180000
2017-07-31,FALABELLA,5.713350,10.163609,8.220386,6.855769,7.300000
2017-07-31,GNB,1.651166,3.311719,2.275356,1.907510,2.260000
2017-07-31,INTERBANK,2.097684,4.155005,3.151420,2.618562,2.820000
2017-07-31,MIBANCO,2.316777,4.889736,3.841150,2.878831,4.650000
2017-07-31,PICHINCHA,3.478794,4.377603,4.115374,3.807116,4.360000
2017-07-31,RIPLEY,1.496273,5.119532,3.487629,2.428209,2.750000
2017-07-31,SANTANDER,0.620947,0.820790,0.628617,0.628614,0.690000
2017-07-31,SCOTIABANK,2.471357,3.378646,2.989827,2.760971,3.210000
2017-08-31,ALFIN,5.292606,17.803218,11.889339,7.757261,9.290000
2017-08-31,BANCOM,3.089318,3.414122,3.299803,3.258890,3.400000
2017-08-31,BBVA,2.621768,4.292367,3.521687,2.810623,3.070000
2017-08-31,BCP,2.216364,3.253633,2.741644,2.444594,2.930000
2017-08-31,BIF,2.386378,3.640099,3.047391,2.739720,2.850000
2017-08-31,CENCOSUD,2.513919,7.981686,6.386643,4.385008,5.020000
2017-08-31,FALABELLA,5.940060,10.381633,8.413652,7.090049,7.530000
2017-08-31,GNB,1.661103,3.301967,2.354067,1.914041,2.280000
2017-08-31,INTERBANK,2.289662,4.265896,3.258384,2.674682,2.880000
2017-08-31,MIBANCO,2.485201,4.961966,3.892719,2.978131,4.720000
2017-08-31,PICHINCHA,3.379756,4.373467,3.957958,3.756109,4.250000
2017-08-31,RIPLEY,1.539307,5.121288,3.666411,2.475846,2.810000
2017-08-31,SANTANDER,0.600011,0.844008,0.600017,0.600017,0.650000
2017-08-31,SCOTIABANK,2.466161,3.316684,2.962472,2.728655,3.150000
2017-09-30,ALFIN,5.040489,18.155864,11.954307,7.723993,9.350000
2017-09-30,BANCOM,2.952996,3.258048,3.206220,3.123492,3.240000
2017-09-30,BBVA,2.366989,3.817064,3.048830,2.582991,2.830000
2017-09-30,BCP,2.248631,3.296238,2.815391,2.458906,2.990000
2017-09-30,BIF,2.495337,3.762886,3.082515,2.846430,2.980000
2017-09-30,CENCOSUD,2.166934,7.461407,5.362110,3.980140,4.570000
2017-09-30,FALABELLA,6.122907,10.768703,8.625818,7.263862,7.710000
2017-09-30,GNB,1.714756,3.422616,2.440805,1.990491,2.290000
2017-09-30,INTERBANK,2.150437,4.139833,3.254067,2.665311,2.840000
2017-09-30,MIBANCO,2.362825,4.958817,3.907474,2.879705,4.710000
2017-09-30,PICHINCHA,3.376912,4.221756,3.921712,3.649578,4.210000
2017-09-30,RIPLEY,1.617121,5.531241,3.717058,2.658677,3.000000
2017-09-30,SANTANDER,0.647014,1.192705,0.647014,0.647014,0.980000
2017-09-30,SCOTIABANK,2.427028,3.305144,2.941222,2.714884,3.110000
2017-10-31,ALFIN,4.906427,19.074546,12.397597,7.812686,9.570000
2017-10-31,BANCOM,3.025946,3.387000,3.298636,3.220092,3.380000
2017-10-31,BBVA,2.376228,3.866851,3.198707,2.602505,2.880000
2017-10-31,BCP,2.207224,3.372450,2.780309,2.477154,3.000000
2017-10-31,BIF,2.695080,3.803375,3.184598,2.949328,3.090000
2017-10-31,CENCOSUD,2.100723,7.344943,5.038369,3.558148,4.190000
2017-10-31,FALABELLA,6.270044,10.967957,8.841831,7.392915,7.860000
2017-10-31,GNB,1.743265,3.731619,2.473299,2.016384,2.580000
2017-10-31,INTERBANK,2.330668,4.317992,3.381262,2.806085,2.980000
2017-10-31,MIBANCO,2.317855,4.964431,3.912977,2.989718,4.740000
2017-10-31,PICHINCHA,3.324457,4.326147,3.925850,3.701027,4.230000
2017-10-31,RIPLEY,1.616646,5.527287,3.850060,2.571784,2.950000
2017-10-31,SANTANDER,0.652570,1.279296,0.826981,0.652570,0.890000
2017-10-31,SCOTIABANK,2.441942,3.380017,2.998200,2.764134,3.210000
2017-11-30,ALFIN,4.843823,18.504471,12.600038,7.897012,9.590000
2017-11-30,BANCOM,3.064493,3.419612,3.331672,3.302279,3.450000
2017-11-30,BBVA,2.428849,3.992066,3.141596,2.608665,2.870000
2017-11-30,BCP,2.231564,3.302620,2.853072,2.467696,2.960000
2017-11-30,BIF,2.785384,4.028060,3.383613,2.998215,3.140000
2017-11-30,CENCOSUD,1.701257,7.353465,4.917671,3.000552,3.770000
2017-11-30,FALABELLA,6.074125,10.723510,8.632863,7.254546,7.880000
2017-11-30,GNB,1.741425,3.578705,2.571071,2.011524,2.560000
2017-11-30,INTERBANK,2.325229,4.322384,3.406539,2.832442,3.040000
2017-11-30,MIBANCO,2.367366,4.905585,3.898162,2.895169,4.650000
2017-11-30,PICHINCHA,3.315695,4.249682,3.893470,3.605611,4.190000
2017-11-30,RIPLEY,1.644130,5.548183,3.966901,2.739839,3.090000
2017-11-30,SANTANDER,0.630839,1.166789,0.800153,0.731104,1.030000
2017-11-30,SCOTIABANK,2.445723,3.356301,2.973080,2.727282,3.160000
2017-12-31,ALFIN,4.975994,17.723092,12.295451,7.898528,9.460000
2017-12-31,BANCOM,2.768913,3.080130,3.050756,2.974744,3.070000
2017-12-31,BBVA,2.233773,3.603239,2.913122,2.449571,2.680000
2017-12-31,BCP,2.196875,3.164720,2.716291,2.440166,2.970000
2017-12-31,BIF,2.432920,4.002614,3.348949,3.015566,3.140000
2017-12-31,CENCOSUD,1.672935,7.291356,4.976158,3.363560,4.050000
2017-12-31,FALABELLA,6.264654,10.477454,8.776883,7.404536,7.810000
2017-12-31,GNB,1.772996,3.402682,2.627281,2.137013,2.490000
2017-12-31,INTERBANK,2.236283,4.002367,3.237738,2.692044,2.850000
2017-12-31,MIBANCO,2.410708,4.958543,3.935680,2.910475,4.740000
2017-12-31,PICHINCHA,2.896269,3.730420,3.435267,3.230654,3.720000
2017-12-31,RIPLEY,1.703138,5.312858,3.821640,2.736681,3.040000
2017-12-31,SANTANDER,0.690582,0.903722,0.790617,0.757502,0.800000
2017-12-31,SCOTIABANK,2.456477,3.367429,3.005962,2.759317,3.150000
2018-01-31,ALFIN,5.047591,18.184980,12.342360,8.077339,9.650000
2018-01-31,BANCOM,3.000290,3.450446,3.225082,3.173333,3.430000
2018-01-31,BBVA,2.471227,3.829806,3.308094,2.662421,2.870000
2018-01-31,BCP,2.270585,3.241951,2.785615,2.493442,2.960000
2018-01-31,BIF,2.772098,3.900639,3.325332,3.065404,3.200000
2018-01-31,CENCOSUD,1.882790,7.694831,5.767564,3.624313,4.340000
2018-01-31,CITIBANK,,1.126509,,,
2018-01-31,FALABELLA,6.575252,10.432840,8.865725,7.702434,8.080000
2018-01-31,GNB,1.921598,3.864185,2.642192,2.238176,2.930000
2018-01-31,INTERBANK,2.322139,3.967962,3.204997,2.686368,2.900000
2018-01-31,MIBANCO,2.490261,4.965251,4.035558,2.951863,4.740000
2018-01-31,PICHINCHA,2.957691,3.829381,3.462888,3.234707,3.790000
2018-01-31,RIPLEY,1.823846,5.352066,3.950571,2.875655,3.160000
2018-01-31,SANTANDER,0.803844,1.339056,0.834431,0.804349,1.060000
2018-01-31,SCOTIABANK,2.517127,3.389844,3.061320,2.802429,3.250000
2018-02-28,ALFIN,4.994473,17.998092,12.151154,7.890871,9.470000
2018-02-28,BANCOM,3.136805,3.591487,3.387578,3.335709,3.570000
2018-02-28,BBVA,2.592939,3.934643,3.309021,2.744652,2.980000
2018-02-28,BCP,2.279295,3.258330,2.795916,2.517522,3.190000
2018-02-28,BIF,2.741478,3.986915,3.359261,3.060541,3.230000
2018-02-28,CENCOSUD,1.622906,8.592045,5.617878,3.477574,4.390000
2018-02-28,CITIBANK,,1.319269,1.319269,,
2018-02-28,FALABELLA,6.773609,10.630211,8.699405,7.636077,8.040000
2018-02-28,GNB,1.946615,4.100179,2.854085,2.278367,2.860000
2018-02-28,INTERBANK,2.237627,4.057606,3.141392,2.631077,2.940000
2018-02-28,MIBANCO,2.424060,5.057493,4.052772,3.001291,4.830000
2018-02-28,PICHINCHA,2.949726,3.836164,3.456183,3.237099,3.910000
2018-02-28,RIPLEY,1.847972,5.843466,3.951300,2.848728,3.170000
2018-02-28,SANTANDER,0.774708,2.143313,1.089397,0.804356,1.170000
2018-02-28,SCOTIABANK,2.525240,3.322469,3.018482,2.807487,3.260000
2018-03-31,ALFIN,5.130657,18.532810,12.419428,8.059696,9.700000
2018-03-31,BANCOM,2.988069,3.435818,3.347955,3.216697,3.440000
2018-03-31,BBVA,2.446132,3.731667,3.110180,2.590667,2.830000
2018-03-31,BCP,2.093552,3.151707,2.631432,2.322422,2.860000
2018-03-31,BIF,2.625592,3.827196,3.305471,2.973287,3.160000
2018-03-31,CENCOSUD,1.787745,9.635127,6.364213,3.720731,4.860000
2018-03-31,FALABELLA,6.422189,10.877641,8.471837,7.273417,7.660000
2018-03-31,GNB,2.017371,4.159261,3.115072,2.424812,2.920000
2018-03-31,INTERBANK,2.161592,3.835874,3.074242,2.567859,2.740000
2018-03-31,MIBANCO,2.475347,5.360239,4.188147,3.107678,5.100000
2018-03-31,PICHINCHA,2.826023,3.706655,3.388921,3.111554,3.760000
2018-03-31,RIPLEY,1.868765,6.133498,4.312844,2.877333,3.240000
2018-03-31,SANTANDER,0.623412,1.152842,1.002190,0.929922,1.020000
2018-03-31,SCOTIABANK,2.544308,3.343942,3.033589,2.827375,3.260000
2018-04-30,ALFIN,5.051281,18.657769,12.535602,7.870743,9.600000
2018-04-30,BANCOM,3.043388,3.476403,3.451776,3.371266,3.500000
2018-04-30,BBVA,2.539099,3.991927,3.430798,2.717319,3.070000
2018-04-30,BCP,2.095755,3.103987,2.655244,2.342432,2.860000
2018-04-30,BIF,2.679456,3.866340,3.324535,3.021891,3.170000
2018-04-30,CENCOSUD,1.921623,10.510522,7.239974,4.375483,5.610000
2018-04-30,FALABELLA,5.944361,10.745304,8.599700,6.943686,7.510000
2018-04-30,GNB,2.078287,4.180736,3.080743,2.527446,2.890000
2018-04-30,INTERBANK,2.079298,3.903437,3.006154,2.490509,2.720000
2018-04-30,MIBANCO,2.518745,5.462567,4.321040,3.151058,5.220000
2018-04-30,PICHINCHA,2.823027,3.997294,3.596610,3.237524,3.760000
2018-04-30,RIPLEY,1.899291,6.343650,4.575305,3.194475,3.430000
2018-04-30,SANTANDER,0.931515,1.117349,1.060742,0.938254,0.990000
2018-04-30,SCOTIABANK,2.546254,3.329076,3.001734,2.818158,3.190000
2018-05-31,ALFIN,4.849636,18.732561,12.762319,7.883120,9.680000
2018-05-31,BANCOM,3.278881,3.640764,3.556579,3.530779,3.650000
2018-05-31,BBVA,2.575776,4.195002,3.303100,2.800001,3.150000
2018-05-31,BCP,2.133188,3.151084,2.663792,2.383782,2.890000
2018-05-31,BIF,2.603419,3.684374,3.131270,2.922903,3.060000
2018-05-31,CENCOSUD,2.317239,10.788440,7.630106,5.400268,6.400000
2018-05-31,FALABELLA,5.939476,10.442226,8.487836,7.115636,7.580000
2018-05-31,GNB,2.135723,4.053007,3.023938,2.535024,2.780000
2018-05-31,INTERBANK,2.055726,3.831216,2.989962,2.489939,2.720000
2018-05-31,MIBANCO,2.547879,5.550929,4.404128,3.291647,5.320000
2018-05-31,PICHINCHA,2.908027,3.803968,3.497155,3.249489,3.720000
2018-05-31,RIPLEY,2.173133,6.281964,4.708338,3.420683,3.710000
2018-05-31,SANTANDER,0.838052,1.020855,0.924097,0.900046,0.950000
2018-05-31,SCOTIABANK,2.589589,3.355853,3.039494,2.847720,3.220000
2018-06-30,ALFIN,4.694055,18.561559,12.661945,7.834170,9.670000
2018-06-30,BANCOM,2.946238,3.211053,3.175322,3.148715,3.210000
2018-06-30,BBVA,2.414365,3.844378,3.208169,2.622395,2.950000
2018-06-30,BCP,2.188488,3.197348,2.713234,2.401086,2.900000
2018-06-30,BIF,2.580378,3.742988,3.138580,2.839866,3.010000
2018-06-30,CENCOSUD,3.053563,10.914568,7.882864,5.095701,6.210000
2018-06-30,FALABELLA,6.181440,10.509209,8.606493,7.303831,7.750000
2018-06-30,GNB,1.793315,3.810278,2.664910,2.154309,2.940000
2018-06-30,INTERBANK,2.051633,3.816901,3.031569,2.524994,2.720000
2018-06-30,MIBANCO,2.679826,5.725601,4.558757,3.333037,5.480000
2018-06-30,PICHINCHA,2.779769,3.634372,3.295102,3.086199,3.580000
2018-06-30,RIPLEY,2.151548,6.059857,4.521100,3.354329,3.540000
2018-06-30,SANTANDER,0.798377,0.965346,0.855580,0.821656,0.860000
2018-06-30,SCOTIABANK,2.567193,3.342012,3.025779,2.835259,3.260000
2018-07-31,ALFIN,4.809799,17.920092,12.595973,7.694809,9.480000
2018-07-31,BANCOM,3.065709,3.502111,3.314339,3.258604,3.480000
2018-07-31,BBVA,2.568200,4.021456,3.445923,2.849524,3.190000
2018-07-31,BCP,2.175531,3.185557,2.701579,2.407062,2.940000
2018-07-31,BIF,2.621372,3.987884,3.257623,2.950668,3.120000
2018-07-31,CENCOSUD,2.927853,10.688355,7.679750,5.469937,6.430000
2018-07-31,FALABELLA,6.424727,10.378917,8.659077,7.462712,7.870000
2018-07-31,GNB,1.881303,3.904157,2.839579,2.316465,3.000000
2018-07-31,INTERBANK,2.072866,3.806680,3.004329,2.489528,2.700000
2018-07-31,MIBANCO,2.558422,5.681042,4.503195,3.274407,5.430000
2018-07-31,PICHINCHA,2.869691,3.802734,3.350058,3.151467,3.830000
2018-07-31,RIPLEY,2.186329,5.700719,4.308011,3.239867,3.530000
2018-07-31,SANTANDER,0.820676,0.952760,0.939728,0.847691,0.880000
2018-07-31,SCOTIABANK,2.589003,3.422392,3.065717,2.869952,3.320000
2018-08-31,ALFIN,5.090951,17.591928,12.509209,7.922493,9.660000
2018-08-31,BANCOM,3.206998,3.606129,3.526806,3.361313,3.600000
2018-08-31,BBVA,2.738601,4.350701,3.414435,2.947685,3.350000
2018-08-31,BCP,2.180212,3.195546,2.709259,2.401525,2.930000
2018-08-31,BIF,2.604873,4.086922,3.162996,2.932261,3.080000
2018-08-31,CENCOSUD,3.020342,10.070399,7.932742,5.263094,6.190000
2018-08-31,FALABELLA,6.404864,10.315892,8.499226,7.368425,7.780000
2018-08-31,GNB,1.976708,4.823666,2.931833,2.358303,3.230000
2018-08-31,INTERBANK,2.105746,3.806162,3.010390,2.516437,2.690000
2018-08-31,MIBANCO,2.658958,5.683656,4.508868,3.341523,5.460000
2018-08-31,PICHINCHA,2.860970,3.832929,3.339320,3.096557,3.750000
2018-08-31,RIPLEY,2.050254,5.238398,4.039026,3.034285,3.310000
2018-08-31,SANTANDER,0.825228,0.940004,0.921632,0.920159,0.940000
2018-08-31,SCOTIABANK,2.694247,3.511124,3.191205,2.959535,3.440000
2018-09-30,ALFIN,5.177523,17.252618,12.152176,7.833751,9.530000
2018-09-30,BANCOM,2.851460,3.218078,3.183104,3.157706,3.240000
2018-09-30,BBVA,2.566182,3.963603,3.258740,2.738765,3.050000
2018-09-30,BCP,2.193453,3.162738,2.723230,2.447736,2.910000
2018-09-30,BIF,2.644424,3.947802,3.281095,2.948535,3.070000
2018-09-30,CENCOSUD,2.677561,9.932301,7.017618,5.129314,6.000000
2018-09-30,FALABELLA,2.175167,6.482628,4.443451,3.159717,3.610000
2018-09-30,GNB,2.030585,4.899035,3.503506,2.391996,3.240000
2018-09-30,INTERBANK,2.055060,3.692429,2.942052,2.432877,2.620000
2018-09-30,MIBANCO,2.612941,5.745182,4.551026,3.309639,5.500000
2018-09-30,PICHINCHA,2.698796,3.575471,3.261470,2.998897,3.490000
2018-09-30,RIPLEY,2.016739,5.223689,3.865325,2.943669,3.210000
2018-09-30,SANTANDER,0.649917,0.715025,0.690493,0.661170,0.710000
2018-09-30,SCOTIABANK,2.611481,3.419631,3.114431,2.921717,3.340000
2018-10-31,ALFIN,5.478790,17.479828,12.350027,8.020848,9.740000
2018-10-31,BANCOM,2.979704,3.213634,3.158965,3.150666,3.210000
2018-10-31,BBVA,2.680882,4.030772,3.450431,2.904256,3.160000
2018-10-31,BCP,2.152261,3.102014,2.653976,2.377095,2.880000
2018-10-31,BIF,2.751824,4.043089,3.482657,3.043265,3.170000
2018-10-31,CENCOSUD,2.851052,10.002273,6.873412,4.770087,5.700000
2018-10-31,FALABELLA,1.619279,6.054613,4.011694,2.664133,3.150000
2018-10-31,GNB,2.351017,4.662858,3.563067,2.839894,3.400000
2018-10-31,INTERBANK,2.152207,3.782147,3.005071,2.498500,2.670000
2018-10-31,MIBANCO,2.705651,5.692683,4.549725,3.387404,5.440000
2018-10-31,PICHINCHA,2.611945,3.697321,3.158699,2.934467,3.610000
2018-10-31,RIPLEY,1.969084,5.258809,3.830971,2.847732,3.130000
2018-10-31,SANTANDER,0.582194,0.640816,0.625122,0.592070,0.610000
2018-10-31,SCOTIABANK,2.718291,3.498410,3.217789,2.998218,3.430000
2018-11-30,ALFIN,5.209953,16.968739,12.146907,7.710867,9.410000
2018-11-30,BANCOM,3.083065,3.386804,3.358568,3.334397,3.400000
2018-11-30,BBVA,2.800219,4.272891,3.453485,2.958869,3.230000
2018-11-30,BCP,2.125806,3.084593,2.629343,2.341836,2.810000
2018-11-30,BIF,2.728485,4.093176,3.480936,3.037415,3.150000
2018-11-30,CENCOSUD,2.296708,9.778388,6.822168,4.198504,5.250000
2018-11-30,FALABELLA,1.532158,5.996482,3.923769,2.634604,3.120000
2018-11-30,GNB,1.908581,4.017095,2.809043,2.276170,2.740000
2018-11-30,INTERBANK,2.097278,3.784219,2.998930,2.492329,2.650000
2018-11-30,MIBANCO,2.642542,5.522509,4.479083,3.309862,5.290000
2018-11-30,PICHINCHA,2.660378,3.638454,3.283998,2.963860,3.650000
2018-11-30,RIPLEY,1.797560,5.185189,3.775924,2.664168,2.970000
2018-11-30,SANTANDER,0.574435,0.582017,0.581729,0.581290,0.580000
2018-11-30,SCOTIABANK,2.763759,3.567884,3.275213,3.073038,3.480000
2018-12-31,ALFIN,5.212261,16.750816,11.981403,7.737310,9.360000
2018-12-31,BANCOM,2.379775,2.680227,2.598659,2.575723,2.680000
2018-12-31,BBVA,2.514215,3.972294,3.330963,2.692024,2.940000
2018-12-31,BCP,1.968264,2.895177,2.456307,2.208758,2.660000
2018-12-31,BIF,2.528130,3.832343,3.215752,2.800375,2.920000
2018-12-31,CENCOSUD,2.507575,9.513000,6.930194,4.797228,5.680000
2018-12-31,FALABELLA,1.467586,5.454208,3.781905,2.548332,2.970000
2018-12-31,GNB,1.824363,3.775459,2.811951,2.186568,2.630000
2018-12-31,INTERBANK,2.068275,3.671725,2.978420,2.494266,2.640000
2018-12-31,MIBANCO,2.647614,5.489340,4.441962,3.384418,5.270000
2018-12-31,PICHINCHA,2.610053,3.568187,3.222129,2.983367,3.450000
2018-12-31,RIPLEY,1.699654,4.866963,3.662249,2.668641,2.930000
2018-12-31,SANTANDER,0.589941,0.637636,0.592458,0.589941,0.620000
2018-12-31,SCOTIABANK,2.751055,3.597193,3.279923,3.079191,3.530000
2019-01-31,ALFIN,5.021748,16.793457,11.939138,7.652590,9.300000
2019-01-31,BANCOM,2.460548,2.717383,2.697270,2.628571,2.730000
2019-01-31,BBVA,2.608322,4.102692,3.384357,2.802760,3.090000
2019-01-31,BCP,2.079568,3.063120,2.578089,2.297921,2.800000
2019-01-31,BIF,2.556840,4.276599,3.358373,2.916548,3.020000
2019-01-31,CENCOSUD,2.817294,9.366271,7.319294,4.967512,5.770000
2019-01-31,FALABELLA,1.536462,5.339979,3.685499,2.545640,2.950000
2019-01-31,GNB,1.916917,4.232966,2.963340,2.357105,2.790000
2019-01-31,INTERBANK,2.173499,3.698589,2.955088,2.499280,2.650000
2019-01-31,MIBANCO,2.782096,5.500883,4.483447,3.398369,5.300000
2019-01-31,PICHINCHA,2.770080,3.696837,3.295478,3.073682,3.580000
2019-01-31,RIPLEY,1.838077,5.301149,3.865904,2.814177,3.090000
2019-01-31,SANTANDER,0.582628,0.758397,0.629237,0.585111,0.640000
2019-01-31,SCOTIABANK,2.832441,3.570475,3.281034,3.080769,3.510000
2019-02-28,ALFIN,5.028281,16.852943,12.001686,7.608492,9.260000
2019-02-28,BANCOM,2.548894,2.812395,2.794320,2.776310,2.810000
2019-02-28,BBVA,2.732784,4.118702,3.396014,2.884849,3.220000
2019-02-28,BCP,1.967391,2.955617,2.483490,2.187606,2.760000
2019-02-28,BIF,2.577773,3.857792,3.216154,2.861784,2.980000
2019-02-28,CENCOSUD,2.244253,9.727598,6.608205,4.422541,5.340000
2019-02-28,FALABELLA,1.503452,5.330062,3.417052,2.339991,2.770000
2019-02-28,GNB,1.819782,4.305847,2.818563,2.119129,2.630000
2019-02-28,INTERBANK,2.092139,3.658904,2.901724,2.452993,2.580000
2019-02-28,MIBANCO,2.740220,5.517578,4.438115,3.457100,5.330000
2019-02-28,PICHINCHA,2.856034,3.880825,3.300920,3.122325,3.880000
2019-02-28,RIPLEY,1.808653,5.721930,4.005568,2.766272,3.090000
2019-02-28,SANTANDER,0.576658,0.622655,0.621742,0.621661,0.620000
2019-02-28,SCOTIABANK,2.800031,4.244088,3.478274,3.040763,3.510000
2019-03-31,ALFIN,4.949949,16.740938,11.947792,7.716465,9.320000
2019-03-31,BANCOM,2.392679,2.948772,2.616883,2.577119,3.210000
2019-03-31,BBVA,2.514951,3.902187,3.160873,2.675233,2.990000
2019-03-31,BCP,1.907293,2.900174,2.456012,2.132769,2.740000
2019-03-31,BIF,2.555056,3.787887,3.205689,2.828756,2.920000
2019-03-31,FALABELLA,1.347592,5.777026,3.446539,2.228634,2.760000
2019-03-31,GNB,1.753107,4.140985,2.814826,2.139849,2.720000
2019-03-31,INTERBANK,2.075352,3.666275,2.936821,2.449449,2.610000
2019-03-31,MIBANCO,2.809779,5.547175,4.483150,3.534385,5.370000
2019-03-31,PICHINCHA,2.784506,3.774008,3.361379,3.087325,3.700000
2019-03-31,RIPLEY,1.457824,5.523191,3.894343,2.559938,2.900000
2019-03-31,SANTANDER,0.521266,0.594909,0.526799,0.526799,0.540000
2019-03-31,SCOTIABANK,2.795793,4.269669,3.519958,3.078628,3.560000
2019-04-30,ALFIN,4.825325,16.911635,11.768512,7.585339,9.220000
2019-04-30,BANCOM,2.510774,3.551678,3.104312,2.781975,3.560000
2019-04-30,BBVA,2.583996,4.073767,3.495001,2.772372,3.120000
2019-04-30,BCP,1.972727,3.038919,2.548434,2.223712,2.830000
2019-04-30,BIF,2.448163,3.774667,3.110694,2.736638,2.810000
2019-04-30,FALABELLA,1.262449,5.670875,3.844910,2.258907,2.800000
2019-04-30,GNB,1.766719,4.345107,2.921950,2.195506,2.480000
2019-04-30,INTERBANK,2.080857,3.778347,2.983660,2.474725,2.660000
2019-04-30,MIBANCO,2.872858,5.519619,4.523072,3.578674,5.360000
2019-04-30,PICHINCHA,2.665626,3.849128,3.417941,3.024949,3.590000
2019-04-30,RIPLEY,1.389706,5.439263,3.891655,2.603477,2.950000
2019-04-30,SANTANDER,0.537301,0.553567,0.546206,0.537301,0.570000
2019-04-30,SCOTIABANK,2.762207,4.287834,3.551065,3.042472,3.550000
2019-05-31,ALFIN,4.922668,17.189050,12.027311,7.518496,9.200000
2019-05-31,BANCOM,2.677697,2.954427,2.930715,2.902637,2.960000
2019-05-31,BBVA,2.700225,4.307999,3.470135,2.965221,3.320000
2019-05-31,BCP,2.003815,3.080622,2.539762,2.256336,2.850000
2019-05-31,BIF,2.471288,3.767137,3.202563,2.842175,2.930000
2019-05-31,FALABELLA,1.415635,5.734209,3.758561,2.580391,3.050000
2019-05-31,GNB,1.754785,4.233969,2.950419,2.186627,2.670000
2019-05-31,INTERBANK,2.078460,3.731938,2.985172,2.508836,2.670000
2019-05-31,MIBANCO,2.908860,5.454134,4.537457,3.658490,5.300000
2019-05-31,PICHINCHA,2.836910,3.817458,3.491118,3.268200,3.710000
2019-05-31,RIPLEY,1.601184,5.547353,4.053663,2.829854,3.160000
2019-05-31,SANTANDER,0.534095,0.554998,0.549013,0.543033,0.560000
2019-05-31,SCOTIABANK,2.763580,4.243256,3.500501,3.092517,3.550000
2019-06-30,ALFIN,4.667170,17.010749,12.013635,7.468090,9.110000
2019-06-30,BANCOM,2.454651,2.668877,2.644268,2.629350,2.680000
2019-06-30,BBVA,2.648926,4.043192,3.347554,2.823512,3.130000
2019-06-30,BCP,2.044947,3.055319,2.581778,2.269806,2.870000
2019-06-30,BIF,2.492317,4.021216,3.145678,2.809576,2.900000
2019-06-30,FALABELLA,1.643001,5.919861,3.971694,2.618007,3.100000
2019-06-30,GNB,1.775044,4.118707,2.849519,2.214802,2.690000
2019-06-30,INTERBANK,2.093480,3.743898,2.988556,2.525906,2.670000
2019-06-30,MIBANCO,3.039570,5.570870,4.556601,3.712818,5.430000
2019-06-30,PICHINCHA,2.909249,3.770792,3.433204,3.193853,3.880000
2019-06-30,RIPLEY,1.553480,5.370062,3.827854,2.650508,2.960000
2019-06-30,SANTANDER,0.536801,0.612991,0.549053,0.542892,0.650000
2019-06-30,SCOTIABANK,2.804961,4.144755,3.463921,3.086826,3.550000
2019-07-31,ALFIN,4.721934,16.096129,11.641306,7.570080,9.030000
2019-07-31,BANCOM,2.517910,2.762391,2.729604,2.695814,2.810000
2019-07-31,BBVA,2.708863,4.153479,3.567487,2.912252,3.230000
2019-07-31,BCP,2.000196,3.087633,2.564437,2.254296,2.910000
2019-07-31,BIF,2.531079,3.727947,3.101071,2.784768,2.910000
2019-07-31,FALABELLA,1.508289,5.469522,3.756747,2.527979,2.970000
2019-07-31,GNB,1.784725,4.361365,2.844675,2.142517,2.790000
2019-07-31,INTERBANK,2.121939,3.749619,3.005498,2.525819,2.700000
2019-07-31,MIBANCO,3.035756,5.580054,4.525242,3.661716,5.440000
2019-07-31,PICHINCHA,2.967763,3.940210,3.505245,3.267195,3.800000
2019-07-31,RIPLEY,1.569480,5.400406,3.895917,2.655030,2.960000
2019-07-31,SANTANDER,0.515867,0.594717,0.561952,0.521719,0.620000
2019-07-31,SCOTIABANK,2.845106,4.145931,3.486020,3.105272,3.590000
2019-08-31,ALFIN,4.879915,15.399612,11.110888,7.406554,8.750000
2019-08-31,BANCOM,2.514995,2.823005,2.690508,2.650636,2.810000
2019-08-31,BBVA,2.763802,4.069834,3.458632,2.981346,3.230000
2019-08-31,BCP,2.032369,3.090600,2.638469,2.276877,2.850000
2019-08-31,BIF,1.760097,3.518122,2.695182,2.283553,2.850000
2019-08-31,FALABELLA,1.447295,5.339753,3.651687,2.450101,2.880000
2019-08-31,GNB,1.847346,5.642464,3.232728,2.199121,3.870000
2019-08-31,INTERBANK,2.107096,3.773449,2.997254,2.531210,2.740000
2019-08-31,MIBANCO,3.127135,5.651354,4.694794,3.737193,5.490000
2019-08-31,PICHINCHA,2.510969,3.850706,3.067258,2.799992,4.000000
2019-08-31,RIPLEY,1.559654,5.327978,3.958970,2.739024,3.020000
2019-08-31,SANTANDER,0.386937,0.619372,0.457845,0.428015,0.540000
2019-08-31,SCOTIABANK,2.864499,4.186062,3.519374,3.117180,3.560000
2019-09-30,ALFIN,4.830132,15.539785,10.819671,7.210944,8.550000
2019-09-30,BANCOM,2.136634,2.419373,2.400510,2.368089,2.590000
2019-09-30,BBVA,2.698211,3.942497,3.453715,2.870176,3.090000
2019-09-30,BCP,2.035646,3.112516,2.625224,2.331977,2.830000
2019-09-30,BIF,2.391220,3.739040,3.057864,2.698156,2.850000
2019-09-30,FALABELLA,1.435263,5.475965,3.580762,2.431529,2.880000
2019-09-30,GNB,1.843782,5.622450,4.208633,2.455374,3.900000
2019-09-30,INTERBANK,2.129264,3.828784,3.049482,2.552820,2.780000
2019-09-30,MIBANCO,3.109631,5.638089,4.608159,3.830256,5.500000
2019-09-30,PICHINCHA,2.558615,4.305452,3.739831,2.928454,4.030000
2019-09-30,RIPLEY,1.710053,5.468601,3.956789,2.853814,3.140000
2019-09-30,SANTANDER,0.404152,0.593351,0.507925,0.433817,0.530000
2019-09-30,SCOTIABANK,2.901735,4.389616,3.572034,3.189984,3.590000
2019-10-31,ALFIN,4.815662,16.168395,11.288128,7.271095,8.650000
2019-10-31,BANCOM,2.275774,2.589765,2.525959,2.506278,2.660000
2019-10-31,BBVA,2.775043,4.121270,3.358113,2.930348,3.180000
2019-10-31,BCP,2.036867,3.038523,2.540111,2.253751,2.760000
2019-10-31,BIF,2.478247,3.645157,3.068552,2.810196,2.920000
2019-10-31,FALABELLA,1.445664,5.627824,3.646232,2.380121,2.880000
2019-10-31,GNB,2.054318,5.509976,4.142229,3.541390,3.840000
2019-10-31,INTERBANK,2.089313,3.724445,3.006053,2.493585,2.650000
2019-10-31,MIBANCO,3.255118,5.595813,4.603492,3.853039,5.450000
2019-10-31,PICHINCHA,2.447932,3.971715,3.576906,3.267644,3.890000
2019-10-31,RIPLEY,1.759284,5.559816,4.005800,2.830645,3.130000
2019-10-31,SANTANDER,0.388334,0.551450,0.519692,0.461598,0.500000
2019-10-31,SCOTIABANK,2.914329,4.170433,3.521754,3.167710,3.610000
2019-11-30,ALFIN,4.733270,16.858751,11.821951,7.569759,8.990000
2019-11-30,BANCOM,2.300274,2.634926,2.527777,2.484010,2.810000
2019-11-30,BBVA,2.755910,4.012962,3.336224,2.903087,3.120000
2019-11-30,BCP,1.972641,2.981802,2.513226,2.185757,2.710000
2019-11-30,BIF,2.549003,3.705548,3.103886,2.834095,2.920000
2019-11-30,FALABELLA,1.357312,5.570104,3.707178,2.372618,2.870000
2019-11-30,GNB,3.271129,5.742299,4.327242,3.664653,4.170000
2019-11-30,INTERBANK,2.026142,3.671661,2.965374,2.488282,2.620000
2019-11-30,MIBANCO,3.259159,5.531543,4.586853,3.814144,5.390000
2019-11-30,PICHINCHA,2.893950,3.960367,3.635879,3.349713,3.830000
2019-11-30,RIPLEY,1.691131,5.404360,3.940322,2.715620,3.020000
2019-11-30,SANTANDER,0.458740,0.823697,0.517931,0.517298,0.860000
2019-11-30,SCOTIABANK,2.892771,4.218848,3.517940,3.129911,3.570000
2019-12-31,ALFIN,4.504906,17.216616,12.005343,7.593112,8.990000
2019-12-31,BANCOM,2.120513,2.533547,2.468554,2.360590,2.540000
2019-12-31,BBVA,2.601989,3.824537,3.359385,2.813514,3.020000
2019-12-31,BCP,1.955328,2.953515,2.498932,2.192571,2.710000
2019-12-31,BIF,2.471035,3.534020,2.997046,2.721918,2.870000
2019-12-31,FALABELLA,1.388535,5.136437,3.628403,2.429248,2.850000
2019-12-31,GNB,3.313349,5.749227,4.410767,3.723564,4.290000
2019-12-31,INTERBANK,2.019020,3.621037,2.915563,2.456613,2.620000
2019-12-31,MIBANCO,3.286829,5.544117,4.615643,3.916585,5.420000
2019-12-31,PICHINCHA,3.142017,4.192314,3.814741,3.561836,4.030000
2019-12-31,RIPLEY,1.679196,5.261038,3.887308,2.767127,3.040000
2019-12-31,SANTANDER,0.503140,0.546289,0.531307,0.503778,0.550000
2019-12-31,SCOTIABANK,2.757847,4.114048,3.444487,3.022880,3.500000
2020-01-31,ALFIN,4.079757,17.658975,12.131093,7.539218,9.010000
2020-01-31,BANCOM,2.210277,2.994589,2.591026,2.500604,3.030000
2020-01-31,BBVA,2.760924,4.121370,3.381076,2.916457,3.180000
2020-01-31,BCP,1.996090,3.089885,2.572549,2.255115,2.810000
2020-01-31,BIF,2.349124,3.403231,2.850199,2.588445,2.750000
2020-01-31,FALABELLA,1.494232,5.356286,3.607690,2.492047,2.910000
2020-01-31,GNB,2.685630,5.489669,3.868273,3.170683,3.840000
2020-01-31,INTERBANK,2.116037,3.621807,2.931062,2.446497,2.610000
2020-01-31,MIBANCO,3.368657,5.517501,4.593195,3.872304,5.380000
2020-01-31,PICHINCHA,,,,,4.360000
2020-01-31,RIPLEY,1.811300,5.402460,4.042709,2.908978,3.170000
2020-01-31,SANTANDER,0.501713,0.657092,0.533314,0.518454,0.630000
2020-01-31,SCOTIABANK,2.728459,4.123800,3.424878,3.025235,3.550000
2020-02-29,ALFIN,3.996276,17.830825,12.337272,7.481591,9.030000
2020-02-29,BANCOM,2.393504,3.176540,2.822420,2.703381,3.280000
2020-02-29,BBVA,2.810090,4.069220,3.417475,2.943023,3.250000
2020-02-29,BCP,1.903821,2.981809,2.491773,2.156151,2.710000
2020-02-29,BIF,2.270948,3.497119,2.903225,2.553198,2.790000
2020-02-29,FALABELLA,1.468405,5.327624,3.711918,2.410614,2.830000
2020-02-29,GNB,2.752321,5.675079,4.112612,3.240883,3.850000
2020-02-29,INTERBANK,2.033013,3.752880,2.938555,2.480953,2.660000
2020-02-29,MIBANCO,3.340026,5.577180,4.608589,3.913692,5.430000
2020-02-29,PICHINCHA,3.162042,4.306753,3.974622,3.670540,4.240000
2020-02-29,RIPLEY,1.748297,5.644582,3.976825,2.810188,3.110000
2020-02-29,SANTANDER,0.531872,0.570269,0.565696,0.547197,0.600000
2020-02-29,SCOTIABANK,2.783531,4.266600,3.531947,3.068824,3.620000
2020-03-31,ALFIN,3.036929,17.147620,10.742583,6.320153,7.850000
2020-03-31,BANCOM,2.206300,2.859899,2.657156,2.509105,2.860000
2020-03-31,BBVA,2.712083,3.698502,3.149888,2.837656,3.140000
2020-03-31,BCP,1.899688,3.081995,2.542556,2.170417,2.810000
2020-03-31,BIF,1.973442,3.130531,2.589022,2.283959,2.420000
2020-03-31,FALABELLA,1.436781,6.599436,4.257647,2.622908,3.260000
2020-03-31,GNB,2.786094,5.644806,4.352532,3.330362,4.090000
2020-03-31,INTERBANK,1.788041,3.310832,2.588942,2.121155,2.790000
2020-03-31,MIBANCO,3.338913,5.351638,4.588661,3.904934,5.420000
2020-03-31,PICHINCHA,2.982874,4.444464,4.066908,3.478366,4.570000
2020-03-31,RIPLEY,1.741268,5.580897,3.923241,2.789131,3.090000
2020-03-31,SANTANDER,0.512141,1.196406,0.527939,0.512158,1.450000
2020-03-31,SCOTIABANK,2.738004,4.195146,3.427199,3.006695,3.790000
2020-04-30,ALFIN,4.534115,19.057811,11.691116,7.755924,9.040000
2020-04-30,BANCOM,2.286496,2.942134,2.762864,2.670243,2.910000
2020-04-30,BBVA,2.736915,4.698673,3.501543,2.964892,3.690000
2020-04-30,BCP,2.088390,2.985170,2.724666,2.427675,2.920000
2020-04-30,BIF,2.036859,2.950562,2.415135,2.164670,2.440000
2020-04-30,FALABELLA,1.749900,8.650634,5.722500,3.527933,4.040000
2020-04-30,GNB,2.742725,7.431143,4.548246,3.301575,4.150000
2020-04-30,INTERBANK,1.685032,3.868368,2.641344,2.065634,3.030000
2020-04-30,MIBANCO,3.241209,5.122091,4.368744,3.756734,5.030000
2020-04-30,PICHINCHA,2.934644,4.792003,4.055255,3.418564,4.750000
2020-04-30,RIPLEY,1.400894,5.462090,3.705468,2.462725,2.780000
2020-04-30,SANTANDER,0.491890,0.965453,0.922296,0.507199,0.960000
2020-04-30,SCOTIABANK,2.689151,4.590920,3.528729,2.979177,4.180000
2020-05-31,ALFIN,3.956612,23.270346,13.975872,7.388266,10.010000
2020-05-31,BANCOM,2.320434,3.024927,2.660327,2.621586,3.030000
2020-05-31,BBVA,2.679337,4.255666,3.538597,2.888579,3.350000
2020-05-31,BCP,2.107135,2.626597,2.487789,2.346409,2.540000
2020-05-31,BIF,1.924248,3.436185,2.278734,2.101330,2.250000
2020-05-31,FALABELLA,2.110100,10.619221,5.619940,3.634002,4.660000
2020-05-31,GNB,2.782791,8.449932,5.378306,3.482751,4.030000
2020-05-31,INTERBANK,1.546096,3.484070,2.553052,1.962343,2.390000
2020-05-31,MIBANCO,3.180383,5.958901,4.729392,3.690077,5.800000
2020-05-31,PICHINCHA,2.647558,3.991517,3.487466,3.128793,3.920000
2020-05-31,RIPLEY,0.055205,3.930674,2.319178,1.107143,1.410000
2020-05-31,SANTANDER,0.538467,0.948401,0.948401,0.913540,0.950000
2020-05-31,SCOTIABANK,2.549745,4.718502,3.694922,2.920549,4.100000
2020-06-30,ALFIN,2.040553,17.534365,10.892083,5.656198,8.130000
2020-06-30,BANCOM,2.404377,2.706867,2.517676,2.506709,2.730000
2020-06-30,BBVA,2.612571,3.798158,3.437174,2.919482,3.230000
2020-06-30,BCP,2.315653,2.735127,2.534178,2.431218,2.670000
2020-06-30,BIF,1.994046,3.117327,2.611192,2.204375,2.310000
2020-06-30,FALABELLA,2.225588,12.479310,6.846442,3.755860,5.130000
2020-06-30,GNB,2.932174,7.200134,5.031693,3.639759,4.010000
2020-06-30,INTERBANK,1.520866,3.448401,2.646953,2.049514,2.440000
2020-06-30,MIBANCO,3.176487,5.475035,4.250582,3.675395,6.510000
2020-06-30,PICHINCHA,2.664689,4.252283,3.694692,3.136364,4.320000
2020-06-30,RIPLEY,0.074103,4.106553,2.387587,1.145266,1.820000
2020-06-30,SANTANDER,0.907730,0.943014,0.942990,0.942990,0.940000
2020-06-30,SCOTIABANK,2.510839,4.393234,3.548758,2.879884,4.130000
2020-07-31,ALFIN,2.094672,19.199452,10.725655,5.840534,8.220000
2020-07-31,BANCOM,2.378708,2.575258,2.540089,2.515121,2.580000
2020-07-31,BBVA,2.572913,3.450266,3.032367,2.722488,3.040000
2020-07-31,BCP,2.331534,2.953291,2.532319,2.420559,2.710000
2020-07-31,BIF,1.997946,3.443368,2.484782,2.211985,2.310000
2020-07-31,FALABELLA,2.210400,10.783333,8.042628,4.404074,5.450000
2020-07-31,GNB,3.158657,7.440878,5.307705,3.923113,4.340000
2020-07-31,INTERBANK,1.534815,3.666322,2.550377,2.047215,2.280000
2020-07-31,MIBANCO,3.423455,6.046560,4.789267,4.064751,5.910000
2020-07-31,PICHINCHA,2.643357,4.158132,3.471918,3.141531,4.010000
2020-07-31,RIPLEY,0.082525,5.907233,2.524001,1.202410,2.010000
2020-07-31,SANTANDER,0.982232,0.982232,0.982232,0.982232,0.980000
2020-07-31,SCOTIABANK,2.571230,4.656565,3.534575,3.022076,3.740000
2020-08-31,ALFIN,3.827355,21.745396,11.397609,4.605130,7.940000
2020-08-31,BANCOM,2.268695,2.694435,2.563429,2.436905,2.610000
2020-08-31,BBVA,2.526281,3.536319,3.008943,2.657333,2.970000
2020-08-31,BCP,2.287590,2.934216,2.690278,2.381305,2.790000
2020-08-31,BIF,1.681172,2.919546,2.418738,1.956094,2.300000
2020-08-31,FALABELLA,2.708476,10.478615,7.910854,5.807004,6.330000
2020-08-31,GNB,3.321705,7.886323,5.788776,4.199458,4.540000
2020-08-31,INTERBANK,1.559778,4.023922,2.700648,1.961653,2.280000
2020-08-31,MIBANCO,2.890175,5.028047,4.212958,3.439217,5.670000
2020-08-31,PICHINCHA,2.607507,4.133622,3.647566,3.083428,3.960000
2020-08-31,RIPLEY,0.120307,6.788857,3.733212,1.402777,2.340000
2020-08-31,SANTANDER,0.968887,0.970179,0.968887,0.968887,0.970000
2020-08-31,SCOTIABANK,2.757317,4.700256,4.000469,3.114058,4.150000
2020-09-30,ALFIN,2.378099,26.997499,18.925610,8.095632,11.840000
2020-09-30,BANCOM,2.264537,2.882754,2.767454,2.504964,2.780000
2020-09-30,BBVA,2.525694,3.603451,3.234286,2.725158,3.000000
2020-09-30,BCP,2.295952,3.065590,2.748185,2.556973,2.880000
2020-09-30,BIF,1.857758,2.994164,2.667277,2.239561,2.560000
2020-09-30,FALABELLA,3.768230,10.134899,7.502680,5.507740,5.960000
2020-09-30,GNB,3.912391,8.131848,6.799692,5.265818,5.470000
2020-09-30,INTERBANK,1.777021,4.717305,3.477161,2.462848,2.740000
2020-09-30,MIBANCO,3.664545,6.092293,5.110345,4.459400,6.010000
2020-09-30,PICHINCHA,2.788603,4.529717,3.876933,3.446683,4.240000
2020-09-30,RIPLEY,1.685364,13.994428,6.265934,3.684033,4.280000
2020-09-30,SANTANDER,0.988942,0.989865,0.989865,0.988942,0.990000
2020-09-30,SCOTIABANK,3.008290,5.062295,4.462374,3.869547,4.410000
2020-10-31,ALFIN,5.985073,28.504703,21.474377,12.485942,15.560000
2020-10-31,BANCOM,2.550610,3.035350,2.960972,2.796266,2.980000
2020-10-31,BBVA,2.612186,3.622091,3.237078,2.900565,3.120000
2020-10-31,BCP,2.361475,3.290024,2.781736,2.538846,3.040000
2020-10-31,BIF,2.156996,4.145563,3.325616,2.467927,2.860000
2020-10-31,FALABELLA,2.512082,8.977352,6.443446,4.148168,4.630000
2020-10-31,GNB,4.324864,7.498060,6.336032,5.411878,5.480000
2020-10-31,INTERBANK,2.190224,4.813443,4.138394,3.106170,3.340000
2020-10-31,MIBANCO,4.105905,6.847721,6.237666,4.685994,6.680000
2020-10-31,PICHINCHA,3.485917,4.716104,4.449798,3.960156,4.640000
2020-10-31,RIPLEY,2.492844,16.153447,11.846274,5.280691,5.890000
2020-10-31,SANTANDER,0.756042,0.757121,0.757039,0.757039,0.780000
2020-10-31,SCOTIABANK,3.524827,5.757536,4.503327,4.001461,4.550000
2020-11-30,ALFIN,8.036415,31.586435,20.912883,12.482312,16.010000
2020-11-30,BANCOM,2.700217,3.009524,2.994204,2.927286,3.230000
2020-11-30,BBVA,2.764164,3.788669,3.358098,2.960845,3.140000
2020-11-30,BCP,2.367159,3.534871,2.979694,2.585589,3.190000
2020-11-30,BIF,1.956345,3.990188,3.314481,2.569423,3.170000
2020-11-30,FALABELLA,2.355407,8.356119,6.280530,4.247241,4.720000
2020-11-30,GNB,4.692374,7.239853,6.071751,5.278636,5.360000
2020-11-30,INTERBANK,2.520383,4.858128,3.986166,3.464252,3.700000
2020-11-30,MIBANCO,3.623820,6.860973,5.816606,5.350358,6.790000
2020-11-30,PICHINCHA,3.709405,5.138447,4.754544,4.355710,4.710000
2020-11-30,RIPLEY,2.969918,16.794630,12.843297,9.098398,9.510000
2020-11-30,SANTANDER,0.769796,0.789873,0.769908,0.769796,0.810000
2020-11-30,SCOTIABANK,3.703087,6.458226,5.235993,4.129779,4.790000
2020-12-31,ALFIN,7.001144,30.905095,22.226384,11.173371,15.460000
2020-12-31,BANCOM,2.161593,2.484464,2.461927,2.444175,2.560000
2020-12-31,BBVA,2.827002,3.825076,3.396113,3.029790,3.220000
2020-12-31,BCP,2.342712,3.510748,3.134215,2.710630,3.200000
2020-12-31,BIF,2.379505,3.709493,3.326706,2.792509,3.180000
2020-12-31,FALABELLA,2.668286,7.617412,5.894903,4.337015,4.690000
2020-12-31,GNB,3.277951,5.403870,4.435106,3.761331,3.890000
2020-12-31,INTERBANK,2.766077,4.653114,3.864662,3.227757,3.400000
2020-12-31,MIBANCO,4.805275,7.161279,6.010226,5.238686,7.080000
2020-12-31,PICHINCHA,4.135673,5.659083,5.344320,5.150044,5.550000
2020-12-31,RIPLEY,7.618072,17.480279,14.875078,11.279808,11.650000
2020-12-31,SANTANDER,0.807437,0.876276,0.828340,0.807437,0.890000
2020-12-31,SCOTIABANK,3.738959,6.523143,5.756614,4.734523,5.370000
2021-01-31,ALFIN,4.697226,33.927535,22.865502,13.072260,15.190000
2021-01-31,BANCOM,2.305011,3.262341,2.505143,2.479091,3.380000
2021-01-31,BBVA,2.934885,3.899879,3.432320,3.141280,3.370000
2021-01-31,BCP,2.330994,3.309901,2.976467,2.711571,3.100000
2021-01-31,BIF,2.668817,3.854695,3.338545,3.082288,3.350000
2021-01-31,FALABELLA,2.878399,7.112367,5.557996,4.187348,4.490000
2021-01-31,GNB,3.075077,5.730853,4.159113,3.466096,3.990000
2021-01-31,INTERBANK,2.474377,4.294498,3.658472,3.067461,3.220000
2021-01-31,MIBANCO,4.791795,7.572544,6.386755,5.452996,7.480000
2021-01-31,PICHINCHA,4.408677,5.478655,5.001688,4.870027,5.430000
2021-01-31,RIPLEY,4.622675,11.839124,10.422968,8.223939,8.490000
2021-01-31,SANTANDER,0.803028,0.918931,0.863206,0.823851,0.910000
2021-01-31,SCOTIABANK,4.272354,6.408685,5.721652,5.149180,5.680000
2021-02-28,ALFIN,5.233929,35.093995,23.024973,13.729541,14.640000
2021-02-28,BANCOM,2.320935,3.479522,2.695485,2.656260,3.820000
2021-02-28,BBVA,2.960093,3.990998,3.504273,3.150229,3.370000
2021-02-28,BCP,2.451375,3.295031,2.926860,2.691290,3.090000
2021-02-28,BIF,2.773272,3.820058,3.357662,2.961690,3.300000
2021-02-28,FALABELLA,2.362593,6.521339,4.726144,3.480342,3.860000
2021-02-28,GNB,2.925188,5.952177,4.108785,3.398066,3.890000
2021-02-28,INTERBANK,2.605821,4.299408,3.660176,3.179696,3.350000
2021-02-28,MIBANCO,5.094192,8.384583,6.844350,5.844593,8.250000
2021-02-28,PICHINCHA,4.505150,5.745448,5.111040,4.819900,5.650000
2021-02-28,RIPLEY,3.869395,9.671621,7.308849,6.059403,6.290000
2021-02-28,SANTANDER,0.805786,0.998728,0.878628,0.845534,1.010000
2021-02-28,SCOTIABANK,4.586443,6.247286,5.504974,5.059520,5.490000
2021-03-31,ALFIN,7.671557,35.554973,25.444545,17.412224,18.610000
2021-03-31,BANCOM,2.364292,3.782698,3.452164,2.645583,3.860000
2021-03-31,BBVA,3.014751,3.970517,3.514166,3.177952,3.380000
2021-03-31,BCP,2.477641,3.321730,2.965871,2.701087,3.070000
2021-03-31,BIF,2.579007,3.597045,3.173394,2.858313,3.210000
2021-03-31,FALABELLA,1.877131,6.272200,4.071238,2.927436,3.250000
2021-03-31,GNB,2.980941,5.908044,4.673090,3.722498,3.940000
2021-03-31,INTERBANK,2.614204,4.136329,3.526542,3.069556,3.260000
2021-03-31,MIBANCO,5.493312,9.299612,7.579565,6.348276,9.160000
2021-03-31,PICHINCHA,4.258315,5.679840,5.269342,4.758292,5.580000
2021-03-31,RIPLEY,2.193618,7.955070,5.199002,3.361249,3.670000
2021-03-31,SANTANDER,0.869743,1.147807,0.917609,0.890927,1.010000
2021-03-31,SCOTIABANK,4.154241,5.636243,5.000601,4.469649,4.890000
2021-04-30,ALFIN,13.542327,38.259987,27.150721,21.127890,22.700000
2021-04-30,BANCOM,2.535874,3.673753,3.636832,3.584340,3.850000
2021-04-30,BBVA,2.991630,4.028333,3.529846,3.147127,3.330000
2021-04-30,BCP,2.378812,3.208639,2.876992,2.627522,2.940000
2021-04-30,BIF,2.451054,3.517174,2.967317,2.649550,3.060000
2021-04-30,FALABELLA,1.537913,5.916153,4.221600,2.542730,3.010000
2021-04-30,GNB,3.153201,5.919269,4.683451,3.912048,4.210000
2021-04-30,INTERBANK,2.552630,3.918349,3.424298,2.968105,3.140000
2021-04-30,MIBANCO,5.127660,9.171010,7.504393,6.228248,9.020000
2021-04-30,PICHINCHA,4.314838,5.989825,5.563461,5.055868,5.780000
2021-04-30,RIPLEY,1.443731,7.596486,5.327461,3.140068,3.470000
2021-04-30,SANTANDER,0.880956,1.068149,1.008225,0.904540,1.040000
2021-04-30,SCOTIABANK,3.759071,5.301821,4.581190,4.163984,4.550000
2021-05-31,ALFIN,8.188174,32.510122,22.259324,14.850819,16.460000
2021-05-31,BANCOM,2.759936,3.199973,3.095578,3.077053,3.280000
2021-05-31,BBVA,2.921053,3.926549,3.505653,3.098521,3.270000
2021-05-31,BCP,2.395336,3.197639,2.833858,2.606500,2.950000
2021-05-31,BIF,2.432352,3.421991,2.942509,2.685357,2.990000
2021-05-31,CITIBANK,0.000008,0.000008,0.000008,0.000008,
2021-05-31,FALABELLA,1.674667,5.473166,4.091466,2.897699,3.230000
2021-05-31,GNB,3.311317,5.812790,4.618562,3.816841,4.040000
2021-05-31,INTERBANK,2.512415,3.826543,3.258557,2.910386,3.110000
2021-05-31,MIBANCO,5.116114,9.064791,7.397926,6.289991,8.940000
2021-05-31,PICHINCHA,4.524521,6.080436,5.582230,5.254979,5.960000
2021-05-31,RIPLEY,2.034164,7.615842,5.710694,4.066048,4.310000
2021-05-31,SANTANDER,0.888992,1.003255,1.003229,0.962363,1.020000
2021-05-31,SCOTIABANK,3.626048,5.072414,4.395145,3.941671,4.370000
2021-06-30,ALFIN,3.768038,28.641715,17.002099,11.429315,12.990000
2021-06-30,BANCOM,2.732721,3.274640,3.182602,3.076313,3.370000
2021-06-30,BBVA,2.968037,3.824130,3.519725,3.085701,3.260000
2021-06-30,BCP,2.384342,3.195281,2.853908,2.583252,3.090000
2021-06-30,BIF,2.478863,3.372382,2.979091,2.671174,2.970000
2021-06-30,FALABELLA,1.830508,5.093992,3.848357,2.762500,3.050000
2021-06-30,GNB,3.378725,5.796119,4.715003,3.897970,4.080000
2021-06-30,INTERBANK,2.497600,3.725546,3.220938,2.856024,3.030000
2021-06-30,MIBANCO,5.431652,9.060958,7.491160,6.393899,8.950000
2021-06-30,PICHINCHA,4.857082,6.375154,5.875434,5.452497,6.310000
2021-06-30,RIPLEY,2.407785,7.456879,5.524502,3.933141,4.180000
2021-06-30,SANTANDER,0.964702,1.273600,1.004542,1.004535,1.310000
2021-06-30,SCOTIABANK,3.661398,5.029506,4.428992,3.980029,4.390000
2021-07-31,ALFIN,2.085824,22.105586,12.644001,7.563552,8.900000
2021-07-31,BANCOM,2.959445,3.646259,3.477518,3.392068,4.320000
2021-07-31,BBVA,2.990208,3.870296,3.451327,3.136028,3.410000
2021-07-31,BCP,2.395786,3.465770,2.843886,2.632939,3.240000
2021-07-31,BIF,2.463774,3.339950,2.954293,2.652352,2.940000
2021-07-31,FALABELLA,1.568078,4.390065,3.260500,2.360433,2.600000
2021-07-31,GNB,3.468576,6.208505,4.676428,4.000566,4.330000
2021-07-31,INTERBANK,2.326635,3.595789,3.042026,2.708278,3.060000
2021-07-31,MIBANCO,5.059046,8.846355,6.980798,5.925292,8.530000
2021-07-31,PICHINCHA,4.654727,6.293394,5.606763,5.305175,6.370000
2021-07-31,RIPLEY,2.061181,6.435625,4.977059,3.500564,3.660000
2021-07-31,SANTANDER,0.793786,1.434313,1.328098,0.793794,1.430000
2021-07-31,SCOTIABANK,3.498438,4.842074,4.172333,3.823302,4.330000
2021-08-31,ALFIN,1.348516,19.151588,14.116460,6.451903,7.860000
2021-08-31,BANCOM,3.255026,4.590613,3.746581,3.624034,4.660000
2021-08-31,BBVA,3.045575,4.087400,3.647869,3.171362,3.510000
2021-08-31,BCP,2.499520,3.408980,3.024266,2.683671,3.310000
2021-08-31,BIF,2.465565,3.471112,2.896468,2.558358,3.160000
2021-08-31,FALABELLA,1.407984,3.902703,2.948082,2.095458,2.310000
2021-08-31,GNB,3.442831,6.153583,4.836135,3.933531,4.190000
2021-08-31,INTERBANK,2.382038,3.693006,3.016034,2.658896,3.140000
2021-08-31,MIBANCO,4.821243,8.507204,6.820213,5.704088,8.350000
2021-08-31,PICHINCHA,4.756418,5.989697,5.669516,5.287727,6.070000
2021-08-31,RIPLEY,1.797276,5.632877,4.359640,3.161037,3.310000
2021-08-31,SANTANDER,0.779538,1.236713,1.064592,1.064592,1.170000
2021-08-31,SCOTIABANK,3.447384,4.697468,4.057619,3.669724,4.280000
2021-09-30,ALFIN,4.218798,19.649127,15.170254,11.700431,12.530000
2021-09-30,BANCOM,2.745702,4.048432,3.914068,3.124515,4.120000
2021-09-30,BBVA,3.057012,4.007238,3.646854,3.219321,3.550000
2021-09-30,BCP,2.479802,3.450759,3.027210,2.755925,3.470000
2021-09-30,BIF,2.197221,3.215188,2.870373,2.464650,3.040000
2021-09-30,FALABELLA,1.237460,3.487708,2.573287,1.875701,2.070000
2021-09-30,GNB,3.362217,5.956366,4.798801,3.819241,4.150000
2021-09-30,INTERBANK,2.324792,3.735930,3.052641,2.639809,3.320000
2021-09-30,MIBANCO,4.978393,8.490686,6.839681,5.880690,8.120000
2021-09-30,PICHINCHA,4.516506,5.766088,5.344050,5.063851,5.780000
2021-09-30,RIPLEY,1.625399,4.858158,3.730035,2.680183,2.830000
2021-09-30,SANTANDER,1.074683,1.181085,1.170854,1.074683,1.210000
2021-09-30,SCOTIABANK,3.309028,4.398675,3.856020,3.562113,4.070000
2021-10-31,ALFIN,5.840638,8.952567,7.856552,6.795528,11.120000
2021-10-31,BANCOM,2.950085,5.223963,4.013362,3.928298,5.270000
2021-10-31,BBVA,3.035039,4.058513,3.542371,3.217761,3.610000
2021-10-31,BCP,2.592603,3.686082,3.134555,2.816220,3.620000
2021-10-31,BIF,2.232319,3.285891,2.785267,2.582326,3.080000
2021-10-31,FALABELLA,1.148465,3.309084,2.323065,1.678329,1.880000
2021-10-31,GNB,3.399222,6.058372,4.842630,3.960499,4.190000
2021-10-31,INTERBANK,2.262519,4.081422,3.088471,2.676133,3.700000
2021-10-31,MIBANCO,4.985059,8.682440,6.706930,5.656396,8.350000
2021-10-31,PICHINCHA,4.515885,5.629336,5.233252,4.884994,5.630000
2021-10-31,RIPLEY,1.364718,4.302777,3.214268,2.296958,2.460000
2021-10-31,SANTANDER,1.036316,1.173504,1.135741,1.128418,1.180000
2021-10-31,SCOTIABANK,3.225189,4.331470,3.714171,3.404604,3.990000
2021-11-30,ALFIN,2.984100,5.797914,4.622469,3.877915,6.730000
2021-11-30,BANCOM,3.155647,4.633078,4.544536,3.415695,4.740000
2021-11-30,BBVA,3.050227,4.129979,3.758566,3.227463,3.680000
2021-11-30,BCP,2.596123,3.683361,3.177260,2.836307,3.820000
2021-11-30,BIF,2.335786,3.438343,2.747623,2.453055,3.120000
2021-11-30,FALABELLA,1.023594,3.178838,2.226196,1.524591,1.750000
2021-11-30,GNB,3.459317,6.098571,4.828057,4.115828,4.450000
2021-11-30,INTERBANK,2.315127,4.217078,3.415225,2.721642,3.700000
2021-11-30,MIBANCO,3.353029,7.072758,5.389807,4.161785,6.750000
2021-11-30,PICHINCHA,4.534681,5.804544,5.428945,5.057864,5.800000
2021-11-30,RIPLEY,1.179465,3.950531,2.866058,1.981380,2.180000
2021-11-30,SANTANDER,1.074040,1.126863,1.117844,1.081173,1.160000
2021-11-30,SCOTIABANK,3.179760,4.250492,3.691678,3.366499,3.890000
2021-12-31,ALFIN,3.160781,11.535439,6.464148,4.580489,5.020000
2021-12-31,BANCOM,2.576820,3.689838,3.433681,3.358923,3.750000
2021-12-31,BBVA,3.037326,4.227775,3.645897,3.276813,3.700000
2021-12-31,BCP,2.637999,3.850573,3.350841,2.987987,3.730000
2021-12-31,BIF,2.208836,3.284214,2.895929,2.350533,2.940000
2021-12-31,FALABELLA,0.981231,3.178956,2.205067,1.523726,1.740000
2021-12-31,GNB,3.423443,5.926542,4.806767,3.941853,4.210000
2021-12-31,INTERBANK,2.360299,4.089717,3.530608,2.999290,3.620000
2021-12-31,MIBANCO,3.650886,7.064876,5.547362,4.644590,6.790000
2021-12-31,PICHINCHA,3.954615,5.536305,4.707901,4.432758,5.400000
2021-12-31,RIPLEY,0.853730,3.519121,2.455099,1.651624,1.880000
2021-12-31,SANTANDER,0.975448,1.012714,1.006147,0.997303,1.050000
2021-12-31,SCOTIABANK,3.111422,4.161900,3.632536,3.327146,3.850000
2022-01-31,ALFIN,1.253485,10.214270,7.002525,2.846661,3.330000
2022-01-31,BANCOM,3.273061,3.985348,3.706755,3.561118,4.070000
2022-01-31,BBVA,3.159581,4.550829,3.910683,3.333044,3.950000
2022-01-31,BCP,2.827095,4.057686,3.546464,3.167463,3.900000
2022-01-31,BIF,2.249853,3.502874,2.968057,2.712512,3.270000
2022-01-31,FALABELLA,1.022689,3.358726,2.346788,1.596570,1.820000
2022-01-31,GNB,3.392622,6.032281,4.749781,3.985994,4.200000
2022-01-31,INTERBANK,2.650977,4.126975,3.489686,3.082023,3.610000
2022-01-31,MIBANCO,4.180857,7.134561,5.705434,4.900531,6.920000
2022-01-31,PICHINCHA,4.029932,5.517135,5.080723,4.470196,5.590000
2022-01-31,RIPLEY,0.846264,3.723469,2.572315,1.664692,1.910000
2022-01-31,SANTANDER,0.966541,1.040582,0.975403,0.975403,1.050000
2022-01-31,SCOTIABANK,3.010328,4.044110,3.501326,3.208065,3.710000
2022-02-28,ALFIN,1.195282,10.634701,7.726653,5.276946,5.860000
2022-02-28,BANCOM,3.147112,3.876633,3.635736,3.405039,4.110000
2022-02-28,BBVA,3.199272,2.613618,3.871478,3.414825,4.000000
2022-02-28,BCP,2.905379,3.983312,3.590929,3.211519,3.900000
2022-02-28,BIF,2.571702,3.694232,2.999140,2.726632,3.500000
2022-02-28,FALABELLA,1.093921,3.508411,2.319772,1.593679,1.870000
2022-02-28,GNB,3.492204,6.399089,4.801897,3.979212,4.220000
2022-02-28,INTERBANK,2.500614,3.872133,3.256530,2.850704,3.310000
2022-02-28,MIBANCO,4.250671,6.935364,5.523689,4.786786,6.710000
2022-02-28,PICHINCHA,4.052297,5.616289,5.050978,4.807498,5.600000
2022-02-28,RIPLEY,0.838191,4.126533,2.695388,1.668790,1.990000
2022-02-28,SANTANDER,0.907843,0.958420,0.958417,0.907843,1.000000
2022-02-28,SCOTIABANK,2.894243,3.893424,3.378899,3.083119,3.550000
2022-03-31,ALFIN,2.376886,9.457015,6.681259,4.518997,5.160000
2022-03-31,BANCOM,2.937295,3.557716,3.474803,3.379176,3.580000
2022-03-31,BBVA,3.200049,4.618117,3.962325,3.437830,3.950000
2022-03-31,BCP,2.896688,4.101806,3.510294,3.188245,3.920000
2022-03-31,BIF,2.585892,3.725667,3.207012,2.816298,3.430000
2022-03-31,FALABELLA,1.051533,3.892673,2.454601,1.643008,1.940000
2022-03-31,GNB,3.314887,5.979931,4.620199,3.769700,4.050000
2022-03-31,INTERBANK,2.432553,3.815317,3.183396,2.838305,3.170000
2022-03-31,MIBANCO,4.294999,7.085527,5.527955,4.830392,6.860000
2022-03-31,PICHINCHA,4.271165,5.387406,4.951744,4.640625,5.470000
2022-03-31,RIPLEY,0.836370,4.470424,2.971137,1.758796,2.150000
2022-03-31,SANTANDER,0.875087,1.033822,0.894914,0.894910,1.140000
2022-03-31,SCOTIABANK,2.868945,3.891989,3.337583,3.058889,3.540000
2022-04-30,ALFIN,2.065426,10.209637,6.275215,4.040283,4.660000
2022-04-30,BANCOM,3.171323,3.766701,3.625512,3.552856,3.840000
2022-04-30,BBVA,3.207508,4.558583,3.987829,3.575096,3.970000
2022-04-30,BCP,2.897103,4.031044,3.552415,3.160508,3.890000
2022-04-30,BIF,2.684816,3.820893,3.329912,2.976347,3.460000
2022-04-30,FALABELLA,1.054853,4.182907,2.833689,1.724136,2.070000
2022-04-30,GNB,3.277986,5.846010,4.627698,3.936887,4.110000
2022-04-30,INTERBANK,2.300674,3.631151,3.013428,2.640260,2.990000
2022-04-30,MIBANCO,4.407985,7.251303,5.745580,4.933926,6.730000
2022-04-30,PICHINCHA,4.269902,5.599447,5.054797,4.746422,5.510000
2022-04-30,RIPLEY,0.957723,4.931791,3.265842,2.043645,2.460000
2022-04-30,SANTANDER,0.846451,1.463710,0.957029,0.863352,1.480000
2022-04-30,SCOTIABANK,2.751592,3.779923,3.235150,2.941332,3.460000
2022-05-31,ALFIN,1.888724,9.314350,6.295112,3.914850,4.530000
2022-05-31,BANCOM,3.294884,3.949850,3.749095,3.614892,3.960000
2022-05-31,BBVA,3.397530,4.590953,4.197980,3.631985,3.960000
2022-05-31,BCP,2.893547,4.151597,3.548946,3.211850,3.980000
2022-05-31,BIF,2.752919,3.923314,3.398911,2.999045,3.610000
2022-05-31,FALABELLA,1.272769,4.829547,3.173297,2.114255,2.430000
2022-05-31,GNB,3.440185,5.739272,4.667646,3.913483,4.150000
2022-05-31,INTERBANK,2.194006,3.585541,2.969511,2.571734,2.890000
2022-05-31,MIBANCO,4.511449,7.445532,5.921897,5.141040,6.880000
2022-05-31,PICHINCHA,4.190020,5.695005,5.003108,4.627488,5.810000
2022-05-31,RIPLEY,1.130957,5.299522,3.525770,2.316786,2.730000
2022-05-31,SANTANDER,0.893556,1.410060,1.285000,0.902821,1.430000
2022-05-31,SCOTIABANK,2.713213,3.785124,3.190267,2.908443,3.430000
2022-06-30,ALFIN,2.069421,9.156015,6.472783,4.279122,4.910000
2022-06-30,BANCOM,3.192355,3.808032,3.733617,3.595056,3.880000
2022-06-30,BBVA,3.502816,4.713307,4.119437,3.723946,4.020000
2022-06-30,BCP,2.838468,3.999863,3.558130,3.097643,3.970000
2022-06-30,BIF,2.793412,3.972564,3.542243,3.127390,3.730000
2022-06-30,FALABELLA,1.429006,5.300749,3.591809,2.306667,2.650000
2022-06-30,GNB,3.306848,5.419433,4.436263,3.871604,3.930000
2022-06-30,INTERBANK,2.088625,3.493320,2.855989,2.474464,2.790000
2022-06-30,MIBANCO,4.663719,7.612374,6.089958,5.270924,6.850000
2022-06-30,PICHINCHA,4.132914,5.823223,5.247131,4.674770,5.860000
2022-06-30,RIPLEY,1.290213,5.475277,3.824447,2.377992,2.820000
2022-06-30,SANTANDER,0.845112,0.987090,0.963570,0.863556,1.020000
2022-06-30,SCOTIABANK,2.737504,3.992926,3.238682,2.914550,3.620000
2022-07-31,ALFIN,2.186263,9.378023,6.117059,4.205663,4.850000
2022-07-31,BANCOM,2.344080,2.899602,2.706094,2.658957,3.510000
2022-07-31,BBVA,3.438183,4.540396,4.081451,3.615299,4.000000
2022-07-31,BCP,2.463354,3.535832,3.028129,2.737436,3.850000
2022-07-31,BIF,2.936085,4.016342,3.581555,3.262939,3.680000
2022-07-31,FALABELLA,1.633067,5.660199,4.012332,2.680674,3.020000
2022-07-31,GNB,3.430051,5.315314,4.370425,3.771810,3.830000
2022-07-31,INTERBANK,2.092789,3.420722,2.848499,2.442451,2.790000
2022-07-31,MIBANCO,4.542669,7.584084,6.033288,5.161965,6.810000
2022-07-31,PICHINCHA,4.158029,5.587536,5.152034,4.816721,6.310000
2022-07-31,RIPLEY,1.411890,5.651552,3.868035,2.692523,3.080000
2022-07-31,SANTANDER,0.742567,0.877256,0.862945,0.840051,0.890000
2022-07-31,SCOTIABANK,2.714109,4.211407,3.395719,2.917543,3.900000
2022-08-31,ALFIN,1.876028,8.733617,5.764492,3.631587,4.140000
2022-08-31,BANCOM,2.920367,3.890526,3.294825,3.152833,3.950000
2022-08-31,BBVA,3.330518,4.623717,4.104094,3.528764,4.090000
2022-08-31,BCP,2.513038,3.703174,3.116414,2.714426,3.960000
2022-08-31,BIF,2.633724,3.823749,3.315820,3.073122,3.600000
2022-08-31,FALABELLA,1.825847,5.905100,4.291376,2.951963,3.280000
2022-08-31,GNB,3.271889,5.314615,4.218027,3.697893,3.730000
2022-08-31,INTERBANK,2.219339,3.678906,2.969589,2.560788,3.130000
2022-08-31,MIBANCO,4.740798,7.715918,6.244492,5.399401,6.510000
2022-08-31,PICHINCHA,4.508731,6.256489,5.286670,4.945427,6.270000
2022-08-31,RIPLEY,1.573545,5.574266,4.095184,2.758303,3.120000
2022-08-31,SANTANDER,0.837353,0.886410,0.860112,0.860105,0.890000
2022-08-31,SCOTIABANK,2.794556,4.374227,3.612228,3.164215,4.010000
2022-09-30,ALFIN,1.470314,7.971872,5.403072,3.374769,3.860000
2022-09-30,BANCOM,2.307981,3.647977,3.469832,2.648658,3.660000
2022-09-30,BBVA,3.331708,4.812755,4.086121,3.587087,4.180000
2022-09-30,BCP,2.556216,3.789045,3.193694,2.828373,4.040000
2022-09-30,BIF,3.021065,3.735691,3.473080,3.251568,3.430000
2022-09-30,FALABELLA,2.115254,6.266049,4.556597,3.272024,3.600000
2022-09-30,GNB,3.293005,5.430383,4.227463,3.618640,3.670000
2022-09-30,INTERBANK,2.135131,3.789578,2.939827,2.520102,3.200000
2022-09-30,MIBANCO,4.952773,7.854874,6.419045,5.609651,6.620000
2022-09-30,PICHINCHA,4.255916,5.648952,5.339573,4.713871,5.610000
2022-09-30,RIPLEY,1.491758,5.582182,3.870011,2.715531,3.070000
2022-09-30,SANTANDER,0.852720,0.876963,0.852726,0.852726,0.940000
2022-09-30,SCOTIABANK,2.992620,4.428090,3.780128,3.333860,4.030000
2022-10-31,ALFIN,1.756362,8.164625,5.330812,3.594455,3.910000
2022-10-31,BANCOM,2.544105,3.778598,3.734270,3.675292,3.790000
2022-10-31,BBVA,3.335841,5.033017,4.283200,3.661096,4.290000
2022-10-31,BCP,2.569593,3.829961,3.255824,2.826004,4.030000
2022-10-31,BIF,3.136987,3.804109,3.476228,3.237237,3.520000
2022-10-31,FALABELLA,2.262025,6.686878,4.739354,3.359359,3.720000
2022-10-31,GNB,3.254242,5.462888,4.394581,3.727312,3.790000
2022-10-31,INTERBANK,2.295740,4.062480,3.136037,2.631382,3.370000
2022-10-31,MIBANCO,5.030884,7.988950,6.469612,5.707480,6.730000
2022-10-31,PICHINCHA,4.388275,5.793868,5.406567,5.128110,5.600000
2022-10-31,RIPLEY,1.540208,5.431448,3.735884,2.630555,2.970000
2022-10-31,SANTANDER,0.857954,0.947905,0.882354,0.857954,1.070000
2022-10-31,SCOTIABANK,3.103277,4.481154,3.781004,3.450586,4.070000
2022-11-30,ALFIN,1.710152,8.638903,5.312383,3.288553,3.600000
2022-11-30,BANCOM,3.328226,3.986080,3.692502,3.650805,4.010000
2022-11-30,BBVA,3.363016,4.923996,4.352441,3.662176,4.300000
2022-11-30,BCP,2.556584,3.908737,3.302624,2.871765,4.080000
2022-11-30,BIF,2.786012,3.651651,3.157190,2.896568,3.460000
2022-11-30,FALABELLA,2.279995,7.081487,5.083523,3.452940,3.860000
2022-11-30,GNB,3.283526,5.469387,4.327121,3.660603,3.740000
2022-11-30,INTERBANK,2.147171,3.948514,3.150273,2.579864,3.230000
2022-11-30,MIBANCO,4.610590,7.440498,6.030439,5.215489,5.880000
2022-11-30,PICHINCHA,4.316748,5.604187,5.098114,4.745913,5.390000
2022-11-30,RIPLEY,1.422020,5.378723,3.739167,2.425695,2.800000
2022-11-30,SANTANDER,0.890451,1.133589,0.975561,0.890682,1.320000
2022-11-30,SCOTIABANK,3.252840,4.483735,3.826601,3.480270,4.110000
2022-12-31,ALFIN,1.696310,9.164036,5.669456,3.408156,3.750000
2022-12-31,BANCOM,3.010687,3.708643,3.498861,3.378392,3.730000
2022-12-31,BBVA,3.391352,5.015765,4.263921,3.697652,4.370000
2022-12-31,BCP,2.762958,4.122848,3.538243,3.130861,3.960000
2022-12-31,BIF,2.755924,3.839348,3.262719,2.915472,3.440000
2022-12-31,FALABELLA,2.376802,7.229762,5.380552,3.746881,4.130000
2022-12-31,GNB,3.266838,5.495992,4.421931,3.643472,3.730000
2022-12-31,INTERBANK,2.075701,3.806371,3.100853,2.570692,3.030000
2022-12-31,MIBANCO,4.428663,7.422300,5.922351,5.080047,5.570000
2022-12-31,PICHINCHA,4.405561,5.569388,5.229630,4.886248,5.510000
2022-12-31,RIPLEY,1.453621,5.458167,3.674636,2.593496,2.920000
2022-12-31,SANTANDER,0.953793,1.433670,1.176370,1.044452,1.530000
2022-12-31,SCOTIABANK,3.284803,4.518866,3.876726,3.528458,4.080000
2023-01-31,ALFIN,1.709136,6.514777,4.894677,3.821775,4.030000
2023-01-31,BANCOM,3.261497,3.946078,3.778091,3.590669,4.020000
2023-01-31,BBVA,3.544247,5.378331,4.679521,3.890991,4.540000
2023-01-31,BCP,2.803084,4.180215,3.590925,3.140312,4.020000
2023-01-31,BIF,2.831732,4.030043,3.576453,3.063174,3.590000
2023-01-31,FALABELLA,2.749718,7.797120,5.791836,4.204325,4.590000
2023-01-31,GNB,3.147344,5.566168,4.270917,3.660698,3.710000
2023-01-31,INTERBANK,2.336199,3.922161,3.217154,2.723575,3.210000
2023-01-31,MIBANCO,4.663291,7.167048,6.027073,5.323633,4.970000
2023-01-31,PICHINCHA,4.595868,5.940313,5.460613,5.140306,5.810000
2023-01-31,RIPLEY,1.569404,5.396437,4.142631,2.708009,2.990000
2023-01-31,SANTANDER,0.977426,1.873627,1.229747,1.101390,1.890000
2023-01-31,SCOTIABANK,3.271220,4.524027,3.847494,3.497918,4.040000
2023-02-28,ALFIN,2.204812,5.846598,4.151268,3.275643,3.380000
2023-02-28,BANCOM,3.318041,3.955059,3.802604,3.723189,3.940000
2023-02-28,BBVA,3.607425,5.305955,4.623388,3.993915,4.550000
2023-02-28,BCP,2.777971,4.097649,3.557768,3.121715,4.050000
2023-02-28,BIF,2.922510,4.074173,3.648602,3.306680,3.640000
2023-02-28,FALABELLA,2.954046,7.997668,5.904295,4.220433,4.640000
2023-02-28,GNB,3.363110,5.814736,4.522189,3.734379,3.910000
2023-02-28,INTERBANK,2.246209,3.879604,3.079207,2.676732,3.160000
2023-02-28,MIBANCO,4.512795,6.773420,5.609695,5.002009,4.520000
2023-02-28,PICHINCHA,4.414157,6.025386,5.337138,4.876834,5.970000
2023-02-28,RIPLEY,1.442237,5.926623,3.969404,2.783615,3.080000
2023-02-28,SANTANDER,0.959614,1.729732,1.578231,1.090542,1.610000
2023-02-28,SCOTIABANK,3.307199,4.606332,3.889549,3.524911,4.090000
2023-03-31,ALFIN,1.730044,5.969055,3.662944,2.474252,2.580000
2023-03-31,BANCOM,3.342936,3.921474,3.807382,3.713308,4.000000
2023-03-31,BBVA,3.616043,5.113048,4.318018,3.866081,4.380000
2023-03-31,BCP,2.672262,4.250024,3.460246,3.013072,3.990000
2023-03-31,BIF,3.067511,4.110400,3.551237,3.251904,3.570000
2023-03-31,FALABELLA,2.938479,9.040594,6.216515,4.452841,4.970000
2023-03-31,GNB,3.402876,5.872072,4.609646,3.816872,4.040000
2023-03-31,INTERBANK,2.212499,3.829477,3.038569,2.583346,3.050000
2023-03-31,MIBANCO,4.369902,7.329391,5.493484,4.842918,5.030000
2023-03-31,PICHINCHA,4.355640,5.947319,5.423856,4.967148,5.860000
2023-03-31,RIPLEY,1.642017,6.494168,4.229996,2.705296,3.120000
2023-03-31,SANTANDER,1.038061,1.500270,1.500141,1.498507,1.500000
2023-03-31,SCOTIABANK,3.288858,4.644028,3.885982,3.526437,4.080000
2023-04-30,ALFIN,1.195971,7.125072,3.727540,2.187548,2.370000
2023-04-30,BANCOM,3.431788,4.240806,3.949192,3.850135,4.290000
2023-04-30,BBVA,3.607512,5.114509,4.343137,3.837308,4.380000
2023-04-30,BCP,2.725531,4.215704,3.559971,3.068618,4.020000
2023-04-30,BIF,3.121233,4.263002,3.704248,3.303312,3.700000
2023-04-30,FALABELLA,3.032463,9.572147,6.993893,4.627165,5.290000
2023-04-30,GNB,3.460423,6.271656,4.850150,3.973200,4.270000
2023-04-30,INTERBANK,2.124433,3.853768,3.012533,2.568515,3.010000
2023-04-30,MIBANCO,4.323483,7.847541,6.039200,4.847507,5.510000
2023-04-30,PICHINCHA,4.754267,6.423498,5.900565,5.440980,6.120000
2023-04-30,RIPLEY,1.418183,7.519935,4.685905,2.845477,3.470000
2023-04-30,SANTANDER,1.512632,1.520871,1.514427,1.512632,1.550000
2023-04-30,SCOTIABANK,3.240999,4.741470,3.904790,3.475093,4.140000
2023-05-31,ALFIN,1.458588,8.807036,5.144896,2.859348,3.140000
2023-05-31,BANCOM,3.019886,4.365473,3.722930,3.458649,4.420000
2023-05-31,BBVA,3.652191,5.273214,4.684648,3.970599,4.550000
2023-05-31,BCP,2.844940,4.337465,3.694549,3.239818,4.100000
2023-05-31,BIF,3.223882,4.351525,3.847833,3.483865,3.830000
2023-05-31,FALABELLA,3.619110,10.157497,7.658075,5.558397,6.080000
2023-05-31,GNB,3.410335,5.819866,4.644017,3.858180,4.020000
2023-05-31,INTERBANK,2.170588,4.010840,3.133161,2.646224,3.020000
2023-05-31,MIBANCO,4.507668,8.435437,6.583800,5.468414,6.100000
2023-05-31,PICHINCHA,4.757828,6.309435,5.673003,5.364438,6.130000
2023-05-31,RIPLEY,1.730991,7.883851,5.602545,3.590176,4.190000
2023-05-31,SANTANDER,1.478179,1.570372,1.480443,1.478305,1.490000
2023-05-31,SCOTIABANK,2.886366,4.207129,3.530799,3.151850,3.720000
2023-06-30,ALFIN,1.715224,11.735235,5.823421,3.950861,4.260000
2023-06-30,BANCOM,2.977551,4.383936,4.265847,4.227967,4.420000
2023-06-30,BBVA,3.712889,5.525177,4.616381,4.033268,4.610000
2023-06-30,BCP,2.952385,4.397672,3.751848,3.292568,4.110000
2023-06-30,BIF,3.285075,4.382863,3.828957,3.482518,3.830000
2023-06-30,FALABELLA,4.008011,10.495230,8.003682,5.929622,6.440000
2023-06-30,GNB,3.418217,5.785963,4.602311,3.896229,3.990000
2023-06-30,INTERBANK,2.142248,4.152357,3.167577,2.571453,2.950000
2023-06-30,MIBANCO,4.878493,8.663730,6.946582,5.813891,6.310000
2023-06-30,PICHINCHA,4.540243,6.261762,5.621983,5.064898,5.940000
2023-06-30,RIPLEY,2.153031,8.168014,5.826438,3.986622,4.480000
2023-06-30,SANTANDER,1.431368,1.564920,1.436847,1.431368,1.440000
2023-06-30,SCOTIABANK,2.926704,4.361447,3.506065,3.177387,3.750000
2023-07-31,ALFIN,2.445883,14.807730,8.811413,4.408873,4.730000
2023-07-31,BANCOM,4.059331,4.749680,4.645930,4.548018,4.800000
2023-07-31,BBVA,3.768414,5.730277,4.888431,4.081599,4.710000
2023-07-31,BCP,3.026329,4.654183,3.858720,3.386265,4.330000
2023-07-31,BIF,3.328889,4.479629,3.885198,3.544967,3.930000
2023-07-31,FALABELLA,4.356041,10.666207,8.171647,6.202156,6.690000
2023-07-31,GNB,3.400393,5.724018,4.503561,3.860997,3.930000
2023-07-31,INTERBANK,2.159960,4.377838,3.373845,2.730571,3.140000
2023-07-31,MIBANCO,5.105786,8.789788,7.106033,6.064187,6.370000
2023-07-31,PICHINCHA,4.781589,6.523963,5.988409,5.567732,6.280000
2023-07-31,RIPLEY,2.392192,8.184296,5.807371,4.104505,4.560000
2023-07-31,SANTANDER,1.434702,1.605141,1.436328,1.434715,1.550000
2023-07-31,SCOTIABANK,2.998259,4.603214,3.683855,3.261723,3.960000
2023-08-31,ALFIN,1.927818,14.072517,10.479668,6.503778,6.870000
2023-08-31,BANCOM,3.918909,4.677286,4.589846,4.520258,4.740000
2023-08-31,BBVA,3.762590,5.789675,4.943354,4.139117,4.730000
2023-08-31,BCP,3.038072,4.767862,4.060391,3.469581,4.460000
2023-08-31,BIF,2.952533,4.127834,3.478991,3.157119,3.560000
2023-08-31,FALABELLA,4.281503,10.483157,8.092560,6.088332,6.580000
2023-08-31,GNB,3.073639,5.607275,4.135762,3.502489,3.620000
2023-08-31,INTERBANK,2.402558,4.497901,3.501570,2.881555,3.310000
2023-08-31,MIBANCO,5.622175,9.089439,7.399966,6.458506,6.510000
2023-08-31,PICHINCHA,4.998594,6.532446,5.991958,5.649124,6.490000
2023-08-31,RIPLEY,2.165102,7.954923,5.878379,3.970629,4.410000
2023-08-31,SANTANDER,1.211164,1.381471,1.339253,1.211164,1.280000
2023-08-31,SCOTIABANK,3.015850,4.684399,3.769915,3.266077,3.990000
2023-09-30,ALFIN,1.590122,12.784707,7.350485,5.775709,6.110000
2023-09-30,BANCOM,4.082880,4.878541,4.710273,4.643518,4.940000
2023-09-30,BBVA,3.675960,5.652502,4.722389,4.117226,4.670000
2023-09-30,BCP,3.117721,4.655676,3.991933,3.532707,4.410000
2023-09-30,BIF,2.946033,4.214810,3.585277,3.149159,3.640000
2023-09-30,CITIBANK,,0.160883,0.160883,,
2023-09-30,FALABELLA,4.237098,10.820528,8.067093,6.148331,6.650000
2023-09-30,GNB,3.043419,5.623451,4.266843,3.464438,3.590000
2023-09-30,INTERBANK,2.226989,4.591982,3.505087,2.791799,3.340000
2023-09-30,MIBANCO,5.585655,9.005243,7.400669,6.407694,6.290000
2023-09-30,PICHINCHA,5.135700,6.810478,6.095305,5.737876,6.430000
2023-09-30,RIPLEY,2.299349,8.800527,5.899394,4.112796,4.590000
2023-09-30,SANTANDER,1.207337,1.370496,1.349898,1.248827,1.300000
2023-09-30,SCOTIABANK,3.147701,4.890945,3.994785,3.487678,4.140000
2023-10-31,ALFIN,0.767046,8.955729,3.780770,1.895275,2.230000
2023-10-31,BANCOM,4.256176,4.836036,4.710831,4.644600,4.890000
2023-10-31,BBVA,3.745384,5.754295,5.036417,4.158629,4.770000
2023-10-31,BCI,,1.892142,,,2.220000
2023-10-31,BCP,3.255277,4.814997,4.092530,3.616934,4.500000
2023-10-31,BIF,2.977845,4.257936,3.644234,3.307977,3.670000
2023-10-31,FALABELLA,4.355298,11.208889,8.320346,6.137225,6.690000
2023-10-31,GNB,2.762403,5.312600,4.031091,3.285731,3.360000
2023-10-31,INTERBANK,2.513362,4.804749,3.730322,3.039512,3.510000
2023-10-31,MIBANCO,5.638642,9.196976,7.479987,6.539857,6.430000
2023-10-31,PICHINCHA,5.323833,6.983679,6.447371,5.918234,6.660000
2023-10-31,RIPLEY,2.317944,9.468822,6.350209,4.208978,4.750000
2023-10-31,SANTANDER,1.242830,1.347324,1.271504,1.271504,1.290000
2023-10-31,SCOTIABANK,3.222166,5.023961,4.036639,3.560855,4.250000
2023-11-30,ALFIN,1.256648,11.609196,4.907201,3.377262,3.730000
2023-11-30,BANCOM,4.575823,5.248680,5.120684,5.039986,5.380000
2023-11-30,BBVA,3.743890,5.977317,4.929592,4.157480,4.840000
2023-11-30,BCI,,2.203593,1.875398,,2.200000
2023-11-30,BCP,3.129736,4.711655,4.010305,3.506372,4.380000
2023-11-30,BIF,2.960636,4.258133,3.583298,3.206823,3.570000
2023-11-30,FALABELLA,4.307435,11.298128,8.633382,6.354027,6.920000
2023-11-30,GNB,2.711046,5.091398,3.933301,3.206511,3.240000
2023-11-30,INTERBANK,2.518768,4.879715,3.833055,3.071331,3.570000
2023-11-30,MIBANCO,5.767552,9.224048,7.606299,6.570721,6.400000
2023-11-30,PICHINCHA,5.158216,6.871134,6.477638,5.938735,6.450000
2023-11-30,RIPLEY,2.440552,9.941164,7.081762,4.468999,5.070000
2023-11-30,SANTANDER,1.281699,1.294735,1.281700,1.281699,1.300000
2023-11-30,SCOTIABANK,3.319325,5.125323,4.153594,3.615052,4.350000
2023-12-31,ALFIN,0.775639,10.446305,4.508278,2.723564,3.140000
2023-12-31,BANCOM,3.266639,4.074839,3.859024,3.775127,4.080000
2023-12-31,BBVA,3.521123,5.690485,4.776814,3.999731,4.710000
2023-12-31,BCI,,1.837157,1.597910,1.597910,1.840000
2023-12-31,BCP,3.025928,4.440475,3.902061,3.422881,4.210000
2023-12-31,BIF,2.984988,4.135324,3.562306,3.276637,3.510000
2023-12-31,FALABELLA,4.471163,10.847285,8.598431,6.552906,7.030000
2023-12-31,GNB,2.833019,5.380869,4.153847,3.363563,3.420000
2023-12-31,INTERBANK,2.503690,4.816753,3.772445,3.057798,3.540000
2023-12-31,MIBANCO,5.931719,9.344450,7.759813,6.765151,6.350000
2023-12-31,PICHINCHA,5.354474,6.691376,6.335638,6.120962,6.550000
2023-12-31,RIPLEY,2.805127,9.962176,7.423032,5.262320,5.760000
2023-12-31,SANTANDER,1.258262,1.359036,1.295070,1.258262,1.480000
2023-12-31,SCOTIABANK,3.388673,5.222038,4.224453,3.746352,4.520000
2024-01-31,ALFIN,0.705620,9.774904,4.245968,2.855272,3.320000
2024-01-31,BANCOM,3.659175,4.384173,4.300189,4.110950,4.400000
2024-01-31,BBVA,3.695814,5.787361,5.011666,4.122037,4.890000
2024-01-31,BCI,1.737893,1.933221,1.737893,1.737893,1.930000
2024-01-31,BCP,3.172891,4.707239,4.038109,3.550857,4.340000
2024-01-31,BIF,3.124384,4.322290,3.646643,3.319575,3.670000
2024-01-31,FALABELLA,4.104188,10.247372,8.011524,6.099656,6.540000
2024-01-31,GNB,2.843565,5.464066,4.123738,3.205059,3.310000
2024-01-31,INTERBANK,2.829395,4.986735,3.959949,3.244249,3.710000
2024-01-31,MIBANCO,6.129592,9.357027,7.894866,6.891388,6.310000
2024-01-31,PICHINCHA,5.536727,6.953421,6.304084,6.043210,6.630000
2024-01-31,RIPLEY,3.210299,9.958619,7.699529,5.556787,6.030000
2024-01-31,SANTANDER,1.241146,1.352988,1.268135,1.253090,1.390000
2024-01-31,SCOTIABANK,3.502993,5.260858,4.326125,3.800878,4.540000
2024-02-29,ALFIN,1.135792,10.666042,4.757045,3.621904,4.160000
2024-02-29,BANCOM,3.901019,4.627301,4.560813,4.501718,4.640000
2024-02-29,BBVA,3.751222,5.931016,4.944432,4.192655,4.930000
2024-02-29,BCI,1.920513,1.963319,1.963319,1.920513,1.960000
2024-02-29,BCP,3.125445,4.661542,3.981086,3.520999,4.230000
2024-02-29,BIF,3.124718,4.690693,3.711172,3.367272,3.960000
2024-02-29,FALABELLA,4.050447,9.967551,7.680625,5.850633,6.260000
2024-02-29,GNB,2.869590,5.644375,4.221995,3.279434,3.410000
2024-02-29,ICBC,,,,,0.230000
2024-02-29,INTERBANK,2.672192,5.018642,4.053976,3.326168,3.680000
2024-02-29,MIBANCO,6.270141,9.501712,8.021662,7.066900,6.430000
2024-02-29,PICHINCHA,5.540208,7.252599,6.580142,6.155994,6.750000
2024-02-29,RIPLEY,3.024686,10.044155,7.288986,5.099117,5.640000
2024-02-29,SANTANDER,1.309408,1.548225,1.347918,1.325019,1.420000
2024-02-29,SCOTIABANK,3.527652,5.422279,4.411698,3.878188,4.640000
2024-03-31,ALFIN,1.111882,10.903076,5.667999,3.792429,4.660000
2024-03-31,BANCOM,3.513140,4.107117,4.014977,3.951338,4.170000
2024-03-31,BBVA,3.510287,5.623049,4.754071,3.957126,4.650000
2024-03-31,BCI,1.708543,1.746624,1.746624,1.746624,1.750000
2024-03-31,BCP,3.106320,4.638141,3.917072,3.478623,4.370000
2024-03-31,BIF,3.164503,4.778674,4.088821,3.417824,4.020000
2024-03-31,FALABELLA,3.745778,10.209938,7.516628,5.433590,5.980000
2024-03-31,GNB,2.745538,5.618711,4.140672,3.228750,3.340000
2024-03-31,ICBC,,,,,1.900000
2024-03-31,INTERBANK,2.706064,5.045767,3.966137,3.233029,3.690000
2024-03-31,MIBANCO,6.507464,9.826700,8.242765,7.266080,6.730000
2024-03-31,PICHINCHA,5.683232,7.595811,6.936714,6.492899,7.150000
2024-03-31,RIPLEY,3.096406,10.074242,7.365192,4.964611,5.540000
2024-03-31,SANTANDER,1.246973,1.711398,1.456120,1.276919,1.540000
2024-03-31,SCOTIABANK,3.555662,5.612068,4.448452,3.868149,4.820000
2024-04-30,ALFIN,1.141497,13.151329,7.424217,4.710701,5.290000
2024-04-30,BANCOM,3.444907,4.081594,3.924570,3.823299,4.040000
2024-04-30,BBVA,3.512474,5.569154,4.905362,4.056534,4.730000
2024-04-30,BCI,1.855903,2.309763,1.855903,1.855903,2.310000
2024-04-30,BCP,2.972905,4.552127,3.843704,3.326147,4.150000
2024-04-30,BIF,3.267618,4.910586,4.232638,3.823611,4.230000
2024-04-30,FALABELLA,3.739740,10.279838,7.718789,5.630424,6.180000
2024-04-30,GNB,2.767504,5.426028,4.197030,3.224049,3.290000
2024-04-30,ICBC,,1.722939,1.722939,,1.720000
2024-04-30,INTERBANK,2.715384,5.024435,4.103237,3.384284,3.680000
2024-04-30,MIBANCO,6.320553,9.836937,8.162082,7.155619,6.700000
2024-04-30,PICHINCHA,5.763457,8.155291,7.243771,6.622773,7.390000
2024-04-30,RIPLEY,2.902559,10.118641,7.529344,5.183838,5.740000
2024-04-30,SANTANDER,1.318065,3.254344,1.763293,1.503508,3.940000
2024-04-30,SCOTIABANK,3.538120,5.601613,4.498187,3.885971,4.760000
2024-05-31,ALFIN,1.340020,13.754100,8.379937,6.428344,7.060000
2024-05-31,BANCOM,3.711030,4.613289,4.303251,4.160531,4.640000
2024-05-31,BBVA,3.715035,5.801655,4.727503,4.192519,4.830000
2024-05-31,BCI,1.483053,4.260980,1.845733,1.483053,4.260000
2024-05-31,BCP,2.950417,4.587611,3.819743,3.347019,4.140000
2024-05-31,BIF,3.631533,4.928155,4.311826,3.905227,4.260000
2024-05-31,FALABELLA,4.031415,10.238424,7.866485,5.941417,6.440000
2024-05-31,GNB,2.750394,5.437730,4.051235,3.185643,3.330000
2024-05-31,ICBC,,1.780782,1.780782,1.780782,1.780000
2024-05-31,INTERBANK,2.605639,4.792335,3.822760,3.196431,3.540000
2024-05-31,MIBANCO,6.739461,10.438134,8.694865,7.716302,7.300000
2024-05-31,PICHINCHA,5.637829,7.666156,7.042056,6.489995,7.170000
2024-05-31,RIPLEY,3.251925,9.910676,7.558651,5.685038,6.140000
2024-05-31,SANTANDER,1.352663,2.700197,1.836972,1.613709,4.120000
2024-05-31,SCOTIABANK,3.555954,5.525569,4.503423,3.956977,4.770000
2024-06-30,ALFIN,1.369737,10.974237,5.996943,4.203422,4.740000
2024-06-30,BANCOM,3.945835,4.807687,4.685998,4.490576,4.880000
2024-06-30,BBVA,3.568815,5.364912,4.563637,3.965668,4.540000
2024-06-30,BCI,1.343257,3.859331,3.859331,1.671750,3.860000
2024-06-30,BCP,2.970149,4.365913,3.745484,3.336703,4.090000
2024-06-30,BIF,3.606431,4.922258,4.290122,3.910203,4.280000
2024-06-30,FALABELLA,4.183456,9.896639,7.686604,5.943594,6.390000
2024-06-30,GNB,2.703341,5.377245,4.160774,3.222163,3.320000
2024-06-30,ICBC,1.722100,1.722100,1.722100,1.722100,1.720000
2024-06-30,INTERBANK,2.517511,4.524080,3.582802,3.008016,3.370000
2024-06-30,MIBANCO,6.904478,10.639157,8.867915,7.778947,7.430000
2024-06-30,PICHINCHA,6.012200,8.193704,7.487182,6.904351,7.540000
2024-06-30,RIPLEY,3.463897,9.331675,7.179066,5.222002,5.660000
2024-06-30,SANTANDER,1.433735,4.764048,3.748752,2.910938,4.770000
2024-06-30,SCOTIABANK,3.703982,5.655345,4.628866,4.048429,4.880000
2024-07-31,ALFIN,1.622404,11.273301,6.224244,4.694861,5.240000
2024-07-31,BANCOM,4.322100,5.026076,4.865236,4.768603,5.040000
2024-07-31,BBVA,3.606398,5.165196,4.583222,3.994754,4.570000
2024-07-31,BCI,1.477668,3.701638,3.411281,3.411281,4.570000
2024-07-31,BCP,3.003263,4.553890,3.820450,3.403217,4.240000
2024-07-31,BIF,3.671499,4.827039,4.307021,3.930159,4.210000
2024-07-31,CITIBANK,,,,,0.380000
2024-07-31,FALABELLA,4.199686,9.024083,7.231316,5.732069,6.100000
2024-07-31,GNB,2.622727,5.021946,3.885196,3.062941,3.170000
2024-07-31,ICBC,1.457824,1.457824,1.457824,1.457824,1.460000
2024-07-31,INTERBANK,2.565421,4.337151,3.623870,3.065442,3.290000
2024-07-31,MIBANCO,7.139019,10.824052,9.108255,8.056473,7.450000
2024-07-31,PICHINCHA,5.678055,7.643908,7.040667,6.610237,7.180000
2024-07-31,RIPLEY,3.152051,8.222762,6.375595,4.926984,5.260000
2024-07-31,SANTANDER,1.681662,3.554708,3.525052,2.521775,4.830000
2024-07-31,SCOTIABANK,3.697226,5.332890,4.465761,3.996091,4.740000
2024-08-31,ALFIN,2.159447,7.698633,5.310223,3.575096,3.940000
2024-08-31,BANCOM,4.237489,4.865271,4.770543,4.655807,4.860000
2024-08-31,BBVA,3.510782,4.877518,4.233476,3.830931,4.290000
2024-08-31,BCI,2.614693,2.614693,2.614693,2.614693,2.610000
2024-08-31,BCP,3.091292,4.520234,3.840653,3.436420,4.190000
2024-08-31,BIF,3.739309,4.762657,4.292310,3.985114,4.160000
2024-08-31,FALABELLA,3.081531,7.441220,5.773664,4.474157,4.790000
2024-08-31,GNB,2.530220,4.948865,3.769664,2.954603,3.070000
2024-08-31,ICBC,1.348908,1.348908,1.348908,1.348908,1.350000
2024-08-31,INTERBANK,2.473904,4.038174,3.309685,2.852821,3.140000
2024-08-31,MIBANCO,7.419197,10.833170,9.289118,8.240360,7.300000
2024-08-31,PICHINCHA,5.535710,7.121883,6.738604,6.335318,6.800000
2024-08-31,RIPLEY,2.937061,7.437633,5.930286,4.407598,4.710000
2024-08-31,SANTANDER,2.641058,3.957448,3.723236,3.693002,5.120000
2024-08-31,SCOTIABANK,3.284411,4.914362,3.957392,3.532743,4.240000
2024-09-30,ALFIN,2.172308,7.618875,4.993287,3.744483,4.090000
2024-09-30,BANCOM,4.199953,4.672849,4.636593,4.557025,4.670000
2024-09-30,BBVA,3.390097,4.853788,4.279778,3.744300,4.200000
2024-09-30,BCI,2.579136,2.579136,2.579136,2.579136,2.580000
2024-09-30,BCP,3.083426,4.381980,3.868400,3.418865,4.130000
2024-09-30,BIF,3.703374,4.728247,4.209896,3.904430,4.130000
2024-09-30,FALABELLA,2.852369,6.982286,5.254713,4.052754,4.350000
2024-09-30,GNB,2.537956,4.868653,3.740072,2.931527,3.050000
2024-09-30,ICBC,1.431724,1.431724,1.431724,1.431724,1.430000
2024-09-30,INTERBANK,2.450600,3.957574,3.231705,2.797879,3.060000
2024-09-30,MIBANCO,3.944859,7.206860,5.675212,4.850941,7.060000
2024-09-30,PICHINCHA,5.691012,7.561157,6.826732,6.476304,6.960000
2024-09-30,RIPLEY,2.717163,6.942093,5.331263,4.071552,4.360000
2024-09-30,SANTANDER,5.006530,5.270620,5.242853,5.036614,5.120000
2024-09-30,SCOTIABANK,3.265917,4.901616,3.967570,3.523372,4.360000
2024-10-31,ALFIN,2.743248,7.961707,5.582883,3.941899,4.200000
2024-10-31,BANCOM,4.424645,5.001405,4.922366,4.882564,5.000000
2024-10-31,BBVA,3.384365,4.820304,4.063497,3.694677,4.070000
2024-10-31,BCI,2.490926,2.490926,2.490926,2.490926,2.490000
2024-10-31,BCP,3.085504,4.388795,3.809435,3.490260,4.010000
2024-10-31,BIF,3.632240,4.684560,4.068861,3.823236,4.110000
2024-10-31,FALABELLA,2.171779,6.408944,4.515410,3.261748,3.590000
2024-10-31,GNB,2.324023,4.657498,3.543484,2.798605,2.860000
2024-10-31,ICBC,1.465866,1.465866,1.465866,1.465866,1.470000
2024-10-31,INTERBANK,2.554635,3.994198,3.200741,2.793643,2.990000
2024-10-31,MIBANCO,4.146083,7.107407,5.643667,4.852041,6.970000
2024-10-31,PICHINCHA,5.777278,7.344988,6.786354,6.362919,6.940000
2024-10-31,RIPLEY,2.559529,6.795679,5.016666,3.833631,4.130000
2024-10-31,SANTANDER,5.004753,5.305217,5.232645,5.205741,5.210000
2024-10-31,SCOTIABANK,3.298977,5.054306,3.982227,3.569512,4.270000
2024-11-30,ALFIN,2.553389,8.092976,5.620730,3.962156,4.450000
2024-11-30,BANCOM,4.665321,5.156626,5.085681,5.028230,5.160000
2024-11-30,BBVA,3.347922,4.615436,3.980402,3.568908,3.930000
2024-11-30,BCI,2.273355,2.273355,2.273355,2.273355,2.270000
2024-11-30,BCP,3.004535,4.140292,3.621929,3.266572,3.750000
2024-11-30,BIF,3.583971,4.496368,4.001212,3.744356,3.960000
2024-11-30,FALABELLA,1.965042,6.207225,4.364389,3.069141,3.410000
2024-11-30,GNB,2.312824,4.630374,3.448669,2.737306,2.990000
2024-11-30,ICBC,1.234095,1.234095,1.234095,1.234095,1.230000
2024-11-30,INTERBANK,2.284236,3.781165,3.054749,2.597051,2.890000
2024-11-30,MIBANCO,4.028953,6.847488,5.478411,4.694874,6.710000
2024-11-30,PICHINCHA,5.678504,7.351337,6.802411,6.370309,6.810000
2024-11-30,RIPLEY,2.354660,6.687296,4.778897,3.416402,3.750000
2024-11-30,SANTANDER,4.419098,4.461305,4.448668,4.445498,4.780000
2024-11-30,SCOTIABANK,3.333009,5.130692,4.136970,3.578654,4.320000
2024-12-31,ALFIN,2.364643,7.523014,5.397381,3.809682,4.370000
2024-12-31,BANCOM,3.461370,3.936915,3.820474,3.784736,3.930000
2024-12-31,BBVA,3.035475,4.364514,3.860738,3.396987,3.720000
2024-12-31,BCI,1.234233,1.234233,1.234233,1.234233,1.230000
2024-12-31,BCP,2.837770,3.916077,3.413875,3.111243,3.560000
2024-12-31,BIF,3.454297,4.413686,3.895969,3.629891,3.840000
2024-12-31,FALABELLA,1.811602,5.911998,4.230384,2.938331,3.260000
2024-12-31,GNB,2.319031,4.425848,3.285095,2.661944,2.690000
2024-12-31,ICBC,0.224783,0.977184,0.224783,0.224783,0.980000
2024-12-31,INTERBANK,2.128456,3.630548,2.958817,2.471846,2.710000
2024-12-31,MIBANCO,4.002612,6.771899,5.397487,4.705319,6.630000
2024-12-31,PICHINCHA,5.709519,7.084286,6.684321,6.357689,6.750000
2024-12-31,RIPLEY,2.171405,6.346965,4.623964,3.374660,3.670000
2024-12-31,SANTANDER,3.739316,3.754223,3.751848,3.742269,4.890000
2024-12-31,SCOTIABANK,3.279918,5.078425,4.066327,3.661799,4.260000
2025-01-31,ALFIN,2.099079,6.858384,4.844197,3.371421,4.320000
2025-01-31,BANCOM,3.687206,4.213745,4.091121,4.062086,4.210000
2025-01-31,BBVA,3.129784,4.509742,3.800252,3.400114,3.750000
2025-01-31,BCI,1.169370,1.169370,1.169370,1.169370,1.170000
2025-01-31,BCP,2.854139,3.984869,3.444932,3.113181,3.500000
2025-01-31,BIF,3.466280,4.479146,3.974797,3.654548,3.880000
2025-01-31,COMPARTAMOS,2.672906,6.702292,5.022866,3.689247,6.240000
2025-01-31,FALABELLA,1.946054,6.018379,4.380378,3.137691,3.450000
2025-01-31,GNB,2.295567,4.551266,3.265413,2.637471,2.980000
2025-01-31,ICBC,0.244410,1.471557,1.062508,0.244410,1.470000
2025-01-31,INTERBANK,2.314032,3.736298,2.987258,2.530765,2.790000
2025-01-31,MIBANCO,3.692072,6.290001,4.943925,4.229021,6.130000
2025-01-31,PICHINCHA,5.732063,7.270341,6.599824,6.330306,6.940000
2025-01-31,RIPLEY,2.170161,6.431197,4.882944,3.484663,3.760000
2025-01-31,SANTANDER,3.849082,3.917912,3.857350,3.856944,5.030000
2025-01-31,SCOTIABANK,3.358575,4.953644,4.036395,3.577664,4.130000
2025-02-28,ALFIN,1.917611,6.753187,4.659994,3.174990,3.730000
2025-02-28,BANCOM,3.878416,4.498771,4.382776,4.324246,4.490000
2025-02-28,BBVA,3.101567,4.331153,3.718276,3.350272,3.640000
2025-02-28,BCI,1.104641,1.104641,1.104641,1.104641,1.100000
2025-02-28,BCP,2.776775,3.795218,3.376742,3.039994,3.390000
2025-02-28,BIF,3.468497,4.510372,3.975262,3.721799,3.980000
2025-02-28,COMPARTAMOS,2.433428,6.507573,4.789938,3.589444,6.060000
2025-02-28,FALABELLA,2.139418,6.084720,4.390511,3.201086,3.530000
2025-02-28,GNB,2.208334,4.485812,3.239552,2.557259,2.830000
2025-02-28,ICBC,0.230759,1.389368,1.389368,0.230759,1.390000
2025-02-28,INTERBANK,2.081623,3.609183,2.862753,2.401392,2.680000
2025-02-28,MIBANCO,3.378983,5.957885,4.639378,3.964971,5.800000
2025-02-28,PICHINCHA,5.914490,7.402628,6.792970,6.516728,6.920000
2025-02-28,RIPLEY,1.961590,6.658220,4.612935,3.188249,3.510000
2025-02-28,SANTANDER,3.903524,3.931033,3.906101,3.903935,5.190000
2025-02-28,SCOTIABANK,3.306259,4.955497,3.987981,3.574186,4.130000
2025-03-31,ALFIN,1.818064,6.835040,4.529492,3.132756,3.520000
2025-03-31,BANCOM,3.683270,4.416013,4.190149,4.107492,4.380000
2025-03-31,BBVA,2.949968,4.298966,3.601118,3.226058,3.590000
2025-03-31,BCI,1.104872,1.104872,1.104872,1.104872,1.100000
2025-03-31,BCP,2.862418,4.043638,3.461462,3.136689,3.550000
2025-03-31,BIF,3.478655,4.550328,3.978215,3.666809,3.920000
2025-03-31,COMPARTAMOS,2.365584,6.378203,4.592405,3.367114,5.940000
2025-03-31,FALABELLA,2.031621,6.438160,4.378906,3.103508,3.480000
2025-03-31,GNB,2.118780,4.434814,3.281998,2.493360,2.750000
2025-03-31,ICBC,0.936564,1.297127,1.297127,1.297127,1.300000
2025-03-31,INTERBANK,2.066600,3.738909,2.886064,2.416331,2.730000
2025-03-31,MIBANCO,3.275904,5.794412,4.544463,3.873026,5.650000
2025-03-31,PICHINCHA,6.133279,7.726984,7.089266,6.748104,7.190000
2025-03-31,RIPLEY,1.889110,6.811261,4.659365,3.122999,3.470000
2025-03-31,SANTANDER,3.813228,3.855493,3.816606,3.814687,5.160000
2025-03-31,SCOTIABANK,3.314604,5.027575,3.986623,3.566965,4.170000
2025-04-30,ALFIN,1.843343,6.450767,4.605404,3.032587,3.480000
2025-04-30,BANCOM,3.892214,4.627775,4.587744,4.358663,4.620000
2025-04-30,BBVA,2.922559,4.138275,3.653008,3.135203,3.510000
2025-04-30,BCI,1.038238,1.038238,1.038238,1.038238,1.040000
2025-04-30,BCP,2.822937,3.944402,3.428212,3.073595,3.470000
2025-04-30,BIF,3.486773,4.446972,4.014178,3.690322,3.850000
2025-04-30,COMPARTAMOS,2.300220,6.440222,4.652629,3.378452,6.010000
2025-04-30,FALABELLA,1.902803,6.298409,4.498119,3.054293,3.490000
2025-04-30,GNB,2.000685,3.996866,3.149114,2.543243,2.610000
2025-04-30,ICBC,1.309622,1.309622,1.309622,1.309622,1.310000
2025-04-30,INTERBANK,2.049562,3.722826,2.978668,2.425554,2.680000
2025-04-30,MIBANCO,3.210254,5.580763,4.433886,3.780115,5.450000
2025-04-30,PICHINCHA,5.851315,7.661550,7.096550,6.578566,6.940000
2025-04-30,RIPLEY,1.773524,6.764584,4.660586,3.103730,3.470000
2025-04-30,SANTANDER,3.875802,3.966137,3.880836,3.877129,5.160000
2025-04-30,SCOTIABANK,3.330658,4.977512,4.091975,3.583753,4.150000
2025-05-31,ALFIN,1.748260,6.328653,4.409219,3.213153,3.590000
2025-05-31,BANCOM,4.155419,4.738783,4.676070,4.631248,4.730000
2025-05-31,BBVA,2.834295,4.059913,3.522414,3.128769,3.480000
2025-05-31,BCI,0.942622,0.942622,0.942622,0.942622,0.940000
2025-05-31,BCP,2.786603,3.934347,3.423332,3.074854,3.470000
2025-05-31,BIF,3.402169,4.319618,3.840774,3.608798,3.780000
2025-05-31,COMPARTAMOS,2.291576,6.460085,4.744215,3.426133,6.020000
2025-05-31,FALABELLA,2.121252,6.224758,4.540599,3.297307,3.630000
2025-05-31,GNB,2.127215,3.826895,2.994058,2.453524,2.550000
2025-05-31,ICBC,1.200011,1.200011,1.200011,1.200011,1.200000
2025-05-31,INTERBANK,2.100788,3.612563,3.010198,2.564374,2.740000
2025-05-31,MIBANCO,3.083415,5.431569,4.261368,3.635259,5.300000
2025-05-31,PICHINCHA,5.914234,7.472256,6.980835,6.598731,6.890000
2025-05-31,RIPLEY,1.902759,6.711846,4.820279,3.487569,3.800000
2025-05-31,SANTANDER,2.842234,3.319507,2.965201,2.865443,4.040000
2025-05-31,SCOTIABANK,3.277422,4.864441,3.943990,3.533542,4.050000
2025-06-30,ALFIN,2.195381,6.593622,4.664666,3.244539,3.850000
2025-06-30,BANCOM,3.516978,4.042617,4.019163,4.007428,4.120000
2025-06-30,BBVA,2.773349,4.011915,3.477878,3.059059,3.380000
2025-06-30,BCI,0.840029,0.840029,0.840029,0.840029,0.840000
2025-06-30,BCP,2.807231,3.887825,3.394507,3.042193,3.440000
2025-06-30,BIF,3.179906,4.116118,3.599556,3.337458,3.520000
2025-06-30,COMPARTAMOS,2.154471,6.252801,4.586430,3.354816,5.820000
2025-06-30,FALABELLA,1.953220,5.894475,4.270560,3.056117,3.390000
2025-06-30,GNB,2.129071,3.837325,2.970756,2.422296,2.540000
2025-06-30,ICBC,1.133360,1.133360,1.133360,1.133360,1.130000
2025-06-30,INTERBANK,2.045583,3.505585,2.872090,2.440115,2.610000
2025-06-30,MIBANCO,3.047352,5.356032,4.215144,3.583067,5.230000
2025-06-30,PICHINCHA,5.694281,7.238434,6.707701,6.323964,6.580000
2025-06-30,RIPLEY,2.134743,6.693807,4.701995,3.282593,3.620000
2025-06-30,SANTANDER,2.038037,2.806167,2.452720,2.134171,2.760000
2025-06-30,SANTANDER_CONSUMER,2.839676,7.659949,5.637625,4.060910,4.400000
2025-06-30,SCOTIABANK,3.242193,4.840176,3.897759,3.485317,3.990000
2025-07-31,ALFIN,2.107331,6.352989,4.593732,3.357422,3.800000
2025-07-31,BANCOM,3.753654,4.634572,4.358852,4.340299,4.710000
2025-07-31,BBVA,2.889680,4.065508,3.506012,3.121421,3.450000
2025-07-31,BCI,0.834754,0.834754,0.834754,0.834754,0.830000
2025-07-31,BCP,2.755014,3.813897,3.331730,3.027566,3.450000
2025-07-31,BIF,3.167036,4.122337,3.629507,3.331811,3.540000
2025-07-31,COMPARTAMOS,2.284835,6.182652,4.579059,3.368201,5.760000
2025-07-31,FALABELLA,1.887366,5.641295,4.107023,2.968029,3.270000
2025-07-31,GNB,2.089176,3.638810,2.861576,2.362517,2.480000
2025-07-31,ICBC,1.124437,1.124437,1.124437,1.124437,1.120000
2025-07-31,INTERBANK,2.033761,3.427678,2.801238,2.395747,2.640000
2025-07-31,MIBANCO,2.991183,5.243972,4.111766,3.502164,5.110000
2025-07-31,PICHINCHA,5.608572,6.736610,6.365212,6.171338,6.380000
2025-07-31,RIPLEY,2.014496,6.324067,4.529579,3.311051,3.610000
2025-07-31,SANTANDER,2.044571,2.224641,2.153941,2.044571,2.720000
2025-07-31,SANTANDER_CONSUMER,2.822344,7.505627,5.506694,4.098633,4.560000
2025-07-31,SCOTIABANK,3.272636,4.838763,3.903358,3.498727,4.050000
2025-08-31,ALFIN,2.355579,6.086194,4.736690,3.302866,3.780000
2025-08-31,BANCOM,4.123591,4.919547,4.777495,4.544393,4.910000
2025-08-31,BBVA,2.820395,3.798175,3.316322,3.048840,3.350000
2025-08-31,BCI,0.818458,0.818458,0.818458,0.818458,0.820000
2025-08-31,BCP,2.712563,3.813905,3.269657,2.972037,3.380000
2025-08-31,BIF,3.130368,4.082510,3.610071,3.322281,3.500000
2025-08-31,COMPARTAMOS,2.449755,5.943761,4.436614,3.285998,5.540000
2025-08-31,FALABELLA,1.898272,5.542918,4.078259,2.946855,3.230000
2025-08-31,GNB,2.063918,3.713337,2.834165,2.356718,2.440000
2025-08-31,ICBC,1.101651,1.101651,1.101651,1.101651,1.100000
2025-08-31,INTERBANK,2.008948,3.409729,2.777014,2.379983,2.570000
2025-08-31,MIBANCO,2.923149,5.075947,4.028681,3.368422,4.950000
2025-08-31,PICHINCHA,5.629113,6.705660,6.373194,6.159284,6.350000
2025-08-31,RIPLEY,1.923476,6.104396,4.560293,3.181974,3.470000
2025-08-31,SANTANDER,1.991664,2.055896,2.049528,2.044345,2.650000
2025-08-31,SANTANDER_CONSUMER,2.912741,7.312434,5.458223,3.930458,4.440000
2025-08-31,SCOTIABANK,3.254239,4.967886,3.925549,3.521679,4.110000
2025-09-30,ALFIN,1.714256,5.448623,3.935775,2.976091,3.330000
2025-09-30,BANCOM,3.491695,4.303278,4.222853,4.096791,4.360000
2025-09-30,BBVA,2.759385,3.826913,3.331444,2.987571,3.300000
2025-09-30,BCI,0.821108,0.821108,0.821108,0.821108,0.820000
2025-09-30,BCP,2.715518,3.764820,3.288338,2.966732,3.330000
2025-09-30,BIF,3.109704,4.181991,3.558969,3.319108,3.520000
2025-09-30,COMPARTAMOS,2.051009,5.497992,4.103665,3.061650,5.120000
2025-09-30,FALABELLA,1.736579,5.335015,3.891167,2.782971,3.060000
2025-09-30,GNB,1.942309,3.595798,2.746056,2.210880,2.300000
2025-09-30,ICBC,1.091040,1.091040,1.091040,1.091040,1.090000
2025-09-30,INTERBANK,1.963066,3.443526,2.817989,2.373768,2.550000
2025-09-30,MIBANCO,2.741318,4.877131,3.812432,3.274768,4.760000
2025-09-30,PICHINCHA,5.712291,7.302346,6.604612,6.285905,6.540000
2025-09-30,RIPLEY,1.874986,6.012022,4.233558,3.082160,3.370000
2025-09-30,SANTANDER,2.109378,2.341251,2.113398,2.112473,2.990000
2025-09-30,SANTANDER_CONSUMER,2.565088,7.054436,5.159865,3.839718,4.290000
2025-09-30,SCOTIABANK,3.284322,4.792546,3.910744,3.514566,4.000000
2025-10-31,ALFIN,2.015871,5.386160,3.992275,2.916363,3.710000
2025-10-31,BANCOM,4.003850,4.666789,4.581652,4.497192,4.650000
2025-10-31,BBVA,2.742452,3.864074,3.280937,2.962503,3.250000
2025-10-31,BCI,0.749750,0.749750,0.749750,0.749750,0.750000
2025-10-31,BCP,2.708293,3.722480,3.259333,2.986086,3.290000
2025-10-31,BIF,3.192700,4.248865,3.772707,3.342791,3.540000
2025-10-31,COMPARTAMOS,2.240028,5.267367,3.910553,2.969444,4.890000
2025-10-31,FALABELLA,1.705732,5.385484,3.848860,2.726906,3.020000
2025-10-31,GNB,1.985571,3.728273,2.833067,2.317359,2.390000
2025-10-31,ICBC,1.109414,1.109414,1.109414,1.109414,1.110000
2025-10-31,INTERBANK,2.122556,3.482824,2.829404,2.417147,2.590000
2025-10-31,MIBANCO,2.688315,4.718725,3.651417,3.141249,4.610000
2025-10-31,PICHINCHA,5.803059,6.967702,6.430879,6.247660,6.680000
2025-10-31,RIPLEY,1.829063,6.120959,4.184570,3.048420,3.340000
2025-10-31,SANTANDER,2.128070,2.582020,2.158870,2.128070,3.130000
2025-10-31,SANTANDER_CONSUMER,2.759708,7.019078,5.074333,3.751271,4.240000
2025-10-31,SCOTIABANK,3.271301,4.803074,3.878499,3.507427,3.990000
2025-11-30,ALFIN,1.944537,5.151758,3.774589,2.757687,2.990000
2025-11-30,BANCOM,4.208591,4.747797,4.628568,4.579080,4.800000
2025-11-30,BBVA,2.602337,3.629404,3.108260,2.821239,3.070000
2025-11-30,BCI,0.690723,0.690723,0.690723,0.690723,0.690000
2025-11-30,BCP,2.695377,3.542959,3.143993,2.911127,3.230000
2025-11-30,BIF,3.125599,4.003274,3.571119,3.283801,3.470000
2025-11-30,COMPARTAMOS,1.850351,4.807394,3.552522,2.630188,4.450000
2025-11-30,FALABELLA,1.773477,5.235289,3.854185,2.772054,3.060000
2025-11-30,GNB,1.994879,3.628021,2.807401,2.290347,2.370000
2025-11-30,ICBC,1.018039,1.018039,1.018039,1.018039,1.020000
2025-11-30,INTERBANK,1.921426,3.260899,2.660471,2.256157,2.410000
2025-11-30,MIBANCO,2.503128,4.508147,3.475062,2.903328,4.400000
2025-11-30,PICHINCHA,5.283976,6.691349,6.149599,5.758656,5.960000
2025-11-30,RIPLEY,1.847761,5.927887,4.194470,2.788528,3.110000
2025-11-30,SANTANDER,1.928547,2.385810,2.296424,1.955408,2.890000
2025-11-30,SANTANDER_CONSUMER,2.572299,6.910081,5.115939,3.691554,4.000000
2025-11-30,SCOTIABANK,3.239617,4.735377,3.885432,3.455095,3.940000
2025-12-31,ALFIN,1.816054,5.058241,3.633954,2.718298,3.270000
2025-12-31,BANCOM,3.958357,4.432593,4.367629,4.291114,4.420000
2025-12-31,BBVA,2.693047,3.670878,3.237405,2.915692,3.230000
2025-12-31,BCI,0.620329,0.620329,0.620329,0.620329,0.620000
2025-12-31,BCP,2.607426,3.486372,3.067395,2.811135,3.140000
2025-12-31,BIF,3.078364,3.947735,3.495290,3.248328,3.490000
2025-12-31,COMPARTAMOS,1.825834,4.657686,3.480324,2.601497,4.300000
2025-12-31,FALABELLA,1.673843,4.753488,3.641843,2.654112,2.900000
2025-12-31,GNB,2.016117,3.418248,2.659539,2.238521,2.310000
2025-12-31,ICBC,1.132362,1.132362,1.132362,1.132362,1.130000
2025-12-31,INTERBANK,1.922784,3.223511,2.657505,2.277401,2.450000
2025-12-31,MIBANCO,2.472480,4.474629,3.454173,2.940194,4.370000
2025-12-31,PICHINCHA,5.434877,6.721083,6.141970,5.969593,6.430000
2025-12-31,RIPLEY,1.794142,5.413370,3.956653,2.966619,3.200000
2025-12-31,SANTANDER,1.514058,1.878652,1.855205,1.595112,2.330000
2025-12-31,SANTANDER_CONSUMER,2.473929,6.414702,4.800865,3.631482,4.040000
2025-12-31,SCOTIABANK,3.285175,4.606465,3.857327,3.503194,3.940000
2026-01-31,ALFIN,1.734876,4.868385,3.802478,2.511378,3.220000
2026-01-31,BANCOM,4.024491,4.510894,4.422038,4.353203,4.490000
2026-01-31,BBVA,2.612503,3.692323,3.078292,2.814105,3.130000
2026-01-31,BCI,0.632504,0.632504,0.632504,0.632504,0.630000
2026-01-31,BCP,2.505171,3.369906,2.970901,2.709135,3.030000
2026-01-31,BIF,3.088262,3.912946,3.498504,3.204508,3.460000
2026-01-31,COMPARTAMOS,2.037389,4.688010,3.512090,2.653785,4.350000
2026-01-31,FALABELLA,1.752483,4.537511,3.550340,2.693702,2.900000
2026-01-31,GNB,1.895495,3.336139,2.524589,2.135240,2.220000
2026-01-31,ICBC,1.068097,1.068097,1.068097,1.068097,1.070000
2026-01-31,INTERBANK,1.964871,3.263897,2.681175,2.294336,2.460000
2026-01-31,MIBANCO,2.311571,4.221555,3.287968,2.688228,4.120000
2026-01-31,PICHINCHA,5.709202,7.036950,6.595198,6.092421,6.660000
2026-01-31,RIPLEY,1.928471,5.343352,4.114905,2.969489,3.190000
2026-01-31,SANTANDER,1.663986,1.969218,1.924010,1.721153,2.470000
2026-01-31,SANTANDER_CONSUMER,2.578395,6.018498,4.521747,3.350024,3.570000
2026-01-31,SCOTIABANK,3.205442,4.623761,3.744911,3.387490,3.880000
2026-02-28,ALFIN,1.612976,4.799451,3.610226,2.665024,3.100000
2026-02-28,BANCOM,4.099204,4.606777,4.509705,4.470560,4.600000
2026-02-28,BBVA,2.576852,3.569286,3.060685,2.778385,3.120000
2026-02-28,BCI,0.652769,0.652769,0.652769,0.652769,0.650000
2026-02-28,BCP,2.370269,3.168656,2.814619,2.572961,2.900000
2026-02-28,BIF,3.072649,3.967385,3.530219,3.289695,3.500000
2026-02-28,COMPARTAMOS,1.797609,4.646879,3.369100,2.534824,4.300000
2026-02-28,FALABELLA,1.789984,4.366211,3.294687,2.543212,2.760000
2026-02-28,GNB,1.679503,2.967790,2.237308,1.884767,1.930000
2026-02-28,ICBC,1.113242,1.113242,1.113242,1.113242,1.110000
2026-02-28,INTERBANK,1.880036,3.084027,2.554849,2.214969,2.330000
2026-02-28,MIBANCO,2.181721,4.109689,3.145137,2.620582,4.010000
2026-02-28,PICHINCHA,5.727015,6.980561,6.615885,6.346870,6.580000
2026-02-28,RIPLEY,1.782772,5.408774,3.773587,2.708632,2.980000
2026-02-28,SANTANDER,1.787937,2.044921,2.001114,1.990839,2.530000
2026-02-28,SANTANDER_CONSUMER,2.228643,5.848916,4.241456,3.154494,3.360000
2026-02-28,SCOTIABANK,3.168701,4.531106,3.712965,3.351303,3.820000
2026-03-31,ALFIN,1.695505,4.385630,3.215216,2.422222,2.630000
2026-03-31,BANCOM,3.620891,3.998110,3.947528,3.904667,3.970000
2026-03-31,BBVA,2.415576,3.370616,2.915448,2.664628,2.930000
2026-03-31,BCI,0.706233,0.706233,0.706233,0.706233,0.710000
2026-03-31,BCP,2.293962,3.161334,2.735438,2.479342,2.820000
2026-03-31,BIF,3.026495,3.760798,3.331133,3.149480,3.310000
2026-03-31,COMPARTAMOS,1.795188,4.682355,3.434729,2.552998,4.330000
2026-03-31,FALABELLA,1.539182,4.343024,3.019101,2.214832,2.470000
2026-03-31,GNB,1.729099,3.017243,2.295130,1.940819,2.070000
2026-03-31,ICBC,1.173725,1.173725,1.173725,1.173725,1.170000
2026-03-31,INTERBANK,1.856701,3.089075,2.492717,2.170654,2.300000
2026-03-31,MIBANCO,2.213855,4.161498,3.183460,2.650827,4.070000
2026-03-31,PICHINCHA,4.395337,5.296914,4.853648,4.761551,4.870000
2026-03-31,RIPLEY,1.707304,5.422358,3.711612,2.578962,2.880000
2026-03-31,SANTANDER,2.047113,2.157288,2.092185,2.057790,2.660000
2026-03-31,SANTANDER_CONSUMER,2.024461,5.611809,4.000647,2.890678,3.100000
2026-03-31,SCOTIABANK,3.128999,4.500553,3.675463,3.316266,3.750000
2026-04-30,ALFIN,1.652015,4.342630,3.268150,2.364751,2.670000
2026-04-30,BANCOM,3.767983,4.141279,4.083690,4.028881,4.110000
2026-04-30,BBVA,2.340493,3.352612,2.791234,2.526526,2.800000
2026-04-30,BCI,0.686077,0.686077,0.686077,0.686077,0.690000
2026-04-30,BCP,2.203149,3.042952,2.653180,2.412394,2.710000
2026-04-30,BIF,2.968857,3.743116,3.317176,3.095600,3.310000
2026-04-30,COMPARTAMOS,1.835092,4.835282,3.563167,2.659173,4.470000
2026-04-30,FALABELLA,1.396643,4.279012,3.086452,2.114601,2.400000
2026-04-30,GNB,1.680515,3.082592,2.304357,1.920042,2.040000
2026-04-30,ICBC,1.149690,1.149690,1.149690,1.149690,1.290000
2026-04-30,INTERBANK,1.842871,3.079724,2.517933,2.133891,2.240000
2026-04-30,MIBANCO,2.157957,4.092803,3.153195,2.597992,4.000000
2026-04-30,PICHINCHA,4.253769,5.491997,4.932520,4.591724,4.770000
2026-04-30,RIPLEY,1.587319,5.324592,3.728218,2.522619,2.820000
2026-04-30,SANTANDER,2.097870,2.176461,2.170333,2.129850,2.700000
2026-04-30,SANTANDER_CONSUMER,1.943905,5.827501,4.053609,2.879966,3.120000
2026-04-30,SCOTIABANK,3.054088,4.357535,3.616679,3.251193,3.680000
2026-05-31,ALFIN,1.707946,4.422549,3.280746,2.467071,2.640000
2026-05-31,BANCOM,3.829452,4.373522,4.278059,4.237069,4.370000
2026-05-31,BBVA,2.153068,3.087121,2.643097,2.341088,2.580000
2026-05-31,BCI,0.640281,0.640281,0.640281,0.640281,0.640000
2026-05-31,BCP,2.209108,2.969350,2.649720,2.416447,2.700000
2026-05-31,BIF,2.891767,3.699298,3.270421,3.039854,3.240000
2026-05-31,COMPARTAMOS,1.951196,5.111103,3.750016,2.779491,4.730000
2026-05-31,FALABELLA,1.492373,4.347899,3.221284,2.331897,2.560000
2026-05-31,GNB,1.737637,3.036561,2.345674,1.956292,2.090000
2026-05-31,ICBC,1.201155,1.201155,1.201155,1.201155,1.200000
2026-05-31,INTERBANK,1.796492,3.005639,2.427519,2.075516,2.210000
2026-05-31,MIBANCO,2.114536,4.026609,3.086605,2.560152,3.930000
2026-05-31,PICHINCHA,4.170167,5.038512,4.761230,4.580762,4.730000
2026-05-31,RIPLEY,1.655860,5.328363,3.851961,2.890281,3.130000
2026-05-31,SANTANDER,2.057642,2.104882,2.099555,2.095836,2.620000
2026-05-31,SANTANDER_CONSUMER,1.949363,6.012910,4.214465,2.928742,3.450000
2026-05-31,SCOTIABANK,2.999968,4.258729,3.525554,3.209081,3.610000
2026-06-30,ALFIN,1.886180,4.705005,3.479929,2.613276,2.930000
2026-06-30,BANCOM,3.645413,4.142254,4.069645,3.979413,4.140000
2026-06-30,BBVA,2.161270,3.162178,2.739403,2.414496,2.690000
2026-06-30,BCP,2.199975,3.064846,2.642644,2.389845,2.710000
2026-06-30,BIF,2.805116,3.576806,3.199247,2.957954,3.120000
2026-06-30,COMPARTAMOS,2.007867,5.287439,3.941237,2.918198,4.900000
2026-06-30,EFECTIVA,1.274030,6.347693,4.066214,2.508874,3.450000
2026-06-30,FALABELLA,1.483409,4.312571,3.151358,2.301369,2.500000
2026-06-30,GNB,1.703223,3.188994,2.386090,1.946194,2.040000
2026-06-30,ICBC,1.061849,1.061849,1.061849,1.061849,1.060000
2026-06-30,INTERBANK,1.783633,3.057111,2.464782,2.053827,2.190000
2026-06-30,MIBANCO,2.083114,3.979691,3.058737,2.520024,3.890000
2026-06-30,PICHINCHA,4.186814,5.536307,4.926323,4.626539,4.740000
2026-06-30,RIPLEY,1.904905,5.491668,3.878930,2.747430,3.020000
2026-06-30,SANTANDER,2.092303,2.109816,2.100310,2.095047,2.640000
2026-06-30,SANTANDER_CONSUMER,2.017849,6.243311,4.439819,3.087468,3.410000
2026-06-30,SCOTIABANK,3.024230,4.317395,3.533382,3.212407,3.610000
2026-07-31,ALFIN,1.657794,4.451527,3.340538,2.370404,2.680000
2026-07-31,BANCOM,3.757451,4.424124,4.306008,4.252933,4.430000
2026-07-31,BBVA,2.241422,3.360365,2.691622,2.434222,2.800000
2026-07-31,BCP,2.151877,3.025355,2.593510,2.355256,2.660000
2026-07-31,BIF,2.796141,3.531271,3.154666,2.960890,3.090000
2026-07-31,COMPARTAMOS,2.124513,5.487932,4.019483,3.048111,5.070000
2026-07-31,EFECTIVA,1.276792,6.338585,4.094528,2.519609,3.410000
2026-07-31,FALABELLA,1.407464,4.187432,3.030524,2.173926,2.370000
2026-07-31,GNB,1.638237,2.921599,2.255159,1.866125,1.910000
2026-07-31,ICBC,1.038863,1.038863,1.038863,1.038863,1.040000
2026-07-31,INTERBANK,1.759126,3.050395,2.425387,2.054479,2.210000
2026-07-31,MIBANCO,2.094642,3.952315,3.034725,2.504149,3.870000
2026-07-31,PICHINCHA,4.244688,5.039805,4.737511,4.617773,4.760000
2026-07-31,RIPLEY,1.911403,5.559169,3.915692,2.956652,3.200000
2026-07-31,SANTANDER,1.860512,1.872420,1.864203,1.862742,2.490000
2026-07-31,SANTANDER_CONSUMER,2.297817,6.563417,4.688915,3.379995,3.890000
2026-07-31,SCOTIABANK,2.963324,4.206062,3.444001,3.147916,3.580000
