fecha,entidad_id,tipo_credito,atrasados,refinanciados_reestructurados,vigentes,directos
2015-01-31,ALFIN,consumo,58325.563160,1453.285970,514666.186010,574445.035140
2015-01-31,BANCOM,consumo,10502.110950,6127.141110,740254.957060,756884.209120
2015-01-31,BANCOM,corporativo,0.246000,0.000000,13435.363000,13435.609000
2015-01-31,BANCOM,grandes_empresas,26176.989000,0.000000,59970.010000,86146.999000
2015-01-31,BANCOM,hipotecario,550.861000,0.000000,20601.838000,21152.699000
2015-01-31,BANCOM,medianas_empresas,30250.298000,9753.541000,159730.162000,199734.001000
2015-01-31,BANCOM,microempresas,521.670000,132.794000,4887.818000,5542.282000
2015-01-31,BANCOM,pequenas_empresas,3871.230000,864.780000,13913.360000,18649.370000
2015-01-31,BBVA,consumo,124555.173000,56367.347670,3434721.471630,3615643.992300
2015-01-31,BBVA,corporativo,110.203000,0.000000,9889044.139000,9889154.342000
2015-01-31,BBVA,grandes_empresas,115017.660000,78223.512000,8486795.720000,8680036.892000
2015-01-31,BBVA,hipotecario,93601.823000,79375.399000,9648603.392000,9821580.614000
2015-01-31,BBVA,medianas_empresas,583012.411000,473768.039000,9019054.700000,10075835.150000
2015-01-31,BBVA,microempresas,1756.675000,1365.105000,79278.254000,82400.034000
2015-01-31,BBVA,pequenas_empresas,140650.553000,65984.663000,1163888.062000,1370523.278000
2015-01-31,BCP,consumo,307178.122200,189259.102370,8652527.841390,9148965.065960
2015-01-31,BCP,corporativo,530.538000,0.000000,18402393.386000,18402923.924000
2015-01-31,BCP,grandes_empresas,42544.659000,13759.849000,13324968.483000,13381272.991000
2015-01-31,BCP,hipotecario,193593.256000,27732.364000,10664940.894000,10886266.514000
2015-01-31,BCP,medianas_empresas,567499.085000,132394.177000,10245403.568000,10945296.830000
2015-01-31,BCP,microempresas,8815.361000,3670.392000,282933.984000,295419.737000
2015-01-31,BCP,pequenas_empresas,477630.862000,165584.516000,3741044.588000,4384259.966000
2015-01-31,BIF,consumo,18831.935860,4265.234030,625997.551910,649094.721800
2015-01-31,BIF,corporativo,0.602000,0.000000,981512.625000,981513.227000
2015-01-31,BIF,grandes_empresas,6151.987000,21542.706000,1294230.707000,1321925.400000
2015-01-31,BIF,hipotecario,5047.333000,3422.056000,1341025.783000,1349495.172000
2015-01-31,BIF,medianas_empresas,70375.754000,74517.112000,2240887.817000,2385780.683000
2015-01-31,BIF,microempresas,717.645000,297.942000,14550.384000,15565.971000
2015-01-31,BIF,pequenas_empresas,11947.771000,3432.190000,200254.642000,215634.603000
2015-01-31,CENCOSUD,consumo,12114.173660,7768.996180,299458.773370,319341.943210
2015-01-31,CITIBANK,consumo,62259.862940,8227.714590,868450.978260,938938.555790
2015-01-31,CITIBANK,corporativo,0.000000,11185.787000,1195563.445000,1206749.232000
2015-01-31,CITIBANK,grandes_empresas,0.000000,0.000000,580208.461000,580208.461000
2015-01-31,CITIBANK,hipotecario,0.000000,0.000000,5229.016000,5229.016000
2015-01-31,CITIBANK,medianas_empresas,2444.224000,0.000000,154196.852000,156641.076000
2015-01-31,CITIBANK,microempresas,0.000000,0.000000,61.437000,61.437000
2015-01-31,CITIBANK,pequenas_empresas,323.223000,0.000000,113.319000,436.542000
2015-01-31,FALABELLA,consumo,111394.312870,47614.192980,2875149.021540,3034157.527390
2015-01-31,FALABELLA,hipotecario,334.113000,46.992000,9575.122000,9956.227000
2015-01-31,FALABELLA,medianas_empresas,0.000000,0.000000,0.004000,0.004000
2015-01-31,GNB,consumo,10024.016300,10539.526300,864022.220240,884585.762840
2015-01-31,GNB,corporativo,0.000000,0.000000,360614.373000,360614.373000
2015-01-31,GNB,grandes_empresas,6036.244000,551.932000,420651.666000,427239.842000
2015-01-31,GNB,hipotecario,9879.732000,2981.248000,942558.371000,955419.351000
2015-01-31,GNB,medianas_empresas,34833.708000,13128.200000,551358.308000,599320.216000
2015-01-31,GNB,microempresas,5.812000,0.000000,647.058000,652.870000
2015-01-31,GNB,pequenas_empresas,120.747000,179.060000,20579.709000,20879.516000
2015-01-31,ICBC,corporativo,0.000000,0.000000,75884.400000,75884.400000
2015-01-31,ICBC,grandes_empresas,0.000000,0.000000,35025.950000,35025.950000
2015-01-31,INTERBANK,consumo,215774.810410,113981.958400,6802595.700680,7132352.469490
2015-01-31,INTERBANK,corporativo,20.913000,1296.811000,3209837.286000,3211155.010000
2015-01-31,INTERBANK,grandes_empresas,24436.197000,9905.173000,3180494.510000,3214835.880000
2015-01-31,INTERBANK,hipotecario,94823.595000,3305.711000,4099976.882000,4198106.188000
2015-01-31,INTERBANK,medianas_empresas,185544.206000,9063.102000,3526735.640000,3721342.948000
2015-01-31,INTERBANK,microempresas,1011.024000,351.739000,62979.472000,64342.235000
2015-01-31,INTERBANK,pequenas_empresas,31109.239000,4915.446000,492305.656000,528330.341000
2015-01-31,MIBANCO,consumo,6002.889760,2562.657060,150471.400540,159036.947360
2015-01-31,MIBANCO,hipotecario,9473.206000,0.000000,364387.260000,373860.466000
2015-01-31,MIBANCO,medianas_empresas,26289.254000,2978.176000,235704.045000,264971.475000
2015-01-31,MIBANCO,microempresas,34887.478000,8824.431000,692600.482000,736312.391000
2015-01-31,MIBANCO,pequenas_empresas,219272.234000,54639.653000,2308106.238000,2582018.125000
2015-01-31,PICHINCHA,consumo,20415.782010,6989.489640,1030051.391450,1057456.663100
2015-01-31,PICHINCHA,corporativo,0.000000,0.000000,241549.109000,241549.109000
2015-01-31,PICHINCHA,grandes_empresas,29376.109000,190.576000,1327058.449000,1356625.134000
2015-01-31,PICHINCHA,hipotecario,7863.705000,4833.067000,663253.217000,675949.989000
2015-01-31,PICHINCHA,medianas_empresas,84265.527000,33363.800000,1191929.216000,1309558.543000
2015-01-31,PICHINCHA,microempresas,5341.245000,1363.061000,115656.449000,122360.755000
2015-01-31,PICHINCHA,pequenas_empresas,44871.336000,8038.928000,486367.985000,539278.249000
2015-01-31,RIPLEY,consumo,40988.070590,11419.868010,1125549.072360,1177957.010960
2015-01-31,RIPLEY,microempresas,118.155000,0.000000,0.000000,118.155000
2015-01-31,SANTANDER,consumo,0.000000,0.000000,675.713010,675.713010
2015-01-31,SANTANDER,corporativo,0.000000,0.000000,922736.768000,922736.768000
2015-01-31,SANTANDER,grandes_empresas,8550.408000,1862.600000,857135.434000,867548.442000
2015-01-31,SANTANDER,medianas_empresas,2131.242000,120.002000,697147.148000,699398.392000
2015-01-31,SANTANDER,pequenas_empresas,28.830000,0.000000,802.100000,830.930000
2015-01-31,SCOTIABANK,consumo,158743.274800,32256.431390,3815663.806120,4006663.512310
2015-01-31,SCOTIABANK,corporativo,247.876000,40.099000,7560169.563000,7560457.538000
2015-01-31,SCOTIABANK,grandes_empresas,44147.730000,10542.778000,6510042.635000,6564733.143000
2015-01-31,SCOTIABANK,hipotecario,65397.015000,16074.038000,4891357.789000,4972828.842000
2015-01-31,SCOTIABANK,medianas_empresas,272155.341000,47237.523000,4983534.521000,5302927.385000
2015-01-31,SCOTIABANK,microempresas,6806.170000,1583.437000,123939.434000,132329.041000
2015-01-31,SCOTIABANK,pequenas_empresas,251981.073000,39533.276000,2433110.993000,2724625.342000
2015-02-28,ALFIN,consumo,53272.041540,1444.046990,502762.600030,557478.688560
2015-02-28,BANCOM,consumo,10887.544930,6060.310760,754198.615920,771146.471610
2015-02-28,BANCOM,corporativo,0.246000,0.000000,13561.640000,13561.886000
2015-02-28,BANCOM,grandes_empresas,22123.401000,6253.458000,53659.914000,82036.773000
2015-02-28,BANCOM,hipotecario,571.195000,0.000000,20874.176000,21445.371000
2015-02-28,BANCOM,medianas_empresas,28304.371000,11508.151000,154858.448000,194670.970000
2015-02-28,BANCOM,microempresas,643.301000,123.825000,4506.748000,5273.874000
2015-02-28,BANCOM,pequenas_empresas,3959.455000,808.112000,12842.075000,17609.642000
2015-02-28,BBVA,consumo,135751.930180,55057.321830,3454509.404530,3645318.656540
2015-02-28,BBVA,corporativo,108.614000,0.000000,10345561.897000,10345670.511000
2015-02-28,BBVA,grandes_empresas,120055.713000,82411.887000,8660046.105000,8862513.705000
2015-02-28,BBVA,hipotecario,93283.543000,82024.077000,9764347.369000,9939654.989000
2015-02-28,BBVA,medianas_empresas,590961.992000,494698.786000,9075494.599000,10161155.377000
2015-02-28,BBVA,microempresas,1865.345000,1328.647000,63622.531000,66816.523000
2015-02-28,BBVA,pequenas_empresas,144712.788000,68131.428000,1147670.493000,1360514.709000
2015-02-28,BCP,consumo,273157.351200,192687.002350,8865767.544800,9331611.898350
2015-02-28,BCP,corporativo,23657.501000,0.000000,18539138.017000,18562795.518000
2015-02-28,BCP,grandes_empresas,48443.781000,16669.842000,12926483.390000,12991597.013000
2015-02-28,BCP,hipotecario,198480.949000,29087.574000,10753599.917000,10981168.440000
2015-02-28,BCP,medianas_empresas,564916.469000,142140.437000,10406550.277000,11113607.183000
2015-02-28,BCP,microempresas,8345.901000,3736.368000,273527.052000,285609.321000
2015-02-28,BCP,pequenas_empresas,467032.026000,172253.322000,3678453.481000,4317738.829000
2015-02-28,BIF,consumo,19333.805810,4458.599060,637910.278720,661702.683590
2015-02-28,BIF,corporativo,0.908000,0.000000,1066250.262000,1066251.170000
2015-02-28,BIF,grandes_empresas,6524.556000,30869.604000,1348257.909000,1385652.069000
2015-02-28,BIF,hipotecario,4979.681000,3415.084000,1360145.177000,1368539.942000
2015-02-28,BIF,medianas_empresas,72428.233000,78649.892000,2254322.734000,2405400.859000
2015-02-28,BIF,microempresas,668.873000,16.650000,14061.276000,14746.799000
2015-02-28,BIF,pequenas_empresas,11634.828000,5512.354000,195509.578000,212656.760000
2015-02-28,CENCOSUD,consumo,12562.293490,6920.820200,298301.740520,317784.854210
2015-02-28,CITIBANK,consumo,63011.505060,8121.437350,882864.169740,953997.112150
2015-02-28,CITIBANK,corporativo,0.000000,11317.514000,1430389.277000,1441706.791000
2015-02-28,CITIBANK,grandes_empresas,0.000000,0.000000,560218.136000,560218.136000
2015-02-28,CITIBANK,hipotecario,0.000000,0.000000,5253.559000,5253.559000
2015-02-28,CITIBANK,medianas_empresas,2473.007000,0.000000,156739.234000,159212.241000
2015-02-28,CITIBANK,microempresas,0.000000,0.000000,800.594000,800.594000
2015-02-28,CITIBANK,pequenas_empresas,327.030000,0.000000,487.283000,814.313000
2015-02-28,FALABELLA,consumo,108067.997300,47246.002270,2889714.051500,3045028.051070
2015-02-28,FALABELLA,grandes_empresas,0.000000,0.000000,1.728000,1.728000
2015-02-28,FALABELLA,hipotecario,336.278000,47.546000,9497.337000,9881.161000
2015-02-28,FALABELLA,medianas_empresas,0.000000,0.000000,3.425000,3.425000
2015-02-28,GNB,consumo,12245.630950,10322.423460,855858.410930,878426.465340
2015-02-28,GNB,corporativo,0.000000,0.000000,363536.139000,363536.139000
2015-02-28,GNB,grandes_empresas,5956.330000,540.229000,410011.903000,416508.462000
2015-02-28,GNB,hipotecario,10624.663000,2979.398000,959561.102000,973165.163000
2015-02-28,GNB,medianas_empresas,39414.819000,9604.170000,554140.676000,603159.665000
2015-02-28,GNB,microempresas,0.000000,0.000000,651.804000,651.804000
2015-02-28,GNB,pequenas_empresas,124.061000,165.532000,26300.104000,26589.697000
2015-02-28,ICBC,corporativo,0.000000,0.000000,69460.200000,69460.200000
2015-02-28,ICBC,grandes_empresas,0.000000,0.000000,35326.550000,35326.550000
2015-02-28,INTERBANK,consumo,221702.782320,114730.115710,6925634.663170,7262067.561200
2015-02-28,INTERBANK,corporativo,96.703000,1216.811000,3207984.665000,3209298.179000
2015-02-28,INTERBANK,grandes_empresas,25285.862000,9930.483000,3176597.457000,3211813.802000
2015-02-28,INTERBANK,hipotecario,94045.610000,3441.024000,4134284.287000,4231770.921000
2015-02-28,INTERBANK,medianas_empresas,192112.705000,9059.770000,3636850.313000,3838022.788000
2015-02-28,INTERBANK,microempresas,1143.804000,339.941000,23702.983000,25186.728000
2015-02-28,INTERBANK,pequenas_empresas,31659.394000,4871.668000,486774.417000,523305.479000
2015-02-28,MIBANCO,consumo,6314.744700,2598.861810,151038.282620,159951.889130
2015-02-28,MIBANCO,hipotecario,10215.598000,0.000000,369202.582000,379418.180000
2015-02-28,MIBANCO,medianas_empresas,23601.241000,3419.719000,210125.682000,237146.642000
2015-02-28,MIBANCO,microempresas,35835.335000,8143.924000,696115.781000,740095.040000
2015-02-28,MIBANCO,pequenas_empresas,208424.528000,52946.013000,2247799.736000,2509170.277000
2015-02-28,PICHINCHA,consumo,22787.763270,7027.927340,1026510.656890,1056326.347500
2015-02-28,PICHINCHA,corporativo,0.000000,0.000000,249279.471000,249279.471000
2015-02-28,PICHINCHA,grandes_empresas,29665.297000,145.364000,1337101.218000,1366911.879000
2015-02-28,PICHINCHA,hipotecario,8331.769000,4841.589000,673889.658000,687063.016000
2015-02-28,PICHINCHA,medianas_empresas,95117.441000,32474.253000,1185112.095000,1312703.789000
2015-02-28,PICHINCHA,microempresas,5699.907000,1186.303000,113823.878000,120710.088000
2015-02-28,PICHINCHA,pequenas_empresas,47656.087000,7322.644000,478207.798000,533186.529000
2015-02-28,RIPLEY,consumo,40295.540680,10730.970080,1140811.192240,1191837.703000
2015-02-28,RIPLEY,microempresas,118.155000,0.000000,0.000000,118.155000
2015-02-28,SANTANDER,consumo,0.000000,0.000000,436.283410,436.283410
2015-02-28,SANTANDER,corporativo,0.000000,0.000000,906829.407000,906829.407000
2015-02-28,SANTANDER,grandes_empresas,8764.331000,113.257000,875522.996000,884400.584000
2015-02-28,SANTANDER,medianas_empresas,3626.379000,79.660000,691903.504000,695609.543000
2015-02-28,SANTANDER,pequenas_empresas,34.989000,0.000000,346.447000,381.436000
2015-02-28,SCOTIABANK,consumo,149002.040900,31344.004330,3874870.063780,4055216.109010
2015-02-28,SCOTIABANK,corporativo,618.964000,37.313000,6963541.751000,6964198.028000
2015-02-28,SCOTIABANK,grandes_empresas,45501.131000,10505.649000,6514959.229000,6570966.009000
2015-02-28,SCOTIABANK,hipotecario,64832.826000,16423.010000,4971656.404000,5052912.240000
2015-02-28,SCOTIABANK,medianas_empresas,285522.669000,49804.123000,5047740.369000,5383067.161000
2015-02-28,SCOTIABANK,microempresas,6487.934000,1620.405000,120831.274000,128939.613000
2015-02-28,SCOTIABANK,pequenas_empresas,251771.439000,38465.648000,2404415.772000,2694652.859000
2015-03-31,ALFIN,consumo,54469.894610,1252.849020,492490.769660,548213.513290
2015-03-31,BANCOM,consumo,9181.418010,5911.239370,761403.991310,776496.648690
2015-03-31,BANCOM,corporativo,0.196000,0.000000,28549.036000,28549.232000
2015-03-31,BANCOM,grandes_empresas,18878.983000,9541.283000,53577.171000,81997.437000
2015-03-31,BANCOM,hipotecario,551.194000,0.000000,21684.056000,22235.250000
2015-03-31,BANCOM,medianas_empresas,29596.679000,10096.017000,94516.147000,134208.843000
2015-03-31,BANCOM,microempresas,431.467000,103.200000,4028.633000,4563.300000
2015-03-31,BANCOM,pequenas_empresas,3208.866000,581.325000,11743.742000,15533.933000
2015-03-31,BBVA,consumo,104848.497000,53331.810270,3500170.780220,3658351.087490
2015-03-31,BBVA,corporativo,108.650000,0.000000,10815892.824000,10816001.474000
2015-03-31,BBVA,grandes_empresas,121387.563000,82999.336000,8430030.023000,8634416.922000
2015-03-31,BBVA,hipotecario,101558.711000,87074.388000,9823949.842000,10012582.941000
2015-03-31,BBVA,medianas_empresas,568075.784000,528682.341000,9253945.680000,10350703.805000
2015-03-31,BBVA,microempresas,1505.788000,1233.782000,68030.270000,70769.840000
2015-03-31,BBVA,pequenas_empresas,138541.236000,68987.474000,1142530.674000,1350059.384000
2015-03-31,BCP,consumo,278105.346080,195311.268560,8987327.095440,9460743.710080
2015-03-31,BCP,corporativo,8715.519000,0.000000,19304566.382000,19313281.901000
2015-03-31,BCP,grandes_empresas,46305.712000,20769.302000,12960894.952000,13027969.966000
2015-03-31,BCP,hipotecario,201074.423000,29810.727000,10928180.085000,11159065.235000
2015-03-31,BCP,medianas_empresas,580537.995000,151675.382000,10565438.211000,11297651.588000
2015-03-31,BCP,microempresas,7997.158000,3732.887000,309894.305000,321624.350000
2015-03-31,BCP,pequenas_empresas,468091.953000,175755.137000,3625849.101000,4269696.191000
2015-03-31,BIF,consumo,16834.844110,4637.928270,633000.026470,654472.798850
2015-03-31,BIF,corporativo,1.217000,0.000000,1080999.945000,1081001.162000
2015-03-31,BIF,grandes_empresas,6320.866000,38286.611000,1355997.965000,1400605.442000
2015-03-31,BIF,hipotecario,4554.538000,3108.751000,1376797.862000,1384461.151000
2015-03-31,BIF,medianas_empresas,76127.848000,69409.165000,2340849.372000,2486386.385000
2015-03-31,BIF,microempresas,648.423000,37.181000,10597.939000,11283.543000
2015-03-31,BIF,pequenas_empresas,12452.964000,4905.396000,183490.314000,200848.674000
2015-03-31,CENCOSUD,consumo,11824.195410,6056.087900,306558.614720,324438.898030
2015-03-31,CITIBANK,consumo,64589.892390,7816.190130,916507.277120,988913.359640
2015-03-31,CITIBANK,corporativo,0.000000,11328.491000,1286005.263000,1297333.754000
2015-03-31,CITIBANK,grandes_empresas,0.000000,0.000000,925674.180000,925674.180000
2015-03-31,CITIBANK,hipotecario,0.000000,0.000000,4807.583000,4807.583000
2015-03-31,CITIBANK,medianas_empresas,2802.754000,0.000000,160081.339000,162884.093000
2015-03-31,CITIBANK,microempresas,0.000000,0.000000,912.012000,912.012000
2015-03-31,CITIBANK,pequenas_empresas,0.000000,0.000000,569.713000,569.713000
2015-03-31,FALABELLA,consumo,122121.005970,47019.941450,2960705.719270,3129846.666690
2015-03-31,FALABELLA,grandes_empresas,0.000000,0.000000,3.187000,3.187000
2015-03-31,FALABELLA,hipotecario,334.257000,47.174000,9289.596000,9671.027000
2015-03-31,FALABELLA,medianas_empresas,0.000000,0.000000,4.761000,4.761000
2015-03-31,GNB,consumo,15182.638570,10047.740950,840450.597720,865680.977240
2015-03-31,GNB,corporativo,0.000000,0.000000,372310.731000,372310.731000
2015-03-31,GNB,grandes_empresas,5383.805000,811.308000,438029.524000,444224.637000
2015-03-31,GNB,hipotecario,10647.142000,3185.155000,971583.523000,985415.820000
2015-03-31,GNB,medianas_empresas,37750.440000,12513.043000,558745.691000,609009.174000
2015-03-31,GNB,microempresas,11.939000,0.000000,767.318000,779.257000
2015-03-31,GNB,pequenas_empresas,124.542000,151.503000,33494.776000,33770.821000
2015-03-31,ICBC,corporativo,0.000000,0.000000,72114.000000,72114.000000
2015-03-31,ICBC,grandes_empresas,0.000000,0.000000,36722.629000,36722.629000
2015-03-31,INTERBANK,consumo,220372.688210,117344.679050,7088957.904060,7426675.271320
2015-03-31,INTERBANK,corporativo,0.000000,1176.811000,3182199.820000,3183376.631000
2015-03-31,INTERBANK,grandes_empresas,25132.338000,9936.235000,3204647.458000,3239716.031000
2015-03-31,INTERBANK,hipotecario,100205.511000,3773.689000,4154504.103000,4258483.303000
2015-03-31,INTERBANK,medianas_empresas,136868.394000,7905.921000,3832382.777000,3977157.092000
2015-03-31,INTERBANK,microempresas,1089.723000,326.994000,23386.270000,24802.987000
2015-03-31,INTERBANK,pequenas_empresas,32442.994000,5188.293000,475478.136000,513109.423000
2015-03-31,MIBANCO,consumo,17309.285610,3206.019200,553823.937540,574339.242350
2015-03-31,MIBANCO,hipotecario,10256.264000,0.000000,358216.140000,368472.404000
2015-03-31,MIBANCO,medianas_empresas,26217.017000,2967.813000,222573.980000,251758.810000
2015-03-31,MIBANCO,microempresas,96944.608000,11062.014000,2108877.946000,2216884.568000
2015-03-31,MIBANCO,pequenas_empresas,298227.969000,57323.929000,3636042.676000,3991594.574000
2015-03-31,PICHINCHA,consumo,19714.743930,7031.780050,1053451.158490,1080197.682470
2015-03-31,PICHINCHA,corporativo,0.000000,0.000000,262324.524000,262324.524000
2015-03-31,PICHINCHA,grandes_empresas,24848.653000,9384.970000,1401822.671000,1436056.294000
2015-03-31,PICHINCHA,hipotecario,7969.581000,4816.539000,686698.325000,699484.445000
2015-03-31,PICHINCHA,medianas_empresas,91854.250000,34743.303000,1182155.392000,1308752.945000
2015-03-31,PICHINCHA,microempresas,5540.189000,1231.638000,114249.812000,121021.639000
2015-03-31,PICHINCHA,pequenas_empresas,48130.028000,7324.954000,487885.583000,543340.565000
2015-03-31,RIPLEY,consumo,40970.806700,9957.622530,1158007.728410,1208936.157640
2015-03-31,RIPLEY,microempresas,118.155000,0.000000,0.000000,118.155000
2015-03-31,SANTANDER,consumo,0.000000,0.000000,274.327600,274.327600
2015-03-31,SANTANDER,corporativo,0.000000,0.000000,923535.121000,923535.121000
2015-03-31,SANTANDER,grandes_empresas,8649.092000,113.257000,920539.953000,929302.302000
2015-03-31,SANTANDER,medianas_empresas,2228.884000,48.777000,663540.319000,665817.980000
2015-03-31,SANTANDER,pequenas_empresas,14.655000,0.000000,329.366000,344.021000
2015-03-31,SCOTIABANK,consumo,160367.633120,31227.480300,3888718.070530,4080313.183950
2015-03-31,SCOTIABANK,corporativo,654.268000,34.087000,6845215.777000,6845904.132000
2015-03-31,SCOTIABANK,grandes_empresas,33638.958000,26257.342000,6559508.576000,6619404.876000
2015-03-31,SCOTIABANK,hipotecario,71001.178000,17375.929000,5020341.171000,5108718.278000
2015-03-31,SCOTIABANK,medianas_empresas,289041.375000,51635.527000,5317641.770000,5658318.672000
2015-03-31,SCOTIABANK,microempresas,6693.383000,1662.310000,118676.618000,127032.311000
2015-03-31,SCOTIABANK,pequenas_empresas,261815.967000,38847.904000,2394776.689000,2695440.560000
2015-04-30,ALFIN,consumo,56115.901820,1070.328890,477917.564160,535103.794870
2015-04-30,BANCOM,consumo,10219.268260,4972.126100,767178.408530,782369.802890
2015-04-30,BANCOM,corporativo,0.166000,0.000000,50000.000000,50000.166000
2015-04-30,BANCOM,grandes_empresas,20998.217000,4697.813000,64180.437000,89876.467000
2015-04-30,BANCOM,hipotecario,549.995000,0.000000,22116.487000,22666.482000
2015-04-30,BANCOM,medianas_empresas,30569.621000,14532.581000,89564.908000,134667.110000
2015-04-30,BANCOM,microempresas,476.966000,81.035000,3801.015000,4359.016000
2015-04-30,BANCOM,pequenas_empresas,3103.334000,753.866000,11173.782000,15030.982000
2015-04-30,BBVA,consumo,116940.500970,53719.151110,3567577.646950,3738237.299030
2015-04-30,BBVA,corporativo,186.095000,0.000000,11083938.546000,11084124.641000
2015-04-30,BBVA,grandes_empresas,128423.101000,83935.505000,8494052.638000,8706411.244000
2015-04-30,BBVA,hipotecario,98615.330000,88226.827000,9934308.567000,10121150.724000
2015-04-30,BBVA,medianas_empresas,598427.625000,545228.220000,9218752.160000,10362408.005000
2015-04-30,BBVA,microempresas,1837.715000,1229.363000,70605.981000,73673.059000
2015-04-30,BBVA,pequenas_empresas,149663.044000,67034.785000,1159889.315000,1376587.144000
2015-04-30,BCP,consumo,281901.179280,201860.647060,9057740.179250,9541502.005590
2015-04-30,BCP,corporativo,7277.422000,0.000000,20711939.364000,20719216.786000
2015-04-30,BCP,grandes_empresas,44587.002000,20388.877000,12706470.068000,12771445.947000
2015-04-30,BCP,hipotecario,205002.894000,28411.460000,11003039.033000,11236453.387000
2015-04-30,BCP,medianas_empresas,606690.215000,144145.601000,10669326.663000,11420162.479000
2015-04-30,BCP,microempresas,8245.633000,3987.988000,314391.392000,326625.013000
2015-04-30,BCP,pequenas_empresas,480299.411000,177311.067000,3620030.247000,4277640.725000
2015-04-30,BIF,consumo,17800.077420,5097.725600,640229.275680,663127.078700
2015-04-30,BIF,corporativo,1.519000,0.000000,1079400.278000,1079401.797000
2015-04-30,BIF,grandes_empresas,6161.900000,37182.598000,1354396.900000,1397741.398000
2015-04-30,BIF,hipotecario,4808.442000,3385.354000,1389681.561000,1397875.357000
2015-04-30,BIF,medianas_empresas,79860.805000,76948.335000,2413392.265000,2570201.405000
2015-04-30,BIF,microempresas,906.057000,33.137000,7129.573000,8068.767000
2015-04-30,BIF,pequenas_empresas,14066.059000,3593.259000,144402.923000,162062.241000
2015-04-30,CENCOSUD,consumo,18259.639530,5490.892220,311298.773860,335049.305610
2015-04-30,CITIBANK,consumo,63744.887460,7434.522940,913326.520710,984505.931110
2015-04-30,CITIBANK,corporativo,0.000000,10396.263000,1141980.373000,1152376.636000
2015-04-30,CITIBANK,grandes_empresas,0.000000,0.000000,1012917.733000,1012917.733000
2015-04-30,CITIBANK,hipotecario,0.000000,0.000000,3973.160000,3973.160000
2015-04-30,CITIBANK,medianas_empresas,2829.912000,0.000000,175609.235000,178439.147000
2015-04-30,CITIBANK,microempresas,0.000000,0.000000,1164.362000,1164.362000
2015-04-30,CITIBANK,pequenas_empresas,0.000000,0.000000,623.353000,623.353000
2015-04-30,FALABELLA,consumo,118646.972860,47421.814890,3050083.864400,3216152.652150
2015-04-30,FALABELLA,grandes_empresas,0.000000,0.000000,4.349000,4.349000
2015-04-30,FALABELLA,hipotecario,330.223000,47.446000,9281.234000,9658.903000
2015-04-30,FALABELLA,medianas_empresas,0.000000,0.000000,1.384000,1.384000
2015-04-30,GNB,consumo,15625.998550,9609.595470,834998.378140,860233.972160
2015-04-30,GNB,corporativo,0.000000,0.000000,387089.282000,387089.282000
2015-04-30,GNB,grandes_empresas,5294.553000,3401.012000,451978.727000,460674.292000
2015-04-30,GNB,hipotecario,10234.093000,3183.483000,982428.284000,995845.860000
2015-04-30,GNB,medianas_empresas,40659.006000,9016.624000,550014.720000,599690.350000
2015-04-30,GNB,microempresas,0.000000,0.000000,826.174000,826.174000
2015-04-30,GNB,pequenas_empresas,250.364000,24.299000,20410.921000,20685.584000
2015-04-30,ICBC,corporativo,0.000000,0.000000,64347.400000,64347.400000
2015-04-30,ICBC,grandes_empresas,0.000000,0.000000,32354.100000,32354.100000
2015-04-30,INTERBANK,consumo,227849.773330,120107.391270,7248997.666090,7596954.830690
2015-04-30,INTERBANK,corporativo,16.215000,1096.811000,3228495.276000,3229608.302000
2015-04-30,INTERBANK,grandes_empresas,29224.965000,9849.664000,3240094.782000,3279169.411000
2015-04-30,INTERBANK,hipotecario,100040.613000,4087.936000,4192636.325000,4296764.874000
2015-04-30,INTERBANK,medianas_empresas,136258.268000,12072.182000,3918850.669000,4067181.119000
2015-04-30,INTERBANK,microempresas,1182.247000,339.922000,28963.038000,30485.207000
2015-04-30,INTERBANK,pequenas_empresas,31810.493000,5123.121000,475623.882000,512557.496000
2015-04-30,MIBANCO,consumo,17493.800450,3179.708050,551865.370020,572538.878520
2015-04-30,MIBANCO,hipotecario,11063.653000,0.000000,357807.128000,368870.781000
2015-04-30,MIBANCO,medianas_empresas,26024.558000,3055.868000,220467.278000,249547.704000
2015-04-30,MIBANCO,microempresas,95928.927000,10779.799000,2106115.133000,2212823.859000
2015-04-30,MIBANCO,pequenas_empresas,315586.333000,53193.499000,3632789.017000,4001568.849000
2015-04-30,PICHINCHA,consumo,22584.911320,7047.461570,1140439.399180,1170071.772070
2015-04-30,PICHINCHA,corporativo,0.000000,0.000000,262155.672000,262155.672000
2015-04-30,PICHINCHA,grandes_empresas,30446.503000,9552.773000,1343027.580000,1383026.856000
2015-04-30,PICHINCHA,hipotecario,9201.957000,4729.332000,697683.713000,711615.002000
2015-04-30,PICHINCHA,medianas_empresas,87343.310000,34475.873000,1221101.503000,1342920.686000
2015-04-30,PICHINCHA,microempresas,5966.397000,1120.405000,110148.812000,117235.614000
2015-04-30,PICHINCHA,pequenas_empresas,49591.610000,6774.181000,485999.128000,542364.919000
2015-04-30,RIPLEY,consumo,44615.587630,9235.521920,1191757.727300,1245608.836850
2015-04-30,RIPLEY,microempresas,118.155000,0.000000,0.000000,118.155000
2015-04-30,SANTANDER,consumo,0.000000,0.000000,341.234370,341.234370
2015-04-30,SANTANDER,corporativo,0.000000,0.000000,919057.513000,919057.513000
2015-04-30,SANTANDER,grandes_empresas,8980.910000,113.257000,933041.051000,942135.218000
2015-04-30,SANTANDER,medianas_empresas,2253.281000,49.250000,681553.139000,683855.670000
2015-04-30,SANTANDER,pequenas_empresas,14.797000,0.000000,322.254000,337.051000
2015-04-30,SCOTIABANK,consumo,174895.583610,30408.200080,3930376.462450,4135680.246140
2015-04-30,SCOTIABANK,corporativo,659.400000,31.124000,7701610.158000,7702300.682000
2015-04-30,SCOTIABANK,grandes_empresas,50185.136000,25911.661000,6980831.512000,7056928.309000
2015-04-30,SCOTIABANK,hipotecario,78780.058000,17155.512000,5064868.185000,5160803.755000
2015-04-30,SCOTIABANK,medianas_empresas,289471.649000,51831.200000,5025923.614000,5367226.463000
2015-04-30,SCOTIABANK,microempresas,6851.353000,1576.057000,103471.101000,111898.511000
2015-04-30,SCOTIABANK,pequenas_empresas,268701.099000,39187.748000,2375163.771000,2683052.618000
2015-05-31,ALFIN,consumo,59369.252450,831.821100,465622.480320,525823.553870
2015-05-31,BANCOM,consumo,10891.177990,5096.333140,772376.434350,788363.945480
2015-05-31,BANCOM,corporativo,0.166000,0.000000,64051.200000,64051.366000
2015-05-31,BANCOM,grandes_empresas,19526.784000,4744.400000,74069.581000,98340.765000
2015-05-31,BANCOM,hipotecario,668.796000,0.000000,22416.532000,23085.328000
2015-05-31,BANCOM,medianas_empresas,35837.021000,13076.156000,76990.186000,125903.363000
2015-05-31,BANCOM,microempresas,488.197000,71.479000,3581.880000,4141.556000
2015-05-31,BANCOM,pequenas_empresas,3477.733000,781.075000,10689.808000,14948.616000
2015-05-31,BBVA,consumo,129989.024530,52793.904540,3677053.749460,3859836.678530
2015-05-31,BBVA,corporativo,140.184000,0.000000,11346485.501000,11346625.685000
2015-05-31,BBVA,grandes_empresas,127238.568000,84987.099000,8710152.546000,8922378.213000
2015-05-31,BBVA,hipotecario,101907.106000,96227.917000,10062919.570000,10261054.593000
2015-05-31,BBVA,medianas_empresas,628280.227000,547794.126000,9320388.710000,10496463.063000
2015-05-31,BBVA,microempresas,1998.257000,1136.523000,76828.817000,79963.597000
2015-05-31,BBVA,pequenas_empresas,156416.234000,67953.603000,1161680.087000,1386049.924000
2015-05-31,BCP,consumo,302036.958790,206344.963900,9259579.851620,9767961.774310
2015-05-31,BCP,corporativo,122.691000,7245.222000,21085482.753000,21092850.666000
2015-05-31,BCP,grandes_empresas,56601.354000,20205.816000,12675549.590000,12752356.760000
2015-05-31,BCP,hipotecario,211285.487000,30866.179000,11044457.128000,11286608.794000
2015-05-31,BCP,medianas_empresas,610082.654000,150463.954000,10748502.389000,11509048.997000
2015-05-31,BCP,microempresas,8820.107000,3822.840000,285059.080000,297702.027000
2015-05-31,BCP,pequenas_empresas,490627.985000,179609.581000,3643650.232000,4313887.798000
2015-05-31,BIF,consumo,18334.908050,5131.205660,652259.054060,675725.167770
2015-05-31,BIF,corporativo,1.749000,0.000000,1100063.450000,1100065.199000
2015-05-31,BIF,grandes_empresas,6492.347000,37830.340000,1386990.412000,1431313.099000
2015-05-31,BIF,hipotecario,5125.931000,3374.739000,1397536.316000,1406036.986000
2015-05-31,BIF,medianas_empresas,79169.915000,77676.586000,2437722.382000,2594568.883000
2015-05-31,BIF,microempresas,922.841000,38.128000,7332.783000,8293.752000
2015-05-31,BIF,pequenas_empresas,14516.711000,3519.569000,135879.352000,153915.632000
2015-05-31,CENCOSUD,consumo,20875.836980,4879.676100,325377.138670,351132.651750
2015-05-31,CITIBANK,corporativo,0.000000,10499.361000,1213031.686000,1223531.047000
2015-05-31,CITIBANK,grandes_empresas,0.000000,0.000000,890977.636000,890977.636000
2015-05-31,CITIBANK,medianas_empresas,0.000000,0.000000,97426.221000,97426.221000
2015-05-31,CITIBANK,microempresas,0.000000,0.000000,1261.352000,1261.352000
2015-05-31,CITIBANK,pequenas_empresas,0.000000,0.000000,568.450000,568.450000
2015-05-31,FALABELLA,consumo,130200.941020,47211.345330,3167954.168600,3345366.454950
2015-05-31,FALABELLA,grandes_empresas,0.000000,0.000000,14.701000,14.701000
2015-05-31,FALABELLA,hipotecario,330.051000,47.747000,9209.125000,9586.923000
2015-05-31,FALABELLA,medianas_empresas,0.000000,0.000000,1.625000,1.625000
2015-05-31,GNB,consumo,16287.548480,9627.811180,842791.348210,868706.707870
2015-05-31,GNB,corporativo,0.000000,0.000000,358024.078000,358024.078000
2015-05-31,GNB,grandes_empresas,467.488000,765.531000,466592.732000,467825.751000
2015-05-31,GNB,hipotecario,9973.971000,3004.672000,991949.401000,1004928.044000
2015-05-31,GNB,medianas_empresas,46698.927000,10282.535000,616313.942000,673295.404000
2015-05-31,GNB,microempresas,15.824000,0.000000,119.205000,135.029000
2015-05-31,GNB,pequenas_empresas,127.053000,0.000000,21860.543000,21987.596000
2015-05-31,ICBC,corporativo,0.000000,0.000000,54768.900000,54768.900000
2015-05-31,ICBC,grandes_empresas,0.000000,0.000000,41974.950000,41974.950000
2015-05-31,INTERBANK,consumo,239342.365670,120039.825220,7407295.526400,7766677.717290
2015-05-31,INTERBANK,corporativo,19.704000,1096.811000,2994198.519000,2995315.034000
2015-05-31,INTERBANK,grandes_empresas,21084.318000,9851.933000,3235869.633000,3266805.884000
2015-05-31,INTERBANK,hipotecario,101656.552000,4473.197000,4247974.045000,4354103.794000
2015-05-31,INTERBANK,medianas_empresas,137045.586000,17559.502000,4019933.407000,4174538.495000
2015-05-31,INTERBANK,microempresas,1115.949000,316.112000,34108.659000,35540.720000
2015-05-31,INTERBANK,pequenas_empresas,33546.932000,5971.078000,476817.770000,516335.780000
2015-05-31,MIBANCO,consumo,18241.683710,3122.363230,547920.981980,569285.028920
2015-05-31,MIBANCO,hipotecario,11280.382000,0.000000,355845.709000,367126.091000
2015-05-31,MIBANCO,medianas_empresas,27579.293000,2655.960000,219548.774000,249784.027000
2015-05-31,MIBANCO,microempresas,97238.948000,10290.490000,2103702.433000,2211231.871000
2015-05-31,MIBANCO,pequenas_empresas,330717.797000,50567.237000,3640707.779000,4021992.813000
2015-05-31,PICHINCHA,consumo,23141.202560,6809.102130,1154222.761300,1184173.065990
2015-05-31,PICHINCHA,corporativo,1.305000,0.000000,248409.787000,248411.092000
2015-05-31,PICHINCHA,grandes_empresas,24979.351000,9680.744000,1319305.977000,1353966.072000
2015-05-31,PICHINCHA,hipotecario,10120.116000,4747.310000,710036.703000,724904.129000
2015-05-31,PICHINCHA,medianas_empresas,100814.970000,44020.354000,1337418.596000,1482253.920000
2015-05-31,PICHINCHA,microempresas,5936.874000,1133.075000,109964.230000,117034.179000
2015-05-31,PICHINCHA,pequenas_empresas,50920.656000,6240.477000,481820.654000,538981.787000
2015-05-31,RIPLEY,consumo,47744.412830,8291.261390,1246274.739520,1302310.413740
2015-05-31,RIPLEY,microempresas,118.155000,0.000000,0.000000,118.155000
2015-05-31,SANTANDER,consumo,0.000000,0.000000,496.867360,496.867360
2015-05-31,SANTANDER,corporativo,0.000000,0.000000,905470.772000,905470.772000
2015-05-31,SANTANDER,grandes_empresas,10056.593000,417.366000,1103344.453000,1113818.412000
2015-05-31,SANTANDER,medianas_empresas,2636.625000,0.000000,503103.057000,505739.682000
2015-05-31,SANTANDER,pequenas_empresas,34.401000,0.000000,300.562000,334.963000
2015-05-31,SCOTIABANK,consumo,269277.699210,36921.500920,4870048.091020,5176247.291150
2015-05-31,SCOTIABANK,corporativo,3947.863000,28.107000,8195660.394000,8199636.364000
2015-05-31,SCOTIABANK,grandes_empresas,51749.239000,27078.159000,7071642.700000,7150470.098000
2015-05-31,SCOTIABANK,hipotecario,85448.521000,17561.385000,5131905.757000,5234915.663000
2015-05-31,SCOTIABANK,medianas_empresas,302863.956000,51036.823000,5056121.200000,5410021.979000
2015-05-31,SCOTIABANK,microempresas,6828.894000,1037.501000,123283.463000,131149.858000
2015-05-31,SCOTIABANK,pequenas_empresas,272385.864000,40764.918000,2372608.509000,2685759.291000
2015-06-30,ALFIN,consumo,59521.625490,646.323460,445939.643300,506107.592250
2015-06-30,BANCOM,consumo,11778.364330,5135.416630,806935.095520,823848.876480
2015-06-30,BANCOM,corporativo,0.166000,0.000000,64262.724000,64262.890000
2015-06-30,BANCOM,grandes_empresas,19988.892000,3908.785000,77416.416000,101314.093000
2015-06-30,BANCOM,hipotecario,626.532000,0.000000,22438.587000,23065.119000
2015-06-30,BANCOM,medianas_empresas,24373.560000,14561.121000,78640.677000,117575.358000
2015-06-30,BANCOM,microempresas,529.960000,79.071000,2994.498000,3603.529000
2015-06-30,BANCOM,pequenas_empresas,3798.633000,537.488000,10184.552000,14520.673000
2015-06-30,BBVA,consumo,102379.863740,52421.914450,3749428.664270,3904230.442460
2015-06-30,BBVA,corporativo,0.000000,162.000000,11883021.725000,11883183.725000
2015-06-30,BBVA,grandes_empresas,126620.110000,83134.992000,8943074.185000,9152829.287000
2015-06-30,BBVA,hipotecario,91701.119000,66130.455000,10088587.616000,10246419.190000
2015-06-30,BBVA,medianas_empresas,619802.626000,506184.688000,9358063.231000,10484050.545000
2015-06-30,BBVA,microempresas,1832.004000,196.174000,99382.481000,101410.659000
2015-06-30,BBVA,pequenas_empresas,144324.519000,56572.182000,1166325.314000,1367222.015000
2015-06-30,BCP,consumo,309191.128910,211207.162720,9356373.767460,9876772.059090
2015-06-30,BCP,corporativo,3882.877000,6701.749000,19983317.071000,19993901.697000
2015-06-30,BCP,grandes_empresas,63411.613000,19653.086000,12849748.942000,12932813.641000
2015-06-30,BCP,hipotecario,216394.942000,31626.775000,11163947.888000,11411969.605000
2015-06-30,BCP,medianas_empresas,631758.684000,154259.480000,10782069.333000,11568087.497000
2015-06-30,BCP,microempresas,7666.279000,3740.130000,276054.257000,287460.666000
2015-06-30,BCP,pequenas_empresas,482463.840000,184200.266000,3688246.195000,4354910.301000
2015-06-30,BIF,consumo,19950.794010,5619.183510,669509.286000,695079.263520
2015-06-30,BIF,corporativo,0.892000,0.000000,988653.554000,988654.446000
2015-06-30,BIF,grandes_empresas,7706.806000,38157.842000,1396880.848000,1442745.496000
2015-06-30,BIF,hipotecario,5254.501000,3351.409000,1419355.105000,1427961.015000
2015-06-30,BIF,medianas_empresas,79500.349000,79362.547000,2498214.055000,2657076.951000
2015-06-30,BIF,microempresas,837.039000,29.329000,8552.105000,9418.473000
2015-06-30,BIF,pequenas_empresas,14252.481000,3562.663000,123426.640000,141241.784000
2015-06-30,CENCOSUD,consumo,19465.203820,4634.069390,341018.359220,365117.632430
2015-06-30,CITIBANK,corporativo,0.000000,10565.876000,1247006.590000,1257572.466000
2015-06-30,CITIBANK,grandes_empresas,0.000000,0.000000,828965.590000,828965.590000
2015-06-30,CITIBANK,medianas_empresas,0.000000,0.000000,84340.376000,84340.376000
2015-06-30,CITIBANK,microempresas,0.000000,0.000000,1308.678000,1308.678000
2015-06-30,CITIBANK,pequenas_empresas,0.000000,0.000000,716.157000,716.157000
2015-06-30,FALABELLA,consumo,134353.972660,49196.790440,3243215.636330,3426766.399430
2015-06-30,FALABELLA,grandes_empresas,0.000000,0.000000,6.301000,6.301000
2015-06-30,FALABELLA,hipotecario,329.127000,47.816000,9128.555000,9505.498000
2015-06-30,FALABELLA,medianas_empresas,0.000000,0.000000,0.360000,0.360000
2015-06-30,GNB,consumo,15109.593370,9438.936610,853405.139390,877953.669370
2015-06-30,GNB,corporativo,0.000000,0.000000,441610.536000,441610.536000
2015-06-30,GNB,grandes_empresas,195.838000,2767.429000,500985.952000,503949.219000
2015-06-30,GNB,hipotecario,9567.532000,3180.986000,996432.167000,1009180.685000
2015-06-30,GNB,medianas_empresas,46544.387000,7793.768000,627562.756000,681900.911000
2015-06-30,GNB,microempresas,28.058000,0.000000,1215.977000,1244.035000
2015-06-30,GNB,pequenas_empresas,127.826000,108.723000,27597.754000,27834.303000
2015-06-30,ICBC,corporativo,0.000000,0.000000,66638.950000,66638.950000
2015-06-30,ICBC,grandes_empresas,0.000000,0.000000,35827.950000,35827.950000
2015-06-30,INTERBANK,consumo,250998.263010,124554.144450,7557187.266150,7932739.673610
2015-06-30,INTERBANK,corporativo,16.880000,1056.811000,3294718.633000,3295792.324000
2015-06-30,INTERBANK,grandes_empresas,22350.127000,10691.264000,3211192.716000,3244234.107000
2015-06-30,INTERBANK,hipotecario,117248.225000,4055.902000,4274113.429000,4395417.556000
2015-06-30,INTERBANK,medianas_empresas,142524.576000,19497.309000,4034564.690000,4196586.575000
2015-06-30,INTERBANK,microempresas,1031.885000,307.691000,32663.926000,34003.502000
2015-06-30,INTERBANK,pequenas_empresas,34698.868000,6267.226000,481589.891000,522555.985000
2015-06-30,MIBANCO,consumo,18508.751370,3203.678250,546604.811800,568317.241420
2015-06-30,MIBANCO,hipotecario,11609.085000,0.000000,360497.385000,372106.470000
2015-06-30,MIBANCO,medianas_empresas,25494.301000,2427.003000,217370.216000,245291.520000
2015-06-30,MIBANCO,microempresas,96785.553000,10304.602000,2121995.582000,2229085.737000
2015-06-30,MIBANCO,pequenas_empresas,336737.701000,50628.756000,3648312.250000,4035678.707000
2015-06-30,PICHINCHA,consumo,23074.310060,6897.457740,1169949.884060,1199921.651860
2015-06-30,PICHINCHA,corporativo,0.791000,0.000000,264118.078000,264118.869000
2015-06-30,PICHINCHA,grandes_empresas,6455.332000,10565.302000,1324584.751000,1341605.385000
2015-06-30,PICHINCHA,hipotecario,11010.640000,4616.464000,719078.055000,734705.159000
2015-06-30,PICHINCHA,medianas_empresas,121596.876000,42339.905000,1367846.002000,1531782.783000
2015-06-30,PICHINCHA,microempresas,6102.016000,1084.084000,113975.966000,121162.066000
2015-06-30,PICHINCHA,pequenas_empresas,52619.775000,6152.638000,473458.203000,532230.616000
2015-06-30,RIPLEY,consumo,46771.843210,7700.231870,1273194.769730,1327666.844810
2015-06-30,RIPLEY,microempresas,118.155000,0.000000,0.000000,118.155000
2015-06-30,SANTANDER,consumo,0.000000,0.000000,650.294770,650.294770
2015-06-30,SANTANDER,corporativo,0.000000,0.000000,914816.804000,914816.804000
2015-06-30,SANTANDER,grandes_empresas,8973.290000,420.010000,1166287.069000,1175680.369000
2015-06-30,SANTANDER,medianas_empresas,2650.811000,0.000000,453028.504000,455679.315000
2015-06-30,SANTANDER,pequenas_empresas,8.071000,0.000000,322.933000,331.004000
2015-06-30,SCOTIABANK,consumo,289294.532660,35905.285340,4920740.358100,5245940.176100
2015-06-30,SCOTIABANK,corporativo,795.507000,6227.286000,8673927.418000,8680950.211000
2015-06-30,SCOTIABANK,grandes_empresas,67887.295000,18807.480000,6780259.926000,6866954.701000
2015-06-30,SCOTIABANK,hipotecario,89306.358000,17924.129000,5170727.579000,5277958.066000
2015-06-30,SCOTIABANK,medianas_empresas,323049.973000,46796.710000,4950309.230000,5320155.913000
2015-06-30,SCOTIABANK,microempresas,6838.694000,1228.628000,112899.736000,120967.058000
2015-06-30,SCOTIABANK,pequenas_empresas,279312.474000,40844.630000,2358518.269000,2678675.373000
2015-07-31,ALFIN,consumo,59668.845600,492.964640,428162.037370,488323.847610
2015-07-31,BANCOM,consumo,12659.226330,5143.376490,826614.102880,844416.705700
2015-07-31,BANCOM,corporativo,0.166000,0.000000,65506.819000,65506.985000
2015-07-31,BANCOM,grandes_empresas,20214.362000,3770.707000,73640.424000,97625.493000
2015-07-31,BANCOM,hipotecario,516.971000,0.000000,22334.396000,22851.367000
2015-07-31,BANCOM,medianas_empresas,24208.476000,14683.714000,70326.549000,109218.739000
2015-07-31,BANCOM,microempresas,582.462000,65.888000,2637.025000,3285.375000
2015-07-31,BANCOM,pequenas_empresas,4014.970000,406.108000,9747.602000,14168.680000
2015-07-31,BBVA,consumo,116129.288960,51425.343090,3731509.720690,3899064.352740
2015-07-31,BBVA,corporativo,326.899000,162.000000,12241290.778000,12241779.677000
2015-07-31,BBVA,grandes_empresas,121062.449000,84862.662000,8861477.842000,9067402.953000
2015-07-31,BBVA,hipotecario,99157.320000,69702.789000,10115128.842000,10283988.951000
2015-07-31,BBVA,medianas_empresas,670338.975000,496695.081000,9188852.836000,10355886.892000
2015-07-31,BBVA,microempresas,2020.359000,165.431000,86900.633000,89086.423000
2015-07-31,BBVA,pequenas_empresas,153991.290000,55646.663000,1144243.955000,1353881.908000
2015-07-31,BCP,consumo,297958.136660,213947.090300,9161862.808550,9673768.035510
2015-07-31,BCP,corporativo,300.750000,6131.297000,20418019.429000,20424451.476000
2015-07-31,BCP,grandes_empresas,57031.299000,22246.545000,13039476.690000,13118754.534000
2015-07-31,BCP,hipotecario,219779.735000,34111.926000,11144397.756000,11398289.417000
2015-07-31,BCP,medianas_empresas,661111.760000,151438.501000,10792047.854000,11604598.115000
2015-07-31,BCP,microempresas,8973.680000,3772.172000,292015.628000,304761.480000
2015-07-31,BCP,pequenas_empresas,499162.071000,179291.306000,3733258.497000,4411711.874000
2015-07-31,BIF,consumo,21178.047520,6116.404530,676429.032140,703723.484190
2015-07-31,BIF,corporativo,0.709000,0.000000,995550.291000,995551.000000
2015-07-31,BIF,grandes_empresas,4668.350000,41087.368000,1403686.983000,1449442.701000
2015-07-31,BIF,hipotecario,5135.501000,3353.472000,1427666.555000,1436155.528000
2015-07-31,BIF,medianas_empresas,85346.139000,82027.608000,2503354.027000,2670727.774000
2015-07-31,BIF,microempresas,839.263000,27.428000,9304.792000,10171.483000
2015-07-31,BIF,pequenas_empresas,14147.812000,3106.458000,125110.212000,142364.482000
2015-07-31,CENCOSUD,consumo,18359.396840,4512.753890,341008.971230,363881.121960
2015-07-31,CITIBANK,corporativo,0.000000,8054.585000,1227033.646000,1235088.231000
2015-07-31,CITIBANK,grandes_empresas,0.000000,0.000000,907859.798000,907859.798000
2015-07-31,CITIBANK,medianas_empresas,0.000000,0.000000,63022.826000,63022.826000
2015-07-31,CITIBANK,microempresas,0.000000,0.000000,32374.088000,32374.088000
2015-07-31,CITIBANK,pequenas_empresas,0.000000,0.000000,1875.468000,1875.468000
2015-07-31,FALABELLA,consumo,136933.013050,50254.546610,3259200.385550,3446387.945210
2015-07-31,FALABELLA,grandes_empresas,0.000000,0.000000,4.366000,4.366000
2015-07-31,FALABELLA,hipotecario,332.671000,47.599000,9032.826000,9413.096000
2015-07-31,FALABELLA,medianas_empresas,0.000000,0.000000,1.288000,1.288000
2015-07-31,GNB,consumo,13960.471110,9432.966990,853813.927000,877207.365100
2015-07-31,GNB,corporativo,0.000000,0.000000,443596.432000,443596.432000
2015-07-31,GNB,grandes_empresas,7397.232000,2696.392000,548489.925000,558583.549000
2015-07-31,GNB,hipotecario,10444.849000,3265.419000,1008923.297000,1022633.565000
2015-07-31,GNB,medianas_empresas,42358.234000,7854.602000,597654.881000,647867.717000
2015-07-31,GNB,microempresas,28.158000,0.000000,2059.956000,2088.114000
2015-07-31,GNB,pequenas_empresas,217.401000,17.083000,26184.323000,26418.807000
2015-07-31,ICBC,corporativo,4518.000000,0.000000,76326.343000,80844.343000
2015-07-31,ICBC,grandes_empresas,0.000000,0.000000,43103.400000,43103.400000
2015-07-31,INTERBANK,consumo,254341.408750,128594.414450,7663852.330360,8046788.153560
2015-07-31,INTERBANK,corporativo,0.000000,1016.811000,3247001.278000,3248018.089000
2015-07-31,INTERBANK,grandes_empresas,52394.051000,11353.173000,3734239.343000,3797986.567000
2015-07-31,INTERBANK,hipotecario,114562.933000,4435.135000,4309970.002000,4428968.070000
2015-07-31,INTERBANK,medianas_empresas,115031.424000,30818.206000,3605627.636000,3751477.266000
2015-07-31,INTERBANK,microempresas,1068.751000,126.195000,27477.069000,28672.015000
2015-07-31,INTERBANK,pequenas_empresas,35466.366000,7920.310000,446656.669000,490043.345000
2015-07-31,MIBANCO,consumo,18395.490230,3148.811350,546346.049710,567890.351290
2015-07-31,MIBANCO,hipotecario,12518.109000,0.000000,361492.201000,374010.310000
2015-07-31,MIBANCO,medianas_empresas,30082.583000,2260.924000,207930.654000,240274.161000
2015-07-31,MIBANCO,microempresas,92604.184000,10071.716000,2141619.764000,2244295.664000
2015-07-31,MIBANCO,pequenas_empresas,341396.741000,51864.704000,3674261.091000,4067522.536000
2015-07-31,PICHINCHA,consumo,25289.924820,6803.481150,1171457.757510,1203551.163480
2015-07-31,PICHINCHA,corporativo,0.794000,0.000000,391276.962000,391277.756000
2015-07-31,PICHINCHA,grandes_empresas,9051.332000,17275.459000,1364635.199000,1390961.990000
2015-07-31,PICHINCHA,hipotecario,10537.466000,4697.978000,733639.104000,748874.548000
2015-07-31,PICHINCHA,medianas_empresas,146164.660000,29710.658000,1364522.427000,1540397.745000
2015-07-31,PICHINCHA,microempresas,6460.308000,1034.871000,120807.599000,128302.778000
2015-07-31,PICHINCHA,pequenas_empresas,52964.057000,6355.481000,465788.359000,525107.897000
2015-07-31,RIPLEY,consumo,43363.611380,7018.842960,1289603.163370,1339985.617710
2015-07-31,RIPLEY,microempresas,118.155000,0.000000,0.000000,118.155000
2015-07-31,SANTANDER,consumo,0.000000,0.000000,670.069800,670.069800
2015-07-31,SANTANDER,corporativo,0.000000,0.000000,1012014.461000,1012014.461000
2015-07-31,SANTANDER,grandes_empresas,9130.145000,421.596000,1328438.160000,1337989.901000
2015-07-31,SANTANDER,medianas_empresas,2632.295000,0.000000,318046.520000,320678.815000
2015-07-31,SANTANDER,pequenas_empresas,0.000000,0.000000,403.428000,403.428000
2015-07-31,SCOTIABANK,consumo,255226.229480,36289.186310,4921994.007350,5213509.423140
2015-07-31,SCOTIABANK,corporativo,797.974000,5867.047000,9135148.232000,9141813.253000
2015-07-31,SCOTIABANK,grandes_empresas,66228.623000,15550.731000,6664870.885000,6746650.239000
2015-07-31,SCOTIABANK,hipotecario,90570.671000,19750.032000,5201408.947000,5311729.650000
2015-07-31,SCOTIABANK,medianas_empresas,340248.304000,46433.015000,5049287.814000,5435969.133000
2015-07-31,SCOTIABANK,microempresas,6867.155000,1230.464000,120403.080000,128500.699000
2015-07-31,SCOTIABANK,pequenas_empresas,276192.258000,41459.168000,2330800.746000,2648452.172000
2015-08-31,ALFIN,consumo,55574.313330,413.124580,414143.230930,470130.668840
2015-08-31,BANCOM,consumo,13199.314510,5230.518540,838810.608470,857240.441520
2015-08-31,BANCOM,corporativo,0.166000,0.000000,72030.184000,72030.350000
2015-08-31,BANCOM,grandes_empresas,20254.530000,3669.832000,88400.309000,112324.671000
2015-08-31,BANCOM,hipotecario,679.015000,0.000000,22186.770000,22865.785000
2015-08-31,BANCOM,medianas_empresas,25008.107000,13881.475000,74918.735000,113808.317000
2015-08-31,BANCOM,microempresas,641.900000,59.326000,2457.253000,3158.479000
2015-08-31,BANCOM,pequenas_empresas,4043.765000,396.046000,8672.617000,13112.428000
2015-08-31,BBVA,consumo,132067.459580,47640.899700,3776735.894030,3956444.253310
2015-08-31,BBVA,corporativo,125.062000,157.239000,11974363.960000,11974646.261000
2015-08-31,BBVA,grandes_empresas,145739.292000,60631.812000,8576946.295000,8783317.399000
2015-08-31,BBVA,hipotecario,102484.424000,70038.197000,10209090.934000,10381613.555000
2015-08-31,BBVA,medianas_empresas,658874.924000,524889.305000,9540265.072000,10724029.301000
2015-08-31,BBVA,microempresas,2156.433000,233.990000,86359.854000,88750.277000
2015-08-31,BBVA,pequenas_empresas,157279.713000,60076.239000,1136074.564000,1353430.516000
2015-08-31,BCP,consumo,301612.145150,215823.886680,9390418.061810,9907854.093640
2015-08-31,BCP,corporativo,36.201000,5612.050000,22417370.727000,22423018.978000
2015-08-31,BCP,grandes_empresas,68612.636000,27461.406000,13374711.610000,13470785.652000
2015-08-31,BCP,hipotecario,228528.788000,35535.526000,11260723.679000,11524787.993000
2015-08-31,BCP,medianas_empresas,656205.675000,162536.350000,11180099.005000,11998841.030000
2015-08-31,BCP,microempresas,9130.546000,3604.261000,308612.725000,321347.532000
2015-08-31,BCP,pequenas_empresas,507699.671000,175942.960000,3796199.295000,4479841.926000
2015-08-31,BIF,consumo,19976.053730,6353.133920,695004.863730,721334.051380
2015-08-31,BIF,corporativo,0.178000,0.000000,1098980.312000,1098980.490000
2015-08-31,BIF,grandes_empresas,5104.034000,35525.262000,1493844.892000,1534474.188000
2015-08-31,BIF,hipotecario,5294.688000,3342.826000,1448468.151000,1457105.665000
2015-08-31,BIF,medianas_empresas,87475.665000,91854.752000,2639404.592000,2818735.009000
2015-08-31,BIF,microempresas,939.745000,38.283000,6040.078000,7018.106000
2015-08-31,BIF,pequenas_empresas,13092.072000,3199.912000,120645.062000,136937.046000
2015-08-31,CENCOSUD,consumo,20394.544550,4326.260310,350102.852590,374823.657450
2015-08-31,CITIBANK,corporativo,0.000000,8173.295000,1174611.839000,1182785.134000
2015-08-31,CITIBANK,grandes_empresas,0.000000,0.000000,898816.028000,898816.028000
2015-08-31,CITIBANK,medianas_empresas,0.000000,0.000000,65208.810000,65208.810000
2015-08-31,CITIBANK,microempresas,0.000000,0.000000,32030.515000,32030.515000
2015-08-31,CITIBANK,pequenas_empresas,0.000000,0.000000,293.334000,293.334000
2015-08-31,FALABELLA,consumo,140278.348210,52152.257720,3301496.145980,3493926.751910
2015-08-31,FALABELLA,grandes_empresas,0.000000,0.000000,5.849000,5.849000
2015-08-31,FALABELLA,hipotecario,333.889000,46.891000,8964.518000,9345.298000
2015-08-31,FALABELLA,medianas_empresas,0.000000,0.000000,1.832000,1.832000
2015-08-31,GNB,consumo,13981.031200,9212.523090,862312.898110,885506.452400
2015-08-31,GNB,corporativo,0.000000,0.000000,489462.533000,489462.533000
2015-08-31,GNB,grandes_empresas,5726.367000,2649.514000,453645.392000,462021.273000
2015-08-31,GNB,hipotecario,9857.737000,3260.528000,1034096.130000,1047214.395000
2015-08-31,GNB,medianas_empresas,40554.396000,6834.214000,630346.577000,677735.187000
2015-08-31,GNB,microempresas,33.874000,0.000000,3004.383000,3038.257000
2015-08-31,GNB,pequenas_empresas,299.575000,14.648000,22897.571000,23211.794000
2015-08-31,ICBC,corporativo,0.000000,0.000000,91939.606000,91939.606000
2015-08-31,ICBC,grandes_empresas,4518.000000,0.000000,43601.600000,48119.600000
2015-08-31,INTERBANK,consumo,257654.547240,156720.316150,7747387.099940,8161761.963330
2015-08-31,INTERBANK,corporativo,1.016000,976.811000,3023471.119000,3024448.946000
2015-08-31,INTERBANK,grandes_empresas,63924.148000,11275.121000,3904171.573000,3979370.842000
2015-08-31,INTERBANK,hipotecario,115436.134000,5375.228000,4379461.841000,4500273.203000
2015-08-31,INTERBANK,medianas_empresas,114453.985000,30751.318000,3639930.837000,3785136.140000
2015-08-31,INTERBANK,microempresas,851.338000,128.994000,26674.374000,27654.706000
2015-08-31,INTERBANK,pequenas_empresas,35185.747000,8329.113000,468370.424000,511885.284000
2015-08-31,MIBANCO,consumo,18119.388790,3359.834290,552907.671170,574386.894250
2015-08-31,MIBANCO,hipotecario,12870.058000,0.000000,363087.624000,375957.682000
2015-08-31,MIBANCO,medianas_empresas,28570.700000,3904.293000,206046.632000,238521.625000
2015-08-31,MIBANCO,microempresas,91243.204000,9913.391000,2176719.524000,2277876.119000
2015-08-31,MIBANCO,pequenas_empresas,342639.251000,54218.245000,3703030.882000,4099888.378000
2015-08-31,PICHINCHA,consumo,27466.610420,6810.474750,1177807.891310,1212084.976480
2015-08-31,PICHINCHA,corporativo,0.000000,0.000000,379889.738000,379889.738000
2015-08-31,PICHINCHA,grandes_empresas,11943.840000,16958.323000,1336320.826000,1365222.989000
2015-08-31,PICHINCHA,hipotecario,10033.336000,4717.669000,748583.827000,763334.832000
2015-08-31,PICHINCHA,medianas_empresas,132361.974000,29267.678000,1375830.028000,1537459.680000
2015-08-31,PICHINCHA,microempresas,6235.139000,961.157000,121133.922000,128330.218000
2015-08-31,PICHINCHA,pequenas_empresas,52658.695000,6465.852000,457227.114000,516351.661000
2015-08-31,RIPLEY,consumo,41576.863630,6453.827890,1312196.880950,1360227.572470
2015-08-31,RIPLEY,microempresas,108.153000,0.000000,0.000000,108.153000
2015-08-31,SANTANDER,consumo,0.000000,0.000000,892.831330,892.831330
2015-08-31,SANTANDER,corporativo,0.000000,0.000000,1083711.486000,1083711.486000
2015-08-31,SANTANDER,grandes_empresas,9129.661000,427.810000,1360354.445000,1369911.916000
2015-08-31,SANTANDER,medianas_empresas,2582.627000,0.000000,328636.126000,331218.753000
2015-08-31,SANTANDER,pequenas_empresas,0.062000,0.000000,783.899000,783.961000
2015-08-31,SCOTIABANK,consumo,246486.115820,36761.325140,4998039.786460,5281287.227420
2015-08-31,SCOTIABANK,corporativo,0.149000,5570.627000,9152298.602000,9157869.378000
2015-08-31,SCOTIABANK,grandes_empresas,76245.028000,15062.445000,6654809.275000,6746116.748000
2015-08-31,SCOTIABANK,hipotecario,101025.543000,19930.105000,5290714.178000,5411669.826000
2015-08-31,SCOTIABANK,medianas_empresas,324302.976000,55167.698000,5364870.534000,5744341.208000
2015-08-31,SCOTIABANK,microempresas,7055.202000,1219.410000,113544.765000,121819.377000
2015-08-31,SCOTIABANK,pequenas_empresas,268667.463000,42777.057000,2320378.374000,2631822.894000
2015-09-30,ALFIN,consumo,52774.346530,339.752010,402526.751140,455640.849680
2015-09-30,BANCOM,consumo,14159.841170,5434.941950,845032.426110,864627.209230
2015-09-30,BANCOM,corporativo,0.136000,0.000000,82928.465000,82928.601000
2015-09-30,BANCOM,grandes_empresas,14392.297000,3647.612000,70650.309000,88690.218000
2015-09-30,BANCOM,hipotecario,690.976000,0.000000,22223.120000,22914.096000
2015-09-30,BANCOM,medianas_empresas,24533.785000,14109.939000,86813.503000,125457.227000
2015-09-30,BANCOM,microempresas,690.891000,45.137000,2058.718000,2794.746000
2015-09-30,BANCOM,pequenas_empresas,3954.274000,330.918000,7749.801000,12034.993000
2015-09-30,BBVA,consumo,98257.020290,47451.774010,3834035.672060,3979744.466360
2015-09-30,BBVA,corporativo,124.719000,151.099000,12494202.568000,12494478.386000
2015-09-30,BBVA,grandes_empresas,144441.940000,59638.911000,8421996.929000,8626077.780000
2015-09-30,BBVA,hipotecario,104198.245000,82385.980000,10234640.915000,10421225.140000
2015-09-30,BBVA,medianas_empresas,649401.430000,541634.055000,9471470.726000,10662506.211000
2015-09-30,BBVA,microempresas,1760.788000,427.446000,99114.078000,101302.312000
2015-09-30,BBVA,pequenas_empresas,151299.299000,61017.920000,1133798.128000,1346115.347000
2015-09-30,BCP,consumo,305934.220440,217748.837040,9495865.960300,10019549.017780
2015-09-30,BCP,corporativo,8040.884000,4978.849000,22151618.716000,22164638.449000
2015-09-30,BCP,grandes_empresas,58126.907000,28556.213000,13593646.420000,13680329.540000
2015-09-30,BCP,hipotecario,226665.146000,37461.295000,11387368.793000,11651495.234000
2015-09-30,BCP,medianas_empresas,649552.786000,162954.677000,11494261.464000,12306768.927000
2015-09-30,BCP,microempresas,8849.380000,3352.633000,304171.059000,316373.072000
2015-09-30,BCP,pequenas_empresas,507067.169000,178830.449000,3892289.487000,4578187.105000
2015-09-30,BIF,consumo,18695.678420,6484.999880,711440.806580,736621.484880
2015-09-30,BIF,corporativo,0.000000,0.000000,1130790.912000,1130790.912000
2015-09-30,BIF,grandes_empresas,6095.838000,35375.235000,1494232.161000,1535703.234000
2015-09-30,BIF,hipotecario,5265.014000,4884.179000,1457912.192000,1468061.385000
2015-09-30,BIF,medianas_empresas,92714.542000,91025.010000,2611525.502000,2795265.054000
2015-09-30,BIF,microempresas,865.090000,56.370000,23549.077000,24470.537000
2015-09-30,BIF,pequenas_empresas,13440.029000,3114.464000,112809.674000,129364.167000
2015-09-30,CENCOSUD,consumo,19649.878520,4031.561290,359226.015960,382907.455770
2015-09-30,CITIBANK,corporativo,0.000000,8137.935000,1295131.122000,1303269.057000
2015-09-30,CITIBANK,grandes_empresas,0.000000,0.000000,816073.767000,816073.767000
2015-09-30,CITIBANK,medianas_empresas,0.000000,0.000000,65498.151000,65498.151000
2015-09-30,CITIBANK,microempresas,0.000000,0.000000,31999.195000,31999.195000
2015-09-30,CITIBANK,pequenas_empresas,0.000000,0.000000,310.032000,310.032000
2015-09-30,FALABELLA,consumo,146170.073250,52414.549630,3352772.376790,3551356.999670
2015-09-30,FALABELLA,grandes_empresas,0.000000,0.000000,6.550000,6.550000
2015-09-30,FALABELLA,hipotecario,327.218000,46.688000,8284.368000,8658.274000
2015-09-30,FALABELLA,medianas_empresas,0.000000,0.000000,0.423000,0.423000
2015-09-30,GNB,consumo,15508.842170,8944.846510,866151.816000,890605.504680
2015-09-30,GNB,corporativo,0.000000,0.000000,490411.300000,490411.300000
2015-09-30,GNB,grandes_empresas,5703.134000,2555.482000,477355.741000,485614.357000
2015-09-30,GNB,hipotecario,11502.056000,3267.835000,1041113.128000,1055883.019000
2015-09-30,GNB,medianas_empresas,39014.883000,6801.943000,647228.590000,693045.416000
2015-09-30,GNB,microempresas,34.616000,0.000000,3874.155000,3908.771000
2015-09-30,GNB,pequenas_empresas,269.832000,105.368000,18112.459000,18487.659000
2015-09-30,ICBC,corporativo,0.000000,0.000000,78450.329000,78450.329000
2015-09-30,ICBC,grandes_empresas,4518.000000,0.000000,45064.200000,49582.200000
2015-09-30,INTERBANK,consumo,254374.760400,169355.880560,7794887.747480,8218618.388440
2015-09-30,INTERBANK,corporativo,27.708000,896.811000,3372615.992000,3373540.511000
2015-09-30,INTERBANK,grandes_empresas,59764.320000,10997.253000,3969222.831000,4039984.404000
2015-09-30,INTERBANK,hipotecario,116435.278000,6342.482000,4430685.570000,4553463.330000
2015-09-30,INTERBANK,medianas_empresas,101827.864000,34117.707000,3668701.923000,3804647.494000
2015-09-30,INTERBANK,microempresas,880.397000,142.420000,22297.630000,23320.447000
2015-09-30,INTERBANK,pequenas_empresas,34602.544000,9183.070000,472367.906000,516153.520000
2015-09-30,MIBANCO,consumo,12358.645330,3375.141790,560425.082150,576158.869270
2015-09-30,MIBANCO,hipotecario,12384.004000,0.000000,364563.485000,376947.489000
2015-09-30,MIBANCO,medianas_empresas,27387.248000,3878.916000,196860.673000,228126.837000
2015-09-30,MIBANCO,microempresas,72349.687000,10271.081000,2217446.634000,2300067.402000
2015-09-30,MIBANCO,pequenas_empresas,290092.253000,56587.392000,3746804.745000,4093484.390000
2015-09-30,PICHINCHA,consumo,27400.855720,7055.221650,1200063.116740,1234519.194110
2015-09-30,PICHINCHA,corporativo,0.000000,0.000000,370204.907000,370204.907000
2015-09-30,PICHINCHA,grandes_empresas,8877.948000,8882.797000,1365918.449000,1383679.194000
2015-09-30,PICHINCHA,hipotecario,10971.622000,5519.790000,760702.029000,777193.441000
2015-09-30,PICHINCHA,medianas_empresas,136178.514000,29463.446000,1396487.031000,1562128.991000
2015-09-30,PICHINCHA,microempresas,5824.517000,943.159000,106797.230000,113564.906000
2015-09-30,PICHINCHA,pequenas_empresas,47066.372000,6155.162000,460390.207000,513611.741000
2015-09-30,RIPLEY,consumo,37718.229900,5898.067560,1338851.709670,1382468.007130
2015-09-30,RIPLEY,microempresas,108.153000,0.000000,0.000000,108.153000
2015-09-30,SANTANDER,consumo,0.000000,0.000000,954.392750,954.392750
2015-09-30,SANTANDER,corporativo,0.000000,0.000000,1070243.884000,1070243.884000
2015-09-30,SANTANDER,grandes_empresas,11116.807000,3477.014000,1352146.523000,1366740.344000
2015-09-30,SANTANDER,medianas_empresas,2576.963000,0.000000,312990.747000,315567.710000
2015-09-30,SANTANDER,microempresas,0.000000,0.000000,60.854000,60.854000
2015-09-30,SANTANDER,pequenas_empresas,0.000000,0.000000,754.711000,754.711000
2015-09-30,SCOTIABANK,consumo,233582.305110,37939.478940,5098494.656410,5370016.440460
2015-09-30,SCOTIABANK,corporativo,0.149000,5538.693000,9594851.866000,9600390.708000
2015-09-30,SCOTIABANK,grandes_empresas,103102.433000,15123.478000,6945977.808000,7064203.719000
2015-09-30,SCOTIABANK,hipotecario,105575.895000,22056.734000,5333315.807000,5460948.436000
2015-09-30,SCOTIABANK,medianas_empresas,300501.591000,56883.500000,5453761.043000,5811146.134000
2015-09-30,SCOTIABANK,microempresas,6562.657000,1229.328000,117605.657000,125397.642000
2015-09-30,SCOTIABANK,pequenas_empresas,252414.656000,45465.333000,2305921.925000,2603801.914000
2015-10-31,ALFIN,consumo,49498.629170,297.459360,393995.670540,443791.759070
2015-10-31,BANCOM,consumo,15054.133940,5688.981880,842457.670940,863200.786760
2015-10-31,BANCOM,corporativo,0.136000,0.000000,69552.368000,69552.504000
2015-10-31,BANCOM,grandes_empresas,17350.169000,1126.772000,79527.895000,98004.836000
2015-10-31,BANCOM,hipotecario,824.423000,0.000000,22341.063000,23165.486000
2015-10-31,BANCOM,medianas_empresas,25238.433000,13580.511000,87626.254000,126445.198000
2015-10-31,BANCOM,microempresas,739.639000,34.827000,1529.615000,2304.081000
2015-10-31,BANCOM,pequenas_empresas,4131.794000,412.575000,6779.949000,11324.318000
2015-10-31,BBVA,consumo,110448.266840,47351.975080,3881826.878720,4039627.120640
2015-10-31,BBVA,corporativo,126.956000,144.951000,12507712.759000,12507984.666000
2015-10-31,BBVA,grandes_empresas,147959.141000,31238.799000,8594541.776000,8773739.716000
2015-10-31,BBVA,hipotecario,116980.773000,104303.591000,10265186.197000,10486470.561000
2015-10-31,BBVA,medianas_empresas,658496.577000,569235.535000,9511492.241000,10739224.353000
2015-10-31,BBVA,microempresas,1851.335000,848.370000,104262.016000,106961.721000
2015-10-31,BBVA,pequenas_empresas,155639.727000,60653.815000,1170474.349000,1386767.891000
2015-10-31,BCP,consumo,321078.166050,216875.901030,9603526.285990,10141480.353070
2015-10-31,BCP,corporativo,8127.360000,0.000000,21808779.922000,21816907.282000
2015-10-31,BCP,grandes_empresas,58397.497000,29594.691000,14146020.716000,14234012.904000
2015-10-31,BCP,hipotecario,243503.983000,43098.717000,11452815.889000,11739418.589000
2015-10-31,BCP,medianas_empresas,700889.669000,168022.418000,11145106.042000,12014018.129000
2015-10-31,BCP,microempresas,9274.011000,3212.140000,301900.865000,314387.016000
2015-10-31,BCP,pequenas_empresas,510335.772000,179679.458000,3888700.733000,4578715.963000
2015-10-31,BIF,consumo,18145.736770,6421.821600,731764.502140,756332.060510
2015-10-31,BIF,corporativo,0.312000,0.000000,1142699.297000,1142699.609000
2015-10-31,BIF,grandes_empresas,6418.497000,39415.276000,1540847.824000,1586681.597000
2015-10-31,BIF,hipotecario,4662.974000,5078.414000,1464174.389000,1473915.777000
2015-10-31,BIF,medianas_empresas,93891.253000,91667.180000,2651898.568000,2837457.001000
2015-10-31,BIF,microempresas,721.815000,51.798000,22764.199000,23537.812000
2015-10-31,BIF,pequenas_empresas,13279.266000,3172.390000,116642.533000,133094.189000
2015-10-31,CENCOSUD,consumo,20428.837210,4058.405430,369495.409280,393982.651920
2015-10-31,CITIBANK,corporativo,0.000000,0.000000,1347131.024000,1347131.024000
2015-10-31,CITIBANK,grandes_empresas,0.000000,0.000000,806959.244000,806959.244000
2015-10-31,CITIBANK,medianas_empresas,0.000000,0.000000,65939.310000,65939.310000
2015-10-31,CITIBANK,microempresas,0.000000,0.000000,32797.773000,32797.773000
2015-10-31,CITIBANK,pequenas_empresas,0.000000,0.000000,316.456000,316.456000
2015-10-31,FALABELLA,consumo,151120.226260,53455.248000,3396864.926470,3601440.400730
2015-10-31,FALABELLA,grandes_empresas,0.000000,0.000000,3.564000,3.564000
2015-10-31,FALABELLA,hipotecario,330.819000,47.141000,8289.105000,8667.065000
2015-10-31,FALABELLA,medianas_empresas,0.000000,0.000000,0.092000,0.092000
2015-10-31,GNB,consumo,16395.874850,8704.880390,869973.633320,895074.388560
2015-10-31,GNB,corporativo,0.000000,0.000000,474085.710000,474085.710000
2015-10-31,GNB,grandes_empresas,754.108000,2516.157000,484538.676000,487808.941000
2015-10-31,GNB,hipotecario,12685.784000,3307.028000,1059036.920000,1075029.732000
2015-10-31,GNB,medianas_empresas,37009.711000,10229.513000,636685.807000,683925.031000
2015-10-31,GNB,microempresas,29.964000,0.000000,4675.589000,4705.553000
2015-10-31,GNB,pequenas_empresas,315.065000,102.797000,18483.937000,18901.799000
2015-10-31,ICBC,corporativo,0.000000,0.000000,92850.524000,92850.524000
2015-10-31,ICBC,grandes_empresas,4518.000000,0.000000,34923.000000,39441.000000
2015-10-31,INTERBANK,consumo,254267.081700,177350.151120,7871297.528400,8302914.761220
2015-10-31,INTERBANK,corporativo,27.285000,856.811000,3677632.795000,3678516.891000
2015-10-31,INTERBANK,grandes_empresas,33357.092000,11590.927000,4032802.434000,4077750.453000
2015-10-31,INTERBANK,hipotecario,123328.937000,6396.261000,4486025.052000,4615750.250000
2015-10-31,INTERBANK,medianas_empresas,105938.783000,30394.309000,3783378.190000,3919711.282000
2015-10-31,INTERBANK,microempresas,872.474000,167.995000,25124.580000,26165.049000
2015-10-31,INTERBANK,pequenas_empresas,35416.138000,9041.036000,475656.338000,520113.512000
2015-10-31,MIBANCO,consumo,12580.097590,3613.003320,569899.159140,586092.260050
2015-10-31,MIBANCO,hipotecario,12710.011000,0.000000,364276.191000,376986.202000
2015-10-31,MIBANCO,medianas_empresas,28779.264000,3829.383000,194468.579000,227077.226000
2015-10-31,MIBANCO,microempresas,73218.206000,11170.139000,2252912.349000,2337300.694000
2015-10-31,MIBANCO,pequenas_empresas,289387.720000,59849.268000,3803699.492000,4152936.480000
2015-10-31,PICHINCHA,consumo,27554.222720,7410.028280,1195208.229750,1230172.480750
2015-10-31,PICHINCHA,corporativo,89.395000,0.000000,487202.429000,487291.824000
2015-10-31,PICHINCHA,grandes_empresas,11744.553000,8567.612000,1318709.685000,1339021.850000
2015-10-31,PICHINCHA,hipotecario,11308.877000,5544.301000,780121.303000,796974.481000
2015-10-31,PICHINCHA,medianas_empresas,133918.340000,40058.377000,1475078.522000,1649055.239000
2015-10-31,PICHINCHA,microempresas,6014.635000,875.167000,105276.281000,112166.083000
2015-10-31,PICHINCHA,pequenas_empresas,46667.252000,6385.646000,464374.083000,517426.981000
2015-10-31,RIPLEY,consumo,39270.347490,5168.980940,1368423.999880,1412863.328310
2015-10-31,RIPLEY,microempresas,108.153000,0.000000,0.000000,108.153000
2015-10-31,SANTANDER,consumo,0.000000,0.000000,1128.431750,1128.431750
2015-10-31,SANTANDER,corporativo,0.000000,0.000000,1149093.552000,1149093.552000
2015-10-31,SANTANDER,grandes_empresas,11445.884000,3484.809000,1379007.347000,1393938.040000
2015-10-31,SANTANDER,medianas_empresas,2617.072000,0.000000,226386.492000,229003.564000
2015-10-31,SANTANDER,microempresas,0.000000,0.000000,59.131000,59.131000
2015-10-31,SANTANDER,pequenas_empresas,0.000000,0.000000,740.564000,740.564000
2015-10-31,SCOTIABANK,consumo,250763.309680,38152.823370,5227051.554230,5515967.687280
2015-10-31,SCOTIABANK,corporativo,0.149000,5292.922000,9250678.520000,9255971.591000
2015-10-31,SCOTIABANK,grandes_empresas,122514.111000,15617.935000,6845906.418000,6984038.464000
2015-10-31,SCOTIABANK,hipotecario,116974.514000,24578.188000,5416930.061000,5558482.763000
2015-10-31,SCOTIABANK,medianas_empresas,328177.378000,57766.578000,5693307.583000,6079251.539000
2015-10-31,SCOTIABANK,microempresas,6672.867000,1248.955000,116232.440000,124154.262000
2015-10-31,SCOTIABANK,pequenas_empresas,257834.196000,48305.102000,2295601.124000,2601740.422000
2015-11-30,ALFIN,consumo,48117.543630,246.292250,384494.418620,432858.254500
2015-11-30,BANCOM,consumo,10762.914330,5835.976470,841581.823240,858180.714040
2015-11-30,BANCOM,corporativo,0.136000,0.000000,49116.921000,49117.057000
2015-11-30,BANCOM,grandes_empresas,3427.673000,1150.540000,79150.412000,83728.625000
2015-11-30,BANCOM,hipotecario,894.519000,0.000000,22480.566000,23375.085000
2015-11-30,BANCOM,medianas_empresas,24727.511000,14344.663000,89507.670000,128579.844000
2015-11-30,BANCOM,microempresas,297.938000,23.856000,1202.275000,1524.069000
2015-11-30,BANCOM,pequenas_empresas,3150.557000,354.481000,5860.649000,9365.687000
2015-11-30,BBVA,consumo,80976.158350,47210.366040,3962995.137710,4091181.662100
2015-11-30,BBVA,corporativo,130.594000,144.951000,12820170.309000,12820445.854000
2015-11-30,BBVA,grandes_empresas,142467.841000,26521.915000,8947748.887000,9116738.643000
2015-11-30,BBVA,hipotecario,107788.974000,131138.443000,10393226.203000,10632153.620000
2015-11-30,BBVA,medianas_empresas,654951.251000,571361.117000,9673129.307000,10899441.675000
2015-11-30,BBVA,microempresas,1675.011000,323.361000,91681.103000,93679.475000
2015-11-30,BBVA,pequenas_empresas,111004.373000,61544.809000,1187508.790000,1360057.972000
2015-11-30,BCP,consumo,334053.957100,218424.071030,9757655.854790,10310133.882920
2015-11-30,BCP,corporativo,15513.403000,0.000000,22097737.998000,22113251.401000
2015-11-30,BCP,grandes_empresas,75882.407000,34760.121000,14412122.077000,14522764.605000
2015-11-30,BCP,hipotecario,248783.795000,44848.358000,11593688.630000,11887320.783000
2015-11-30,BCP,medianas_empresas,750098.125000,168413.241000,11485963.045000,12404474.411000
2015-11-30,BCP,microempresas,9205.106000,3292.373000,321032.589000,333530.068000
2015-11-30,BCP,pequenas_empresas,494308.854000,186117.549000,3981288.473000,4661714.876000
2015-11-30,BIF,consumo,16849.633090,6846.077880,755933.717900,779629.428870
2015-11-30,BIF,corporativo,0.555000,0.000000,1161463.219000,1161463.774000
2015-11-30,BIF,grandes_empresas,6308.680000,39156.203000,1631584.173000,1677049.056000
2015-11-30,BIF,hipotecario,4823.953000,9733.832000,1472497.217000,1487055.002000
2015-11-30,BIF,medianas_empresas,99557.100000,102208.564000,2653461.501000,2855227.165000
2015-11-30,BIF,microempresas,709.029000,36.727000,23548.836000,24294.592000
2015-11-30,BIF,pequenas_empresas,13102.626000,2987.596000,113572.746000,129662.968000
2015-11-30,CENCOSUD,consumo,19402.535790,4260.824260,386442.753120,410106.113170
2015-11-30,CITIBANK,corporativo,0.000000,0.000000,1427343.460000,1427343.460000
2015-11-30,CITIBANK,grandes_empresas,0.000000,0.000000,835229.843000,835229.843000
2015-11-30,CITIBANK,medianas_empresas,0.000000,0.000000,60457.064000,60457.064000
2015-11-30,CITIBANK,microempresas,0.000000,0.000000,32009.299000,32009.299000
2015-11-30,CITIBANK,pequenas_empresas,0.000000,0.000000,541.920000,541.920000
2015-11-30,FALABELLA,consumo,158778.864100,54930.845570,3475531.696790,3689241.406460
2015-11-30,FALABELLA,grandes_empresas,0.000000,0.000000,4.431000,4.431000
2015-11-30,FALABELLA,hipotecario,400.525000,48.157000,8343.206000,8791.888000
2015-11-30,FALABELLA,medianas_empresas,0.000000,0.000000,0.097000,0.097000
2015-11-30,GNB,consumo,17176.869000,8787.894300,872793.625710,898758.389010
2015-11-30,GNB,corporativo,0.000000,0.000000,511897.556000,511897.556000
2015-11-30,GNB,grandes_empresas,2856.010000,2490.016000,499795.390000,505141.416000
2015-11-30,GNB,hipotecario,13646.770000,3302.135000,1074065.028000,1091013.933000
2015-11-30,GNB,medianas_empresas,37617.340000,9202.309000,626152.828000,672972.477000
2015-11-30,GNB,microempresas,31.783000,0.000000,5810.609000,5842.392000
2015-11-30,GNB,pequenas_empresas,412.805000,6.172000,20934.415000,21353.392000
2015-11-30,ICBC,corporativo,0.000000,0.000000,85362.199000,85362.199000
2015-11-30,ICBC,grandes_empresas,4518.000000,0.000000,30703.400000,35221.400000
2015-11-30,INTERBANK,consumo,270254.784470,187205.042390,7908283.880200,8365743.707060
2015-11-30,INTERBANK,corporativo,0.000000,816.811000,3576867.298000,3577684.109000
2015-11-30,INTERBANK,grandes_empresas,35844.253000,11601.825000,4006989.854000,4054435.932000
2015-11-30,INTERBANK,hipotecario,125203.397000,6416.774000,4557162.922000,4688783.093000
2015-11-30,INTERBANK,medianas_empresas,118793.824000,28642.895000,3834987.475000,3982424.194000
2015-11-30,INTERBANK,microempresas,955.505000,140.375000,23887.008000,24982.888000
2015-11-30,INTERBANK,pequenas_empresas,34322.108000,9607.107000,482038.317000,525967.532000
2015-11-30,MIBANCO,consumo,11994.345480,3759.526360,577627.965380,593381.837220
2015-11-30,MIBANCO,hipotecario,12908.349000,0.000000,367572.566000,380480.915000
2015-11-30,MIBANCO,medianas_empresas,28096.776000,3077.573000,193624.824000,224799.173000
2015-11-30,MIBANCO,microempresas,69688.333000,11779.989000,2298318.203000,2379786.525000
2015-11-30,MIBANCO,pequenas_empresas,269451.078000,62708.537000,3865580.442000,4197740.057000
2015-11-30,PICHINCHA,consumo,25541.285630,7496.713230,1269162.323160,1302200.322020
2015-11-30,PICHINCHA,corporativo,0.000000,0.000000,526055.870000,526055.870000
2015-11-30,PICHINCHA,grandes_empresas,17926.689000,5218.652000,1357015.783000,1380161.124000
2015-11-30,PICHINCHA,hipotecario,12108.670000,5390.597000,795332.435000,812831.702000
2015-11-30,PICHINCHA,medianas_empresas,138501.819000,41146.328000,1552980.853000,1732629.000000
2015-11-30,PICHINCHA,microempresas,5905.123000,826.111000,103682.346000,110413.580000
2015-11-30,PICHINCHA,pequenas_empresas,47428.151000,5879.854000,472714.836000,526022.841000
2015-11-30,RIPLEY,consumo,28315.808310,4783.975070,1410966.013000,1444065.796380
2015-11-30,SANTANDER,consumo,0.000000,0.000000,1231.782480,1231.782480
2015-11-30,SANTANDER,corporativo,0.299000,0.000000,1409392.779000,1409393.078000
2015-11-30,SANTANDER,grandes_empresas,399.883000,5720.956000,1196751.909000,1202872.748000
2015-11-30,SANTANDER,medianas_empresas,11866.277000,0.000000,258589.929000,270456.206000
2015-11-30,SANTANDER,microempresas,5.161000,0.000000,12.049000,17.210000
2015-11-30,SANTANDER,pequenas_empresas,0.000000,0.000000,5282.551000,5282.551000
2015-11-30,SCOTIABANK,consumo,260379.509160,37330.279850,5336405.719140,5634115.508150
2015-11-30,SCOTIABANK,corporativo,0.421000,4943.188000,9846134.465000,9851078.074000
2015-11-30,SCOTIABANK,grandes_empresas,128094.516000,15623.849000,6961536.101000,7105254.466000
2015-11-30,SCOTIABANK,hipotecario,128526.906000,25906.089000,5514678.970000,5669111.965000
2015-11-30,SCOTIABANK,medianas_empresas,344760.512000,53214.514000,5717117.468000,6115092.494000
2015-11-30,SCOTIABANK,microempresas,6418.784000,1348.187000,114882.103000,122649.074000
2015-11-30,SCOTIABANK,pequenas_empresas,269652.686000,49334.288000,2290121.815000,2609108.789000
2015-12-31,ALFIN,consumo,47785.810000,191.071420,381756.156460,429733.037880
2015-12-31,ALFIN,grandes_empresas,0.000000,0.000000,4502.857000,4502.857000
2015-12-31,BANCOM,consumo,11527.288720,5799.302620,835883.752650,853210.343990
2015-12-31,BANCOM,corporativo,0.136000,0.000000,51767.895000,51768.031000
2015-12-31,BANCOM,grandes_empresas,3534.602000,2115.753000,77397.799000,83048.154000
2015-12-31,BANCOM,hipotecario,1020.519000,0.000000,22338.166000,23358.685000
2015-12-31,BANCOM,medianas_empresas,20480.134000,13184.787000,90614.302000,124279.223000
2015-12-31,BANCOM,microempresas,250.609000,20.876000,177.173000,448.658000
2015-12-31,BANCOM,pequenas_empresas,2666.793000,331.669000,1651.090000,4649.552000
2015-12-31,BBVA,consumo,62183.485140,44074.038120,3966611.310740,4072868.834000
2015-12-31,BBVA,corporativo,196.760000,132.512000,12803094.638000,12803423.910000
2015-12-31,BBVA,grandes_empresas,138046.062000,34429.283000,9504622.170000,9677097.515000
2015-12-31,BBVA,hipotecario,115678.965000,141860.071000,10391383.400000,10648922.436000
2015-12-31,BBVA,medianas_empresas,654197.209000,577237.788000,9816095.662000,11047530.659000
2015-12-31,BBVA,microempresas,1201.218000,288.377000,105397.637000,106887.232000
2015-12-31,BBVA,pequenas_empresas,105605.017000,60253.103000,1201225.299000,1367083.419000
2015-12-31,BCP,consumo,337266.961730,217747.364120,9721054.099870,10276068.425720
2015-12-31,BCP,corporativo,10124.266000,0.000000,22229292.001000,22239416.267000
2015-12-31,BCP,grandes_empresas,67086.298000,46148.680000,13680025.003000,13793259.981000
2015-12-31,BCP,hipotecario,255265.918000,46150.941000,11708614.726000,12010031.585000
2015-12-31,BCP,medianas_empresas,686403.618000,169610.077000,11903184.336000,12759198.031000
2015-12-31,BCP,microempresas,9414.817000,3118.031000,362507.048000,375039.896000
2015-12-31,BCP,pequenas_empresas,486034.360000,181854.515000,3981763.668000,4649652.543000
2015-12-31,BIF,consumo,18485.499260,6862.923050,768388.235910,793736.658220
2015-12-31,BIF,corporativo,0.357000,0.000000,1127207.542000,1127207.899000
2015-12-31,BIF,grandes_empresas,4584.029000,32698.098000,1636379.476000,1673661.603000
2015-12-31,BIF,hipotecario,5072.805000,9028.325000,1481542.054000,1495643.184000
2015-12-31,BIF,medianas_empresas,101693.999000,101189.666000,2688623.735000,2891507.400000
2015-12-31,BIF,microempresas,687.480000,383.555000,32999.024000,34070.059000
2015-12-31,BIF,pequenas_empresas,13223.575000,2834.608000,110243.052000,126301.235000
2015-12-31,CENCOSUD,consumo,20974.257970,4143.931160,419083.532070,444201.721200
2015-12-31,CITIBANK,corporativo,0.000000,0.000000,1437346.007000,1437346.007000
2015-12-31,CITIBANK,grandes_empresas,0.000000,0.000000,748041.726000,748041.726000
2015-12-31,CITIBANK,medianas_empresas,0.000000,0.000000,90503.576000,90503.576000
2015-12-31,CITIBANK,microempresas,0.000000,0.000000,33.659000,33.659000
2015-12-31,CITIBANK,pequenas_empresas,0.000000,0.000000,382.798000,382.798000
2015-12-31,FALABELLA,consumo,163081.225940,55040.518810,3629636.051990,3847757.796740
2015-12-31,FALABELLA,grandes_empresas,0.000000,0.000000,1.228000,1.228000
2015-12-31,FALABELLA,hipotecario,492.526000,48.167000,8155.277000,8695.970000
2015-12-31,FALABELLA,medianas_empresas,0.000000,0.000000,3.888000,3.888000
2015-12-31,GNB,consumo,16776.694410,8644.415830,869034.797340,894455.907580
2015-12-31,GNB,corporativo,0.000000,0.000000,485407.514000,485407.514000
2015-12-31,GNB,grandes_empresas,2864.247000,2424.835000,492392.546000,497681.628000
2015-12-31,GNB,hipotecario,12053.463000,3295.646000,1108701.034000,1124050.143000
2015-12-31,GNB,medianas_empresas,42242.432000,6191.256000,658441.459000,706875.147000
2015-12-31,GNB,microempresas,35.079000,0.000000,3113.602000,3148.681000
2015-12-31,GNB,pequenas_empresas,477.960000,0.000000,15738.661000,16216.621000
2015-12-31,ICBC,corporativo,0.000000,0.000000,94143.599000,94143.599000
2015-12-31,ICBC,grandes_empresas,4518.000000,0.000000,31040.100000,35558.100000
2015-12-31,INTERBANK,consumo,293338.223770,189768.299820,7932964.243700,8416070.767290
2015-12-31,INTERBANK,corporativo,0.000000,816.811000,3425155.774000,3425972.585000
2015-12-31,INTERBANK,grandes_empresas,35996.902000,11128.165000,3902061.808000,3949186.875000
2015-12-31,INTERBANK,hipotecario,131022.693000,6825.253000,4627137.657000,4764985.603000
2015-12-31,INTERBANK,medianas_empresas,93089.702000,31269.992000,3867148.631000,3991508.325000
2015-12-31,INTERBANK,microempresas,1033.833000,143.824000,19999.221000,21176.878000
2015-12-31,INTERBANK,pequenas_empresas,34624.512000,9263.732000,467271.367000,511159.611000
2015-12-31,MIBANCO,consumo,12012.723240,3842.584090,588020.248850,603875.556180
2015-12-31,MIBANCO,hipotecario,13765.292000,0.000000,371535.164000,385300.456000
2015-12-31,MIBANCO,medianas_empresas,27116.598000,3204.052000,192934.432000,223255.082000
2015-12-31,MIBANCO,microempresas,68322.376000,11795.341000,2311149.701000,2391267.418000
2015-12-31,MIBANCO,pequenas_empresas,255003.518000,64554.957000,3905422.562000,4224981.037000
2015-12-31,PICHINCHA,consumo,26369.483890,7810.301570,1280912.395330,1315092.180790
2015-12-31,PICHINCHA,corporativo,0.000000,0.000000,510561.073000,510561.073000
2015-12-31,PICHINCHA,grandes_empresas,24581.155000,7653.388000,1309428.447000,1341662.990000
2015-12-31,PICHINCHA,hipotecario,12160.397000,5617.982000,805707.112000,823485.491000
2015-12-31,PICHINCHA,medianas_empresas,130517.221000,44122.854000,1547767.387000,1722407.462000
2015-12-31,PICHINCHA,microempresas,5851.062000,774.609000,104457.649000,111083.320000
2015-12-31,PICHINCHA,pequenas_empresas,45458.927000,6168.093000,465634.996000,517262.016000
2015-12-31,RIPLEY,consumo,38287.773590,4524.157680,1497841.022750,1540652.954020
2015-12-31,SANTANDER,consumo,0.000000,0.000000,1205.248890,1205.248890
2015-12-31,SANTANDER,corporativo,0.000000,0.000000,1359256.016000,1359256.016000
2015-12-31,SANTANDER,grandes_empresas,1654.649000,5402.338000,1021162.424000,1028219.411000
2015-12-31,SANTANDER,medianas_empresas,10752.908000,0.000000,446974.277000,457727.185000
2015-12-31,SANTANDER,microempresas,4.167000,0.000000,11.106000,15.273000
2015-12-31,SANTANDER,pequenas_empresas,0.000000,0.000000,5763.422000,5763.422000
2015-12-31,SCOTIABANK,consumo,234194.592160,38999.951630,5376281.098850,5649475.642640
2015-12-31,SCOTIABANK,corporativo,2.135000,5036.163000,9915513.643000,9920551.941000
2015-12-31,SCOTIABANK,grandes_empresas,105669.022000,21249.900000,6596278.290000,6723197.212000
2015-12-31,SCOTIABANK,hipotecario,135764.438000,25961.084000,5585843.736000,5747569.258000
2015-12-31,SCOTIABANK,medianas_empresas,330442.703000,62871.185000,5849438.691000,6242752.579000
2015-12-31,SCOTIABANK,microempresas,6116.093000,1352.525000,115098.520000,122567.138000
2015-12-31,SCOTIABANK,pequenas_empresas,256970.990000,50600.566000,2253980.114000,2561551.670000
2016-01-31,ALFIN,consumo,46784.936770,138.607780,367123.220420,414046.764970
2016-01-31,ALFIN,grandes_empresas,0.000000,0.000000,3553.211000,3553.211000
2016-01-31,BANCOM,consumo,12496.311310,5714.903450,839955.411770,858166.626530
2016-01-31,BANCOM,corporativo,0.126000,0.000000,68152.299000,68152.425000
2016-01-31,BANCOM,grandes_empresas,5641.596000,1939.379000,85862.433000,93443.408000
2016-01-31,BANCOM,hipotecario,1050.126000,0.000000,22105.672000,23155.798000
2016-01-31,BANCOM,medianas_empresas,21525.995000,13531.732000,88349.038000,123406.765000
2016-01-31,BANCOM,microempresas,277.623000,9.287000,150.057000,436.967000
2016-01-31,BANCOM,pequenas_empresas,2779.573000,247.575000,1508.903000,4536.051000
2016-01-31,BBVA,consumo,78041.366700,43817.164090,3990708.323360,4112566.854150
2016-01-31,BBVA,corporativo,182.348000,132.512000,12569576.654000,12569891.514000
2016-01-31,BBVA,grandes_empresas,142021.641000,34514.060000,9087834.796000,9264370.497000
2016-01-31,BBVA,hipotecario,130420.871000,143486.885000,10415811.248000,10689719.004000
2016-01-31,BBVA,medianas_empresas,679254.418000,576550.268000,9779103.385000,11034908.071000
2016-01-31,BBVA,microempresas,1327.431000,1660.705000,77592.552000,80580.688000
2016-01-31,BBVA,pequenas_empresas,110711.175000,60076.572000,1169337.431000,1340125.178000
2016-01-31,BCP,consumo,374028.022620,215088.317050,9686046.855110,10275163.194780
2016-01-31,BCP,corporativo,8061.910000,0.000000,23785876.214000,23793938.124000
2016-01-31,BCP,grandes_empresas,62090.825000,61324.754000,13542632.827000,13666048.406000
2016-01-31,BCP,hipotecario,263028.979000,45891.811000,11778084.616000,12087005.406000
2016-01-31,BCP,medianas_empresas,728692.919000,155630.916000,11973085.823000,12857409.658000
2016-01-31,BCP,microempresas,9215.212000,2991.062000,289577.537000,301783.811000
2016-01-31,BCP,pequenas_empresas,519754.232000,177965.657000,3839189.867000,4536909.756000
2016-01-31,BIF,consumo,18900.503280,7014.746470,781170.823680,807086.073430
2016-01-31,BIF,corporativo,0.180000,0.000000,1098767.376000,1098767.556000
2016-01-31,BIF,grandes_empresas,8810.635000,34990.752000,1721238.916000,1765040.303000
2016-01-31,BIF,hipotecario,4906.553000,9272.756000,1494532.860000,1508712.169000
2016-01-31,BIF,medianas_empresas,114833.222000,95351.124000,2701869.232000,2912053.578000
2016-01-31,BIF,microempresas,696.040000,20.791000,22315.093000,23031.924000
2016-01-31,BIF,pequenas_empresas,13661.493000,2691.783000,115844.104000,132197.380000
2016-01-31,CENCOSUD,consumo,22214.447610,4284.157870,419543.957460,446042.562940
2016-01-31,CITIBANK,corporativo,0.000000,0.000000,1486035.491000,1486035.491000
2016-01-31,CITIBANK,grandes_empresas,0.000000,0.000000,793280.969000,793280.969000
2016-01-31,CITIBANK,medianas_empresas,0.000000,0.000000,94995.930000,94995.930000
2016-01-31,CITIBANK,microempresas,0.000000,0.000000,11465.994000,11465.994000
2016-01-31,CITIBANK,pequenas_empresas,0.000000,0.000000,278.817000,278.817000
2016-01-31,FALABELLA,consumo,166142.303710,58072.939400,3594446.136510,3818661.379620
2016-01-31,FALABELLA,grandes_empresas,0.000000,0.000000,2.325000,2.325000
2016-01-31,FALABELLA,hipotecario,497.009000,48.782000,8077.010000,8622.801000
2016-01-31,FALABELLA,medianas_empresas,0.000000,0.000000,0.898000,0.898000
2016-01-31,GNB,consumo,15673.309550,8833.933830,870565.742130,895072.985510
2016-01-31,GNB,corporativo,0.000000,0.000000,448607.381000,448607.381000
2016-01-31,GNB,grandes_empresas,5097.488000,2371.673000,483380.398000,490849.559000
2016-01-31,GNB,hipotecario,12836.981000,3910.243000,1121262.763000,1138009.987000
2016-01-31,GNB,medianas_empresas,40630.261000,7651.940000,670278.823000,718561.024000
2016-01-31,GNB,microempresas,36.827000,0.000000,3399.670000,3436.497000
2016-01-31,GNB,pequenas_empresas,511.157000,0.000000,23298.197000,23809.354000
2016-01-31,ICBC,corporativo,0.000000,0.000000,85361.999000,85361.999000
2016-01-31,ICBC,grandes_empresas,4518.000000,0.000000,28853.316000,33371.316000
2016-01-31,INTERBANK,consumo,287151.629870,193271.442880,7920400.211850,8400823.284600
2016-01-31,INTERBANK,corporativo,0.000000,736.811000,3678868.970000,3679605.781000
2016-01-31,INTERBANK,grandes_empresas,36247.416000,11133.134000,3933949.693000,3981330.243000
2016-01-31,INTERBANK,hipotecario,136924.702000,7001.496000,4662362.496000,4806288.694000
2016-01-31,INTERBANK,medianas_empresas,102745.697000,26436.649000,3898006.094000,4027188.440000
2016-01-31,INTERBANK,microempresas,1020.206000,121.325000,19807.409000,20948.940000
2016-01-31,INTERBANK,pequenas_empresas,34780.618000,9758.360000,433498.896000,478037.874000
2016-01-31,MIBANCO,consumo,11385.236340,3934.767920,597579.185540,612899.189800
2016-01-31,MIBANCO,hipotecario,13822.194000,620.893000,373320.738000,387763.825000
2016-01-31,MIBANCO,medianas_empresas,29378.372000,3333.310000,190714.231000,223425.913000
2016-01-31,MIBANCO,microempresas,68412.921000,11833.243000,2315191.722000,2395437.886000
2016-01-31,MIBANCO,pequenas_empresas,253781.422000,65670.162000,3939018.311000,4258469.895000
2016-01-31,PICHINCHA,consumo,30102.380560,8055.637260,1277127.258660,1315285.276480
2016-01-31,PICHINCHA,corporativo,0.000000,0.000000,499553.609000,499553.609000
2016-01-31,PICHINCHA,grandes_empresas,33547.152000,6616.632000,1251022.493000,1291186.277000
2016-01-31,PICHINCHA,hipotecario,11727.878000,5663.593000,823441.491000,840832.962000
2016-01-31,PICHINCHA,medianas_empresas,137343.366000,85703.513000,1425565.423000,1648612.302000
2016-01-31,PICHINCHA,microempresas,5614.511000,680.073000,102245.278000,108539.862000
2016-01-31,PICHINCHA,pequenas_empresas,46338.371000,5712.954000,459547.810000,511599.135000
2016-01-31,RIPLEY,consumo,39029.147930,4324.919260,1489801.014180,1533155.081370
2016-01-31,SANTANDER,consumo,0.000000,0.000000,1185.498290,1185.498290
2016-01-31,SANTANDER,corporativo,0.000000,0.000000,1393745.707000,1393745.707000
2016-01-31,SANTANDER,grandes_empresas,9242.639000,4748.867000,1064722.875000,1078714.381000
2016-01-31,SANTANDER,medianas_empresas,10741.149000,0.000000,406694.465000,417435.614000
2016-01-31,SANTANDER,microempresas,0.000000,0.000000,10.517000,10.517000
2016-01-31,SANTANDER,pequenas_empresas,0.000000,0.000000,1347.651000,1347.651000
2016-01-31,SCOTIABANK,consumo,247342.041270,39897.283980,5413894.968630,5701134.293880
2016-01-31,SCOTIABANK,corporativo,0.149000,5036.163000,10233354.511000,10238390.823000
2016-01-31,SCOTIABANK,grandes_empresas,114228.802000,20116.135000,6877674.339000,7012019.276000
2016-01-31,SCOTIABANK,hipotecario,143537.495000,25601.373000,5639650.625000,5808789.493000
2016-01-31,SCOTIABANK,medianas_empresas,336897.285000,60295.716000,5863988.145000,6261181.146000
2016-01-31,SCOTIABANK,microempresas,6287.402000,1209.008000,112072.650000,119569.060000
2016-01-31,SCOTIABANK,pequenas_empresas,264440.238000,49313.542000,2207477.624000,2521231.404000
2016-02-29,ALFIN,consumo,44138.395960,101.644430,356295.107780,400535.148170
2016-02-29,ALFIN,grandes_empresas,0.000000,0.000000,1956.900000,1956.900000
2016-02-29,BANCOM,consumo,13560.691840,5533.921330,858057.839700,877152.452870
2016-02-29,BANCOM,corporativo,0.126000,0.000000,72273.512000,72273.638000
2016-02-29,BANCOM,grandes_empresas,5768.685000,1760.235000,76732.819000,84261.739000
2016-02-29,BANCOM,hipotecario,1107.681000,0.000000,22060.380000,23168.061000
2016-02-29,BANCOM,medianas_empresas,20380.493000,12913.394000,86335.280000,119629.167000
2016-02-29,BANCOM,microempresas,277.495000,8.854000,184.976000,471.325000
2016-02-29,BANCOM,pequenas_empresas,2954.913000,150.676000,1480.649000,4586.238000
2016-02-29,BBVA,consumo,97096.347100,42963.033180,4018842.090760,4158901.471040
2016-02-29,BBVA,corporativo,183.652000,119.846000,13440721.195000,13441024.693000
2016-02-29,BBVA,grandes_empresas,155974.677000,28137.500000,9196507.415000,9380619.592000
2016-02-29,BBVA,hipotecario,151701.088000,140211.443000,10465396.559000,10757309.090000
2016-02-29,BBVA,medianas_empresas,692528.323000,577992.659000,9866708.796000,11137229.778000
2016-02-29,BBVA,microempresas,1379.663000,238.824000,64721.936000,66340.423000
2016-02-29,BBVA,pequenas_empresas,116546.270000,57870.604000,1160423.266000,1334840.140000
2016-02-29,BCP,consumo,359200.070030,213439.844290,9737086.454790,10309726.369110
2016-02-29,BCP,corporativo,8086.173000,0.000000,23934896.313000,23942982.486000
2016-02-29,BCP,grandes_empresas,84743.763000,63758.733000,13333463.910000,13481966.406000
2016-02-29,BCP,hipotecario,273787.157000,44461.024000,11847308.062000,12165556.243000
2016-02-29,BCP,medianas_empresas,721013.551000,164022.656000,12112559.664000,12997595.871000
2016-02-29,BCP,microempresas,9317.414000,2976.634000,242717.481000,255011.529000
2016-02-29,BCP,pequenas_empresas,493468.766000,177700.027000,3772848.320000,4444017.113000
2016-02-29,BIF,consumo,18353.826980,7081.975920,802285.973490,827721.776390
2016-02-29,BIF,corporativo,0.180000,0.000000,1142611.969000,1142612.149000
2016-02-29,BIF,grandes_empresas,15072.720000,36384.546000,1751556.038000,1803013.304000
2016-02-29,BIF,hipotecario,5394.256000,11219.483000,1503857.889000,1520471.628000
2016-02-29,BIF,medianas_empresas,127091.839000,94816.838000,2679089.655000,2900998.332000
2016-02-29,BIF,microempresas,705.921000,22.081000,23994.585000,24722.587000
2016-02-29,BIF,pequenas_empresas,14388.558000,3070.217000,108618.567000,126077.342000
2016-02-29,CENCOSUD,consumo,20879.781180,4601.437910,432176.515530,457657.734620
2016-02-29,CITIBANK,corporativo,0.000000,0.000000,1152448.615000,1152448.615000
2016-02-29,CITIBANK,grandes_empresas,0.000000,0.000000,817251.911000,817251.911000
2016-02-29,CITIBANK,medianas_empresas,0.000000,0.000000,139139.379000,139139.379000
2016-02-29,CITIBANK,microempresas,0.000000,0.000000,3432.548000,3432.548000
2016-02-29,CITIBANK,pequenas_empresas,0.000000,0.000000,338.463000,338.463000
2016-02-29,FALABELLA,consumo,167624.800150,60277.942010,3599157.541870,3827060.284030
2016-02-29,FALABELLA,grandes_empresas,0.000000,0.000000,3.191000,3.191000
2016-02-29,FALABELLA,hipotecario,489.377000,49.213000,7921.322000,8459.912000
2016-02-29,GNB,consumo,15800.777860,8911.308930,875096.536570,899808.623360
2016-02-29,GNB,corporativo,0.000000,0.000000,464576.899000,464576.899000
2016-02-29,GNB,grandes_empresas,7524.632000,7597.159000,452177.648000,467299.439000
2016-02-29,GNB,hipotecario,14418.541000,4349.829000,1132724.374000,1151492.744000
2016-02-29,GNB,medianas_empresas,42209.161000,7485.500000,674675.575000,724370.236000
2016-02-29,GNB,microempresas,37.400000,0.000000,1652.670000,1690.070000
2016-02-29,GNB,pequenas_empresas,513.295000,189.406000,24455.830000,25158.531000
2016-02-29,ICBC,corporativo,0.000000,0.000000,93316.059000,93316.059000
2016-02-29,ICBC,grandes_empresas,4518.000000,0.000000,27465.351000,31983.351000
2016-02-29,INTERBANK,consumo,305908.081270,194291.759560,7950668.080360,8450867.921190
2016-02-29,INTERBANK,corporativo,0.005000,736.811000,3755291.161000,3756027.977000
2016-02-29,INTERBANK,grandes_empresas,40438.909000,11215.569000,3901039.204000,3952693.682000
2016-02-29,INTERBANK,hipotecario,140556.344000,6931.505000,4722925.636000,4870413.485000
2016-02-29,INTERBANK,medianas_empresas,121231.274000,27873.876000,3977147.464000,4126252.614000
2016-02-29,INTERBANK,microempresas,1052.701000,116.698000,21703.694000,22873.093000
2016-02-29,INTERBANK,pequenas_empresas,38103.258000,10070.651000,420060.599000,468234.508000
2016-02-29,MIBANCO,consumo,11124.069640,3935.997100,609388.222000,624448.288740
2016-02-29,MIBANCO,hipotecario,14612.284000,681.707000,375348.444000,390642.435000
2016-02-29,MIBANCO,medianas_empresas,30430.299000,3094.711000,188038.828000,221563.838000
2016-02-29,MIBANCO,microempresas,68580.321000,12047.054000,2276051.431000,2356678.806000
2016-02-29,MIBANCO,pequenas_empresas,247522.462000,66061.129000,4036755.238000,4350338.829000
2016-02-29,PICHINCHA,consumo,30852.354290,7977.806630,1274765.464120,1313595.625040
2016-02-29,PICHINCHA,corporativo,2.353000,0.000000,460743.335000,460745.688000
2016-02-29,PICHINCHA,grandes_empresas,35076.176000,8165.202000,1239471.135000,1282712.513000
2016-02-29,PICHINCHA,hipotecario,13683.839000,5760.114000,833799.109000,853243.062000
2016-02-29,PICHINCHA,medianas_empresas,136674.391000,84729.313000,1383637.649000,1605041.353000
2016-02-29,PICHINCHA,microempresas,6127.020000,632.276000,95096.202000,101855.498000
2016-02-29,PICHINCHA,pequenas_empresas,47393.766000,5686.654000,458741.114000,511821.534000
2016-02-29,RIPLEY,consumo,39545.546780,4191.008620,1505824.062910,1549560.618310
2016-02-29,SANTANDER,consumo,0.000000,0.000000,1129.139910,1129.139910
2016-02-29,SANTANDER,corporativo,0.000000,0.000000,1326821.678000,1326821.678000
2016-02-29,SANTANDER,grandes_empresas,4581.292000,5898.702000,1046027.046000,1056507.040000
2016-02-29,SANTANDER,medianas_empresas,11189.550000,0.000000,435235.725000,446425.275000
2016-02-29,SANTANDER,microempresas,0.659000,0.000000,9.227000,9.886000
2016-02-29,SANTANDER,pequenas_empresas,30.285000,0.000000,2577.844000,2608.129000
2016-02-29,SCOTIABANK,consumo,254649.926060,41208.782700,5504523.903430,5800382.612190
2016-02-29,SCOTIABANK,corporativo,14.882000,5036.163000,10061088.442000,10066139.487000
2016-02-29,SCOTIABANK,grandes_empresas,130607.067000,18753.954000,6770470.022000,6919831.043000
2016-02-29,SCOTIABANK,hipotecario,148827.272000,27216.832000,5705085.739000,5881129.843000
2016-02-29,SCOTIABANK,medianas_empresas,363898.218000,52884.252000,5883868.172000,6300650.642000
2016-02-29,SCOTIABANK,microempresas,6143.312000,1067.098000,123323.191000,130533.601000
2016-02-29,SCOTIABANK,pequenas_empresas,269019.190000,49399.521000,2164467.203000,2482885.914000
2016-03-31,ALFIN,consumo,43225.044830,77.567280,346472.995260,389775.607370
2016-03-31,BANCOM,consumo,15294.431300,5530.703680,881296.619760,902121.754740
2016-03-31,BANCOM,corporativo,0.126000,0.000000,32238.032000,32238.158000
2016-03-31,BANCOM,grandes_empresas,5395.362000,7822.150000,70895.698000,84113.210000
2016-03-31,BANCOM,hipotecario,1153.302000,0.000000,21950.960000,23104.262000
2016-03-31,BANCOM,medianas_empresas,19989.358000,7484.531000,85087.452000,112561.341000
2016-03-31,BANCOM,microempresas,308.751000,16.462000,92.696000,417.909000
2016-03-31,BANCOM,pequenas_empresas,2838.474000,168.923000,2708.215000,5715.612000
2016-03-31,BBVA,consumo,100843.624610,40421.895550,3989000.146950,4130265.667110
2016-03-31,BBVA,corporativo,173.494000,113.324000,13447406.964000,13447693.782000
2016-03-31,BBVA,grandes_empresas,137569.832000,33951.476000,8993152.315000,9164673.623000
2016-03-31,BBVA,hipotecario,121535.151000,130617.022000,10395869.957000,10648022.130000
2016-03-31,BBVA,medianas_empresas,681947.535000,537028.837000,9643330.546000,10862306.918000
2016-03-31,BBVA,microempresas,1557.743000,136.533000,94623.013000,96317.289000
2016-03-31,BBVA,pequenas_empresas,113722.713000,46621.354000,1133874.127000,1294218.194000
2016-03-31,BCP,consumo,370029.049280,209012.730700,9627376.822620,10206418.602600
2016-03-31,BCP,corporativo,11728.402000,0.000000,24812263.876000,24823992.278000
2016-03-31,BCP,grandes_empresas,65105.142000,63371.988000,12944486.817000,13072963.947000
2016-03-31,BCP,hipotecario,279834.111000,46165.427000,11721366.181000,12047365.719000
2016-03-31,BCP,medianas_empresas,744958.996000,159893.877000,11968529.935000,12873382.808000
2016-03-31,BCP,microempresas,9425.305000,2661.694000,251721.926000,263808.925000
2016-03-31,BCP,pequenas_empresas,520146.479000,168197.460000,3703263.619000,4391607.558000
2016-03-31,BIF,consumo,17893.095570,7053.982620,813281.941560,838229.019750
2016-03-31,BIF,corporativo,0.074000,0.000000,1170074.396000,1170074.470000
2016-03-31,BIF,grandes_empresas,15380.247000,36869.945000,1715562.348000,1767812.540000
2016-03-31,BIF,hipotecario,5464.866000,10815.607000,1513808.371000,1530088.844000
2016-03-31,BIF,medianas_empresas,119413.429000,86871.561000,2698868.686000,2905153.676000
2016-03-31,BIF,microempresas,686.746000,118.021000,7580.477000,8385.244000
2016-03-31,BIF,pequenas_empresas,14105.964000,2871.051000,101755.435000,118732.450000
2016-03-31,CENCOSUD,consumo,21315.412710,4726.872370,447366.023710,473408.308790
2016-03-31,CITIBANK,corporativo,0.000000,0.000000,1191634.178000,1191634.178000
2016-03-31,CITIBANK,grandes_empresas,0.000000,0.000000,831684.109000,831684.109000
2016-03-31,CITIBANK,medianas_empresas,0.000000,0.000000,117893.955000,117893.955000
2016-03-31,CITIBANK,microempresas,0.000000,0.000000,3425.937000,3425.937000
2016-03-31,CITIBANK,pequenas_empresas,0.000000,0.000000,437.631000,437.631000
2016-03-31,FALABELLA,consumo,174184.496150,61981.369080,3607694.808100,3843860.673330
2016-03-31,FALABELLA,grandes_empresas,0.000000,0.000000,0.163000,0.163000
2016-03-31,FALABELLA,hipotecario,411.024000,46.173000,7370.101000,7827.298000
2016-03-31,FALABELLA,medianas_empresas,0.000000,0.000000,0.123000,0.123000
2016-03-31,GNB,consumo,16767.144460,9091.954800,873457.118580,899316.217840
2016-03-31,GNB,corporativo,0.000000,0.000000,522752.971000,522752.971000
2016-03-31,GNB,grandes_empresas,6962.958000,7100.113000,436046.583000,450109.654000
2016-03-31,GNB,hipotecario,15272.723000,4169.504000,1137433.870000,1156876.097000
2016-03-31,GNB,medianas_empresas,35152.237000,9067.662000,682381.964000,726601.863000
2016-03-31,GNB,microempresas,36.428000,0.000000,3167.544000,3203.972000
2016-03-31,GNB,pequenas_empresas,412.344000,188.870000,27732.735000,28333.949000
2016-03-31,ICBC,corporativo,0.000000,0.000000,115221.911000,115221.911000
2016-03-31,ICBC,grandes_empresas,4518.000000,0.000000,29418.090000,33936.090000
2016-03-31,INTERBANK,consumo,298461.192640,212010.407280,7964191.463740,8474663.063660
2016-03-31,INTERBANK,corporativo,0.000000,696.811000,3471055.716000,3471752.527000
2016-03-31,INTERBANK,grandes_empresas,38896.272000,10474.121000,3778078.930000,3827449.323000
2016-03-31,INTERBANK,hipotecario,142387.964000,6951.027000,4702585.475000,4851924.466000
2016-03-31,INTERBANK,medianas_empresas,109233.535000,34249.576000,3959202.781000,4102685.892000
2016-03-31,INTERBANK,microempresas,1054.546000,148.838000,21134.268000,22337.652000
2016-03-31,INTERBANK,pequenas_empresas,38351.800000,10432.933000,424080.250000,472864.983000
2016-03-31,MIBANCO,consumo,12226.761040,3823.887880,618418.916020,634469.564940
2016-03-31,MIBANCO,hipotecario,14570.537000,2021.138000,370100.675000,386692.350000
2016-03-31,MIBANCO,medianas_empresas,27488.755000,3183.665000,185144.433000,215816.853000
2016-03-31,MIBANCO,microempresas,71506.700000,11336.616000,2284390.581000,2367233.897000
2016-03-31,MIBANCO,pequenas_empresas,251509.845000,64932.965000,4056001.728000,4372444.538000
2016-03-31,PICHINCHA,consumo,32488.706660,8107.734830,1280172.956540,1320769.398030
2016-03-31,PICHINCHA,corporativo,0.000000,0.000000,473460.728000,473460.728000
2016-03-31,PICHINCHA,grandes_empresas,13915.334000,7366.178000,1205682.140000,1226963.652000
2016-03-31,PICHINCHA,hipotecario,13950.223000,5932.355000,849560.143000,869442.721000
2016-03-31,PICHINCHA,medianas_empresas,115165.218000,83163.324000,1328932.753000,1527261.295000
2016-03-31,PICHINCHA,microempresas,6181.602000,617.067000,98200.219000,104998.888000
2016-03-31,PICHINCHA,pequenas_empresas,44981.392000,5526.079000,452903.655000,503411.126000
2016-03-31,RIPLEY,consumo,41070.697070,3954.721890,1520883.379780,1565908.798740
2016-03-31,SANTANDER,consumo,0.000000,0.000000,639.167030,639.167030
2016-03-31,SANTANDER,corporativo,0.000000,6652.000000,1345801.249000,1352453.249000
2016-03-31,SANTANDER,grandes_empresas,4912.587000,3508.299000,1034837.153000,1043258.039000
2016-03-31,SANTANDER,medianas_empresas,10526.146000,0.000000,381356.127000,391882.273000
2016-03-31,SANTANDER,microempresas,0.000000,0.000000,8.015000,8.015000
2016-03-31,SANTANDER,pequenas_empresas,0.000000,0.000000,1625.927000,1625.927000
2016-03-31,SCOTIABANK,consumo,255577.890930,52883.124930,5514361.906900,5822822.922760
2016-03-31,SCOTIABANK,corporativo,209.558000,5036.163000,9398816.677000,9404062.398000
2016-03-31,SCOTIABANK,grandes_empresas,112298.466000,31105.692000,6424647.854000,6568052.012000
2016-03-31,SCOTIABANK,hipotecario,152103.141000,26219.575000,5621349.045000,5799671.761000
2016-03-31,SCOTIABANK,medianas_empresas,366234.775000,54968.982000,5706085.639000,6127289.396000
2016-03-31,SCOTIABANK,microempresas,6107.731000,1081.349000,122395.206000,129584.286000
2016-03-31,SCOTIABANK,pequenas_empresas,269015.048000,48451.367000,2088742.360000,2406208.775000
2016-04-30,ALFIN,consumo,41997.378200,52.481280,335469.831070,377519.690550
2016-04-30,BANCOM,consumo,16167.624630,5457.730350,902368.935920,923994.290900
2016-04-30,BANCOM,corporativo,0.126000,0.000000,50887.581000,50887.707000
2016-04-30,BANCOM,grandes_empresas,4589.541000,8069.779000,89698.631000,102357.951000
2016-04-30,BANCOM,hipotecario,1188.376000,0.000000,21954.285000,23142.661000
2016-04-30,BANCOM,medianas_empresas,21367.265000,7040.685000,58570.197000,86978.147000
2016-04-30,BANCOM,microempresas,313.984000,15.666000,80.479000,410.129000
2016-04-30,BANCOM,pequenas_empresas,2812.850000,226.056000,1520.461000,4559.367000
2016-04-30,BBVA,consumo,91319.310800,38752.343590,3997005.699540,4127077.353930
2016-04-30,BBVA,corporativo,170.702000,106.815000,13308626.426000,13308903.943000
2016-04-30,BBVA,grandes_empresas,141634.587000,41307.331000,8887060.662000,9070002.580000
2016-04-30,BBVA,hipotecario,121815.543000,127708.280000,10433315.187000,10682839.010000
2016-04-30,BBVA,medianas_empresas,704052.758000,543821.381000,9854933.981000,11102808.120000
2016-04-30,BBVA,microempresas,1470.220000,168.512000,61541.298000,63180.030000
2016-04-30,BBVA,pequenas_empresas,111337.994000,44788.187000,1083348.155000,1239474.336000
2016-04-30,BCP,consumo,379858.391370,210224.537800,9643427.568450,10233510.497620
2016-04-30,BCP,corporativo,77751.574000,0.000000,24635020.022000,24712771.596000
2016-04-30,BCP,grandes_empresas,82270.428000,61889.790000,12851974.806000,12996135.024000
2016-04-30,BCP,hipotecario,281380.495000,43186.280000,11681192.275000,12005759.050000
2016-04-30,BCP,medianas_empresas,746189.955000,154665.248000,11894563.245000,12795418.448000
2016-04-30,BCP,microempresas,9519.047000,2645.470000,248197.504000,260362.021000
2016-04-30,BCP,pequenas_empresas,529204.635000,165349.927000,3685673.161000,4380227.723000
2016-04-30,BIF,consumo,17987.770820,6877.563690,825884.695950,850750.030460
2016-04-30,BIF,corporativo,0.000000,0.000000,1176343.185000,1176343.185000
2016-04-30,BIF,grandes_empresas,9561.262000,35958.987000,1710139.359000,1755659.608000
2016-04-30,BIF,hipotecario,6462.341000,9796.093000,1520755.316000,1537013.750000
2016-04-30,BIF,medianas_empresas,124656.565000,100261.132000,2696464.521000,2921382.218000
2016-04-30,BIF,microempresas,623.817000,28.742000,10162.603000,10815.162000
2016-04-30,BIF,pequenas_empresas,13924.942000,2973.181000,98321.731000,115219.854000
2016-04-30,CENCOSUD,consumo,24111.523900,4955.171150,454975.225670,484041.920720
2016-04-30,CITIBANK,corporativo,0.000000,0.000000,998571.053000,998571.053000
2016-04-30,CITIBANK,grandes_empresas,0.000000,0.000000,1040540.476000,1040540.476000
2016-04-30,CITIBANK,medianas_empresas,0.000000,0.000000,179033.443000,179033.443000
2016-04-30,CITIBANK,microempresas,0.000000,0.000000,3547.433000,3547.433000
2016-04-30,CITIBANK,pequenas_empresas,0.000000,0.000000,465.341000,465.341000
2016-04-30,FALABELLA,consumo,184899.617830,64873.748820,3601128.023610,3850901.390260
2016-04-30,FALABELLA,grandes_empresas,0.000000,0.000000,0.391000,0.391000
2016-04-30,FALABELLA,hipotecario,395.653000,45.220000,7168.776000,7609.649000
2016-04-30,FALABELLA,medianas_empresas,0.000000,0.000000,0.128000,0.128000
2016-04-30,GNB,consumo,16113.631010,9217.253200,864352.030480,889682.914690
2016-04-30,GNB,corporativo,0.000000,0.000000,519441.588000,519441.588000
2016-04-30,GNB,grandes_empresas,7629.746000,8217.183000,413539.205000,429386.134000
2016-04-30,GNB,hipotecario,14181.557000,4337.577000,1142552.592000,1161071.726000
2016-04-30,GNB,medianas_empresas,36395.681000,9239.689000,660547.863000,706183.233000
2016-04-30,GNB,microempresas,37.684000,0.000000,3293.875000,3331.559000
2016-04-30,GNB,pequenas_empresas,421.195000,186.228000,32664.750000,33272.173000
2016-04-30,ICBC,corporativo,0.000000,0.000000,131652.650000,131652.650000
2016-04-30,ICBC,grandes_empresas,4518.000000,0.000000,25709.821000,30227.821000
2016-04-30,INTERBANK,consumo,289019.926460,214668.565540,8012273.750010,8515962.242010
2016-04-30,INTERBANK,corporativo,234.197000,656.811000,3014042.160000,3014933.168000
2016-04-30,INTERBANK,grandes_empresas,37145.570000,9707.261000,4680424.457000,4727277.288000
2016-04-30,INTERBANK,hipotecario,140134.856000,7159.016000,4717501.741000,4864795.613000
2016-04-30,INTERBANK,medianas_empresas,107181.548000,33574.102000,3481951.717000,3622707.367000
2016-04-30,INTERBANK,microempresas,1101.886000,123.438000,21066.236000,22291.560000
2016-04-30,INTERBANK,pequenas_empresas,39238.156000,10177.138000,431537.574000,480952.868000
2016-04-30,MIBANCO,consumo,12564.178260,3948.473080,624221.715050,640734.366390
2016-04-30,MIBANCO,hipotecario,14931.546000,2009.180000,371567.676000,388508.402000
2016-04-30,MIBANCO,medianas_empresas,27489.788000,3096.656000,189168.737000,219755.181000
2016-04-30,MIBANCO,microempresas,72762.245000,11074.815000,2301476.384000,2385313.444000
2016-04-30,MIBANCO,pequenas_empresas,251062.564000,66858.050000,4105494.200000,4423414.814000
2016-04-30,PICHINCHA,consumo,34107.466870,8019.229650,1292365.796880,1334492.493400
2016-04-30,PICHINCHA,corporativo,0.000000,0.000000,498857.142000,498857.142000
2016-04-30,PICHINCHA,grandes_empresas,16111.378000,4056.285000,1207627.772000,1227795.435000
2016-04-30,PICHINCHA,hipotecario,15109.469000,5843.177000,859042.515000,879995.161000
2016-04-30,PICHINCHA,medianas_empresas,115745.913000,82187.906000,1312913.643000,1510847.462000
2016-04-30,PICHINCHA,microempresas,6388.702000,552.331000,98928.655000,105869.688000
2016-04-30,PICHINCHA,pequenas_empresas,44505.523000,5815.602000,452564.342000,502885.467000
2016-04-30,RIPLEY,consumo,44400.950690,4660.314870,1538148.089220,1587209.354780
2016-04-30,SANTANDER,consumo,0.000000,0.000000,525.156450,525.156450
2016-04-30,SANTANDER,corporativo,0.000000,6546.000000,1442185.853000,1448731.853000
2016-04-30,SANTANDER,grandes_empresas,7805.536000,3417.044000,1034905.946000,1046128.526000
2016-04-30,SANTANDER,medianas_empresas,10354.769000,0.000000,334993.903000,345348.672000
2016-04-30,SANTANDER,microempresas,0.007000,0.000000,6.462000,6.469000
2016-04-30,SANTANDER,pequenas_empresas,0.000000,0.000000,2730.006000,2730.006000
2016-04-30,SCOTIABANK,consumo,254059.614360,57626.812610,5557511.894080,5869198.321050
2016-04-30,SCOTIABANK,corporativo,0.620000,5036.163000,9628513.891000,9633550.674000
2016-04-30,SCOTIABANK,grandes_empresas,126009.243000,23847.375000,6396466.616000,6546323.234000
2016-04-30,SCOTIABANK,hipotecario,155481.507000,25366.317000,5602518.449000,5783366.273000
2016-04-30,SCOTIABANK,medianas_empresas,377457.100000,59186.258000,6030275.574000,6466918.932000
2016-04-30,SCOTIABANK,microempresas,6410.688000,1130.328000,119934.301000,127475.317000
2016-04-30,SCOTIABANK,pequenas_empresas,269853.927000,48629.326000,2055851.303000,2374334.556000
2016-05-31,ALFIN,consumo,41247.484330,33.980330,325367.892410,366649.357070
2016-05-31,BANCOM,consumo,15360.390130,5351.513210,912144.317610,932856.220950
2016-05-31,BANCOM,corporativo,0.126000,0.000000,76470.290000,76470.416000
2016-05-31,BANCOM,grandes_empresas,4728.363000,7778.268000,104148.397000,116655.028000
2016-05-31,BANCOM,hipotecario,1243.534000,0.000000,21885.593000,23129.127000
2016-05-31,BANCOM,medianas_empresas,19170.916000,7795.778000,40439.944000,67406.638000
2016-05-31,BANCOM,microempresas,132.495000,22.159000,76.367000,231.021000
2016-05-31,BANCOM,pequenas_empresas,2492.849000,210.655000,1342.586000,4046.090000
2016-05-31,BBVA,consumo,116200.182490,36485.937500,4045721.644130,4198407.764120
2016-05-31,BBVA,corporativo,175.630000,100.234000,13024097.005000,13024372.869000
2016-05-31,BBVA,grandes_empresas,144169.922000,41559.577000,9210521.807000,9396251.306000
2016-05-31,BBVA,hipotecario,140878.485000,126626.233000,10545176.034000,10812680.752000
2016-05-31,BBVA,medianas_empresas,700730.228000,594277.490000,9873588.358000,11168596.076000
2016-05-31,BBVA,microempresas,1642.913000,280.216000,58773.916000,60697.045000
2016-05-31,BBVA,pequenas_empresas,115091.627000,44847.286000,1069928.446000,1229867.359000
2016-05-31,BCP,consumo,401281.556250,210351.860500,9734612.840820,10346246.257570
2016-05-31,BCP,corporativo,71721.630000,0.000000,24137626.246000,24209347.876000
2016-05-31,BCP,grandes_empresas,69882.947000,68395.096000,12977949.780000,13116227.823000
2016-05-31,BCP,hipotecario,291032.744000,42281.443000,11861691.824000,12195006.011000
2016-05-31,BCP,medianas_empresas,802344.760000,153650.445000,12022334.589000,12978329.794000
2016-05-31,BCP,microempresas,8976.921000,2626.666000,233814.995000,245418.582000
2016-05-31,BCP,pequenas_empresas,536845.773000,163592.171000,3683576.583000,4384014.527000
2016-05-31,BIF,consumo,19875.796360,7034.260690,843492.925080,870402.982130
2016-05-31,BIF,corporativo,0.000000,0.000000,1211761.608000,1211761.608000
2016-05-31,BIF,grandes_empresas,13257.872000,35463.767000,1725708.203000,1774429.842000
2016-05-31,BIF,hipotecario,7566.076000,9688.115000,1539867.124000,1557121.315000
2016-05-31,BIF,medianas_empresas,135446.238000,98300.825000,2761047.336000,2994794.399000
2016-05-31,BIF,microempresas,917.521000,36.172000,12771.592000,13725.285000
2016-05-31,BIF,pequenas_empresas,13291.876000,3149.733000,89225.439000,105667.048000
2016-05-31,CENCOSUD,consumo,28911.047030,5584.739350,480186.709990,514682.496370
2016-05-31,CITIBANK,corporativo,0.000000,0.000000,1137654.701000,1137654.701000
2016-05-31,CITIBANK,grandes_empresas,0.000000,0.000000,1087910.144000,1087910.144000
2016-05-31,CITIBANK,medianas_empresas,0.000000,0.000000,179106.696000,179106.696000
2016-05-31,CITIBANK,microempresas,0.000000,0.000000,3436.217000,3436.217000
2016-05-31,CITIBANK,pequenas_empresas,0.000000,0.000000,555.005000,555.005000
2016-05-31,FALABELLA,consumo,194138.358360,70600.132100,3632425.212180,3897163.702640
2016-05-31,FALABELLA,grandes_empresas,0.000000,0.000000,2.428000,2.428000
2016-05-31,FALABELLA,hipotecario,392.070000,46.264000,7263.040000,7701.374000
2016-05-31,GNB,consumo,15997.473690,8974.825180,856700.199430,881672.498300
2016-05-31,GNB,corporativo,0.000000,0.000000,486378.115000,486378.115000
2016-05-31,GNB,grandes_empresas,4911.405000,8190.009000,423371.996000,436473.410000
2016-05-31,GNB,hipotecario,14328.804000,4136.884000,1151123.090000,1169588.778000
2016-05-31,GNB,medianas_empresas,37843.709000,10479.223000,646301.841000,694624.773000
2016-05-31,GNB,microempresas,40.041000,0.000000,3401.823000,3441.864000
2016-05-31,GNB,pequenas_empresas,401.452000,236.901000,32397.166000,33035.519000
2016-05-31,ICBC,corporativo,0.000000,0.000000,130831.886000,130831.886000
2016-05-31,ICBC,grandes_empresas,4518.000000,0.000000,35367.555000,39885.555000
2016-05-31,INTERBANK,consumo,327235.318910,217621.691350,8106107.091040,8650964.101300
2016-05-31,INTERBANK,corporativo,686.577000,616.811000,2951661.414000,2952964.802000
2016-05-31,INTERBANK,grandes_empresas,39069.320000,9830.165000,4781418.062000,4830317.547000
2016-05-31,INTERBANK,hipotecario,151987.158000,7821.487000,4779399.125000,4939207.770000
2016-05-31,INTERBANK,medianas_empresas,118026.447000,30373.591000,3469856.609000,3618256.647000
2016-05-31,INTERBANK,microempresas,1076.447000,130.423000,23384.299000,24591.169000
2016-05-31,INTERBANK,pequenas_empresas,40031.000000,10911.025000,440099.108000,491041.133000
2016-05-31,MIBANCO,consumo,13291.524800,4091.004800,627744.643300,645127.172900
2016-05-31,MIBANCO,hipotecario,16529.735000,2060.258000,377061.876000,395651.869000
2016-05-31,MIBANCO,medianas_empresas,28768.300000,3379.396000,190093.338000,222241.034000
2016-05-31,MIBANCO,microempresas,74627.620000,10635.924000,2314630.791000,2399894.335000
2016-05-31,MIBANCO,pequenas_empresas,252532.538000,67611.628000,4134644.326000,4454788.492000
2016-05-31,PICHINCHA,consumo,33126.635810,8013.727940,1317540.650660,1358681.014410
2016-05-31,PICHINCHA,corporativo,0.000000,0.000000,548194.153000,548194.153000
2016-05-31,PICHINCHA,grandes_empresas,13886.210000,6462.229000,1260940.688000,1281289.127000
2016-05-31,PICHINCHA,hipotecario,15496.181000,6105.793000,880967.446000,902569.420000
2016-05-31,PICHINCHA,medianas_empresas,132378.968000,89288.840000,1314982.956000,1536650.764000
2016-05-31,PICHINCHA,microempresas,6481.635000,504.522000,104037.643000,111023.800000
2016-05-31,PICHINCHA,pequenas_empresas,44540.671000,5637.133000,447212.022000,497389.826000
2016-05-31,RIPLEY,consumo,31934.713670,5864.607710,1577956.513880,1615755.835260
2016-05-31,SANTANDER,consumo,0.000000,0.000000,797.140300,797.140300
2016-05-31,SANTANDER,corporativo,0.393000,6228.680000,1456230.731000,1462459.804000
2016-05-31,SANTANDER,grandes_empresas,5906.294000,5112.218000,1049269.602000,1060288.114000
2016-05-31,SANTANDER,medianas_empresas,10674.146000,0.000000,318666.881000,329341.027000
2016-05-31,SANTANDER,microempresas,0.000000,0.000000,5.563000,5.563000
2016-05-31,SANTANDER,pequenas_empresas,0.000000,0.000000,2833.268000,2833.268000
2016-05-31,SCOTIABANK,consumo,270733.636730,59681.416940,5609168.037390,5939583.091060
2016-05-31,SCOTIABANK,corporativo,4.246000,5036.163000,9572263.326000,9577303.735000
2016-05-31,SCOTIABANK,grandes_empresas,126473.456000,40235.544000,6432235.708000,6598944.708000
2016-05-31,SCOTIABANK,hipotecario,163085.454000,28582.204000,5678500.415000,5870168.073000
2016-05-31,SCOTIABANK,medianas_empresas,384012.851000,65184.745000,5780119.860000,6229317.456000
2016-05-31,SCOTIABANK,microempresas,6134.555000,1110.807000,122168.318000,129413.680000
2016-05-31,SCOTIABANK,pequenas_empresas,275446.700000,50664.698000,2043212.080000,2369323.478000
2016-06-30,ALFIN,consumo,39212.768030,22.693130,316490.386280,355725.847440
2016-06-30,BANCOM,consumo,13842.490210,5525.554780,915649.298700,935017.343690
2016-06-30,BANCOM,corporativo,0.126000,0.000000,88949.340000,88949.466000
2016-06-30,BANCOM,grandes_empresas,2142.480000,7194.498000,100544.832000,109881.810000
2016-06-30,BANCOM,hipotecario,1322.013000,0.000000,22284.915000,23606.928000
2016-06-30,BANCOM,medianas_empresas,19121.906000,9158.043000,37392.824000,65672.773000
2016-06-30,BANCOM,microempresas,135.696000,17.233000,72.490000,225.419000
2016-06-30,BANCOM,pequenas_empresas,2357.754000,198.213000,1228.059000,3784.026000
2016-06-30,BBVA,consumo,133849.589240,38541.953390,4072553.069050,4244944.611680
2016-06-30,BBVA,corporativo,127.256000,93.546000,12676826.403000,12677047.205000
2016-06-30,BBVA,grandes_empresas,137127.799000,50658.370000,9105310.377000,9293096.546000
2016-06-30,BBVA,hipotecario,141007.223000,132574.276000,10638957.440000,10912538.939000
2016-06-30,BBVA,medianas_empresas,696093.129000,610473.005000,9765032.348000,11071598.482000
2016-06-30,BBVA,microempresas,1817.062000,733.912000,113967.525000,116518.499000
2016-06-30,BBVA,pequenas_empresas,123126.011000,46938.562000,1087667.437000,1257732.010000
2016-06-30,BCP,consumo,396640.280240,209396.177820,9774177.753580,10380214.211640
2016-06-30,BCP,corporativo,32040.776000,0.000000,23514231.892000,23546272.668000
2016-06-30,BCP,grandes_empresas,65438.758000,66758.682000,12820649.760000,12952847.200000
2016-06-30,BCP,hipotecario,297893.876000,44328.848000,11859594.465000,12201817.189000
2016-06-30,BCP,medianas_empresas,773001.430000,161013.779000,12140285.939000,13074301.148000
2016-06-30,BCP,microempresas,8943.579000,2590.496000,315609.964000,327144.039000
2016-06-30,BCP,pequenas_empresas,533787.649000,161461.999000,3686879.424000,4382129.072000
2016-06-30,BIF,consumo,19045.711570,7872.544570,855234.183150,882152.439290
2016-06-30,BIF,corporativo,0.000000,0.000000,1212567.624000,1212567.624000
2016-06-30,BIF,grandes_empresas,13004.990000,34428.698000,1711042.637000,1758476.325000
2016-06-30,BIF,hipotecario,7512.516000,8603.031000,1547316.544000,1563432.091000
2016-06-30,BIF,medianas_empresas,140821.075000,98954.303000,2680087.818000,2919863.196000
2016-06-30,BIF,microempresas,2219.656000,32.651000,6795.013000,9047.320000
2016-06-30,BIF,pequenas_empresas,13108.904000,3391.305000,84608.678000,101108.887000
2016-06-30,CENCOSUD,consumo,28322.145380,6299.747330,499919.181090,534541.073800
2016-06-30,CITIBANK,corporativo,0.000000,0.000000,1344904.830000,1344904.830000
2016-06-30,CITIBANK,grandes_empresas,0.000000,0.000000,1045164.718000,1045164.718000
2016-06-30,CITIBANK,medianas_empresas,0.000000,0.000000,116784.037000,116784.037000
2016-06-30,CITIBANK,microempresas,0.000000,0.000000,3439.112000,3439.112000
2016-06-30,CITIBANK,pequenas_empresas,0.000000,0.000000,624.019000,624.019000
2016-06-30,FALABELLA,consumo,203172.410320,73297.955950,3648238.610260,3924708.976530
2016-06-30,FALABELLA,grandes_empresas,0.000000,0.000000,4.297000,4.297000
2016-06-30,FALABELLA,hipotecario,371.921000,44.862000,6995.410000,7412.193000
2016-06-30,FALABELLA,medianas_empresas,0.000000,0.000000,0.413000,0.413000
2016-06-30,GNB,consumo,16003.420030,8916.140740,847616.838410,872536.399180
2016-06-30,GNB,corporativo,0.000000,0.000000,488958.222000,488958.222000
2016-06-30,GNB,grandes_empresas,4842.945000,8052.836000,438100.825000,450996.606000
2016-06-30,GNB,hipotecario,14152.478000,4128.560000,1149394.358000,1167675.396000
2016-06-30,GNB,medianas_empresas,39639.472000,6448.365000,634268.376000,680356.213000
2016-06-30,GNB,microempresas,40.243000,0.000000,1593.982000,1634.225000
2016-06-30,GNB,pequenas_empresas,437.105000,234.215000,35826.124000,36497.444000
2016-06-30,ICBC,corporativo,0.000000,0.000000,109011.924000,109011.924000
2016-06-30,ICBC,grandes_empresas,4518.000000,0.000000,34294.916000,38812.916000
2016-06-30,INTERBANK,consumo,324035.428030,233547.145070,8222737.299120,8780319.872220
2016-06-30,INTERBANK,corporativo,0.000000,576.811000,3809463.862000,3810040.673000
2016-06-30,INTERBANK,grandes_empresas,41092.261000,8895.113000,4356916.986000,4406904.360000
2016-06-30,INTERBANK,hipotecario,154149.993000,7624.938000,4776315.822000,4938090.753000
2016-06-30,INTERBANK,medianas_empresas,126395.184000,30179.957000,3131146.448000,3287721.589000
2016-06-30,INTERBANK,microempresas,1081.504000,133.481000,22452.696000,23667.681000
2016-06-30,INTERBANK,pequenas_empresas,41111.734000,10255.745000,437181.708000,488549.187000
2016-06-30,MIBANCO,consumo,13224.527410,4293.758380,630916.442510,648434.728300
2016-06-30,MIBANCO,hipotecario,15907.086000,1953.500000,378223.413000,396083.999000
2016-06-30,MIBANCO,medianas_empresas,29101.058000,3264.442000,185598.802000,217964.302000
2016-06-30,MIBANCO,microempresas,73055.117000,10799.919000,2328038.905000,2411893.941000
2016-06-30,MIBANCO,pequenas_empresas,255159.120000,68417.544000,4160703.436000,4484280.100000
2016-06-30,PICHINCHA,consumo,33580.030620,10760.126660,1330958.947900,1375299.105180
2016-06-30,PICHINCHA,corporativo,0.000000,0.000000,455401.981000,455401.981000
2016-06-30,PICHINCHA,grandes_empresas,11954.353000,4320.824000,1256535.460000,1272810.637000
2016-06-30,PICHINCHA,hipotecario,15554.702000,5850.386000,891816.885000,913221.973000
2016-06-30,PICHINCHA,medianas_empresas,119731.109000,125759.580000,1311475.019000,1556965.708000
2016-06-30,PICHINCHA,microempresas,6277.453000,451.080000,104560.593000,111289.126000
2016-06-30,PICHINCHA,pequenas_empresas,42375.072000,5152.877000,453717.050000,501244.999000
2016-06-30,RIPLEY,consumo,32721.232630,6162.035790,1607850.322820,1646733.591240
2016-06-30,SANTANDER,consumo,0.000000,0.000000,801.061260,801.061260
2016-06-30,SANTANDER,corporativo,1117.879000,5821.108000,1486789.252000,1493728.239000
2016-06-30,SANTANDER,grandes_empresas,7893.014000,3052.951000,1013081.291000,1024027.256000
2016-06-30,SANTANDER,medianas_empresas,10428.516000,0.000000,346965.631000,357394.147000
2016-06-30,SANTANDER,microempresas,0.000000,0.000000,4.423000,4.423000
2016-06-30,SANTANDER,pequenas_empresas,0.000000,0.000000,6811.857000,6811.857000
2016-06-30,SCOTIABANK,consumo,280242.838650,58217.189070,5658785.492890,5997245.520610
2016-06-30,SCOTIABANK,corporativo,5036.312000,0.000000,9518258.492000,9523294.804000
2016-06-30,SCOTIABANK,grandes_empresas,130302.705000,30899.342000,6511502.135000,6672704.182000
2016-06-30,SCOTIABANK,hipotecario,169684.466000,29699.794000,5648297.989000,5847682.249000
2016-06-30,SCOTIABANK,medianas_empresas,398719.005000,65632.108000,5772982.675000,6237333.788000
2016-06-30,SCOTIABANK,microempresas,6196.488000,1268.020000,116583.602000,124048.110000
2016-06-30,SCOTIABANK,pequenas_empresas,279762.696000,49259.865000,2019974.306000,2348996.867000
2016-07-31,ALFIN,consumo,37088.147750,14.141690,309440.169390,346542.458830
2016-07-31,BANCOM,consumo,14681.950830,5532.275260,915000.567850,935214.793940
2016-07-31,BANCOM,corporativo,0.126000,0.000000,66960.989000,66961.115000
2016-07-31,BANCOM,grandes_empresas,2561.757000,6756.624000,106902.919000,116221.300000
2016-07-31,BANCOM,hipotecario,1322.362000,0.000000,22819.310000,24141.672000
2016-07-31,BANCOM,medianas_empresas,21690.806000,9109.379000,35592.268000,66392.453000
2016-07-31,BANCOM,microempresas,222.581000,16.752000,51.437000,290.770000
2016-07-31,BANCOM,pequenas_empresas,2391.237000,120.024000,1218.256000,3729.517000
2016-07-31,BBVA,consumo,116719.557680,38313.517000,4091332.168630,4246365.243310
2016-07-31,BBVA,corporativo,129.662000,86.787000,13086397.149000,13086613.598000
2016-07-31,BBVA,grandes_empresas,141294.230000,40493.495000,9236936.103000,9418723.828000
2016-07-31,BBVA,hipotecario,141815.032000,136612.271000,10735735.746000,11014163.049000
2016-07-31,BBVA,medianas_empresas,710793.350000,616363.071000,10051215.217000,11378371.638000
2016-07-31,BBVA,microempresas,1840.376000,158.492000,74312.518000,76311.386000
2016-07-31,BBVA,pequenas_empresas,111813.742000,50394.256000,1098501.152000,1260709.150000
2016-07-31,BCP,consumo,394119.118210,208254.337940,9695009.931710,10297383.387860
2016-07-31,BCP,corporativo,24.092000,0.000000,23778704.067000,23778728.159000
2016-07-31,BCP,grandes_empresas,35595.432000,98401.099000,13243159.279000,13377155.810000
2016-07-31,BCP,hipotecario,312376.442000,43503.238000,11925985.987000,12281865.667000
2016-07-31,BCP,medianas_empresas,829298.520000,166852.462000,11923517.770000,12919668.752000
2016-07-31,BCP,microempresas,9731.683000,2446.749000,247093.992000,259272.424000
2016-07-31,BCP,pequenas_empresas,548247.946000,153864.616000,3668882.060000,4370994.622000
2016-07-31,BIF,consumo,19883.555530,7939.777580,848002.081690,875825.414800
2016-07-31,BIF,corporativo,0.214000,0.000000,1302620.117000,1302620.331000
2016-07-31,BIF,grandes_empresas,17510.328000,32890.268000,1707134.608000,1757535.204000
2016-07-31,BIF,hipotecario,6721.406000,8785.413000,1550171.224000,1565678.043000
2016-07-31,BIF,medianas_empresas,140485.045000,98085.582000,2683467.212000,2922037.839000
2016-07-31,BIF,microempresas,957.691000,32.208000,8671.345000,9661.244000
2016-07-31,BIF,pequenas_empresas,13333.681000,3725.971000,90387.254000,107446.906000
2016-07-31,CENCOSUD,consumo,30244.615640,6419.955040,484869.968430,521534.539110
2016-07-31,CITIBANK,corporativo,0.000000,0.000000,1382691.186000,1382691.186000
2016-07-31,CITIBANK,grandes_empresas,0.000000,0.000000,1107165.523000,1107165.523000
2016-07-31,CITIBANK,medianas_empresas,0.000000,0.000000,115066.986000,115066.986000
2016-07-31,CITIBANK,microempresas,0.000000,0.000000,41.326000,41.326000
2016-07-31,CITIBANK,pequenas_empresas,0.000000,0.000000,454.331000,454.331000
2016-07-31,FALABELLA,consumo,206296.722700,74685.802420,3614799.876410,3895782.401530
2016-07-31,FALABELLA,grandes_empresas,0.000000,0.000000,2.138000,2.138000
2016-07-31,FALABELLA,hipotecario,365.025000,43.639000,6999.393000,7408.057000
2016-07-31,FALABELLA,medianas_empresas,0.000000,0.000000,0.418000,0.418000
2016-07-31,GNB,consumo,14072.819240,8925.255620,846831.148140,869829.223000
2016-07-31,GNB,corporativo,0.000000,0.000000,536187.893000,536187.893000
2016-07-31,GNB,grandes_empresas,6061.946000,8107.904000,458722.577000,472892.427000
2016-07-31,GNB,hipotecario,14933.993000,3684.886000,1145402.733000,1164021.612000
2016-07-31,GNB,medianas_empresas,37977.531000,11597.029000,638838.885000,688413.445000
2016-07-31,GNB,microempresas,42.340000,0.000000,1510.596000,1552.936000
2016-07-31,GNB,pequenas_empresas,528.794000,230.752000,38543.620000,39303.166000
2016-07-31,ICBC,corporativo,0.000000,0.000000,136426.861000,136426.861000
2016-07-31,ICBC,grandes_empresas,4518.000000,0.000000,34624.162000,39142.162000
2016-07-31,ICBC,medianas_empresas,0.000000,0.000000,26839.546000,26839.546000
2016-07-31,INTERBANK,consumo,304872.410560,230452.393320,8249379.134810,8784703.938690
2016-07-31,INTERBANK,corporativo,0.000000,496.811000,4150663.315000,4151160.126000
2016-07-31,INTERBANK,grandes_empresas,41547.617000,9930.583000,4253794.482000,4305272.682000
2016-07-31,INTERBANK,hipotecario,155492.213000,7466.329000,4831608.209000,4994566.751000
2016-07-31,INTERBANK,medianas_empresas,124140.682000,30039.101000,3133190.479000,3287370.262000
2016-07-31,INTERBANK,microempresas,1366.980000,140.358000,22286.444000,23793.782000
2016-07-31,INTERBANK,pequenas_empresas,43387.229000,10250.792000,435188.460000,488826.481000
2016-07-31,MIBANCO,consumo,12922.988000,4512.093190,630931.890170,648366.971360
2016-07-31,MIBANCO,hipotecario,16083.289000,1907.852000,381028.972000,399020.113000
2016-07-31,MIBANCO,medianas_empresas,26079.497000,3451.912000,187214.725000,216746.134000
2016-07-31,MIBANCO,microempresas,74552.942000,10871.346000,2332270.176000,2417694.464000
2016-07-31,MIBANCO,pequenas_empresas,261267.352000,69103.414000,4192662.146000,4523032.912000
2016-07-31,PICHINCHA,consumo,34448.471950,10519.995010,1349284.025950,1394252.492910
2016-07-31,PICHINCHA,corporativo,0.000000,0.000000,489046.028000,489046.028000
2016-07-31,PICHINCHA,grandes_empresas,11661.211000,3885.764000,1315201.849000,1330748.824000
2016-07-31,PICHINCHA,hipotecario,15378.509000,5976.650000,903698.090000,925053.249000
2016-07-31,PICHINCHA,medianas_empresas,129427.002000,121730.579000,1296977.107000,1548134.688000
2016-07-31,PICHINCHA,microempresas,6118.733000,458.319000,108071.518000,114648.570000
2016-07-31,PICHINCHA,pequenas_empresas,43318.092000,4838.253000,455835.624000,503991.969000
2016-07-31,RIPLEY,consumo,45898.647910,6253.852710,1622010.415210,1674162.915830
2016-07-31,SANTANDER,consumo,0.000000,0.000000,799.474820,799.474820
2016-07-31,SANTANDER,corporativo,1860.147000,5937.920000,1551070.539000,1558868.606000
2016-07-31,SANTANDER,grandes_empresas,7669.930000,2985.775000,997404.630000,1008060.335000
2016-07-31,SANTANDER,medianas_empresas,10656.900000,0.000000,370894.042000,381550.942000
2016-07-31,SANTANDER,microempresas,0.000000,0.000000,3.339000,3.339000
2016-07-31,SANTANDER,pequenas_empresas,59.683000,0.000000,11933.013000,11992.696000
2016-07-31,SCOTIABANK,consumo,247281.208010,60672.289430,5695673.029350,6003626.526790
2016-07-31,SCOTIABANK,corporativo,15875.710000,0.000000,9680733.135000,9696608.845000
2016-07-31,SCOTIABANK,grandes_empresas,115637.820000,38179.277000,7043388.393000,7197205.490000
2016-07-31,SCOTIABANK,hipotecario,170999.493000,31730.008000,5681985.796000,5884715.297000
2016-07-31,SCOTIABANK,medianas_empresas,405648.358000,63070.720000,6154180.737000,6622899.815000
2016-07-31,SCOTIABANK,microempresas,7045.092000,1229.353000,104336.795000,112611.240000
2016-07-31,SCOTIABANK,pequenas_empresas,321293.009000,51316.515000,2015404.703000,2388014.227000
2016-08-31,ALFIN,consumo,35823.160600,10.812000,303935.825490,339769.798090
2016-08-31,BANCOM,consumo,15760.457940,5489.359800,914606.105080,935855.922820
2016-08-31,BANCOM,corporativo,0.126000,0.000000,53996.516000,53996.642000
2016-08-31,BANCOM,grandes_empresas,3852.155000,6794.253000,112084.384000,122730.792000
2016-08-31,BANCOM,hipotecario,1402.139000,0.000000,22265.487000,23667.626000
2016-08-31,BANCOM,medianas_empresas,24775.617000,7324.473000,31477.944000,63578.034000
2016-08-31,BANCOM,microempresas,263.700000,14.722000,4382.699000,4661.121000
2016-08-31,BANCOM,pequenas_empresas,2335.926000,110.097000,924.095000,3370.118000
2016-08-31,BBVA,consumo,125652.085880,35661.109030,4168098.734600,4329411.929510
2016-08-31,BBVA,corporativo,131.092000,79.987000,13046999.296000,13047210.375000
2016-08-31,BBVA,grandes_empresas,138556.527000,69805.458000,9121907.481000,9330269.466000
2016-08-31,BBVA,hipotecario,160933.633000,137350.780000,10815475.432000,11113759.845000
2016-08-31,BBVA,medianas_empresas,715407.017000,623219.110000,9907229.137000,11245855.264000
2016-08-31,BBVA,microempresas,1480.836000,2377.208000,64837.370000,68695.414000
2016-08-31,BBVA,pequenas_empresas,107159.434000,52897.353000,1084183.958000,1244240.745000
2016-08-31,BCP,consumo,400850.825400,209230.574160,9791976.480860,10402057.880420
2016-08-31,BCP,corporativo,9.470000,0.000000,23880529.649000,23880539.119000
2016-08-31,BCP,grandes_empresas,37424.605000,97632.350000,13020144.978000,13155201.933000
2016-08-31,BCP,hipotecario,330151.870000,43530.146000,11983677.508000,12357359.524000
2016-08-31,BCP,medianas_empresas,847012.066000,182509.344000,11853875.708000,12883397.118000
2016-08-31,BCP,microempresas,9595.645000,2506.907000,258688.045000,270790.597000
2016-08-31,BCP,pequenas_empresas,545360.143000,153492.568000,3735117.587000,4433970.298000
2016-08-31,BIF,consumo,20976.899370,8163.459890,865620.259560,894760.618820
2016-08-31,BIF,corporativo,0.695000,0.000000,1342210.769000,1342211.464000
2016-08-31,BIF,grandes_empresas,15301.708000,42148.819000,1687241.168000,1744691.695000
2016-08-31,BIF,hipotecario,10929.632000,7854.358000,1552424.659000,1571208.649000
2016-08-31,BIF,medianas_empresas,151165.918000,89544.097000,2680622.663000,2921332.678000
2016-08-31,BIF,microempresas,1002.104000,17.695000,3149.503000,4169.302000
2016-08-31,BIF,pequenas_empresas,13597.581000,3932.280000,76912.562000,94442.423000
2016-08-31,CENCOSUD,consumo,29581.594210,6977.813420,477398.807610,513958.215240
2016-08-31,CITIBANK,corporativo,0.000000,0.000000,1449256.593000,1449256.593000
2016-08-31,CITIBANK,grandes_empresas,0.000000,0.000000,876939.501000,876939.501000
2016-08-31,CITIBANK,medianas_empresas,0.000000,0.000000,124428.529000,124428.529000
2016-08-31,CITIBANK,microempresas,0.000000,0.000000,34.007000,34.007000
2016-08-31,CITIBANK,pequenas_empresas,0.000000,0.000000,2224.223000,2224.223000
2016-08-31,FALABELLA,consumo,210483.437190,75603.006060,3581217.217760,3867303.661010
2016-08-31,FALABELLA,grandes_empresas,0.000000,0.000000,6.084000,6.084000
2016-08-31,FALABELLA,hipotecario,284.761000,104.801000,6365.493000,6755.055000
2016-08-31,FALABELLA,medianas_empresas,0.000000,0.000000,0.004000,0.004000
2016-08-31,GNB,consumo,14159.625800,8734.486870,854922.869540,877816.982210
2016-08-31,GNB,corporativo,0.000000,0.000000,533638.882000,533638.882000
2016-08-31,GNB,grandes_empresas,5143.341000,5304.255000,472144.116000,482591.712000
2016-08-31,GNB,hipotecario,15444.403000,3348.848000,1149152.069000,1167945.320000
2016-08-31,GNB,medianas_empresas,39552.523000,12788.614000,632800.297000,685141.434000
2016-08-31,GNB,microempresas,44.153000,0.000000,1922.528000,1966.681000
2016-08-31,GNB,pequenas_empresas,744.839000,228.021000,40672.623000,41645.483000
2016-08-31,ICBC,corporativo,0.000000,0.000000,145796.308000,145796.308000
2016-08-31,ICBC,grandes_empresas,4518.000000,0.000000,31374.057000,35892.057000
2016-08-31,ICBC,medianas_empresas,0.000000,0.000000,27135.541000,27135.541000
2016-08-31,INTERBANK,consumo,313597.399230,235638.818430,8378428.280800,8927664.498460
2016-08-31,INTERBANK,corporativo,81.440000,456.811000,4175574.579000,4176112.830000
2016-08-31,INTERBANK,grandes_empresas,52277.268000,9849.757000,4140676.543000,4202803.568000
2016-08-31,INTERBANK,hipotecario,169903.748000,8434.906000,4846943.532000,5025282.186000
2016-08-31,INTERBANK,medianas_empresas,138964.349000,28471.094000,3363378.905000,3530814.348000
2016-08-31,INTERBANK,microempresas,1246.979000,131.200000,19138.061000,20516.240000
2016-08-31,INTERBANK,pequenas_empresas,44533.300000,11948.214000,442642.761000,499124.275000
2016-08-31,MIBANCO,consumo,13241.545940,4654.927950,637656.453330,655552.927220
2016-08-31,MIBANCO,hipotecario,16661.087000,1867.365000,383163.094000,401691.546000
2016-08-31,MIBANCO,medianas_empresas,25647.705000,3587.926000,188042.417000,217278.048000
2016-08-31,MIBANCO,microempresas,72400.025000,10891.303000,2351253.919000,2434545.247000
2016-08-31,MIBANCO,pequenas_empresas,255839.148000,71817.298000,4227108.436000,4554764.882000
2016-08-31,PICHINCHA,consumo,33254.162660,10849.509370,1372858.971330,1416962.643360
2016-08-31,PICHINCHA,corporativo,0.000000,0.000000,542280.788000,542280.788000
2016-08-31,PICHINCHA,grandes_empresas,36398.401000,3211.803000,1356232.612000,1395842.816000
2016-08-31,PICHINCHA,hipotecario,15293.054000,6710.549000,916605.863000,938609.466000
2016-08-31,PICHINCHA,medianas_empresas,130154.400000,129640.687000,1347760.765000,1607555.852000
2016-08-31,PICHINCHA,microempresas,6035.532000,441.066000,105264.773000,111741.371000
2016-08-31,PICHINCHA,pequenas_empresas,43220.281000,4714.846000,463330.535000,511265.662000
2016-08-31,RIPLEY,consumo,31504.667260,6397.994700,1623226.263500,1661128.925460
2016-08-31,SANTANDER,consumo,0.000000,0.000000,768.908680,768.908680
2016-08-31,SANTANDER,corporativo,1861.089000,5472.831000,1459723.251000,1467057.171000
2016-08-31,SANTANDER,grandes_empresas,7871.654000,2887.858000,1048705.656000,1059465.168000
2016-08-31,SANTANDER,medianas_empresas,10787.373000,0.000000,399744.971000,410532.344000
2016-08-31,SANTANDER,microempresas,0.000000,0.000000,2.533000,2.533000
2016-08-31,SANTANDER,pequenas_empresas,60.341000,0.000000,278.932000,339.273000
2016-08-31,SCOTIABANK,consumo,257545.204010,60643.313740,5749224.900380,6067413.418130
2016-08-31,SCOTIABANK,corporativo,5210.139000,0.000000,10541013.299000,10546223.438000
2016-08-31,SCOTIABANK,grandes_empresas,85239.635000,33300.334000,7062924.959000,7181464.928000
2016-08-31,SCOTIABANK,hipotecario,177629.471000,36581.094000,5723191.509000,5937402.074000
2016-08-31,SCOTIABANK,medianas_empresas,475857.878000,71738.436000,5577621.566000,6125217.880000
2016-08-31,SCOTIABANK,microempresas,6527.302000,1385.568000,79484.693000,87397.563000
2016-08-31,SCOTIABANK,pequenas_empresas,316310.318000,52571.397000,2009020.062000,2377901.777000
2016-09-30,ALFIN,consumo,34393.757100,8.416600,299671.095280,334073.268980
2016-09-30,BANCOM,consumo,14830.991890,5249.611710,915814.842820,935895.446420
2016-09-30,BANCOM,corporativo,0.126000,0.000000,77022.239000,77022.365000
2016-09-30,BANCOM,grandes_empresas,2046.845000,5839.247000,118137.123000,126023.215000
2016-09-30,BANCOM,hipotecario,1084.500000,0.000000,22291.842000,23376.342000
2016-09-30,BANCOM,medianas_empresas,21467.922000,6763.896000,37036.370000,65268.188000
2016-09-30,BANCOM,microempresas,216.301000,9.241000,56.952000,282.494000
2016-09-30,BANCOM,pequenas_empresas,2269.042000,66.843000,1114.157000,3450.042000
2016-09-30,BBVA,consumo,111425.084230,37020.745110,4218991.220780,4367437.050120
2016-09-30,BBVA,corporativo,131.401000,76.513000,12703260.883000,12703468.797000
2016-09-30,BBVA,grandes_empresas,129102.889000,86542.550000,9085581.937000,9301227.376000
2016-09-30,BBVA,hipotecario,155640.732000,141884.785000,10852045.833000,11149571.350000
2016-09-30,BBVA,medianas_empresas,721587.724000,642823.636000,9931393.881000,11295805.241000
2016-09-30,BBVA,microempresas,1575.295000,149.743000,86204.847000,87929.885000
2016-09-30,BBVA,pequenas_empresas,112265.957000,53107.569000,1112631.543000,1278005.069000
2016-09-30,BCP,consumo,394372.448260,210691.234390,9884944.971710,10490008.654360
2016-09-30,BCP,corporativo,2.894000,0.000000,24074801.557000,24074804.451000
2016-09-30,BCP,grandes_empresas,32378.860000,101781.137000,13046787.375000,13180947.372000
2016-09-30,BCP,hipotecario,335956.938000,42573.511000,12046397.158000,12424927.607000
2016-09-30,BCP,medianas_empresas,831721.527000,176330.940000,12283347.525000,13291399.992000
2016-09-30,BCP,microempresas,9555.338000,2446.838000,273382.085000,285384.261000
2016-09-30,BCP,pequenas_empresas,535603.310000,160634.584000,3741196.914000,4437434.808000
2016-09-30,BIF,consumo,21221.870410,7630.847990,882959.567550,911812.285950
2016-09-30,BIF,corporativo,0.603000,0.000000,1296316.797000,1296317.400000
2016-09-30,BIF,grandes_empresas,15587.358000,41862.304000,1741327.916000,1798777.578000
2016-09-30,BIF,hipotecario,10574.286000,7725.324000,1552970.791000,1571270.401000
2016-09-30,BIF,medianas_empresas,157354.415000,85186.095000,2697412.464000,2939952.974000
2016-09-30,BIF,microempresas,907.948000,14.885000,4518.595000,5441.428000
2016-09-30,BIF,pequenas_empresas,12729.811000,4408.136000,74052.161000,91190.108000
2016-09-30,CENCOSUD,consumo,29607.239700,7783.614480,468342.728090,505733.582270
2016-09-30,CITIBANK,corporativo,0.000000,0.000000,1592966.909000,1592966.909000
2016-09-30,CITIBANK,grandes_empresas,0.000000,0.000000,748657.456000,748657.456000
2016-09-30,CITIBANK,medianas_empresas,0.000000,0.000000,121411.774000,121411.774000
2016-09-30,CITIBANK,microempresas,0.000000,0.000000,46.061000,46.061000
2016-09-30,CITIBANK,pequenas_empresas,0.000000,0.000000,2295.141000,2295.141000
2016-09-30,FALABELLA,consumo,212143.561380,76652.361870,3527687.222350,3816483.145600
2016-09-30,FALABELLA,grandes_empresas,0.000000,0.000000,2.287000,2.287000
2016-09-30,FALABELLA,hipotecario,220.012000,103.096000,5763.800000,6086.908000
2016-09-30,GNB,consumo,13515.952610,8526.462160,863748.014490,885790.429260
2016-09-30,GNB,corporativo,0.000000,0.000000,468784.925000,468784.925000
2016-09-30,GNB,grandes_empresas,7221.805000,6184.380000,449359.342000,462765.527000
2016-09-30,GNB,hipotecario,14462.134000,3306.262000,1149510.178000,1167278.574000
2016-09-30,GNB,medianas_empresas,42057.386000,9075.018000,625334.792000,676467.196000
2016-09-30,GNB,microempresas,44.850000,0.000000,3274.874000,3319.724000
2016-09-30,GNB,pequenas_empresas,868.588000,172.491000,44747.805000,45788.884000
2016-09-30,ICBC,corporativo,0.000000,0.000000,132954.116000,132954.116000
2016-09-30,ICBC,grandes_empresas,4518.000000,0.000000,28940.099000,33458.099000
2016-09-30,ICBC,medianas_empresas,0.000000,0.000000,34784.704000,34784.704000
2016-09-30,INTERBANK,consumo,297258.149740,237434.513920,8430269.430950,8964962.094610
2016-09-30,INTERBANK,corporativo,0.000000,416.811000,3966192.487000,3966609.298000
2016-09-30,INTERBANK,grandes_empresas,46294.784000,12851.386000,3904549.571000,3963695.741000
2016-09-30,INTERBANK,hipotecario,159886.339000,9463.778000,4845446.238000,5014796.355000
2016-09-30,INTERBANK,medianas_empresas,132750.900000,32488.643000,3449479.614000,3614719.157000
2016-09-30,INTERBANK,microempresas,1175.313000,127.490000,20241.496000,21544.299000
2016-09-30,INTERBANK,pequenas_empresas,44674.814000,11999.295000,476997.120000,533671.229000
2016-09-30,MIBANCO,consumo,13136.034610,4837.661430,647011.261040,664984.957080
2016-09-30,MIBANCO,hipotecario,16270.072000,2271.599000,385223.370000,403765.041000
2016-09-30,MIBANCO,medianas_empresas,25148.559000,3518.261000,184854.777000,213521.597000
2016-09-30,MIBANCO,microempresas,71441.715000,11125.646000,2382708.692000,2465276.053000
2016-09-30,MIBANCO,pequenas_empresas,256423.248000,72486.767000,4293804.594000,4622714.609000
2016-09-30,PICHINCHA,consumo,37270.465930,11256.266800,1406166.969960,1454693.702690
2016-09-30,PICHINCHA,corporativo,0.000000,0.000000,516795.104000,516795.104000
2016-09-30,PICHINCHA,grandes_empresas,48820.088000,9032.066000,1309604.331000,1367456.485000
2016-09-30,PICHINCHA,hipotecario,14592.847000,6523.996000,921120.919000,942237.762000
2016-09-30,PICHINCHA,medianas_empresas,123959.333000,129250.808000,1343455.738000,1596665.879000
2016-09-30,PICHINCHA,microempresas,5774.425000,445.214000,110853.524000,117073.163000
2016-09-30,PICHINCHA,pequenas_empresas,41981.988000,4811.163000,470366.167000,517159.318000
2016-09-30,RIPLEY,consumo,26718.045690,6654.239440,1624070.474920,1657442.760050
2016-09-30,SANTANDER,consumo,0.000000,0.000000,867.444000,867.444000
2016-09-30,SANTANDER,corporativo,4873.523000,5216.717000,1392579.701000,1402669.941000
2016-09-30,SANTANDER,grandes_empresas,9829.957000,5537.050000,994595.335000,1009962.342000
2016-09-30,SANTANDER,medianas_empresas,11126.510000,0.000000,374989.799000,386116.309000
2016-09-30,SANTANDER,microempresas,0.593000,0.000000,16072.019000,16072.612000
2016-09-30,SANTANDER,pequenas_empresas,60.483000,0.000000,13171.688000,13232.171000
2016-09-30,SCOTIABANK,consumo,254360.928390,63511.216130,5834129.083940,6152001.228460
2016-09-30,SCOTIABANK,corporativo,5036.263000,0.000000,11022282.061000,11027318.324000
2016-09-30,SCOTIABANK,grandes_empresas,77540.389000,39811.636000,6941443.635000,7058795.660000
2016-09-30,SCOTIABANK,hipotecario,168175.191000,46613.040000,5703430.219000,5918218.450000
2016-09-30,SCOTIABANK,medianas_empresas,464919.625000,67251.205000,5638666.278000,6170837.108000
2016-09-30,SCOTIABANK,microempresas,6163.192000,1960.389000,89518.273000,97641.854000
2016-09-30,SCOTIABANK,pequenas_empresas,314006.032000,56421.931000,2032476.650000,2402904.613000
2016-10-31,ALFIN,consumo,33321.001710,5.297200,300228.980130,333555.279040
2016-10-31,BANCOM,consumo,15929.063850,5168.253560,916012.857050,937110.174460
2016-10-31,BANCOM,corporativo,0.126000,0.000000,93900.527000,93900.653000
2016-10-31,BANCOM,grandes_empresas,1779.867000,5732.435000,95887.366000,103399.668000
2016-10-31,BANCOM,hipotecario,1085.800000,0.000000,22480.350000,23566.150000
2016-10-31,BANCOM,medianas_empresas,24133.864000,6153.425000,32590.576000,62877.865000
2016-10-31,BANCOM,microempresas,132.172000,8.137000,24.058000,164.367000
2016-10-31,BANCOM,pequenas_empresas,2094.030000,83.421000,759.444000,2936.895000
2016-10-31,BBVA,consumo,112393.855700,37421.533330,4261264.995100,4411080.384130
2016-10-31,BBVA,corporativo,144.926000,73.113000,13057795.520000,13058013.559000
2016-10-31,BBVA,grandes_empresas,179985.805000,79823.918000,8960153.577000,9219963.300000
2016-10-31,BBVA,hipotecario,162991.119000,140638.513000,10806572.400000,11110202.032000
2016-10-31,BBVA,medianas_empresas,729811.208000,628464.122000,9770503.233000,11128778.563000
2016-10-31,BBVA,microempresas,1501.691000,145.727000,102012.347000,103659.765000
2016-10-31,BBVA,pequenas_empresas,99098.818000,51532.824000,1096957.575000,1247589.217000
2016-10-31,BCP,consumo,401963.633030,214151.144300,9947342.170950,10563456.948280
2016-10-31,BCP,corporativo,6.731000,0.000000,23390593.880000,23390600.611000
2016-10-31,BCP,grandes_empresas,68003.802000,98812.212000,12715874.653000,12882690.667000
2016-10-31,BCP,hipotecario,331043.484000,42590.795000,11881227.726000,12254862.005000
2016-10-31,BCP,medianas_empresas,834500.134000,182257.546000,12416025.356000,13432783.036000
2016-10-31,BCP,microempresas,9882.053000,2346.283000,282238.404000,294466.740000
2016-10-31,BCP,pequenas_empresas,540343.437000,157181.833000,3756148.298000,4453673.568000
2016-10-31,BIF,consumo,20172.272030,7711.457960,898066.842060,925950.572050
2016-10-31,BIF,corporativo,0.761000,0.000000,1293008.604000,1293009.365000
2016-10-31,BIF,grandes_empresas,23906.620000,42699.316000,1730769.951000,1797375.887000
2016-10-31,BIF,hipotecario,9445.808000,10850.794000,1536106.989000,1556403.591000
2016-10-31,BIF,medianas_empresas,158588.961000,91672.068000,2651822.798000,2902083.827000
2016-10-31,BIF,microempresas,872.343000,279.751000,2967.584000,4119.678000
2016-10-31,BIF,pequenas_empresas,13239.707000,4522.053000,73828.007000,91589.767000
2016-10-31,CENCOSUD,consumo,28060.022320,7270.383310,459627.647900,494958.053530
2016-10-31,CITIBANK,corporativo,0.000000,0.000000,1607329.666000,1607329.666000
2016-10-31,CITIBANK,grandes_empresas,0.000000,0.000000,675320.618000,675320.618000
2016-10-31,CITIBANK,medianas_empresas,0.000000,0.000000,119288.387000,119288.387000
2016-10-31,CITIBANK,microempresas,0.000000,0.000000,52.631000,52.631000
2016-10-31,CITIBANK,pequenas_empresas,0.000000,0.000000,492.081000,492.081000
2016-10-31,FALABELLA,consumo,214441.089010,77063.770560,3486787.671150,3778292.530720
2016-10-31,FALABELLA,hipotecario,199.299000,100.757000,5386.123000,5686.179000
2016-10-31,FALABELLA,medianas_empresas,0.000000,0.000000,0.149000,0.149000
2016-10-31,GNB,consumo,13011.085880,8191.904920,869730.352430,890933.343230
2016-10-31,GNB,corporativo,0.000000,0.000000,505975.047000,505975.047000
2016-10-31,GNB,grandes_empresas,9206.494000,5368.896000,447993.631000,462569.021000
2016-10-31,GNB,hipotecario,15146.139000,3091.643000,1148118.569000,1166356.351000
2016-10-31,GNB,medianas_empresas,43508.448000,9567.159000,615321.889000,668397.496000
2016-10-31,GNB,microempresas,0.000000,0.000000,6736.692000,6736.692000
2016-10-31,GNB,pequenas_empresas,567.241000,409.261000,48639.482000,49615.984000
2016-10-31,ICBC,corporativo,0.000000,0.000000,130154.939000,130154.939000
2016-10-31,ICBC,grandes_empresas,4518.000000,0.000000,24627.549000,29145.549000
2016-10-31,ICBC,medianas_empresas,0.000000,0.000000,34402.305000,34402.305000
2016-10-31,INTERBANK,consumo,313494.795900,239114.368860,8435882.656280,8988491.821040
2016-10-31,INTERBANK,corporativo,115.398000,416.811000,4092501.309000,4093033.518000
2016-10-31,INTERBANK,grandes_empresas,44962.294000,12521.061000,3754774.493000,3812257.848000
2016-10-31,INTERBANK,hipotecario,159328.969000,9212.876000,4840970.851000,5009512.696000
2016-10-31,INTERBANK,medianas_empresas,136669.331000,30507.649000,3364159.111000,3531336.091000
2016-10-31,INTERBANK,microempresas,1034.273000,148.368000,20390.233000,21572.874000
2016-10-31,INTERBANK,pequenas_empresas,44393.642000,12430.640000,487248.419000,544072.701000
2016-10-31,MIBANCO,consumo,13859.169040,4915.566020,653573.658320,672348.393380
2016-10-31,MIBANCO,hipotecario,16280.498000,2419.235000,385544.622000,404244.355000
2016-10-31,MIBANCO,medianas_empresas,26972.885000,2570.014000,184438.633000,213981.532000
2016-10-31,MIBANCO,microempresas,72729.294000,11677.242000,2401999.884000,2486406.420000
2016-10-31,MIBANCO,pequenas_empresas,255350.557000,75396.616000,4365967.695000,4696714.868000
2016-10-31,PICHINCHA,consumo,33011.449320,11975.291400,1429190.617050,1474177.357770
2016-10-31,PICHINCHA,corporativo,1850.357000,0.000000,549393.749000,551244.106000
2016-10-31,PICHINCHA,grandes_empresas,55912.266000,9036.143000,1316728.005000,1381676.414000
2016-10-31,PICHINCHA,hipotecario,15181.489000,6327.983000,919639.992000,941149.464000
2016-10-31,PICHINCHA,medianas_empresas,119171.498000,123453.705000,1273705.171000,1516330.374000
2016-10-31,PICHINCHA,microempresas,5693.075000,391.527000,120982.759000,127067.361000
2016-10-31,PICHINCHA,pequenas_empresas,40963.097000,4681.990000,470537.085000,516182.172000
2016-10-31,RIPLEY,consumo,29047.769580,6520.634500,1634796.560000,1670364.964080
2016-10-31,SANTANDER,consumo,0.000000,0.000000,854.528980,854.528980
2016-10-31,SANTANDER,corporativo,0.000000,9571.984000,1416241.177000,1425813.161000
2016-10-31,SANTANDER,grandes_empresas,9635.526000,16345.608000,953793.163000,979774.297000
2016-10-31,SANTANDER,medianas_empresas,11009.539000,0.000000,372636.605000,383646.144000
2016-10-31,SANTANDER,microempresas,0.321000,0.000000,15814.730000,15815.051000
2016-10-31,SANTANDER,pequenas_empresas,59.825000,0.000000,13126.255000,13186.080000
2016-10-31,SCOTIABANK,consumo,273125.715480,63196.819770,5947239.856210,6283562.391460
2016-10-31,SCOTIABANK,corporativo,5305.694000,9834.722000,11063334.064000,11078474.480000
2016-10-31,SCOTIABANK,grandes_empresas,83672.069000,39565.281000,6905486.202000,7028723.552000
2016-10-31,SCOTIABANK,hipotecario,168011.644000,51635.769000,5640441.351000,5860088.764000
2016-10-31,SCOTIABANK,medianas_empresas,485459.431000,61773.907000,5387176.028000,5934409.366000
2016-10-31,SCOTIABANK,microempresas,6308.672000,1768.565000,98243.433000,106320.670000
2016-10-31,SCOTIABANK,pequenas_empresas,318912.653000,58371.356000,2013659.669000,2390943.678000
2016-11-30,ALFIN,consumo,32482.144830,3.310360,306639.002150,339124.457340
2016-11-30,BANCOM,consumo,16717.420610,5125.895340,917615.701230,939459.017180
2016-11-30,BANCOM,corporativo,0.126000,0.000000,94618.643000,94618.769000
2016-11-30,BANCOM,grandes_empresas,1716.743000,5769.504000,99301.680000,106787.927000
2016-11-30,BANCOM,hipotecario,1075.589000,0.000000,22329.218000,23404.807000
2016-11-30,BANCOM,medianas_empresas,22682.072000,5943.460000,33310.134000,61935.666000
2016-11-30,BANCOM,microempresas,204.884000,18.961000,31.259000,255.104000
2016-11-30,BANCOM,pequenas_empresas,2261.434000,84.107000,600.753000,2946.294000
2016-11-30,BBVA,consumo,130102.415630,38592.524990,4319075.650960,4487770.591580
2016-11-30,BBVA,corporativo,138.784000,66.189000,12795085.082000,12795290.055000
2016-11-30,BBVA,grandes_empresas,208221.282000,79992.382000,9116738.255000,9404951.919000
2016-11-30,BBVA,hipotecario,158739.368000,146473.902000,10911192.518000,11216405.788000
2016-11-30,BBVA,medianas_empresas,752996.398000,613254.395000,9885665.975000,11251916.768000
2016-11-30,BBVA,microempresas,1540.196000,185.615000,124107.655000,125833.466000
2016-11-30,BBVA,pequenas_empresas,104659.631000,50325.959000,1117997.797000,1272983.387000
2016-11-30,BCP,consumo,413581.413760,217454.981090,10066958.036230,10697994.431080
2016-11-30,BCP,corporativo,989.563000,0.000000,24079271.838000,24080261.401000
2016-11-30,BCP,grandes_empresas,40913.524000,91334.696000,13002399.421000,13134647.641000
2016-11-30,BCP,hipotecario,336533.061000,40748.494000,11881067.050000,12258348.605000
2016-11-30,BCP,medianas_empresas,851166.858000,183431.874000,12712940.906000,13747539.638000
2016-11-30,BCP,microempresas,10603.428000,2271.748000,286841.232000,299716.408000
2016-11-30,BCP,pequenas_empresas,543410.879000,155823.842000,3804553.165000,4503787.886000
2016-11-30,BIF,consumo,21630.476040,9003.287100,906580.261860,937214.025000
2016-11-30,BIF,corporativo,0.588000,0.000000,1323376.832000,1323377.420000
2016-11-30,BIF,grandes_empresas,22910.895000,44433.046000,1762584.472000,1829928.413000
2016-11-30,BIF,hipotecario,8502.019000,10154.118000,1532447.236000,1551103.373000
2016-11-30,BIF,medianas_empresas,158227.439000,111129.226000,2612247.312000,2881603.977000
2016-11-30,BIF,microempresas,893.640000,63.420000,3329.587000,4286.647000
2016-11-30,BIF,pequenas_empresas,12528.358000,4188.255000,72458.446000,89175.059000
2016-11-30,CENCOSUD,consumo,25674.260260,7205.349960,466333.287960,499212.898180
2016-11-30,CITIBANK,corporativo,0.000000,0.000000,1642574.176000,1642574.176000
2016-11-30,CITIBANK,grandes_empresas,0.000000,0.000000,738594.840000,738594.840000
2016-11-30,CITIBANK,medianas_empresas,0.000000,0.000000,213507.662000,213507.662000
2016-11-30,CITIBANK,microempresas,0.000000,0.000000,24.284000,24.284000
2016-11-30,CITIBANK,pequenas_empresas,0.000000,0.000000,503.523000,503.523000
2016-11-30,FALABELLA,consumo,219938.312020,77068.933940,3533683.273800,3830690.519760
2016-11-30,FALABELLA,grandes_empresas,0.000000,0.000000,0.193000,0.193000
2016-11-30,FALABELLA,hipotecario,199.007000,99.490000,5271.012000,5569.509000
2016-11-30,FALABELLA,medianas_empresas,0.000000,0.000000,0.153000,0.153000
2016-11-30,GNB,consumo,13282.240140,7850.748560,880821.439810,901954.428510
2016-11-30,GNB,corporativo,0.000000,0.000000,534339.625000,534339.625000
2016-11-30,GNB,grandes_empresas,10958.595000,4965.240000,457684.103000,473607.938000
2016-11-30,GNB,hipotecario,13410.366000,2963.394000,1146909.447000,1163283.207000
2016-11-30,GNB,medianas_empresas,47122.638000,6806.301000,624702.756000,678631.695000
2016-11-30,GNB,microempresas,0.000000,0.000000,8972.200000,8972.200000
2016-11-30,GNB,pequenas_empresas,789.661000,406.462000,39373.140000,40569.263000
2016-11-30,ICBC,corporativo,0.000000,0.000000,127081.930000,127081.930000
2016-11-30,ICBC,grandes_empresas,4518.000000,0.000000,22118.440000,26636.440000
2016-11-30,ICBC,medianas_empresas,0.000000,0.000000,34888.234000,34888.234000
2016-11-30,INTERBANK,consumo,317699.795010,235160.587210,8446511.705160,8999372.087380
2016-11-30,INTERBANK,corporativo,487.471000,376.811000,4172387.264000,4173251.546000
2016-11-30,INTERBANK,grandes_empresas,47928.342000,15817.344000,3705684.779000,3769430.465000
2016-11-30,INTERBANK,hipotecario,165821.379000,9511.403000,4850410.867000,5025743.649000
2016-11-30,INTERBANK,medianas_empresas,137871.852000,26824.019000,3330743.002000,3495438.873000
2016-11-30,INTERBANK,microempresas,981.290000,185.331000,19596.486000,20763.107000
2016-11-30,INTERBANK,pequenas_empresas,43387.406000,11904.870000,495940.990000,551233.266000
2016-11-30,MIBANCO,consumo,13895.928920,5177.274130,659703.549730,678776.752780
2016-11-30,MIBANCO,hipotecario,16670.106000,2404.460000,391186.414000,410260.980000
2016-11-30,MIBANCO,medianas_empresas,27771.534000,3070.565000,183559.601000,214401.700000
2016-11-30,MIBANCO,microempresas,73715.481000,11695.348000,2430524.416000,2515935.245000
2016-11-30,MIBANCO,pequenas_empresas,253875.863000,78198.402000,4431904.026000,4763978.291000
2016-11-30,PICHINCHA,consumo,26198.268130,12652.281980,1486666.835730,1525517.385840
2016-11-30,PICHINCHA,corporativo,19.048000,0.000000,516959.207000,516978.255000
2016-11-30,PICHINCHA,grandes_empresas,58317.304000,8966.670000,1292530.105000,1359814.079000
2016-11-30,PICHINCHA,hipotecario,14574.513000,6354.811000,922276.207000,943205.531000
2016-11-30,PICHINCHA,medianas_empresas,117343.120000,124261.665000,1273323.767000,1514928.552000
2016-11-30,PICHINCHA,microempresas,5886.027000,406.632000,136638.635000,142931.294000
2016-11-30,PICHINCHA,pequenas_empresas,41342.952000,4399.704000,479704.322000,525446.978000
2016-11-30,RIPLEY,consumo,30246.943760,6159.396940,1658711.903430,1695118.244130
2016-11-30,SANTANDER,consumo,0.000000,0.000000,849.079020,849.079020
2016-11-30,SANTANDER,corporativo,0.000000,9434.495000,1332972.319000,1342406.814000
2016-11-30,SANTANDER,grandes_empresas,7742.918000,18289.368000,971583.287000,997615.573000
2016-11-30,SANTANDER,medianas_empresas,11095.455000,0.000000,349577.104000,360672.559000
2016-11-30,SANTANDER,pequenas_empresas,60.679000,0.000000,466.817000,527.496000
2016-11-30,SCOTIABANK,consumo,270993.946240,63834.678330,6083936.862020,6418765.486590
2016-11-30,SCOTIABANK,corporativo,166.362000,16103.768000,11305215.171000,11321485.301000
2016-11-30,SCOTIABANK,grandes_empresas,85191.153000,37816.235000,6913237.211000,7036244.599000
2016-11-30,SCOTIABANK,hipotecario,175276.443000,53997.939000,5650331.672000,5879606.054000
2016-11-30,SCOTIABANK,medianas_empresas,509962.073000,58545.076000,5432248.862000,6000756.011000
2016-11-30,SCOTIABANK,microempresas,6001.988000,1709.306000,103406.287000,111117.581000
2016-11-30,SCOTIABANK,pequenas_empresas,315372.553000,57828.987000,2040199.325000,2413400.865000
2016-12-31,ALFIN,consumo,33282.973800,1.764180,326902.098020,360186.836000
2016-12-31,BANCOM,consumo,15495.184610,5183.778700,926904.687480,947583.650790
2016-12-31,BANCOM,corporativo,0.126000,0.000000,126270.747000,126270.873000
2016-12-31,BANCOM,grandes_empresas,1313.773000,310.456000,103827.364000,105451.593000
2016-12-31,BANCOM,hipotecario,1221.353000,0.000000,26869.786000,28091.139000
2016-12-31,BANCOM,medianas_empresas,22538.095000,5801.443000,32469.211000,60808.749000
2016-12-31,BANCOM,microempresas,96.573000,17.724000,24.333000,138.630000
2016-12-31,BANCOM,pequenas_empresas,1819.513000,124.955000,451.482000,2395.950000
2016-12-31,BBVA,consumo,102888.902140,38411.482410,4280943.700810,4422244.085360
2016-12-31,BBVA,corporativo,129.784000,59.116000,14069766.068000,14069954.968000
2016-12-31,BBVA,grandes_empresas,134247.862000,84028.968000,9093241.791000,9311518.621000
2016-12-31,BBVA,hipotecario,162319.328000,151503.841000,10917220.772000,11231043.941000
2016-12-31,BBVA,medianas_empresas,762715.682000,615417.444000,10128298.102000,11506431.228000
2016-12-31,BBVA,microempresas,906.321000,2145.589000,90661.320000,93713.230000
2016-12-31,BBVA,pequenas_empresas,88963.560000,49945.022000,1134117.530000,1273026.112000
2016-12-31,BCP,consumo,393025.363990,222531.846670,9955332.403630,10570889.614290
2016-12-31,BCP,corporativo,3.818000,0.000000,23754024.589000,23754028.407000
2016-12-31,BCP,grandes_empresas,46082.720000,91574.261000,13102661.400000,13240318.381000
2016-12-31,BCP,hipotecario,331857.733000,41803.684000,11865100.266000,12238761.683000
2016-12-31,BCP,medianas_empresas,816017.927000,200244.531000,12934849.073000,13951111.531000
2016-12-31,BCP,microempresas,9522.105000,2388.798000,295683.340000,307594.243000
2016-12-31,BCP,pequenas_empresas,529908.235000,157134.059000,3807988.411000,4495030.705000
2016-12-31,BIF,consumo,18642.721550,8963.265170,912055.034690,939661.021410
2016-12-31,BIF,corporativo,0.655000,0.000000,1275600.997000,1275601.652000
2016-12-31,BIF,grandes_empresas,19803.596000,44262.715000,1775529.096000,1839595.407000
2016-12-31,BIF,hipotecario,10043.889000,9600.823000,1529116.549000,1548761.261000
2016-12-31,BIF,medianas_empresas,151349.589000,121794.331000,2538584.399000,2811728.319000
2016-12-31,BIF,microempresas,937.813000,58.261000,3288.673000,4284.747000
2016-12-31,BIF,pequenas_empresas,12032.483000,4051.580000,68292.364000,84376.427000
2016-12-31,CENCOSUD,consumo,28960.420800,6658.890600,481011.112420,516630.423820
2016-12-31,CITIBANK,corporativo,0.000000,0.000000,1289869.839000,1289869.839000
2016-12-31,CITIBANK,grandes_empresas,0.000000,0.000000,740404.539000,740404.539000
2016-12-31,CITIBANK,medianas_empresas,0.000000,0.000000,207401.932000,207401.932000
2016-12-31,CITIBANK,microempresas,0.000000,0.000000,21.754000,21.754000
2016-12-31,CITIBANK,pequenas_empresas,0.000000,0.000000,456.426000,456.426000
2016-12-31,FALABELLA,consumo,224131.014220,80938.157110,3620145.331350,3925214.502680
2016-12-31,FALABELLA,grandes_empresas,0.000000,0.000000,1.553000,1.553000
2016-12-31,FALABELLA,hipotecario,191.262000,96.912000,5099.531000,5387.705000
2016-12-31,FALABELLA,medianas_empresas,0.000000,0.000000,2.585000,2.585000
2016-12-31,GNB,consumo,11989.242870,7929.645100,882503.746980,902422.634950
2016-12-31,GNB,corporativo,0.000000,0.000000,473619.988000,473619.988000
2016-12-31,GNB,grandes_empresas,9815.536000,5266.420000,456981.956000,472063.912000
2016-12-31,GNB,hipotecario,12789.682000,2951.367000,1144074.396000,1159815.445000
2016-12-31,GNB,medianas_empresas,41911.445000,7896.807000,605091.448000,654899.700000
2016-12-31,GNB,microempresas,0.000000,0.000000,10654.805000,10654.805000
2016-12-31,GNB,pequenas_empresas,888.066000,824.005000,37106.253000,38818.324000
2016-12-31,ICBC,corporativo,0.000000,0.000000,109390.724000,109390.724000
2016-12-31,ICBC,grandes_empresas,0.000000,0.000000,21460.799000,21460.799000
2016-12-31,ICBC,medianas_empresas,0.000000,0.000000,34323.972000,34323.972000
2016-12-31,INTERBANK,consumo,323388.472160,231797.828300,8333375.148490,8888561.448950
2016-12-31,INTERBANK,corporativo,1129.442000,296.811000,4378130.854000,4379557.107000
2016-12-31,INTERBANK,grandes_empresas,45228.098000,14705.178000,3724503.983000,3784437.259000
2016-12-31,INTERBANK,hipotecario,158917.631000,9847.558000,4871126.596000,5039891.785000
2016-12-31,INTERBANK,medianas_empresas,121251.815000,28230.181000,3415677.209000,3565159.205000
2016-12-31,INTERBANK,microempresas,961.418000,240.746000,19507.495000,20709.659000
2016-12-31,INTERBANK,pequenas_empresas,42443.163000,11366.345000,495359.780000,549169.288000
2016-12-31,MIBANCO,consumo,13682.271280,5380.361740,666498.010080,685560.643100
2016-12-31,MIBANCO,hipotecario,16685.766000,2402.538000,393629.097000,412717.401000
2016-12-31,MIBANCO,medianas_empresas,26541.827000,2936.976000,187064.233000,216543.036000
2016-12-31,MIBANCO,microempresas,73461.754000,11661.642000,2444864.220000,2529987.616000
2016-12-31,MIBANCO,pequenas_empresas,253617.269000,80063.883000,4440691.858000,4774373.010000
2016-12-31,PICHINCHA,consumo,31888.791050,13147.675360,1510222.510240,1555258.976650
2016-12-31,PICHINCHA,corporativo,8.596000,0.000000,418000.628000,418009.224000
2016-12-31,PICHINCHA,grandes_empresas,43290.078000,14939.030000,1228985.832000,1287214.940000
2016-12-31,PICHINCHA,hipotecario,15151.448000,6376.359000,926722.252000,948250.059000
2016-12-31,PICHINCHA,medianas_empresas,111684.952000,123547.048000,1167661.075000,1402893.075000
2016-12-31,PICHINCHA,microempresas,7015.000000,376.652000,134482.857000,141874.509000
2016-12-31,PICHINCHA,pequenas_empresas,40714.871000,4179.052000,473027.754000,517921.677000
2016-12-31,RIPLEY,consumo,47750.147720,5700.748530,1722282.324650,1775733.220900
2016-12-31,SANTANDER,consumo,0.000000,0.000000,1184.135640,1184.135640
2016-12-31,SANTANDER,corporativo,0.000000,9010.071000,1348559.904000,1357569.975000
2016-12-31,SANTANDER,grandes_empresas,7700.846000,17796.831000,963937.757000,989435.434000
2016-12-31,SANTANDER,medianas_empresas,10867.328000,0.000000,328135.052000,339002.380000
2016-12-31,SANTANDER,pequenas_empresas,59.701000,0.000000,444.274000,503.975000
2016-12-31,SCOTIABANK,consumo,258736.200600,65560.345960,6156177.852940,6480474.399500
2016-12-31,SCOTIABANK,corporativo,100.909000,15790.695000,10693461.789000,10709353.393000
2016-12-31,SCOTIABANK,grandes_empresas,49063.797000,56211.226000,6947576.486000,7052851.509000
2016-12-31,SCOTIABANK,hipotecario,168036.424000,59031.811000,5660921.318000,5887989.553000
2016-12-31,SCOTIABANK,medianas_empresas,411881.005000,64614.385000,5523618.145000,6000113.535000
2016-12-31,SCOTIABANK,microempresas,5426.116000,1529.991000,81359.051000,88315.158000
2016-12-31,SCOTIABANK,pequenas_empresas,297269.001000,61415.887000,2048664.883000,2407349.771000
2017-01-31,ALFIN,consumo,34028.752510,1.637270,327888.510640,361918.900420
2017-01-31,BANCOM,consumo,16298.262380,5165.149740,953718.850040,975182.262160
2017-01-31,BANCOM,corporativo,0.126000,0.000000,114766.661000,114766.787000
2017-01-31,BANCOM,grandes_empresas,2267.937000,303.888000,95291.497000,97863.322000
2017-01-31,BANCOM,hipotecario,1354.456000,0.000000,27390.392000,28744.848000
2017-01-31,BANCOM,medianas_empresas,27963.345000,5591.204000,25207.616000,58762.165000
2017-01-31,BANCOM,microempresas,103.338000,16.495000,60.972000,180.805000
2017-01-31,BANCOM,pequenas_empresas,2005.861000,66.743000,610.955000,2683.559000
2017-01-31,BBVA,consumo,128355.600340,37111.188290,4272301.714840,4437768.503470
2017-01-31,BBVA,corporativo,134.200000,51.992000,13224462.265000,13224648.457000
2017-01-31,BBVA,grandes_empresas,162009.002000,82408.661000,8843528.614000,9087946.277000
2017-01-31,BBVA,hipotecario,168451.808000,151002.879000,10855191.650000,11174646.337000
2017-01-31,BBVA,medianas_empresas,844435.880000,562249.178000,9729007.151000,11135692.209000
2017-01-31,BBVA,microempresas,1123.187000,158.791000,85446.848000,86728.826000
2017-01-31,BBVA,pequenas_empresas,100785.760000,47037.093000,1091062.768000,1238885.621000
2017-01-31,BCP,consumo,386785.470190,225972.875330,9882896.451040,10495654.796560
2017-01-31,BCP,corporativo,16.369000,0.000000,24192521.866000,24192538.235000
2017-01-31,BCP,grandes_empresas,58244.942000,92274.190000,12826578.495000,12977097.627000
2017-01-31,BCP,hipotecario,331078.878000,42138.096000,11832727.030000,12205944.004000
2017-01-31,BCP,medianas_empresas,855381.288000,193371.613000,12275045.518000,13323798.419000
2017-01-31,BCP,microempresas,9864.314000,2272.996000,292878.789000,305016.099000
2017-01-31,BCP,pequenas_empresas,513413.035000,161168.904000,3672938.140000,4347520.079000
2017-01-31,BIF,consumo,20057.432320,8975.152170,919852.516820,948885.101310
2017-01-31,BIF,corporativo,0.785000,0.000000,1379702.216000,1379703.001000
2017-01-31,BIF,grandes_empresas,20518.086000,47695.079000,1791480.535000,1859693.700000
2017-01-31,BIF,hipotecario,11897.266000,9537.416000,1522201.640000,1543636.322000
2017-01-31,BIF,medianas_empresas,155795.833000,122338.601000,2487244.527000,2765378.961000
2017-01-31,BIF,microempresas,874.940000,59.570000,3407.118000,4341.628000
2017-01-31,BIF,pequenas_empresas,11878.373000,4020.924000,66448.401000,82347.698000
2017-01-31,CENCOSUD,consumo,29396.499930,6174.020850,470200.977690,505771.498470
2017-01-31,CITIBANK,corporativo,0.000000,0.000000,1183140.640000,1183140.640000
2017-01-31,CITIBANK,grandes_empresas,0.000000,0.000000,774939.590000,774939.590000
2017-01-31,CITIBANK,medianas_empresas,0.000000,0.000000,201189.081000,201189.081000
2017-01-31,CITIBANK,microempresas,0.000000,0.000000,17.034000,17.034000
2017-01-31,CITIBANK,pequenas_empresas,0.000000,0.000000,418.180000,418.180000
2017-01-31,FALABELLA,consumo,230292.588220,86040.517020,3529987.709110,3846320.814350
2017-01-31,FALABELLA,grandes_empresas,0.000000,0.000000,6.018000,6.018000
2017-01-31,FALABELLA,hipotecario,183.943000,74.886000,4898.504000,5157.333000
2017-01-31,FALABELLA,medianas_empresas,0.000000,0.000000,2.590000,2.590000
2017-01-31,GNB,consumo,11287.804920,7559.650560,886982.862910,905830.318390
2017-01-31,GNB,corporativo,0.000000,0.000000,473129.636000,473129.636000
2017-01-31,GNB,grandes_empresas,10105.767000,4631.039000,434769.791000,449506.597000
2017-01-31,GNB,hipotecario,14637.106000,2889.006000,1135461.931000,1152988.043000
2017-01-31,GNB,medianas_empresas,43883.807000,11592.965000,602969.858000,658446.630000
2017-01-31,GNB,microempresas,0.000000,0.000000,11781.283000,11781.283000
2017-01-31,GNB,pequenas_empresas,774.958000,799.965000,38396.532000,39971.455000
2017-01-31,ICBC,corporativo,0.000000,0.000000,122227.505000,122227.505000
2017-01-31,ICBC,grandes_empresas,0.000000,0.000000,20712.262000,20712.262000
2017-01-31,ICBC,medianas_empresas,0.000000,0.000000,33602.560000,33602.560000
2017-01-31,INTERBANK,consumo,349018.333940,225530.345370,8225931.112480,8800479.791790
2017-01-31,INTERBANK,corporativo,16.725000,296.811000,4798936.334000,4799249.870000
2017-01-31,INTERBANK,grandes_empresas,49036.693000,12029.087000,3612822.169000,3673887.949000
2017-01-31,INTERBANK,hipotecario,157607.024000,11186.721000,4864561.596000,5033355.341000
2017-01-31,INTERBANK,medianas_empresas,125711.620000,26215.074000,3184769.332000,3336696.026000
2017-01-31,INTERBANK,microempresas,887.557000,222.236000,18739.638000,19849.431000
2017-01-31,INTERBANK,pequenas_empresas,39642.977000,10936.351000,484132.725000,534712.053000
2017-01-31,MIBANCO,consumo,13882.920920,5363.106700,674062.995540,693309.023160
2017-01-31,MIBANCO,hipotecario,16571.175000,2657.643000,395468.365000,414697.183000
2017-01-31,MIBANCO,medianas_empresas,25248.535000,2821.541000,187399.197000,215469.273000
2017-01-31,MIBANCO,microempresas,71678.550000,11763.775000,2444939.195000,2528381.520000
2017-01-31,MIBANCO,pequenas_empresas,253191.057000,81227.246000,4467320.371000,4801738.674000
2017-01-31,PICHINCHA,consumo,27659.865360,13211.476440,1531319.673020,1572191.014820
2017-01-31,PICHINCHA,corporativo,0.000000,0.000000,352349.158000,352349.158000
2017-01-31,PICHINCHA,grandes_empresas,41848.307000,16401.384000,1172799.697000,1231049.388000
2017-01-31,PICHINCHA,hipotecario,15499.689000,6278.787000,932477.726000,954256.202000
2017-01-31,PICHINCHA,medianas_empresas,132671.600000,118128.624000,1121287.391000,1372087.615000
2017-01-31,PICHINCHA,microempresas,6926.309000,348.420000,133515.434000,140790.163000
2017-01-31,PICHINCHA,pequenas_empresas,41954.686000,4528.416000,461758.476000,508241.578000
2017-01-31,RIPLEY,consumo,49025.078890,5405.320750,1686442.517960,1740872.917600
2017-01-31,SANTANDER,consumo,0.000000,0.000000,1507.559310,1507.559310
2017-01-31,SANTANDER,corporativo,0.000000,8551.344000,1332080.678000,1340632.022000
2017-01-31,SANTANDER,grandes_empresas,10921.305000,16316.957000,932968.493000,960206.755000
2017-01-31,SANTANDER,medianas_empresas,10351.023000,0.000000,316323.527000,326674.550000
2017-01-31,SANTANDER,pequenas_empresas,58.438000,0.000000,430.665000,489.103000
2017-01-31,SCOTIABANK,consumo,270208.556210,66009.630500,6215080.689060,6551298.875770
2017-01-31,SCOTIABANK,corporativo,98.461000,15429.619000,10921829.363000,10937357.443000
2017-01-31,SCOTIABANK,grandes_empresas,59180.239000,51943.548000,6628551.146000,6739674.933000
2017-01-31,SCOTIABANK,hipotecario,174878.408000,58742.004000,5651839.001000,5885459.413000
2017-01-31,SCOTIABANK,medianas_empresas,426969.731000,72089.881000,5360271.068000,5859330.680000
2017-01-31,SCOTIABANK,microempresas,5146.792000,1522.326000,84110.280000,90779.398000
2017-01-31,SCOTIABANK,pequenas_empresas,296247.157000,63419.577000,2020169.190000,2379835.924000
2017-02-28,ALFIN,consumo,33855.462870,4.244300,336085.386760,369945.093930
2017-02-28,BANCOM,consumo,14223.459560,4978.351160,978115.771130,997317.581850
2017-02-28,BANCOM,corporativo,0.126000,0.000000,118821.210000,118821.336000
2017-02-28,BANCOM,grandes_empresas,1277.369000,269.543000,100451.432000,101998.344000
2017-02-28,BANCOM,hipotecario,1220.750000,0.000000,27342.231000,28562.981000
2017-02-28,BANCOM,medianas_empresas,29175.961000,5856.727000,22273.385000,57306.073000
2017-02-28,BANCOM,microempresas,106.263000,33.333000,19.247000,158.843000
2017-02-28,BANCOM,pequenas_empresas,1893.239000,46.250000,513.875000,2453.364000
2017-02-28,BBVA,consumo,138856.626820,37156.539040,4277260.792040,4453273.957900
2017-02-28,BBVA,corporativo,133.226000,44.829000,12576120.064000,12576298.119000
2017-02-28,BBVA,grandes_empresas,125814.584000,76967.982000,8692441.900000,8895224.466000
2017-02-28,BBVA,hipotecario,169635.298000,150350.881000,10862692.237000,11182678.416000
2017-02-28,BBVA,medianas_empresas,861907.999000,557293.587000,9540163.170000,10959364.756000
2017-02-28,BBVA,microempresas,1015.386000,160.246000,94802.476000,95978.108000
2017-02-28,BBVA,pequenas_empresas,99372.601000,45589.455000,1084881.406000,1229843.462000
2017-02-28,BCP,consumo,380835.978450,230974.012010,9861148.991300,10472958.981760
2017-02-28,BCP,corporativo,257.674000,0.000000,24762233.330000,24762491.004000
2017-02-28,BCP,grandes_empresas,58070.182000,91266.731000,12736845.533000,12886182.446000
2017-02-28,BCP,hipotecario,342600.314000,44400.626000,11830533.735000,12217534.675000
2017-02-28,BCP,medianas_empresas,870449.730000,196006.242000,12346902.893000,13413358.865000
2017-02-28,BCP,microempresas,9917.492000,2142.842000,271151.012000,283211.346000
2017-02-28,BCP,pequenas_empresas,520250.927000,164024.452000,3591954.645000,4276230.024000
2017-02-28,BIF,consumo,19472.047920,9114.740220,930112.470890,958699.259030
2017-02-28,BIF,corporativo,1.197000,0.000000,1372487.325000,1372488.522000
2017-02-28,BIF,grandes_empresas,23784.119000,52259.411000,1762556.908000,1838600.438000
2017-02-28,BIF,hipotecario,11293.615000,8861.187000,1521505.248000,1541660.050000
2017-02-28,BIF,medianas_empresas,156671.087000,125705.311000,2477963.493000,2760339.891000
2017-02-28,BIF,microempresas,914.180000,58.758000,2902.772000,3875.710000
2017-02-28,BIF,pequenas_empresas,12556.849000,3815.901000,57847.792000,74220.542000
2017-02-28,CENCOSUD,consumo,26519.288050,5908.582050,461988.888890,494416.758990
2017-02-28,CITIBANK,corporativo,0.000000,0.000000,1099190.832000,1099190.832000
2017-02-28,CITIBANK,grandes_empresas,0.000000,0.000000,801711.024000,801711.024000
2017-02-28,CITIBANK,medianas_empresas,0.000000,0.000000,196200.950000,196200.950000
2017-02-28,CITIBANK,microempresas,0.000000,0.000000,51.245000,51.245000
2017-02-28,CITIBANK,pequenas_empresas,0.000000,0.000000,452.433000,452.433000
2017-02-28,FALABELLA,consumo,232577.543790,89509.128260,3483224.424180,3805311.096230
2017-02-28,FALABELLA,grandes_empresas,0.000000,0.000000,0.546000,0.546000
2017-02-28,FALABELLA,hipotecario,174.703000,52.143000,4797.293000,5024.139000
2017-02-28,GNB,consumo,13143.502420,7335.490270,884885.566130,905364.558820
2017-02-28,GNB,corporativo,0.000000,0.000000,533009.190000,533009.190000
2017-02-28,GNB,grandes_empresas,10512.011000,4210.510000,450847.799000,465570.320000
2017-02-28,GNB,hipotecario,16823.684000,2883.362000,1158286.343000,1177993.389000
2017-02-28,GNB,medianas_empresas,44549.216000,10801.878000,603665.021000,659016.115000
2017-02-28,GNB,microempresas,0.000000,0.000000,12462.270000,12462.270000
2017-02-28,GNB,pequenas_empresas,793.950000,823.699000,40788.467000,42406.116000
2017-02-28,ICBC,corporativo,0.000000,0.000000,121949.469000,121949.469000
2017-02-28,ICBC,grandes_empresas,0.000000,0.000000,20267.068000,20267.068000
2017-02-28,ICBC,medianas_empresas,0.000000,0.000000,42813.050000,42813.050000
2017-02-28,INTERBANK,consumo,350914.972140,224249.188440,8217838.984160,8793003.144740
2017-02-28,INTERBANK,corporativo,343.068000,256.811000,5331312.242000,5331912.121000
2017-02-28,INTERBANK,grandes_empresas,45400.786000,12135.728000,3296108.532000,3353645.046000
2017-02-28,INTERBANK,hipotecario,159571.890000,10602.259000,4897158.419000,5067332.568000
2017-02-28,INTERBANK,medianas_empresas,128097.094000,25653.128000,3208280.867000,3362031.089000
2017-02-28,INTERBANK,microempresas,958.865000,212.720000,18337.398000,19508.983000
2017-02-28,INTERBANK,pequenas_empresas,38563.873000,10449.338000,483087.231000,532100.442000
2017-02-28,MIBANCO,consumo,14577.580850,5463.398590,685082.068530,705123.047970
2017-02-28,MIBANCO,hipotecario,16932.707000,2430.994000,397017.123000,416380.824000
2017-02-28,MIBANCO,medianas_empresas,26196.599000,2101.117000,189656.832000,217954.548000
2017-02-28,MIBANCO,microempresas,76932.188000,11929.133000,2443328.811000,2532190.132000
2017-02-28,MIBANCO,pequenas_empresas,262814.142000,79929.942000,4506113.408000,4848857.492000
2017-02-28,PICHINCHA,consumo,30104.052800,13742.147720,1572835.005540,1616681.206060
2017-02-28,PICHINCHA,corporativo,0.000000,0.000000,369047.325000,369047.325000
2017-02-28,PICHINCHA,grandes_empresas,54823.234000,10500.052000,1134071.052000,1199394.338000
2017-02-28,PICHINCHA,hipotecario,15717.236000,6129.443000,938751.916000,960598.595000
2017-02-28,PICHINCHA,medianas_empresas,125246.961000,127591.496000,1102922.163000,1355760.620000
2017-02-28,PICHINCHA,microempresas,7556.655000,329.073000,134163.817000,142049.545000
2017-02-28,PICHINCHA,pequenas_empresas,43869.115000,4145.589000,457830.072000,505844.776000
2017-02-28,RIPLEY,consumo,49705.863340,5178.285360,1670029.871000,1724914.019700
2017-02-28,SANTANDER,consumo,0.000000,0.000000,1042.393850,1042.393850
2017-02-28,SANTANDER,corporativo,0.000000,8220.647000,1308891.791000,1317112.438000
2017-02-28,SANTANDER,grandes_empresas,17008.046000,7088.448000,910748.427000,934844.921000
2017-02-28,SANTANDER,medianas_empresas,10281.739000,0.000000,307222.671000,317504.410000
2017-02-28,SANTANDER,pequenas_empresas,58.011000,0.000000,1101.311000,1159.322000
2017-02-28,SCOTIABANK,consumo,266433.973470,65234.397220,6351311.400710,6682979.771400
2017-02-28,SCOTIABANK,corporativo,97.742000,15204.765000,11032410.834000,11047713.341000
2017-02-28,SCOTIABANK,grandes_empresas,68059.156000,50797.039000,6528755.388000,6647611.583000
2017-02-28,SCOTIABANK,hipotecario,181758.414000,59930.963000,5687894.066000,5929583.443000
2017-02-28,SCOTIABANK,medianas_empresas,411861.914000,72312.949000,5418575.853000,5902750.716000
2017-02-28,SCOTIABANK,microempresas,5201.752000,1363.888000,90842.959000,97408.599000
2017-02-28,SCOTIABANK,pequenas_empresas,299672.989000,63778.622000,1989945.100000,2353396.711000
2017-03-31,ALFIN,consumo,34799.200580,4.170770,344703.685730,379507.057080
2017-03-31,BANCOM,consumo,14451.133550,4842.185870,1001505.041390,1020798.360810
2017-03-31,BANCOM,corporativo,0.126000,0.000000,133307.080000,133307.206000
2017-03-31,BANCOM,grandes_empresas,1272.387000,235.902000,99966.550000,101474.839000
2017-03-31,BANCOM,hipotecario,1636.948000,0.000000,27807.974000,29444.922000
2017-03-31,BANCOM,medianas_empresas,29278.876000,5819.425000,20112.439000,55210.740000
2017-03-31,BANCOM,microempresas,115.503000,14.107000,40.288000,169.898000
2017-03-31,BANCOM,pequenas_empresas,1804.801000,49.193000,761.593000,2615.587000
2017-03-31,BBVA,consumo,111116.805130,37632.639500,4267865.613330,4416615.057960
2017-03-31,BBVA,corporativo,125.561000,30.174000,12530677.316000,12530833.051000
2017-03-31,BBVA,grandes_empresas,133761.308000,79235.830000,8723362.929000,8936360.067000
2017-03-31,BBVA,hipotecario,168556.776000,156226.525000,10946337.218000,11271120.519000
2017-03-31,BBVA,medianas_empresas,835800.662000,592088.119000,9200687.719000,10628576.500000
2017-03-31,BBVA,microempresas,1065.694000,133.297000,74881.058000,76080.049000
2017-03-31,BBVA,pequenas_empresas,91399.217000,45061.627000,1137438.329000,1273899.173000
2017-03-31,BCP,consumo,392114.133780,235319.802340,9761527.815350,10388961.751470
2017-03-31,BCP,corporativo,4483.322000,0.000000,23366351.723000,23370835.045000
2017-03-31,BCP,grandes_empresas,49796.897000,106776.194000,12387306.974000,12543880.065000
2017-03-31,BCP,hipotecario,363367.671000,44227.168000,11917301.384000,12324896.223000
2017-03-31,BCP,medianas_empresas,884026.511000,198401.899000,12371520.584000,13453948.994000
2017-03-31,BCP,microempresas,10673.561000,2084.715000,265633.304000,278391.580000
2017-03-31,BCP,pequenas_empresas,545298.246000,158515.569000,3547494.389000,4251308.204000
2017-03-31,BIF,consumo,17274.977830,9180.498890,938963.314150,965418.790870
2017-03-31,BIF,corporativo,56.547000,0.000000,1391530.498000,1391587.045000
2017-03-31,BIF,grandes_empresas,29284.663000,47309.869000,1819625.583000,1896220.115000
2017-03-31,BIF,hipotecario,12127.313000,9022.387000,1529258.724000,1550408.424000
2017-03-31,BIF,medianas_empresas,159231.652000,118920.995000,2516340.098000,2794492.745000
2017-03-31,BIF,microempresas,483.481000,49.274000,3157.366000,3690.121000
2017-03-31,BIF,pequenas_empresas,12231.754000,4044.364000,52475.973000,68752.091000
2017-03-31,CENCOSUD,consumo,25944.986690,5497.570260,455186.566190,486629.123140
2017-03-31,CITIBANK,corporativo,0.000000,0.000000,1019612.021000,1019612.021000
2017-03-31,CITIBANK,grandes_empresas,0.000000,0.000000,835063.351000,835063.351000
2017-03-31,CITIBANK,medianas_empresas,0.000000,0.000000,187233.044000,187233.044000
2017-03-31,CITIBANK,microempresas,0.000000,0.000000,60.598000,60.598000
2017-03-31,CITIBANK,pequenas_empresas,0.000000,0.000000,370.110000,370.110000
2017-03-31,FALABELLA,consumo,238824.313680,94720.631780,3442326.276740,3775871.222200
2017-03-31,FALABELLA,hipotecario,174.468000,50.571000,4613.940000,4838.979000
2017-03-31,GNB,consumo,11705.763060,7237.833160,885419.144370,904362.740590
2017-03-31,GNB,corporativo,0.000000,0.000000,531410.354000,531410.354000
2017-03-31,GNB,grandes_empresas,10931.344000,4115.032000,438598.737000,453645.113000
2017-03-31,GNB,hipotecario,15678.223000,2809.110000,1166669.428000,1185156.761000
2017-03-31,GNB,medianas_empresas,46345.672000,10045.205000,615139.705000,671530.582000
2017-03-31,GNB,microempresas,0.000000,0.000000,9986.892000,9986.892000
2017-03-31,GNB,pequenas_empresas,661.194000,800.268000,47667.910000,49129.372000
2017-03-31,ICBC,corporativo,0.000000,0.000000,137831.236000,137831.236000
2017-03-31,ICBC,grandes_empresas,0.000000,0.000000,19887.126000,19887.126000
2017-03-31,ICBC,medianas_empresas,0.000000,0.000000,53960.301000,53960.301000
2017-03-31,INTERBANK,consumo,342372.323300,230658.825810,8241397.074860,8814428.223970
2017-03-31,INTERBANK,corporativo,431.112000,176.811000,3885448.623000,3886056.546000
2017-03-31,INTERBANK,grandes_empresas,42676.541000,14907.379000,4480957.035000,4538540.955000
2017-03-31,INTERBANK,hipotecario,167387.661000,14136.558000,4927936.233000,5109460.452000
2017-03-31,INTERBANK,medianas_empresas,131747.964000,22604.509000,3381615.710000,3535968.183000
2017-03-31,INTERBANK,microempresas,1113.997000,182.937000,17633.417000,18930.351000
2017-03-31,INTERBANK,pequenas_empresas,41034.678000,10455.976000,478118.912000,529609.566000
2017-03-31,MIBANCO,consumo,14724.709870,5724.015930,688307.195790,708755.921590
2017-03-31,MIBANCO,hipotecario,17159.388000,2472.248000,400304.408000,419936.044000
2017-03-31,MIBANCO,medianas_empresas,24830.927000,2846.705000,192060.810000,219738.442000
2017-03-31,MIBANCO,microempresas,80461.631000,11807.307000,2419884.862000,2512153.800000
2017-03-31,MIBANCO,pequenas_empresas,268654.504000,80440.248000,4521608.356000,4870703.108000
2017-03-31,PICHINCHA,consumo,32805.671950,14269.894960,1602562.612780,1649638.179690
2017-03-31,PICHINCHA,corporativo,0.651000,0.000000,350079.316000,350079.967000
2017-03-31,PICHINCHA,grandes_empresas,51537.919000,58800.910000,1098932.967000,1209271.796000
2017-03-31,PICHINCHA,hipotecario,17986.262000,5139.293000,945063.381000,968188.936000
2017-03-31,PICHINCHA,medianas_empresas,134540.742000,115957.261000,1118807.932000,1369305.935000
2017-03-31,PICHINCHA,microempresas,11647.720000,307.114000,126934.038000,138888.872000
2017-03-31,PICHINCHA,pequenas_empresas,43455.894000,3773.798000,448933.273000,496162.965000
2017-03-31,RIPLEY,consumo,53001.037020,4691.215270,1659373.962300,1717066.214590
2017-03-31,SANTANDER,consumo,0.000000,0.000000,634.396160,634.396160
2017-03-31,SANTANDER,corporativo,86.375000,7918.644000,1387045.870000,1395050.889000
2017-03-31,SANTANDER,grandes_empresas,9152.091000,16148.065000,1053665.647000,1078965.803000
2017-03-31,SANTANDER,medianas_empresas,10235.382000,0.000000,315204.304000,325439.686000
2017-03-31,SANTANDER,pequenas_empresas,57.779000,0.000000,1115.780000,1173.559000
2017-03-31,SCOTIABANK,consumo,266581.831730,65468.042720,6417681.778830,6749731.653280
2017-03-31,SCOTIABANK,corporativo,105.935000,15010.846000,12599519.390000,12614636.171000
2017-03-31,SCOTIABANK,grandes_empresas,70958.940000,49890.567000,6885823.001000,7006672.508000
2017-03-31,SCOTIABANK,hipotecario,180330.309000,65999.006000,5710612.775000,5956942.090000
2017-03-31,SCOTIABANK,medianas_empresas,421830.992000,73111.468000,5370275.859000,5865218.319000
2017-03-31,SCOTIABANK,microempresas,5247.210000,962.485000,87388.099000,93597.794000
2017-03-31,SCOTIABANK,pequenas_empresas,303854.527000,63388.548000,1990179.077000,2357422.152000
2017-04-30,ALFIN,consumo,35590.071020,3.842690,344015.048890,379608.962600
2017-04-30,BANCOM,consumo,16167.213280,4902.429460,1016845.510120,1037915.152860
2017-04-30,BANCOM,corporativo,0.126000,0.000000,125341.330000,125341.456000
2017-04-30,BANCOM,grandes_empresas,1788.890000,0.000000,96090.893000,97879.783000
2017-04-30,BANCOM,hipotecario,1581.483000,0.000000,28170.296000,29751.779000
2017-04-30,BANCOM,medianas_empresas,29622.263000,5457.259000,21159.908000,56239.430000
2017-04-30,BANCOM,microempresas,120.428000,13.611000,33.677000,167.716000
2017-04-30,BANCOM,pequenas_empresas,1924.843000,91.249000,674.030000,2690.122000
2017-04-30,BBVA,consumo,131469.049700,37984.266670,4259571.526990,4429024.843360
2017-04-30,BBVA,corporativo,125.372000,30.174000,11487394.222000,11487549.768000
2017-04-30,BBVA,grandes_empresas,154949.097000,78163.240000,8625102.004000,8858214.341000
2017-04-30,BBVA,hipotecario,178039.933000,155652.124000,10950952.413000,11284644.470000
2017-04-30,BBVA,medianas_empresas,863744.886000,596697.345000,9102940.648000,10563382.879000
2017-04-30,BBVA,microempresas,1316.536000,287.765000,87388.507000,88992.808000
2017-04-30,BBVA,pequenas_empresas,95546.064000,44466.821000,1106356.429000,1246369.314000
2017-04-30,BCP,consumo,369945.403720,241943.030020,9719069.383690,10330957.817430
2017-04-30,BCP,corporativo,1976.594000,0.000000,24290573.525000,24292550.119000
2017-04-30,BCP,grandes_empresas,82087.886000,95585.267000,12505630.206000,12683303.359000
2017-04-30,BCP,hipotecario,360849.661000,45446.326000,11929691.467000,12335987.454000
2017-04-30,BCP,medianas_empresas,878293.952000,202294.556000,12477075.683000,13557664.191000
2017-04-30,BCP,microempresas,10053.016000,2044.549000,226782.284000,238879.849000
2017-04-30,BCP,pequenas_empresas,541851.871000,159675.149000,3505234.493000,4206761.513000
2017-04-30,BIF,consumo,19294.326610,9246.553300,951087.312800,979628.192710
2017-04-30,BIF,corporativo,56.501000,0.000000,1465510.628000,1465567.129000
2017-04-30,BIF,grandes_empresas,23426.787000,47075.603000,1804191.418000,1874693.808000
2017-04-30,BIF,hipotecario,12319.642000,8359.720000,1530864.334000,1551543.696000
2017-04-30,BIF,medianas_empresas,158939.684000,120259.076000,2522450.086000,2801648.846000
2017-04-30,BIF,microempresas,452.742000,48.747000,5422.903000,5924.392000
2017-04-30,BIF,pequenas_empresas,11838.338000,3670.534000,54679.834000,70188.706000
2017-04-30,CENCOSUD,consumo,27659.518770,5265.400630,441232.138380,474157.057780
2017-04-30,CITIBANK,corporativo,0.000000,0.000000,852185.571000,852185.571000
2017-04-30,CITIBANK,grandes_empresas,0.000000,0.000000,1125575.557000,1125575.557000
2017-04-30,CITIBANK,medianas_empresas,0.000000,0.000000,104003.316000,104003.316000
2017-04-30,CITIBANK,microempresas,0.000000,0.000000,384.241000,384.241000
2017-04-30,CITIBANK,pequenas_empresas,0.000000,0.000000,406.947000,406.947000
2017-04-30,FALABELLA,consumo,242065.378730,99855.124120,3435509.805270,3777430.308120
2017-04-30,FALABELLA,grandes_empresas,0.000000,0.000000,0.546000,0.546000
2017-04-30,FALABELLA,hipotecario,174.266000,49.001000,4417.246000,4640.513000
2017-04-30,GNB,consumo,11832.610360,7089.327720,885079.922950,904001.861030
2017-04-30,GNB,corporativo,0.000000,0.000000,510169.316000,510169.316000
2017-04-30,GNB,grandes_empresas,10889.729000,2448.382000,444349.894000,457688.005000
2017-04-30,GNB,hipotecario,16312.434000,4934.036000,1169484.077000,1190730.547000
2017-04-30,GNB,medianas_empresas,49995.336000,8973.290000,620586.581000,679555.207000
2017-04-30,GNB,microempresas,0.000000,0.000000,8204.507000,8204.507000
2017-04-30,GNB,pequenas_empresas,1071.088000,744.080000,55106.471000,56921.639000
2017-04-30,ICBC,corporativo,0.000000,0.000000,185870.257000,185870.257000
2017-04-30,ICBC,grandes_empresas,0.000000,0.000000,19566.884000,19566.884000
2017-04-30,ICBC,medianas_empresas,0.000000,0.000000,53892.954000,53892.954000
2017-04-30,INTERBANK,consumo,346333.277840,228541.898860,8220463.737730,8795338.914430
2017-04-30,INTERBANK,corporativo,968.791000,136.811000,4759887.607000,4760993.209000
2017-04-30,INTERBANK,grandes_empresas,44221.085000,13504.426000,4028493.894000,4086219.405000
2017-04-30,INTERBANK,hipotecario,164514.130000,13776.175000,4950754.194000,5129044.499000
2017-04-30,INTERBANK,medianas_empresas,137444.988000,25255.992000,3219641.245000,3382342.225000
2017-04-30,INTERBANK,microempresas,1077.300000,154.904000,17568.169000,18800.373000
2017-04-30,INTERBANK,pequenas_empresas,41010.826000,10739.809000,494832.868000,546583.503000
2017-04-30,MIBANCO,consumo,15638.781930,5950.509470,678090.684110,699679.975510
2017-04-30,MIBANCO,hipotecario,16848.994000,2580.040000,402560.225000,421989.259000
2017-04-30,MIBANCO,medianas_empresas,24828.719000,2923.314000,193521.865000,221273.898000
2017-04-30,MIBANCO,microempresas,82691.132000,12818.976000,2395120.366000,2490630.474000
2017-04-30,MIBANCO,pequenas_empresas,271712.874000,84197.408000,4563885.812000,4919796.094000
2017-04-30,PICHINCHA,consumo,35274.315710,14492.327230,1631256.700310,1681023.343250
2017-04-30,PICHINCHA,corporativo,1827.423000,34041.000000,387812.372000,423680.795000
2017-04-30,PICHINCHA,grandes_empresas,52907.018000,26961.291000,1154354.013000,1234222.322000
2017-04-30,PICHINCHA,hipotecario,17766.275000,5042.790000,949285.913000,972094.978000
2017-04-30,PICHINCHA,medianas_empresas,135329.896000,90746.163000,1057802.835000,1283878.894000
2017-04-30,PICHINCHA,microempresas,7659.803000,248.731000,115809.276000,123717.810000
2017-04-30,PICHINCHA,pequenas_empresas,41578.213000,3600.828000,442652.772000,487831.813000
2017-04-30,RIPLEY,consumo,57260.394450,4873.264310,1659440.349520,1721574.008280
2017-04-30,SANTANDER,consumo,0.000000,0.000000,777.756260,777.756260
2017-04-30,SANTANDER,corporativo,0.000000,7637.899000,1459675.394000,1467313.293000
2017-04-30,SANTANDER,grandes_empresas,7641.140000,15774.705000,1084762.994000,1108178.839000
2017-04-30,SANTANDER,medianas_empresas,10936.687000,0.000000,317088.640000,328025.327000
2017-04-30,SANTANDER,microempresas,0.000000,0.000000,1622.000000,1622.000000
2017-04-30,SANTANDER,pequenas_empresas,100.456000,0.000000,1710.638000,1811.094000
2017-04-30,SCOTIABANK,consumo,270416.113080,65603.622330,6491900.906490,6827920.641900
2017-04-30,SCOTIABANK,corporativo,97.233000,14842.003000,12795923.759000,12810862.995000
2017-04-30,SCOTIABANK,grandes_empresas,86781.105000,47413.864000,6847606.599000,6981801.568000
2017-04-30,SCOTIABANK,hipotecario,175824.079000,66425.970000,5755449.713000,5997699.762000
2017-04-30,SCOTIABANK,medianas_empresas,442819.817000,74758.158000,5259728.950000,5777306.925000
2017-04-30,SCOTIABANK,microempresas,5078.671000,917.251000,81744.494000,87740.416000
2017-04-30,SCOTIABANK,pequenas_empresas,306656.991000,62001.398000,1988062.030000,2356720.419000
2017-05-31,ALFIN,consumo,36281.357350,4.487290,340598.211310,376884.055950
2017-05-31,BANCOM,consumo,16957.418220,4804.411710,1034196.649790,1055958.479720
2017-05-31,BANCOM,corporativo,0.126000,0.000000,109911.635000,109911.761000
2017-05-31,BANCOM,grandes_empresas,1281.201000,9575.367000,93339.989000,104196.557000
2017-05-31,BANCOM,hipotecario,1805.618000,0.000000,28619.856000,30425.474000
2017-05-31,BANCOM,medianas_empresas,28277.826000,5583.936000,20959.407000,54821.169000
2017-05-31,BANCOM,microempresas,176.271000,13.094000,11.849000,201.214000
2017-05-31,BANCOM,pequenas_empresas,1963.827000,46.953000,539.880000,2550.660000
2017-05-31,BBVA,consumo,152474.574710,36714.167810,4244442.548100,4433631.290620
2017-05-31,BBVA,corporativo,126.664000,15.249000,11951324.259000,11951466.172000
2017-05-31,BBVA,grandes_empresas,157614.454000,85672.661000,8548074.004000,8791361.119000
2017-05-31,BBVA,hipotecario,193810.739000,153564.891000,10992709.241000,11340084.871000
2017-05-31,BBVA,medianas_empresas,892923.480000,604818.086000,9115951.309000,10613692.875000
2017-05-31,BBVA,microempresas,1287.063000,98.236000,88569.113000,89954.412000
2017-05-31,BBVA,pequenas_empresas,98258.513000,45812.420000,1111931.903000,1256002.836000
2017-05-31,BCP,consumo,385960.584460,246008.578430,9680894.214960,10312863.377850
2017-05-31,BCP,corporativo,11613.044000,0.000000,23382816.632000,23394429.676000
2017-05-31,BCP,grandes_empresas,75283.627000,102524.805000,12865985.114000,13043793.546000
2017-05-31,BCP,hipotecario,377118.002000,47520.495000,11999481.171000,12424119.668000
2017-05-31,BCP,medianas_empresas,876422.423000,199236.733000,12982667.585000,14058326.741000
2017-05-31,BCP,microempresas,9848.092000,2072.930000,215214.167000,227135.189000
2017-05-31,BCP,pequenas_empresas,528941.788000,167669.224000,3561957.533000,4258568.545000
2017-05-31,BIF,consumo,20205.497300,9296.546430,985918.719330,1015420.763060
2017-05-31,BIF,corporativo,1.437000,0.000000,1473647.181000,1473648.618000
2017-05-31,BIF,grandes_empresas,32377.348000,51077.205000,1781147.676000,1864602.229000
2017-05-31,BIF,hipotecario,14947.902000,7445.157000,1540063.561000,1562456.620000
2017-05-31,BIF,medianas_empresas,159138.225000,120385.193000,2602020.097000,2881543.515000
2017-05-31,BIF,microempresas,499.729000,2.734000,4215.547000,4718.010000
2017-05-31,BIF,pequenas_empresas,12195.567000,3604.515000,54631.037000,70431.119000
2017-05-31,CENCOSUD,consumo,31349.965800,4969.922720,453059.542340,489379.430860
2017-05-31,CITIBANK,corporativo,0.000000,0.000000,760809.741000,760809.741000
2017-05-31,CITIBANK,grandes_empresas,35269.055000,0.000000,1032865.127000,1068134.182000
2017-05-31,CITIBANK,medianas_empresas,0.000000,0.000000,103330.462000,103330.462000
2017-05-31,CITIBANK,microempresas,0.000000,0.000000,710.453000,710.453000
2017-05-31,CITIBANK,pequenas_empresas,0.000000,0.000000,498.174000,498.174000
2017-05-31,FALABELLA,consumo,257390.333190,99015.887840,3465199.251830,3821605.472860
2017-05-31,FALABELLA,grandes_empresas,0.000000,0.000000,2.611000,2.611000
2017-05-31,FALABELLA,hipotecario,176.588000,47.430000,4381.240000,4605.258000
2017-05-31,FALABELLA,medianas_empresas,0.000000,0.000000,3.232000,3.232000
2017-05-31,GNB,consumo,12578.035600,6983.587450,883959.378470,903521.001520
2017-05-31,GNB,corporativo,0.000000,0.000000,547154.165000,547154.165000
2017-05-31,GNB,grandes_empresas,11662.932000,9520.020000,453279.161000,474462.113000
2017-05-31,GNB,hipotecario,17093.918000,4941.445000,1172546.761000,1194582.124000
2017-05-31,GNB,medianas_empresas,52043.471000,8566.914000,646505.828000,707116.213000
2017-05-31,GNB,microempresas,0.000000,0.000000,7010.565000,7010.565000
2017-05-31,GNB,pequenas_empresas,1017.493000,714.923000,56302.256000,58034.672000
2017-05-31,ICBC,corporativo,0.000000,0.000000,178091.582000,178091.582000
2017-05-31,ICBC,grandes_empresas,0.000000,0.000000,7652.721000,7652.721000
2017-05-31,ICBC,medianas_empresas,0.000000,0.000000,54182.982000,54182.982000
2017-05-31,INTERBANK,consumo,362442.586890,224885.242670,8323083.818060,8910411.647620
2017-05-31,INTERBANK,corporativo,2921.153000,96.811000,4610998.479000,4614016.443000
2017-05-31,INTERBANK,grandes_empresas,48100.598000,11601.568000,4033029.405000,4092731.571000
2017-05-31,INTERBANK,hipotecario,175406.582000,12843.034000,5004461.223000,5192710.839000
2017-05-31,INTERBANK,medianas_empresas,140076.815000,23320.805000,3357261.158000,3520658.778000
2017-05-31,INTERBANK,microempresas,1132.290000,159.252000,18791.535000,20083.077000
2017-05-31,INTERBANK,pequenas_empresas,40031.850000,10948.452000,505399.742000,556380.044000
2017-05-31,MIBANCO,consumo,16403.011420,6187.056900,665294.167610,687884.235930
2017-05-31,MIBANCO,hipotecario,17179.237000,2671.160000,409502.686000,429353.083000
2017-05-31,MIBANCO,medianas_empresas,23726.079000,3666.006000,196669.991000,224062.076000
2017-05-31,MIBANCO,microempresas,82172.269000,13270.410000,2407372.306000,2502814.985000
2017-05-31,MIBANCO,pequenas_empresas,273112.209000,86740.032000,4615576.285000,4975428.526000
2017-05-31,PICHINCHA,consumo,38638.410790,15003.579060,1682529.981430,1736171.971280
2017-05-31,PICHINCHA,corporativo,1842.829000,34041.000000,384112.403000,419996.232000
2017-05-31,PICHINCHA,grandes_empresas,49618.343000,27257.867000,1155763.591000,1232639.801000
2017-05-31,PICHINCHA,hipotecario,19840.753000,5369.500000,959080.858000,984291.111000
2017-05-31,PICHINCHA,medianas_empresas,129759.550000,116414.687000,1063323.113000,1309497.350000
2017-05-31,PICHINCHA,microempresas,6373.278000,225.656000,110278.031000,116876.965000
2017-05-31,PICHINCHA,pequenas_empresas,40266.935000,3693.436000,440818.022000,484778.393000
2017-05-31,RIPLEY,consumo,55524.623040,6315.029360,1710233.767720,1772073.420120
2017-05-31,SANTANDER,consumo,0.000000,0.000000,861.896950,861.896950
2017-05-31,SANTANDER,corporativo,0.000000,7426.094000,1441444.610000,1448870.704000
2017-05-31,SANTANDER,grandes_empresas,4350.483000,15541.021000,1093259.785000,1113151.289000
2017-05-31,SANTANDER,medianas_empresas,14410.612000,0.000000,316463.779000,330874.391000
2017-05-31,SANTANDER,pequenas_empresas,101.292000,0.000000,1166.617000,1267.909000
2017-05-31,SCOTIABANK,consumo,281806.534190,66856.520990,6603243.134700,6951906.189880
2017-05-31,SCOTIABANK,corporativo,162.931000,14763.621000,12609739.688000,12624666.240000
2017-05-31,SCOTIABANK,grandes_empresas,81918.394000,44865.690000,6758895.870000,6885679.954000
2017-05-31,SCOTIABANK,hipotecario,188681.047000,64725.628000,5826159.792000,6079566.467000
2017-05-31,SCOTIABANK,medianas_empresas,467499.836000,70163.939000,5283621.089000,5821284.864000
2017-05-31,SCOTIABANK,microempresas,5178.099000,882.059000,74374.053000,80434.211000
2017-05-31,SCOTIABANK,pequenas_empresas,308750.248000,62028.010000,1984604.613000,2355382.871000
2017-06-30,ALFIN,consumo,36078.501050,0.870450,340515.677390,376595.048890
2017-06-30,BANCOM,consumo,14735.029690,4874.424610,1047078.848260,1066688.302560
2017-06-30,BANCOM,corporativo,0.116000,0.000000,113439.334000,113439.450000
2017-06-30,BANCOM,grandes_empresas,1274.129000,9572.969000,86722.585000,97569.683000
2017-06-30,BANCOM,hipotecario,1768.139000,0.000000,29623.809000,31391.948000
2017-06-30,BANCOM,medianas_empresas,22751.495000,5560.153000,20700.763000,49012.411000
2017-06-30,BANCOM,microempresas,128.593000,23.922000,28.545000,181.060000
2017-06-30,BANCOM,pequenas_empresas,1801.655000,33.783000,314.433000,2149.871000
2017-06-30,BBVA,consumo,122398.682230,38405.035120,4270347.240980,4431150.958330
2017-06-30,BBVA,corporativo,125.720000,15.249000,12568560.703000,12568701.672000
2017-06-30,BBVA,grandes_empresas,110682.381000,86170.921000,8181740.147000,8378593.449000
2017-06-30,BBVA,hipotecario,190387.455000,158676.044000,11056670.813000,11405734.312000
2017-06-30,BBVA,medianas_empresas,913161.775000,638811.136000,9372992.068000,10924964.979000
2017-06-30,BBVA,microempresas,1153.561000,70.818000,117043.189000,118267.568000
2017-06-30,BBVA,pequenas_empresas,94724.441000,46180.452000,1020895.925000,1161800.818000
2017-06-30,BCP,consumo,363404.794090,253125.737880,9721766.066750,10338296.598720
2017-06-30,BCP,corporativo,11250.514000,0.000000,21840007.893000,21851258.407000
2017-06-30,BCP,grandes_empresas,62987.181000,94362.766000,12973815.962000,13131165.909000
2017-06-30,BCP,hipotecario,382009.296000,51019.703000,12101059.874000,12534088.873000
2017-06-30,BCP,medianas_empresas,877412.755000,209849.185000,13177391.223000,14264653.163000
2017-06-30,BCP,microempresas,9434.571000,2237.777000,216690.845000,228363.193000
2017-06-30,BCP,pequenas_empresas,517767.021000,170891.633000,3606401.563000,4295060.217000
2017-06-30,BIF,consumo,21547.740650,7902.854700,1019472.438710,1048923.034060
2017-06-30,BIF,corporativo,1.546000,0.000000,1400289.167000,1400290.713000
2017-06-30,BIF,grandes_empresas,33933.322000,50154.711000,1787789.829000,1871877.862000
2017-06-30,BIF,hipotecario,12682.067000,7482.128000,1551397.167000,1571561.362000
2017-06-30,BIF,medianas_empresas,174008.542000,115283.965000,2662784.889000,2952077.396000
2017-06-30,BIF,microempresas,578.849000,2.592000,7420.278000,8001.719000
2017-06-30,BIF,pequenas_empresas,11879.569000,3877.072000,61172.347000,76928.988000
2017-06-30,CENCOSUD,consumo,28581.644820,4984.220680,462041.904170,495607.769670
2017-06-30,CITIBANK,corporativo,0.000000,0.000000,734042.474000,734042.474000
2017-06-30,CITIBANK,grandes_empresas,21685.471000,0.000000,1027522.895000,1049208.366000
2017-06-30,CITIBANK,medianas_empresas,0.000000,0.000000,102809.963000,102809.963000
2017-06-30,CITIBANK,microempresas,0.000000,0.000000,833.507000,833.507000
2017-06-30,CITIBANK,pequenas_empresas,0.000000,0.000000,427.802000,427.802000
2017-06-30,FALABELLA,consumo,265430.215020,100079.242700,3412290.782080,3777800.239800
2017-06-30,FALABELLA,grandes_empresas,0.000000,0.000000,0.983000,0.983000
2017-06-30,FALABELLA,hipotecario,174.749000,45.871000,4281.379000,4501.999000
2017-06-30,FALABELLA,medianas_empresas,0.000000,0.000000,4.279000,4.279000
2017-06-30,GNB,consumo,9833.698880,6694.536980,878580.955480,895109.191340
2017-06-30,GNB,corporativo,0.000000,0.000000,457253.156000,457253.156000
2017-06-30,GNB,grandes_empresas,11256.898000,9437.534000,515975.789000,536670.221000
2017-06-30,GNB,hipotecario,17598.216000,4922.493000,1167485.520000,1190006.229000
2017-06-30,GNB,medianas_empresas,50746.236000,8549.334000,667722.018000,727017.588000
2017-06-30,GNB,microempresas,0.000000,0.000000,3858.156000,3858.156000
2017-06-30,GNB,pequenas_empresas,1293.502000,689.887000,55666.821000,57650.210000
2017-06-30,ICBC,corporativo,0.000000,0.000000,146001.667000,146001.667000
2017-06-30,ICBC,grandes_empresas,0.000000,0.000000,7309.926000,7309.926000
2017-06-30,ICBC,medianas_empresas,0.000000,0.000000,53125.681000,53125.681000
2017-06-30,INTERBANK,consumo,342852.963180,212754.139130,8420065.506030,8975672.608340
2017-06-30,INTERBANK,corporativo,4344.438000,96.811000,4169119.629000,4173560.878000
2017-06-30,INTERBANK,grandes_empresas,61196.150000,13630.276000,4170800.734000,4245627.160000
2017-06-30,INTERBANK,hipotecario,175279.966000,12407.776000,5045017.122000,5232704.864000
2017-06-30,INTERBANK,medianas_empresas,123653.966000,24954.305000,3245943.433000,3394551.704000
2017-06-30,INTERBANK,microempresas,1147.681000,107.398000,20705.508000,21960.587000
2017-06-30,INTERBANK,pequenas_empresas,40342.245000,10956.336000,515596.509000,566895.090000
2017-06-30,MIBANCO,consumo,16188.420530,6231.427580,655564.729780,677984.577890
2017-06-30,MIBANCO,hipotecario,18044.075000,2649.411000,413870.688000,434564.174000
2017-06-30,MIBANCO,medianas_empresas,22072.136000,3699.766000,201110.762000,226882.664000
2017-06-30,MIBANCO,microempresas,82678.719000,13825.703000,2428332.372000,2524836.794000
2017-06-30,MIBANCO,pequenas_empresas,270675.337000,89279.515000,4656629.789000,5016584.641000
2017-06-30,PICHINCHA,consumo,41858.227620,15341.247570,1704096.595520,1761296.070710
2017-06-30,PICHINCHA,corporativo,1832.884000,34041.000000,430822.099000,466695.983000
2017-06-30,PICHINCHA,grandes_empresas,54563.952000,26415.275000,1188841.966000,1269821.193000
2017-06-30,PICHINCHA,hipotecario,19929.364000,5288.203000,965029.747000,990247.314000
2017-06-30,PICHINCHA,medianas_empresas,122408.523000,120345.176000,1019846.802000,1262600.501000
2017-06-30,PICHINCHA,microempresas,6541.107000,189.744000,107499.440000,114230.291000
2017-06-30,PICHINCHA,pequenas_empresas,39129.223000,3980.323000,440761.396000,483870.942000
2017-06-30,RIPLEY,consumo,50250.549750,8083.981870,1734818.548650,1793153.080270
2017-06-30,SANTANDER,consumo,0.000000,0.000000,906.618910,906.618910
2017-06-30,SANTANDER,corporativo,0.000000,6609.631000,1433538.124000,1440147.755000
2017-06-30,SANTANDER,grandes_empresas,3910.626000,34495.665000,1066668.497000,1105074.788000
2017-06-30,SANTANDER,medianas_empresas,14351.973000,0.000000,326947.147000,341299.120000
2017-06-30,SANTANDER,pequenas_empresas,100.735000,0.000000,982.485000,1083.220000
2017-06-30,SCOTIABANK,consumo,258988.742130,67658.787160,6689483.572840,7016131.102130
2017-06-30,SCOTIABANK,corporativo,190.662000,13507.395000,12494495.338000,12508193.395000
2017-06-30,SCOTIABANK,grandes_empresas,84105.656000,45279.122000,6683232.234000,6812617.012000
2017-06-30,SCOTIABANK,hipotecario,196799.280000,65124.822000,5858754.029000,6120678.131000
2017-06-30,SCOTIABANK,medianas_empresas,457931.246000,73263.018000,5262272.723000,5793466.987000
2017-06-30,SCOTIABANK,microempresas,5099.544000,944.367000,76915.001000,82958.912000
2017-06-30,SCOTIABANK,pequenas_empresas,307336.151000,62341.283000,1978560.834000,2348238.268000
2017-07-31,ALFIN,consumo,35271.281580,2.251970,341231.254340,376504.787890
2017-07-31,BANCOM,consumo,16091.845740,4715.381970,1054891.052250,1075698.279960
2017-07-31,BANCOM,corporativo,0.116000,0.000000,120737.161000,120737.277000
2017-07-31,BANCOM,grandes_empresas,1269.531000,9376.343000,84658.392000,95304.266000
2017-07-31,BANCOM,hipotecario,1771.109000,0.000000,30070.714000,31841.823000
2017-07-31,BANCOM,medianas_empresas,23361.512000,4968.601000,19511.387000,47841.500000
2017-07-31,BANCOM,microempresas,139.383000,12.039000,8.619000,160.041000
2017-07-31,BANCOM,pequenas_empresas,1721.446000,33.141000,273.191000,2027.778000
2017-07-31,BBVA,consumo,122126.810150,39259.244750,4243687.627290,4405073.682190
2017-07-31,BBVA,corporativo,125.447000,7.664000,11820567.632000,11820700.743000
2017-07-31,BBVA,grandes_empresas,89962.742000,80214.421000,8105480.621000,8275657.784000
2017-07-31,BBVA,hipotecario,199742.428000,154692.054000,11056780.244000,11411214.726000
2017-07-31,BBVA,medianas_empresas,958427.514000,636419.142000,9340943.199000,10935789.855000
2017-07-31,BBVA,microempresas,1230.030000,1137.856000,68046.967000,70414.853000
2017-07-31,BBVA,pequenas_empresas,100296.578000,48372.606000,1016203.468000,1164872.652000
2017-07-31,BCP,consumo,349759.687360,257205.083660,9599091.927270,10206056.698290
2017-07-31,BCP,corporativo,13023.798000,0.000000,23897666.809000,23910690.607000
2017-07-31,BCP,grandes_empresas,113764.489000,51926.270000,13059525.312000,13225216.071000
2017-07-31,BCP,hipotecario,381345.369000,56918.654000,12070738.928000,12509002.951000
2017-07-31,BCP,medianas_empresas,880760.983000,219529.302000,12710237.734000,13810528.019000
2017-07-31,BCP,microempresas,9942.868000,2216.757000,224891.906000,237051.531000
2017-07-31,BCP,pequenas_empresas,520837.298000,170029.079000,3571098.799000,4261965.176000
2017-07-31,BIF,consumo,22207.184370,7597.701980,1029363.343060,1059168.229410
2017-07-31,BIF,corporativo,1.655000,0.000000,1408372.830000,1408374.485000
2017-07-31,BIF,grandes_empresas,33800.004000,48679.939000,1826225.671000,1908705.614000
2017-07-31,BIF,hipotecario,16512.582000,7252.300000,1557078.323000,1580843.205000
2017-07-31,BIF,medianas_empresas,173178.167000,116826.472000,2736441.255000,3026445.894000
2017-07-31,BIF,microempresas,642.133000,2.445000,7078.533000,7723.111000
2017-07-31,BIF,pequenas_empresas,12774.684000,3770.744000,58528.574000,75074.002000
2017-07-31,CENCOSUD,consumo,28877.664400,4835.184460,473186.846510,506899.695370
2017-07-31,CITIBANK,corporativo,0.000000,0.000000,717149.729000,717149.729000
2017-07-31,CITIBANK,grandes_empresas,21605.475000,0.000000,988837.355000,1010442.830000
2017-07-31,CITIBANK,medianas_empresas,0.000000,0.000000,101311.908000,101311.908000
2017-07-31,CITIBANK,microempresas,0.000000,0.000000,100.186000,100.186000
2017-07-31,CITIBANK,pequenas_empresas,0.000000,0.000000,1221.332000,1221.332000
2017-07-31,FALABELLA,consumo,267125.908760,102694.262150,3289503.990730,3659324.161640
2017-07-31,FALABELLA,grandes_empresas,0.000000,0.000000,1.978000,1.978000
2017-07-31,FALABELLA,hipotecario,175.890000,44.264000,4195.956000,4416.110000
2017-07-31,FALABELLA,medianas_empresas,0.000000,0.000000,0.540000,0.540000
2017-07-31,GNB,consumo,8768.852010,6651.787450,879420.805500,894841.444960
2017-07-31,GNB,corporativo,0.000000,0.000000,436857.885000,436857.885000
2017-07-31,GNB,grandes_empresas,9844.789000,7870.110000,527503.143000,545218.042000
2017-07-31,GNB,hipotecario,16329.688000,4903.506000,1176274.518000,1197507.712000
2017-07-31,GNB,medianas_empresas,50818.103000,8540.761000,646787.234000,706146.098000
2017-07-31,GNB,microempresas,0.000000,0.000000,3612.213000,3612.213000
2017-07-31,GNB,pequenas_empresas,1173.141000,739.536000,57552.873000,59465.550000
2017-07-31,ICBC,corporativo,0.000000,0.000000,165735.485000,165735.485000
2017-07-31,ICBC,grandes_empresas,0.000000,0.000000,6981.552000,6981.552000
2017-07-31,ICBC,medianas_empresas,0.000000,0.000000,52284.233000,52284.233000
2017-07-31,INTERBANK,consumo,335527.763340,206757.732760,8420308.413620,8962593.909720
2017-07-31,INTERBANK,corporativo,4708.883000,0.000000,4634278.132000,4638987.015000
2017-07-31,INTERBANK,grandes_empresas,71450.009000,10416.661000,3916689.078000,3998555.748000
2017-07-31,INTERBANK,hipotecario,176872.935000,14153.610000,5052371.234000,5243397.779000
2017-07-31,INTERBANK,medianas_empresas,125361.532000,26977.428000,3194939.575000,3347278.535000
2017-07-31,INTERBANK,microempresas,1354.172000,111.309000,21535.607000,23001.088000
2017-07-31,INTERBANK,pequenas_empresas,41031.974000,11117.266000,521637.343000,573786.583000
2017-07-31,MIBANCO,consumo,15762.287350,6276.991040,640163.304410,662202.582800
2017-07-31,MIBANCO,hipotecario,18270.099000,2729.084000,417528.912000,438528.095000
2017-07-31,MIBANCO,medianas_empresas,22943.754000,3475.760000,198185.000000,224604.514000
2017-07-31,MIBANCO,microempresas,82074.321000,14142.915000,2420475.646000,2516692.882000
2017-07-31,MIBANCO,pequenas_empresas,273910.232000,90461.941000,4681429.722000,5045801.895000
2017-07-31,PICHINCHA,consumo,34320.929920,15854.152240,1716061.213350,1766236.295510
2017-07-31,PICHINCHA,corporativo,1826.318000,34041.000000,419315.672000,455182.990000
2017-07-31,PICHINCHA,grandes_empresas,55099.687000,30960.215000,1147742.427000,1233802.329000
2017-07-31,PICHINCHA,hipotecario,22015.838000,5140.465000,964048.416000,991204.719000
2017-07-31,PICHINCHA,medianas_empresas,117145.452000,113649.992000,1029076.682000,1259872.126000
2017-07-31,PICHINCHA,microempresas,6858.738000,187.620000,110231.645000,117278.003000
2017-07-31,PICHINCHA,pequenas_empresas,37707.959000,4135.564000,435765.891000,477609.414000
2017-07-31,RIPLEY,consumo,49293.745930,9786.136820,1732816.993790,1791896.876540
2017-07-31,SANTANDER,consumo,0.000000,0.000000,881.569020,881.569020
2017-07-31,SANTANDER,corporativo,0.000000,6308.136000,1447288.144000,1453596.280000
2017-07-31,SANTANDER,grandes_empresas,1973.848000,33751.859000,1049723.373000,1085449.080000
2017-07-31,SANTANDER,medianas_empresas,17897.883000,0.000000,339526.678000,357424.561000
2017-07-31,SANTANDER,pequenas_empresas,100.363000,0.000000,1055.750000,1156.113000
2017-07-31,SCOTIABANK,consumo,268038.477140,72204.547040,6717135.924860,7057378.949040
2017-07-31,SCOTIABANK,corporativo,37.895000,13315.228000,13707213.225000,13720566.348000
2017-07-31,SCOTIABANK,grandes_empresas,96200.593000,44648.512000,6670769.923000,6811619.028000
2017-07-31,SCOTIABANK,hipotecario,201675.981000,67395.270000,5870241.089000,6139312.340000
2017-07-31,SCOTIABANK,medianas_empresas,458435.785000,69755.440000,5247254.433000,5775445.658000
2017-07-31,SCOTIABANK,microempresas,5817.830000,864.447000,78245.544000,84927.821000
2017-07-31,SCOTIABANK,pequenas_empresas,315173.645000,61735.477000,1965149.173000,2342058.295000
2017-08-31,ALFIN,consumo,35417.888550,2.061530,346032.085800,381452.035880
2017-08-31,BANCOM,consumo,17760.490250,4619.016140,1065092.829680,1087472.336070
2017-08-31,BANCOM,corporativo,0.116000,0.000000,121282.706000,121282.822000
2017-08-31,BANCOM,grandes_empresas,1269.753000,9076.638000,80192.802000,90539.193000
2017-08-31,BANCOM,hipotecario,1842.649000,0.000000,29964.416000,31807.065000
2017-08-31,BANCOM,medianas_empresas,24255.956000,4066.175000,17560.296000,45882.427000
2017-08-31,BANCOM,microempresas,128.434000,19.546000,24.602000,172.582000
2017-08-31,BANCOM,pequenas_empresas,1679.908000,32.506000,226.089000,1938.503000
2017-08-31,BBVA,consumo,136374.201570,38838.735900,4332572.963160,4507785.900630
2017-08-31,BBVA,corporativo,133.064000,0.000000,12476720.995000,12476854.059000
2017-08-31,BBVA,grandes_empresas,88288.858000,91098.357000,8151159.227000,8330546.442000
2017-08-31,BBVA,hipotecario,206092.922000,165310.705000,11110330.265000,11481733.892000
2017-08-31,BBVA,medianas_empresas,963850.360000,651430.711000,9121342.232000,10736623.303000
2017-08-31,BBVA,microempresas,1342.408000,1116.120000,84535.236000,86993.764000
2017-08-31,BBVA,pequenas_empresas,103850.119000,48427.226000,1029301.832000,1181579.177000
2017-08-31,BCP,consumo,356161.351720,264008.258060,9647614.483390,10267784.093170
2017-08-31,BCP,corporativo,12995.578000,0.000000,23239355.500000,23252351.078000
2017-08-31,BCP,grandes_empresas,94856.316000,51048.967000,12934174.540000,13080079.823000
2017-08-31,BCP,hipotecario,380626.819000,58975.079000,12139180.565000,12578782.463000
2017-08-31,BCP,medianas_empresas,891095.468000,248877.463000,12535054.000000,13675026.931000
2017-08-31,BCP,microempresas,10193.012000,2055.286000,273204.642000,285452.940000
2017-08-31,BCP,pequenas_empresas,520510.402000,169927.082000,3650039.496000,4340476.980000
2017-08-31,BIF,consumo,23303.819220,7506.263920,1070916.490100,1101726.573240
2017-08-31,BIF,corporativo,1.870000,0.000000,1329452.402000,1329454.272000
2017-08-31,BIF,grandes_empresas,34307.914000,47620.972000,1867123.852000,1949052.738000
2017-08-31,BIF,hipotecario,16297.625000,8109.821000,1569793.917000,1594201.363000
2017-08-31,BIF,medianas_empresas,172561.277000,114869.373000,2781057.153000,3068487.803000
2017-08-31,BIF,microempresas,701.887000,2.297000,4094.413000,4798.597000
2017-08-31,BIF,pequenas_empresas,12603.078000,3291.345000,57480.717000,73375.140000
2017-08-31,CENCOSUD,consumo,25929.807430,4793.171710,485300.133600,516023.112740
2017-08-31,CITIBANK,corporativo,0.000000,0.000000,822010.965000,822010.965000
2017-08-31,CITIBANK,grandes_empresas,0.000000,21605.498000,917384.132000,938989.630000
2017-08-31,CITIBANK,medianas_empresas,0.000000,0.000000,100172.926000,100172.926000
2017-08-31,CITIBANK,microempresas,0.000000,0.000000,127.446000,127.446000
2017-08-31,CITIBANK,pequenas_empresas,0.000000,0.000000,1186.865000,1186.865000
2017-08-31,FALABELLA,consumo,266888.615470,103686.009510,3173043.289430,3543617.914410
2017-08-31,FALABELLA,grandes_empresas,0.000000,0.000000,1.331000,1.331000
2017-08-31,FALABELLA,hipotecario,177.462000,44.264000,4134.622000,4356.348000
2017-08-31,FALABELLA,medianas_empresas,0.000000,0.000000,0.130000,0.130000
2017-08-31,GNB,consumo,10193.957410,6435.990220,882740.534420,899370.482050
2017-08-31,GNB,corporativo,0.000000,0.000000,463702.653000,463702.653000
2017-08-31,GNB,grandes_empresas,5950.089000,11479.718000,528987.283000,546417.090000
2017-08-31,GNB,hipotecario,19844.880000,4889.282000,1184189.732000,1208923.894000
2017-08-31,GNB,medianas_empresas,51486.485000,8002.613000,649722.535000,709211.633000
2017-08-31,GNB,microempresas,0.000000,0.000000,2964.834000,2964.834000
2017-08-31,GNB,pequenas_empresas,1299.437000,802.995000,58655.628000,60758.060000
2017-08-31,ICBC,corporativo,0.000000,0.000000,187915.343000,187915.343000
2017-08-31,ICBC,grandes_empresas,0.000000,0.000000,10568.945000,10568.945000
2017-08-31,ICBC,medianas_empresas,0.000000,0.000000,45158.797000,45158.797000
2017-08-31,INTERBANK,consumo,351146.420810,203934.811090,8473327.057350,9028408.289250
2017-08-31,INTERBANK,corporativo,4237.963000,0.000000,4715860.749000,4720098.712000
2017-08-31,INTERBANK,grandes_empresas,66270.886000,7989.838000,3869685.076000,3943945.800000
2017-08-31,INTERBANK,hipotecario,177952.862000,15432.861000,5110072.108000,5303457.831000
2017-08-31,INTERBANK,medianas_empresas,130129.285000,28788.751000,3069078.281000,3227996.317000
2017-08-31,INTERBANK,microempresas,1763.744000,410.990000,22272.560000,24447.294000
2017-08-31,INTERBANK,pequenas_empresas,42497.381000,11920.623000,538071.968000,592489.972000
2017-08-31,MIBANCO,consumo,16261.634080,6310.654570,630289.052720,652861.341370
2017-08-31,MIBANCO,hipotecario,17602.941000,2760.167000,422114.328000,442477.436000
2017-08-31,MIBANCO,medianas_empresas,23013.592000,2815.332000,197539.639000,223368.563000
2017-08-31,MIBANCO,microempresas,83171.306000,14224.706000,2445373.961000,2542769.973000
2017-08-31,MIBANCO,pequenas_empresas,281889.222000,92130.376000,4710458.397000,5084477.995000
2017-08-31,PICHINCHA,consumo,36032.529330,16697.895130,1747479.492760,1800209.917220
2017-08-31,PICHINCHA,corporativo,1826.318000,34041.000000,445779.499000,481646.817000
2017-08-31,PICHINCHA,grandes_empresas,52669.082000,46781.864000,1145917.193000,1245368.139000
2017-08-31,PICHINCHA,hipotecario,23739.650000,4194.876000,966781.685000,994716.211000
2017-08-31,PICHINCHA,medianas_empresas,116027.102000,110751.873000,1042608.080000,1269387.055000
2017-08-31,PICHINCHA,microempresas,6397.015000,226.132000,111657.826000,118280.973000
2017-08-31,PICHINCHA,pequenas_empresas,34453.379000,4469.434000,433154.689000,472077.502000
2017-08-31,RIPLEY,consumo,50673.069190,11458.965300,1738538.981580,1800671.016070
2017-08-31,SANTANDER,consumo,0.000000,0.000000,976.762660,976.762660
2017-08-31,SANTANDER,corporativo,0.000000,6028.866000,1465207.084000,1471235.950000
2017-08-31,SANTANDER,grandes_empresas,1735.701000,30597.361000,1169141.939000,1201475.001000
2017-08-31,SANTANDER,medianas_empresas,17949.503000,3163.447000,328827.202000,349940.152000
2017-08-31,SANTANDER,pequenas_empresas,100.419000,0.000000,725.919000,826.338000
2017-08-31,SCOTIABANK,consumo,277519.049030,73309.706170,6774312.299000,7125141.054200
2017-08-31,SCOTIABANK,corporativo,4.361000,13153.948000,13744666.377000,13757824.686000
2017-08-31,SCOTIABANK,grandes_empresas,72874.033000,52095.613000,6720849.468000,6845819.114000
2017-08-31,SCOTIABANK,hipotecario,200959.062000,66585.369000,5897393.019000,6164937.450000
2017-08-31,SCOTIABANK,medianas_empresas,455348.866000,72876.955000,5255323.428000,5783549.249000
2017-08-31,SCOTIABANK,microempresas,5094.703000,894.804000,95503.264000,101492.771000
2017-08-31,SCOTIABANK,pequenas_empresas,315361.820000,61794.205000,1976634.467000,2353790.492000
2017-09-30,ALFIN,consumo,35710.682980,1.914280,346024.614050,381737.211310
2017-09-30,BANCOM,consumo,16961.095920,4556.756770,1069420.661770,1090938.514460
2017-09-30,BANCOM,corporativo,0.116000,0.000000,116791.813000,116791.929000
2017-09-30,BANCOM,grandes_empresas,1468.255000,8673.546000,81489.477000,91631.278000
2017-09-30,BANCOM,hipotecario,1217.778000,0.000000,31759.389000,32977.167000
2017-09-30,BANCOM,medianas_empresas,23430.644000,4817.420000,18140.112000,46388.176000
2017-09-30,BANCOM,microempresas,111.221000,10.946000,29.801000,151.968000
2017-09-30,BANCOM,pequenas_empresas,1617.370000,31.860000,355.844000,2005.074000
2017-09-30,BBVA,consumo,110061.721390,42608.371310,4428460.159390,4581130.252090
2017-09-30,BBVA,corporativo,134.034000,0.000000,14024836.256000,14024970.290000
2017-09-30,BBVA,grandes_empresas,100228.151000,90464.763000,8553923.580000,8744616.494000
2017-09-30,BBVA,hipotecario,212125.787000,168454.568000,11302646.044000,11683226.399000
2017-09-30,BBVA,medianas_empresas,939842.021000,678006.637000,9379742.158000,10997590.816000
2017-09-30,BBVA,microempresas,1169.518000,1743.993000,231058.607000,233972.118000
2017-09-30,BBVA,pequenas_empresas,93995.581000,48388.107000,1040050.956000,1182434.644000
2017-09-30,BCP,consumo,380898.455800,265734.012040,9742941.162310,10389573.630150
2017-09-30,BCP,corporativo,19762.346000,0.000000,22855484.994000,22875247.340000
2017-09-30,BCP,grandes_empresas,82598.642000,71348.762000,12901147.586000,13055094.990000
2017-09-30,BCP,hipotecario,381370.787000,61596.728000,12271127.542000,12714095.057000
2017-09-30,BCP,medianas_empresas,911184.821000,241626.335000,12699607.465000,13852418.621000
2017-09-30,BCP,microempresas,10853.641000,1996.139000,265379.237000,278229.017000
2017-09-30,BCP,pequenas_empresas,537169.425000,173764.732000,3739274.814000,4450208.971000
2017-09-30,BIF,consumo,23634.300970,7459.693290,1095517.665940,1126611.660200
2017-09-30,BIF,corporativo,2.047000,0.000000,1299969.682000,1299971.729000
2017-09-30,BIF,grandes_empresas,40907.873000,40640.914000,1879211.440000,1960760.227000
2017-09-30,BIF,hipotecario,18170.929000,8099.384000,1576114.393000,1602384.706000
2017-09-30,BIF,medianas_empresas,178262.297000,118239.238000,2865729.212000,3162230.747000
2017-09-30,BIF,microempresas,828.725000,2.145000,4533.469000,5364.339000
2017-09-30,BIF,pequenas_empresas,13043.440000,3461.146000,60265.902000,76770.488000
2017-09-30,CENCOSUD,consumo,24159.971690,4653.180190,499643.050290,528456.202170
2017-09-30,CITIBANK,corporativo,0.000000,0.000000,969850.211000,969850.211000
2017-09-30,CITIBANK,grandes_empresas,0.000000,21765.486000,743340.000000,765105.486000
2017-09-30,CITIBANK,medianas_empresas,0.000000,0.000000,122984.914000,122984.914000
2017-09-30,CITIBANK,microempresas,0.000000,0.000000,54.658000,54.658000
2017-09-30,CITIBANK,pequenas_empresas,0.000000,0.000000,1205.191000,1205.191000
2017-09-30,FALABELLA,consumo,267043.908240,104673.575910,3090167.086240,3461884.570390
2017-09-30,FALABELLA,grandes_empresas,0.000000,0.000000,2.894000,2.894000
2017-09-30,FALABELLA,hipotecario,203.553000,42.666000,4019.170000,4265.389000
2017-09-30,FALABELLA,medianas_empresas,0.000000,0.000000,0.170000,0.170000
2017-09-30,GNB,consumo,10460.686490,6474.186910,889254.827760,906189.701160
2017-09-30,GNB,corporativo,0.000000,0.000000,446329.389000,446329.389000
2017-09-30,GNB,grandes_empresas,6312.886000,11487.832000,541282.255000,559082.973000
2017-09-30,GNB,hipotecario,20213.484000,5108.920000,1176141.020000,1201463.424000
2017-09-30,GNB,medianas_empresas,50918.994000,8114.812000,665586.373000,724620.179000
2017-09-30,GNB,microempresas,0.000000,0.000000,3133.684000,3133.684000
2017-09-30,GNB,pequenas_empresas,1209.261000,876.712000,52819.350000,54905.323000
2017-09-30,ICBC,corporativo,0.000000,0.000000,181555.822000,181555.822000
2017-09-30,ICBC,grandes_empresas,0.000000,0.000000,19712.021000,19712.021000
2017-09-30,ICBC,medianas_empresas,0.000000,0.000000,44445.896000,44445.896000
2017-09-30,INTERBANK,consumo,352022.366560,201477.178930,8487216.126840,9040715.672330
2017-09-30,INTERBANK,corporativo,1669.130000,0.000000,4790932.567000,4792601.697000
2017-09-30,INTERBANK,grandes_empresas,62203.578000,14462.991000,3943441.282000,4020107.851000
2017-09-30,INTERBANK,hipotecario,182531.823000,16662.532000,5179069.355000,5378263.710000
2017-09-30,INTERBANK,medianas_empresas,128701.437000,31301.350000,3151132.765000,3311135.552000
2017-09-30,INTERBANK,microempresas,1147.654000,415.439000,21370.975000,22934.068000
2017-09-30,INTERBANK,pequenas_empresas,42390.934000,12181.269000,559502.496000,614074.699000
2017-09-30,MIBANCO,consumo,15336.486620,6378.472970,618975.081500,640690.041090
2017-09-30,MIBANCO,hipotecario,17587.557000,2703.333000,429442.276000,449733.166000
2017-09-30,MIBANCO,medianas_empresas,23147.409000,3166.165000,193161.521000,219475.095000
2017-09-30,MIBANCO,microempresas,82982.373000,14167.944000,2566557.046000,2663707.363000
2017-09-30,MIBANCO,pequenas_empresas,287165.544000,95308.653000,4686978.209000,5069452.406000
2017-09-30,PICHINCHA,consumo,41025.006860,16671.886690,1774246.112640,1831943.006190
2017-09-30,PICHINCHA,corporativo,1839.842000,34041.000000,450694.500000,486575.342000
2017-09-30,PICHINCHA,grandes_empresas,53046.622000,47136.941000,1099787.316000,1199970.879000
2017-09-30,PICHINCHA,hipotecario,21698.332000,4120.732000,972131.923000,997950.987000
2017-09-30,PICHINCHA,medianas_empresas,114795.483000,111556.152000,1065622.914000,1291974.549000
2017-09-30,PICHINCHA,microempresas,5809.074000,200.475000,131024.338000,137033.887000
2017-09-30,PICHINCHA,pequenas_empresas,32266.035000,4700.866000,437759.479000,474726.380000
2017-09-30,RIPLEY,consumo,53593.253530,14346.713940,1715644.313580,1783584.281050
2017-09-30,SANTANDER,consumo,0.000000,0.000000,1099.764280,1099.764280
2017-09-30,SANTANDER,corporativo,0.000000,5789.983000,1376130.535000,1381920.518000
2017-09-30,SANTANDER,grandes_empresas,9529.718000,21862.506000,1166415.171000,1197807.395000
2017-09-30,SANTANDER,medianas_empresas,18460.707000,3140.211000,269859.832000,291460.750000
2017-09-30,SANTANDER,pequenas_empresas,101.106000,0.000000,1468.876000,1569.982000
2017-09-30,SCOTIABANK,consumo,249212.373940,77063.477460,6846513.023630,7172788.875030
2017-09-30,SCOTIABANK,corporativo,394.447000,13052.937000,12634084.439000,12647531.823000
2017-09-30,SCOTIABANK,grandes_empresas,71015.565000,52406.552000,6691855.832000,6815277.949000
2017-09-30,SCOTIABANK,hipotecario,212744.083000,65538.132000,5931340.890000,6209623.105000
2017-09-30,SCOTIABANK,medianas_empresas,446980.032000,94838.021000,5445662.268000,5987480.321000
2017-09-30,SCOTIABANK,microempresas,4163.339000,855.213000,80802.699000,85821.251000
2017-09-30,SCOTIABANK,pequenas_empresas,299674.773000,64053.477000,1973993.825000,2337722.075000
2017-10-31,ALFIN,consumo,36132.374050,1.799430,341601.683950,377735.857430
2017-10-31,BANCOM,consumo,18294.479430,4820.736320,1080251.194840,1103366.410590
2017-10-31,BANCOM,corporativo,0.116000,0.000000,141113.990000,141114.106000
2017-10-31,BANCOM,grandes_empresas,1446.741000,8458.201000,62952.037000,72856.979000
2017-10-31,BANCOM,hipotecario,1208.630000,0.000000,32657.984000,33866.614000
2017-10-31,BANCOM,medianas_empresas,24604.415000,4649.033000,15957.824000,45211.272000
2017-10-31,BANCOM,microempresas,92.013000,10.374000,24.389000,126.776000
2017-10-31,BANCOM,pequenas_empresas,1613.252000,31.187000,367.466000,2011.905000
2017-10-31,BBVA,consumo,131946.782560,42049.064220,4513121.486160,4687117.332940
2017-10-31,BBVA,corporativo,133.408000,0.000000,13573898.521000,13574031.929000
2017-10-31,BBVA,grandes_empresas,91637.606000,102704.810000,8560522.950000,8754865.366000
2017-10-31,BBVA,hipotecario,202323.908000,178852.455000,11414459.744000,11795636.107000
2017-10-31,BBVA,medianas_empresas,952777.834000,634704.998000,9448530.730000,11036013.562000
2017-10-31,BBVA,microempresas,2966.598000,1036.029000,124775.373000,128778.000000
2017-10-31,BBVA,pequenas_empresas,93222.479000,52391.822000,1067057.347000,1212671.648000
2017-10-31,BCP,consumo,400587.764460,261983.695220,9806004.864870,10468576.324550
2017-10-31,BCP,corporativo,18772.966000,0.000000,24255041.685000,24273814.651000
2017-10-31,BCP,grandes_empresas,63411.462000,72325.948000,13011186.544000,13146923.954000
2017-10-31,BCP,hipotecario,395818.818000,64679.530000,12320278.984000,12780777.332000
2017-10-31,BCP,medianas_empresas,940589.163000,240158.766000,12838794.126000,14019542.055000
2017-10-31,BCP,microempresas,10538.433000,2103.230000,258453.111000,271094.774000
2017-10-31,BCP,pequenas_empresas,555924.266000,170664.041000,3758256.872000,4484845.179000
2017-10-31,BIF,consumo,25720.833740,7509.317570,1117669.989440,1150900.140750
2017-10-31,BIF,corporativo,3.890000,0.000000,1311696.714000,1311700.604000
2017-10-31,BIF,grandes_empresas,45762.847000,40540.042000,1891774.439000,1978077.328000
2017-10-31,BIF,hipotecario,17900.696000,8218.635000,1580223.694000,1606343.025000
2017-10-31,BIF,medianas_empresas,184097.856000,114051.171000,2886604.106000,3184753.133000
2017-10-31,BIF,microempresas,995.624000,1.988000,5265.668000,6263.280000
2017-10-31,BIF,pequenas_empresas,12948.619000,3346.217000,58534.808000,74829.644000
2017-10-31,CENCOSUD,consumo,23039.391850,4428.588790,521791.158780,549259.139420
2017-10-31,CITIBANK,corporativo,0.000000,0.000000,951949.675000,951949.675000
2017-10-31,CITIBANK,grandes_empresas,0.000000,21652.159000,706366.612000,728018.771000
2017-10-31,CITIBANK,medianas_empresas,0.000000,0.000000,121993.410000,121993.410000
2017-10-31,CITIBANK,microempresas,0.000000,0.000000,59.865000,59.865000
2017-10-31,CITIBANK,pequenas_empresas,0.000000,0.000000,1988.023000,1988.023000
2017-10-31,FALABELLA,consumo,268645.830120,103191.045480,3043945.905260,3415782.780860
2017-10-31,FALABELLA,grandes_empresas,0.000000,0.000000,5.820000,5.820000
2017-10-31,FALABELLA,hipotecario,265.667000,41.055000,3874.295000,4181.017000
2017-10-31,FALABELLA,medianas_empresas,0.000000,0.000000,7.030000,7.030000
2017-10-31,GNB,consumo,11535.902870,6323.153350,893023.249650,910882.305870
2017-10-31,GNB,corporativo,0.000000,0.000000,445699.836000,445699.836000
2017-10-31,GNB,grandes_empresas,14301.168000,4891.049000,535416.012000,554608.229000
2017-10-31,GNB,hipotecario,19316.871000,4937.828000,1173176.232000,1197430.931000
2017-10-31,GNB,medianas_empresas,53897.567000,6113.737000,662619.552000,722630.856000
2017-10-31,GNB,microempresas,0.000000,0.000000,3855.029000,3855.029000
2017-10-31,GNB,pequenas_empresas,1464.378000,790.200000,56307.788000,58562.366000
2017-10-31,ICBC,corporativo,0.000000,0.000000,149333.088000,149333.088000
2017-10-31,ICBC,grandes_empresas,0.000000,0.000000,19203.404000,19203.404000
2017-10-31,ICBC,medianas_empresas,0.000000,0.000000,40837.357000,40837.357000
2017-10-31,INTERBANK,consumo,356562.343640,199182.514030,8536948.341240,9092693.198910
2017-10-31,INTERBANK,corporativo,1594.149000,0.000000,4908855.238000,4910449.387000
2017-10-31,INTERBANK,grandes_empresas,62911.349000,14119.848000,3845241.596000,3922272.793000
2017-10-31,INTERBANK,hipotecario,221745.358000,17014.614000,5455614.798000,5694374.770000
2017-10-31,INTERBANK,medianas_empresas,134537.112000,28480.496000,3138640.377000,3301657.985000
2017-10-31,INTERBANK,microempresas,1087.681000,373.477000,20800.769000,22261.927000
2017-10-31,INTERBANK,pequenas_empresas,42799.989000,13226.395000,580116.653000,636143.037000
2017-10-31,MIBANCO,consumo,16017.901270,6799.411150,607105.360610,629922.673030
2017-10-31,MIBANCO,hipotecario,16332.176000,2825.370000,435292.411000,454449.957000
2017-10-31,MIBANCO,medianas_empresas,23835.117000,2956.258000,199788.386000,226579.761000
2017-10-31,MIBANCO,microempresas,85681.892000,15726.909000,2535124.520000,2636533.321000
2017-10-31,MIBANCO,pequenas_empresas,292156.016000,100662.975000,4814856.608000,5207675.599000
2017-10-31,PICHINCHA,consumo,44336.310020,17503.191640,1799275.280750,1861114.782410
2017-10-31,PICHINCHA,corporativo,1830.262000,34041.000000,399902.310000,435773.572000
2017-10-31,PICHINCHA,grandes_empresas,50850.651000,44922.100000,1131888.551000,1227661.302000
2017-10-31,PICHINCHA,hipotecario,22610.201000,4052.013000,974327.946000,1000990.160000
2017-10-31,PICHINCHA,medianas_empresas,111865.119000,109076.457000,999732.006000,1220673.582000
2017-10-31,PICHINCHA,microempresas,5785.498000,168.148000,127426.030000,133379.676000
2017-10-31,PICHINCHA,pequenas_empresas,31920.323000,4957.917000,454080.122000,490958.362000
2017-10-31,RIPLEY,consumo,52520.945770,19047.282240,1709599.690480,1781167.918490
2017-10-31,SANTANDER,consumo,0.000000,0.000000,1084.605590,1084.605590
2017-10-31,SANTANDER,corporativo,0.000000,5475.589000,1301789.777000,1307265.366000
2017-10-31,SANTANDER,grandes_empresas,3972.188000,29513.562000,1143296.055000,1176781.805000
2017-10-31,SANTANDER,medianas_empresas,20500.350000,3043.252000,277072.997000,300616.599000
2017-10-31,SANTANDER,pequenas_empresas,213.656000,0.000000,466.980000,680.636000
2017-10-31,SCOTIABANK,consumo,255189.642750,85954.621070,6865994.152360,7207138.416180
2017-10-31,SCOTIABANK,corporativo,147.965000,8456.088000,12790038.813000,12798642.866000
2017-10-31,SCOTIABANK,grandes_empresas,74507.344000,55825.831000,6374790.330000,6505123.505000
2017-10-31,SCOTIABANK,hipotecario,227195.648000,67892.539000,5910449.717000,6205537.904000
2017-10-31,SCOTIABANK,medianas_empresas,448514.012000,99762.484000,5267289.192000,5815565.688000
2017-10-31,SCOTIABANK,microempresas,4022.190000,872.294000,87335.021000,92229.505000
2017-10-31,SCOTIABANK,pequenas_empresas,303402.295000,67560.276000,1943207.110000,2314169.681000
2017-11-30,ALFIN,consumo,36817.031220,1.629370,347148.996360,383967.656950
2017-11-30,BANCOM,consumo,20193.629560,4920.093740,1088882.089660,1113995.812960
2017-11-30,BANCOM,corporativo,0.116000,0.000000,149435.589000,149435.705000
2017-11-30,BANCOM,grandes_empresas,1426.358000,8238.829000,67363.870000,77029.057000
2017-11-30,BANCOM,hipotecario,856.593000,0.000000,33742.342000,34598.935000
2017-11-30,BANCOM,medianas_empresas,24896.060000,3985.820000,14125.669000,43007.549000
2017-11-30,BANCOM,microempresas,83.936000,12.644000,12.469000,109.049000
2017-11-30,BANCOM,pequenas_empresas,1512.178000,30.520000,615.773000,2158.471000
2017-11-30,BBVA,consumo,148526.022170,45124.989520,4617884.726490,4811535.738180
2017-11-30,BBVA,corporativo,133.801000,0.000000,13181858.640000,13181992.441000
2017-11-30,BBVA,grandes_empresas,96542.786000,108216.235000,8754755.456000,8959514.477000
2017-11-30,BBVA,hipotecario,200804.267000,186248.947000,11550838.826000,11937892.040000
2017-11-30,BBVA,medianas_empresas,927763.712000,635650.402000,9517301.030000,11080715.144000
2017-11-30,BBVA,microempresas,2195.150000,139.757000,90661.199000,92996.106000
2017-11-30,BBVA,pequenas_empresas,97289.309000,52980.141000,1118713.491000,1268982.941000
2017-11-30,BCP,consumo,403018.167980,260646.244250,9890014.561340,10553678.973570
2017-11-30,BCP,corporativo,18086.257000,0.000000,25447398.325000,25465484.582000
2017-11-30,BCP,grandes_empresas,75494.371000,58589.014000,12983467.659000,13117551.044000
2017-11-30,BCP,hipotecario,406634.736000,64211.605000,12383512.031000,12854358.372000
2017-11-30,BCP,medianas_empresas,925109.427000,254587.528000,12787041.165000,13966738.120000
2017-11-30,BCP,microempresas,10971.817000,2091.944000,314618.998000,327682.759000
2017-11-30,BCP,pequenas_empresas,553891.753000,170691.104000,3808337.630000,4532920.487000
2017-11-30,BIF,consumo,23440.507910,7205.096150,1158074.300970,1188719.905030
2017-11-30,BIF,corporativo,3.931000,0.000000,1263902.747000,1263906.678000
2017-11-30,BIF,grandes_empresas,41319.357000,43929.773000,1911179.273000,1996428.403000
2017-11-30,BIF,hipotecario,16841.214000,7818.588000,1596379.914000,1621039.716000
2017-11-30,BIF,medianas_empresas,195977.759000,102204.210000,2853535.743000,3151717.712000
2017-11-30,BIF,microempresas,1039.243000,1.828000,5356.823000,6397.894000
2017-11-30,BIF,pequenas_empresas,13060.471000,3267.240000,53375.661000,69703.372000
2017-11-30,CENCOSUD,consumo,21477.264830,4339.169490,544318.984480,570135.418800
2017-11-30,CITIBANK,corporativo,0.000000,0.000000,1000427.468000,1000427.468000
2017-11-30,CITIBANK,grandes_empresas,0.000000,21552.164000,792663.664000,814215.828000
2017-11-30,CITIBANK,medianas_empresas,0.000000,0.000000,120974.625000,120974.625000
2017-11-30,CITIBANK,microempresas,0.000000,0.000000,39.380000,39.380000
2017-11-30,CITIBANK,pequenas_empresas,0.000000,0.000000,1894.973000,1894.973000
2017-11-30,FALABELLA,consumo,273264.763490,101329.866880,3090886.255920,3465480.886290
2017-11-30,FALABELLA,grandes_empresas,0.000000,0.000000,5.920000,5.920000
2017-11-30,FALABELLA,hipotecario,273.124000,39.421000,3787.918000,4100.463000
2017-11-30,FALABELLA,medianas_empresas,0.000000,0.000000,6.860000,6.860000
2017-11-30,GNB,consumo,12236.646280,6349.198740,900132.346090,918718.191110
2017-11-30,GNB,corporativo,0.000000,0.000000,436446.229000,436446.229000
2017-11-30,GNB,grandes_empresas,15809.692000,4801.032000,509305.208000,529915.932000
2017-11-30,GNB,hipotecario,21650.725000,4918.338000,1174816.679000,1201385.742000
2017-11-30,GNB,medianas_empresas,47748.850000,11701.703000,667557.713000,727008.266000
2017-11-30,GNB,microempresas,0.000000,0.000000,3787.037000,3787.037000
2017-11-30,GNB,pequenas_empresas,1641.442000,643.675000,56484.283000,58769.400000
2017-11-30,ICBC,corporativo,0.000000,0.000000,138215.138000,138215.138000
2017-11-30,ICBC,grandes_empresas,0.000000,0.000000,9334.440000,9334.440000
2017-11-30,ICBC,medianas_empresas,0.000000,0.000000,40519.800000,40519.800000
2017-11-30,INTERBANK,consumo,353722.806530,194538.724700,8643852.411190,9192113.942420
2017-11-30,INTERBANK,corporativo,1879.771000,0.000000,4851706.202000,4853585.973000
2017-11-30,INTERBANK,grandes_empresas,74580.615000,14196.931000,3784214.985000,3872992.531000
2017-11-30,INTERBANK,hipotecario,228303.767000,18055.330000,5491669.785000,5738028.882000
2017-11-30,INTERBANK,medianas_empresas,135868.592000,26758.106000,3140920.459000,3303547.157000
2017-11-30,INTERBANK,microempresas,1108.048000,402.833000,19532.686000,21043.567000
2017-11-30,INTERBANK,pequenas_empresas,45468.982000,13407.419000,598330.416000,657206.817000
2017-11-30,MIBANCO,consumo,16059.061990,7348.163400,598358.641220,621765.866610
2017-11-30,MIBANCO,hipotecario,15850.700000,2856.711000,434322.328000,453029.739000
2017-11-30,MIBANCO,medianas_empresas,22418.481000,3295.609000,205746.662000,231460.752000
2017-11-30,MIBANCO,microempresas,85273.966000,16862.621000,2596905.243000,2699041.830000
2017-11-30,MIBANCO,pequenas_empresas,293480.707000,105304.873000,4901463.224000,5300248.804000
2017-11-30,PICHINCHA,consumo,47269.975390,18494.791730,1834400.588360,1900165.355480
2017-11-30,PICHINCHA,corporativo,1662.814000,34041.000000,459311.928000,495015.742000
2017-11-30,PICHINCHA,grandes_empresas,55044.600000,45156.879000,1113016.536000,1213218.015000
2017-11-30,PICHINCHA,hipotecario,23135.001000,4548.279000,980220.984000,1007904.264000
2017-11-30,PICHINCHA,medianas_empresas,110781.450000,104168.083000,1029827.400000,1244776.933000
2017-11-30,PICHINCHA,microempresas,5597.777000,134.053000,143485.288000,149217.118000
2017-11-30,PICHINCHA,pequenas_empresas,28600.595000,5142.362000,452352.373000,486095.330000
2017-11-30,RIPLEY,consumo,55596.045090,20933.141220,1723918.430360,1800447.616670
2017-11-30,SANTANDER,consumo,0.000000,0.000000,1049.759750,1049.759750
2017-11-30,SANTANDER,corporativo,0.000000,5165.165000,1344291.379000,1349456.544000
2017-11-30,SANTANDER,grandes_empresas,9317.626000,20737.696000,1179811.698000,1209867.020000
2017-11-30,SANTANDER,medianas_empresas,20106.254000,943.263000,289638.402000,310687.919000
2017-11-30,SANTANDER,pequenas_empresas,212.726000,0.000000,466.328000,679.054000
2017-11-30,SCOTIABANK,consumo,261926.572370,97884.867040,6929774.393640,7289585.833050
2017-11-30,SCOTIABANK,corporativo,2611.356000,0.000000,13398181.539000,13400792.895000
2017-11-30,SCOTIABANK,grandes_empresas,78617.124000,64942.541000,6552418.295000,6695977.960000
2017-11-30,SCOTIABANK,hipotecario,230160.265000,70783.825000,5931711.174000,6232655.264000
2017-11-30,SCOTIABANK,medianas_empresas,447086.015000,106627.154000,5421429.800000,5975142.969000
2017-11-30,SCOTIABANK,microempresas,3958.911000,908.093000,83907.355000,88774.359000
2017-11-30,SCOTIABANK,pequenas_empresas,303578.431000,72183.690000,1953087.774000,2328849.895000
2017-12-31,ALFIN,consumo,37248.559790,1.443540,356489.108250,393739.111580
2017-12-31,BANCOM,consumo,17440.167830,4905.884680,1093480.694040,1115826.746550
2017-12-31,BANCOM,corporativo,0.116000,0.000000,154067.914000,154068.030000
2017-12-31,BANCOM,grandes_empresas,1429.818000,866.728000,89301.833000,91598.379000
2017-12-31,BANCOM,hipotecario,853.877000,0.000000,33915.018000,34768.895000
2017-12-31,BANCOM,medianas_empresas,24155.860000,4148.937000,15427.577000,43732.374000
2017-12-31,BANCOM,microempresas,3.321000,9.202000,13.556000,26.079000
2017-12-31,BANCOM,pequenas_empresas,407.557000,30.520000,591.196000,1029.273000
2017-12-31,BBVA,consumo,101641.769850,46428.657980,4679737.834140,4827808.261970
2017-12-31,BBVA,corporativo,137.508000,0.000000,13279962.841000,13280100.349000
2017-12-31,BBVA,grandes_empresas,88871.391000,160465.987000,8677704.872000,8927042.250000
2017-12-31,BBVA,hipotecario,200040.814000,190972.990000,11637943.900000,12028957.704000
2017-12-31,BBVA,medianas_empresas,912631.355000,659325.995000,9950544.270000,11522501.620000
2017-12-31,BBVA,microempresas,1946.528000,143.282000,93820.406000,95910.216000
2017-12-31,BBVA,pequenas_empresas,84149.579000,53237.251000,1112448.964000,1249835.794000
2017-12-31,BCP,consumo,396679.153520,240913.620070,10018862.651180,10656455.424770
2017-12-31,BCP,corporativo,27518.904000,0.000000,25942399.993000,25969918.897000
2017-12-31,BCP,grandes_empresas,74635.780000,52013.613000,13666966.031000,13793615.424000
2017-12-31,BCP,hipotecario,411526.499000,60246.784000,12450146.117000,12921919.400000
2017-12-31,BCP,medianas_empresas,973458.999000,245792.245000,13078929.825000,14298181.069000
2017-12-31,BCP,microempresas,10164.253000,1838.849000,320446.298000,332449.400000
2017-12-31,BCP,pequenas_empresas,554061.207000,153892.382000,3850186.582000,4558140.171000
2017-12-31,BIF,consumo,25893.619250,6912.934430,1180719.567160,1213526.120840
2017-12-31,BIF,corporativo,4.217000,0.000000,1735646.846000,1735651.063000
2017-12-31,BIF,grandes_empresas,43855.255000,33434.796000,2202981.758000,2280271.809000
2017-12-31,BIF,hipotecario,19768.112000,7726.052000,1592250.777000,1619744.941000
2017-12-31,BIF,medianas_empresas,187651.897000,119363.112000,2077031.730000,2384046.739000
2017-12-31,BIF,microempresas,1137.940000,5.649000,7417.967000,8561.556000
2017-12-31,BIF,pequenas_empresas,13908.339000,3488.547000,50143.697000,67540.583000
2017-12-31,CENCOSUD,consumo,24948.116260,4067.712150,586644.107230,615659.935640
2017-12-31,CITIBANK,corporativo,0.000000,0.000000,1043880.285000,1043880.285000
2017-12-31,CITIBANK,grandes_empresas,0.000000,21605.495000,811926.997000,833532.492000
2017-12-31,CITIBANK,medianas_empresas,0.000000,0.000000,122349.661000,122349.661000
2017-12-31,CITIBANK,microempresas,0.000000,0.000000,103.907000,103.907000
2017-12-31,CITIBANK,pequenas_empresas,0.000000,0.000000,617.168000,617.168000
2017-12-31,FALABELLA,consumo,274917.640840,102811.892540,3141117.568520,3518847.101900
2017-12-31,FALABELLA,grandes_empresas,0.000000,0.000000,7.980000,7.980000
2017-12-31,FALABELLA,hipotecario,268.453000,37.803000,3731.707000,4037.963000
2017-12-31,FALABELLA,medianas_empresas,0.000000,0.000000,0.923000,0.923000
2017-12-31,GNB,consumo,12461.731780,6234.161460,894693.936770,913389.830010
2017-12-31,GNB,corporativo,0.000000,0.000000,459610.152000,459610.152000
2017-12-31,GNB,grandes_empresas,16884.113000,4735.008000,504741.383000,526360.504000
2017-12-31,GNB,hipotecario,20614.475000,4910.796000,1170271.782000,1195797.053000
2017-12-31,GNB,medianas_empresas,45547.621000,12589.493000,684104.213000,742241.327000
2017-12-31,GNB,microempresas,0.000000,0.000000,3539.260000,3539.260000
2017-12-31,GNB,pequenas_empresas,1743.960000,596.408000,56563.918000,58904.286000
2017-12-31,ICBC,corporativo,0.000000,0.000000,135358.479000,135358.479000
2017-12-31,ICBC,grandes_empresas,0.000000,0.000000,12188.701000,12188.701000
2017-12-31,ICBC,medianas_empresas,0.000000,0.000000,40211.302000,40211.302000
2017-12-31,INTERBANK,consumo,349603.215450,189983.945060,8647422.994750,9187010.155260
2017-12-31,INTERBANK,corporativo,1231.282000,0.000000,4968882.102000,4970113.384000
2017-12-31,INTERBANK,grandes_empresas,64893.103000,30098.264000,3885002.831000,3979994.198000
2017-12-31,INTERBANK,hipotecario,216197.800000,17863.222000,5536649.720000,5770710.742000
2017-12-31,INTERBANK,medianas_empresas,114654.233000,21902.415000,3145842.909000,3282399.557000
2017-12-31,INTERBANK,microempresas,976.259000,390.855000,18640.706000,20007.820000
2017-12-31,INTERBANK,pequenas_empresas,47099.021000,13209.152000,605785.195000,666093.368000
2017-12-31,MIBANCO,consumo,16176.945800,7391.681250,590462.084830,614030.711880
2017-12-31,MIBANCO,hipotecario,15583.958000,2922.774000,439132.418000,457639.150000
2017-12-31,MIBANCO,medianas_empresas,24010.579000,3672.783000,203976.830000,231660.192000
2017-12-31,MIBANCO,microempresas,86848.046000,17063.706000,2633090.777000,2737002.529000
2017-12-31,MIBANCO,pequenas_empresas,301389.431000,106487.069000,4928051.848000,5335928.348000
2017-12-31,PICHINCHA,consumo,45876.261300,19105.867700,1868706.707190,1933688.836190
2017-12-31,PICHINCHA,corporativo,1666.929000,34041.000000,374213.513000,409921.442000
2017-12-31,PICHINCHA,grandes_empresas,27080.532000,44448.468000,1171231.138000,1242760.138000
2017-12-31,PICHINCHA,hipotecario,23695.663000,4455.344000,977209.896000,1005360.903000
2017-12-31,PICHINCHA,medianas_empresas,107354.658000,105076.645000,1027266.404000,1239697.707000
2017-12-31,PICHINCHA,microempresas,5784.666000,140.212000,145638.077000,151562.955000
2017-12-31,PICHINCHA,pequenas_empresas,28892.715000,5586.538000,441759.083000,476238.336000
2017-12-31,RIPLEY,consumo,56281.133880,24251.982180,1773465.433460,1853998.549520
2017-12-31,SANTANDER,consumo,0.000000,0.000000,1028.744480,1028.744480
2017-12-31,SANTANDER,corporativo,48.123000,4889.880000,1418486.905000,1423424.908000
2017-12-31,SANTANDER,grandes_empresas,1912.124000,26759.522000,1227569.228000,1256240.874000
2017-12-31,SANTANDER,medianas_empresas,21738.622000,866.227000,282275.984000,304880.833000
2017-12-31,SANTANDER,pequenas_empresas,213.141000,0.000000,577.581000,790.722000
2017-12-31,SCOTIABANK,consumo,245885.149980,104935.641090,6945825.432100,7296646.223170
2017-12-31,SCOTIABANK,corporativo,0.337000,0.000000,12667851.954000,12667852.291000
2017-12-31,SCOTIABANK,grandes_empresas,81264.170000,66960.046000,6447114.338000,6595338.554000
2017-12-31,SCOTIABANK,hipotecario,232735.596000,77027.579000,5935822.433000,6245585.608000
2017-12-31,SCOTIABANK,medianas_empresas,438043.238000,109024.570000,5385542.176000,5932609.984000
2017-12-31,SCOTIABANK,microempresas,4397.764000,947.178000,95473.239000,100818.181000
2017-12-31,SCOTIABANK,pequenas_empresas,295472.593000,75251.821000,1956191.262000,2326915.676000
2018-01-31,ALFIN,consumo,37704.845290,1.138340,352937.055180,390643.038810
2018-01-31,BANCOM,consumo,19018.675470,4784.424320,1092079.521050,1115882.620840
2018-01-31,BANCOM,corporativo,0.116000,0.000000,116600.898000,116601.014000
2018-01-31,BANCOM,grandes_empresas,1391.068000,724.955000,97594.245000,99710.268000
2018-01-31,BANCOM,hipotecario,857.682000,0.000000,34036.800000,34894.482000
2018-01-31,BANCOM,medianas_empresas,26683.175000,2997.331000,13797.915000,43478.421000
2018-01-31,BANCOM,microempresas,3.297000,8.601000,13.273000,25.171000
2018-01-31,BANCOM,pequenas_empresas,462.525000,126.041000,517.751000,1106.317000
2018-01-31,BBVA,consumo,130734.089540,47576.086790,4737520.039400,4915830.215730
2018-01-31,BBVA,corporativo,136.918000,0.000000,13235867.345000,13236004.263000
2018-01-31,BBVA,grandes_empresas,61861.789000,183799.222000,8363667.964000,8609328.975000
2018-01-31,BBVA,hipotecario,213569.225000,188683.326000,11628431.252000,12030683.803000
2018-01-31,BBVA,medianas_empresas,966214.875000,638907.879000,9187415.785000,10792538.539000
2018-01-31,BBVA,microempresas,1142.881000,115.194000,87893.117000,89151.192000
2018-01-31,BBVA,pequenas_empresas,89857.310000,49516.029000,1104163.121000,1243536.460000
2018-01-31,BCP,consumo,394854.591930,235575.108560,10083275.281850,10713704.982340
2018-01-31,BCP,corporativo,18620.323000,0.000000,25955145.797000,25973766.120000
2018-01-31,BCP,grandes_empresas,65156.120000,65295.999000,13600222.804000,13730674.923000
2018-01-31,BCP,hipotecario,416736.828000,61186.374000,12471421.638000,12949344.840000
2018-01-31,BCP,medianas_empresas,973467.747000,231686.825000,12889539.852000,14094694.424000
2018-01-31,BCP,microempresas,9648.121000,1825.867000,260039.792000,271513.780000
2018-01-31,BCP,pequenas_empresas,553907.125000,154183.157000,3700038.421000,4408128.703000
2018-01-31,BIF,consumo,28083.651160,6692.458340,1196385.780710,1231161.890210
2018-01-31,BIF,corporativo,5105.562000,0.000000,1798558.052000,1803663.614000
2018-01-31,BIF,grandes_empresas,41285.239000,40447.497000,2148686.725000,2230419.461000
2018-01-31,BIF,hipotecario,20515.913000,7443.707000,1600378.855000,1628338.475000
2018-01-31,BIF,medianas_empresas,186476.322000,126081.231000,2013426.380000,2325983.933000
2018-01-31,BIF,microempresas,1163.253000,4.180000,7852.697000,9020.130000
2018-01-31,BIF,pequenas_empresas,14737.929000,2675.391000,48005.835000,65419.155000
2018-01-31,CENCOSUD,consumo,27385.508510,4069.071310,599945.910270,631400.490090
2018-01-31,CITIBANK,corporativo,0.000000,0.000000,951873.042000,951873.042000
2018-01-31,CITIBANK,grandes_empresas,0.000000,21438.837000,806901.628000,828340.465000
2018-01-31,CITIBANK,medianas_empresas,0.000000,0.000000,122374.548000,122374.548000
2018-01-31,CITIBANK,microempresas,0.000000,0.000000,93.016000,93.016000
2018-01-31,CITIBANK,pequenas_empresas,0.000000,0.000000,440.002000,440.002000
2018-01-31,FALABELLA,consumo,273687.353010,102152.320480,3010332.129910,3386171.803400
2018-01-31,FALABELLA,grandes_empresas,0.000000,0.000000,7.144000,7.144000
2018-01-31,FALABELLA,hipotecario,297.195000,36.124000,3608.206000,3941.525000
2018-01-31,GNB,consumo,12067.556960,6378.210340,895058.123940,913503.891240
2018-01-31,GNB,corporativo,755.328000,0.000000,451724.660000,452479.988000
2018-01-31,GNB,grandes_empresas,14584.617000,4998.716000,495777.206000,515360.539000
2018-01-31,GNB,hipotecario,21727.132000,5160.988000,1167149.527000,1194037.647000
2018-01-31,GNB,medianas_empresas,63196.298000,67477.223000,625591.559000,756265.080000
2018-01-31,GNB,microempresas,0.000000,0.000000,4140.804000,4140.804000
2018-01-31,GNB,pequenas_empresas,1663.458000,511.443000,55787.863000,57962.764000
2018-01-31,ICBC,corporativo,0.000000,0.000000,155692.735000,155692.735000
2018-01-31,ICBC,grandes_empresas,0.000000,0.000000,11687.374000,11687.374000
2018-01-31,ICBC,medianas_empresas,0.000000,0.000000,30446.443000,30446.443000
2018-01-31,INTERBANK,consumo,339629.683780,187325.338760,8656435.997340,9183391.019880
2018-01-31,INTERBANK,corporativo,7043.313000,0.000000,5060378.185000,5067421.498000
2018-01-31,INTERBANK,grandes_empresas,67927.999000,29787.118000,3824787.716000,3922502.833000
2018-01-31,INTERBANK,hipotecario,228847.646000,18031.168000,5517356.540000,5764235.354000
2018-01-31,INTERBANK,medianas_empresas,123236.684000,18558.217000,3338332.011000,3480126.912000
2018-01-31,INTERBANK,microempresas,973.656000,412.976000,16997.285000,18383.917000
2018-01-31,INTERBANK,pequenas_empresas,47294.466000,12929.123000,612836.958000,673060.547000
2018-01-31,MIBANCO,consumo,15876.494860,7528.749960,589196.086340,612601.331160
2018-01-31,MIBANCO,hipotecario,16026.852000,2904.824000,445797.054000,464728.730000
2018-01-31,MIBANCO,medianas_empresas,23498.246000,3584.864000,200079.175000,227162.285000
2018-01-31,MIBANCO,microempresas,86957.500000,17463.851000,2662857.242000,2767278.593000
2018-01-31,MIBANCO,pequenas_empresas,305007.120000,107970.030000,4949670.871000,5362648.021000
2018-01-31,PICHINCHA,consumo,47834.923090,19686.837260,1896039.343870,1963561.104220
2018-01-31,PICHINCHA,corporativo,1654.087000,34041.000000,386724.740000,422419.827000
2018-01-31,PICHINCHA,grandes_empresas,25527.172000,46893.628000,1118854.574000,1191275.374000
2018-01-31,PICHINCHA,hipotecario,24134.000000,4408.052000,976416.974000,1004959.026000
2018-01-31,PICHINCHA,medianas_empresas,110771.326000,103860.090000,1048911.947000,1263543.363000
2018-01-31,PICHINCHA,microempresas,5796.011000,105.407000,138337.576000,144238.994000
2018-01-31,PICHINCHA,pequenas_empresas,29309.946000,5084.952000,435241.337000,469636.235000
2018-01-31,RIPLEY,consumo,56975.889550,23502.819330,1721066.962140,1801545.671020
2018-01-31,SANTANDER,consumo,0.000000,0.000000,1805.787790,1805.787790
2018-01-31,SANTANDER,corporativo,34.204000,4564.092000,1408143.561000,1412741.857000
2018-01-31,SANTANDER,grandes_empresas,8948.164000,18369.794000,1197334.558000,1224652.516000
2018-01-31,SANTANDER,medianas_empresas,21905.679000,859.546000,275265.972000,298031.197000
2018-01-31,SANTANDER,pequenas_empresas,211.497000,0.000000,1363.307000,1574.804000
2018-01-31,SCOTIABANK,consumo,267491.501220,109486.670250,6998096.482630,7375074.654100
2018-01-31,SCOTIABANK,corporativo,7546.658000,0.000000,13051546.629000,13059093.287000
2018-01-31,SCOTIABANK,grandes_empresas,88805.563000,68038.793000,6621421.186000,6778265.542000
2018-01-31,SCOTIABANK,hipotecario,239043.573000,76497.677000,5950918.520000,6266459.770000
2018-01-31,SCOTIABANK,medianas_empresas,447378.794000,114956.379000,5238401.654000,5800736.827000
2018-01-31,SCOTIABANK,microempresas,3940.662000,974.565000,102360.741000,107275.968000
2018-01-31,SCOTIABANK,pequenas_empresas,299166.759000,78261.043000,1934031.870000,2311459.672000
2018-02-28,ALFIN,consumo,36764.749090,0.954360,351624.918300,388390.621750
2018-02-28,BANCOM,consumo,20837.455310,4720.018620,1091076.937010,1116634.410940
2018-02-28,BANCOM,corporativo,7.291000,0.000000,98062.987000,98070.278000
2018-02-28,BANCOM,grandes_empresas,1409.720000,582.298000,93898.612000,95890.630000
2018-02-28,BANCOM,hipotecario,851.948000,0.000000,34009.178000,34861.126000
2018-02-28,BANCOM,medianas_empresas,26184.555000,2927.645000,15820.940000,44933.140000
2018-02-28,BANCOM,microempresas,3.334000,7.986000,12.686000,24.006000
2018-02-28,BANCOM,pequenas_empresas,449.468000,114.361000,874.457000,1438.286000
2018-02-28,BBVA,consumo,142769.533760,49891.685740,4914785.275000,5107446.494500
2018-02-28,BBVA,corporativo,137.053000,0.000000,13035755.239000,13035892.292000
2018-02-28,BBVA,grandes_empresas,120645.592000,200489.566000,8235757.416000,8556892.574000
2018-02-28,BBVA,hipotecario,212815.273000,192085.083000,11712023.710000,12116924.066000
2018-02-28,BBVA,medianas_empresas,946079.601000,620302.557000,9231983.194000,10798365.352000
2018-02-28,BBVA,microempresas,1282.897000,156.897000,81882.242000,83322.036000
2018-02-28,BBVA,pequenas_empresas,94007.305000,49196.870000,1110696.877000,1253901.052000
2018-02-28,BCP,consumo,387120.622690,235632.674980,10179960.317150,10802713.614820
2018-02-28,BCP,corporativo,199525.896000,0.000000,25668328.091000,25867853.987000
2018-02-28,BCP,grandes_empresas,73458.717000,69800.982000,13762077.858000,13905337.557000
2018-02-28,BCP,hipotecario,439020.827000,60540.746000,12687583.476000,13187145.049000
2018-02-28,BCP,medianas_empresas,982669.687000,230905.182000,13226436.821000,14440011.690000
2018-02-28,BCP,microempresas,9589.590000,1792.897000,250539.359000,261921.846000
2018-02-28,BCP,pequenas_empresas,552835.902000,153483.513000,3629166.665000,4335486.080000
2018-02-28,BIF,consumo,31061.153740,6490.839440,1224945.541320,1262497.534500
2018-02-28,BIF,corporativo,5126.191000,0.000000,1953338.045000,1958464.236000
2018-02-28,BIF,grandes_empresas,47691.162000,35598.976000,2221235.147000,2304525.285000
2018-02-28,BIF,hipotecario,20588.590000,7024.634000,1600983.067000,1628596.291000
2018-02-28,BIF,medianas_empresas,185887.698000,121839.048000,1935846.760000,2243573.506000
2018-02-28,BIF,microempresas,1116.180000,2.692000,7909.934000,9028.806000
2018-02-28,BIF,pequenas_empresas,13922.408000,2834.027000,45193.911000,61950.346000
2018-02-28,CENCOSUD,consumo,28416.174510,4032.932440,615244.286620,647693.393570
2018-02-28,CITIBANK,corporativo,0.000000,0.000000,725529.942000,725529.942000
2018-02-28,CITIBANK,grandes_empresas,0.000000,21732.154000,778082.825000,799814.979000
2018-02-28,CITIBANK,medianas_empresas,0.000000,0.000000,121222.242000,121222.242000
2018-02-28,CITIBANK,microempresas,0.000000,0.000000,69.330000,69.330000
2018-02-28,CITIBANK,pequenas_empresas,0.000000,0.000000,650.748000,650.748000
2018-02-28,FALABELLA,consumo,264825.952850,103031.842930,2927070.269230,3294928.065010
2018-02-28,FALABELLA,grandes_empresas,0.000000,0.000000,3.384000,3.384000
2018-02-28,FALABELLA,hipotecario,296.313000,34.459000,3608.036000,3938.808000
2018-02-28,GNB,consumo,11214.028600,6111.826200,906901.750750,924227.605550
2018-02-28,GNB,corporativo,1398.240000,0.000000,451323.425000,452721.665000
2018-02-28,GNB,grandes_empresas,18498.999000,31458.153000,461548.911000,511506.063000
2018-02-28,GNB,hipotecario,23404.595000,5165.144000,1165258.777000,1193828.516000
2018-02-28,GNB,medianas_empresas,54793.241000,75000.426000,612582.882000,742376.549000
2018-02-28,GNB,microempresas,0.000000,0.000000,4637.949000,4637.949000
2018-02-28,GNB,pequenas_empresas,1987.725000,508.609000,53341.086000,55837.420000
2018-02-28,ICBC,corporativo,0.000000,0.000000,166691.307000,166691.307000
2018-02-28,ICBC,grandes_empresas,0.000000,0.000000,11431.906000,11431.906000
2018-02-28,ICBC,medianas_empresas,0.000000,0.000000,30732.961000,30732.961000
2018-02-28,INTERBANK,consumo,329170.944930,183607.997630,8790616.516190,9303395.458750
2018-02-28,INTERBANK,corporativo,1047.276000,0.000000,5220006.669000,5221053.945000
2018-02-28,INTERBANK,grandes_empresas,84622.269000,30858.395000,3916147.232000,4031627.896000
2018-02-28,INTERBANK,hipotecario,225870.945000,18249.174000,5572544.299000,5816664.418000
2018-02-28,INTERBANK,medianas_empresas,139815.832000,24149.116000,2923512.141000,3087477.089000
2018-02-28,INTERBANK,microempresas,972.733000,148.695000,16155.687000,17277.115000
2018-02-28,INTERBANK,pequenas_empresas,46780.732000,13287.153000,613655.783000,673723.668000
2018-02-28,MIBANCO,consumo,15916.973940,7422.241830,590534.726300,613873.942070
2018-02-28,MIBANCO,hipotecario,16103.484000,2879.074000,457600.636000,476583.194000
2018-02-28,MIBANCO,medianas_empresas,23415.174000,3243.179000,199822.950000,226481.303000
2018-02-28,MIBANCO,microempresas,89700.428000,17728.553000,2689240.604000,2796669.585000
2018-02-28,MIBANCO,pequenas_empresas,314289.080000,107400.546000,4976766.182000,5398455.808000
2018-02-28,PICHINCHA,consumo,52874.856580,20080.371060,1906653.280610,1979608.508250
2018-02-28,PICHINCHA,corporativo,1676.717000,34041.000000,396521.990000,432239.707000
2018-02-28,PICHINCHA,grandes_empresas,31386.228000,44207.941000,1129427.631000,1205021.800000
2018-02-28,PICHINCHA,hipotecario,23437.597000,4414.548000,976552.048000,1004404.193000
2018-02-28,PICHINCHA,medianas_empresas,110363.743000,99619.577000,1061787.958000,1271771.278000
2018-02-28,PICHINCHA,microempresas,6251.016000,210.120000,152403.271000,158864.407000
2018-02-28,PICHINCHA,pequenas_empresas,29190.165000,5310.268000,432594.191000,467094.624000
2018-02-28,RIPLEY,consumo,56117.018560,22484.287340,1693772.629750,1772373.935650
2018-02-28,SANTANDER,consumo,0.000000,0.000000,2031.389810,2031.389810
2018-02-28,SANTANDER,corporativo,150.252000,4332.254000,1438682.547000,1443165.053000
2018-02-28,SANTANDER,grandes_empresas,12226.704000,18089.656000,1179745.905000,1210062.265000
2018-02-28,SANTANDER,medianas_empresas,22214.904000,830.979000,288857.176000,311903.059000
2018-02-28,SANTANDER,pequenas_empresas,214.391000,0.000000,1122.602000,1336.993000
2018-02-28,SCOTIABANK,consumo,275397.520020,115098.462070,7070627.350360,7461123.332450
2018-02-28,SCOTIABANK,corporativo,8529.592000,0.000000,13768010.669000,13776540.261000
2018-02-28,SCOTIABANK,grandes_empresas,93985.972000,69189.722000,6778823.885000,6941999.579000
2018-02-28,SCOTIABANK,hipotecario,248761.934000,80563.220000,6003956.511000,6333281.665000
2018-02-28,SCOTIABANK,medianas_empresas,459655.338000,109394.963000,5424283.969000,5993334.270000
2018-02-28,SCOTIABANK,microempresas,4438.536000,987.183000,103424.342000,108850.061000
2018-02-28,SCOTIABANK,pequenas_empresas,306023.079000,77852.147000,1895726.423000,2279601.649000
2018-03-31,ALFIN,consumo,37375.347890,0.519620,347924.038170,385299.905680
2018-03-31,BANCOM,consumo,19175.581230,4654.823030,1092882.491700,1116712.895960
2018-03-31,BANCOM,corporativo,0.176000,0.000000,81732.589000,81732.765000
2018-03-31,BANCOM,grandes_empresas,1264.167000,579.997000,96450.664000,98294.828000
2018-03-31,BANCOM,hipotecario,1407.770000,0.000000,33147.838000,34555.608000
2018-03-31,BANCOM,medianas_empresas,25061.055000,2826.071000,16414.395000,44301.521000
2018-03-31,BANCOM,microempresas,3.302000,7.342000,21.189000,31.833000
2018-03-31,BANCOM,pequenas_empresas,398.506000,112.901000,840.134000,1351.541000
2018-03-31,BBVA,consumo,104055.556130,51173.794140,4978265.537430,5133494.887700
2018-03-31,BBVA,corporativo,135.778000,0.000000,13518317.706000,13518453.484000
2018-03-31,BBVA,grandes_empresas,126618.825000,209320.993000,8379850.238000,8715790.056000
2018-03-31,BBVA,hipotecario,214392.241000,190461.720000,11778739.156000,12183593.117000
2018-03-31,BBVA,medianas_empresas,938432.666000,629194.033000,9529352.802000,11096979.501000
2018-03-31,BBVA,microempresas,1194.929000,205.255000,127342.799000,128742.983000
2018-03-31,BBVA,pequenas_empresas,86476.618000,48384.167000,1146589.399000,1281450.184000
2018-03-31,BCP,consumo,375427.120450,224063.591530,10167823.441760,10767314.153740
2018-03-31,BCP,corporativo,24082.088000,246.352000,26180553.608000,26204882.048000
2018-03-31,BCP,grandes_empresas,79066.681000,67600.434000,13365722.210000,13512389.325000
2018-03-31,BCP,hipotecario,416797.053000,58651.686000,12809748.227000,13285196.966000
2018-03-31,BCP,medianas_empresas,975524.325000,257638.789000,13423805.244000,14656968.358000
2018-03-31,BCP,microempresas,9955.861000,1630.283000,257676.708000,269262.852000
2018-03-31,BCP,pequenas_empresas,487373.762000,144552.203000,3548864.456000,4180790.421000
2018-03-31,BIF,consumo,32022.689460,6383.009330,1255803.288770,1294208.987560
2018-03-31,BIF,corporativo,5355.892000,0.000000,1933714.017000,1939069.909000
2018-03-31,BIF,grandes_empresas,45030.516000,34473.884000,2238091.686000,2317596.086000
2018-03-31,BIF,hipotecario,22916.961000,6632.139000,1602399.773000,1631948.873000
2018-03-31,BIF,medianas_empresas,179319.231000,124388.401000,1914974.235000,2218681.867000
2018-03-31,BIF,microempresas,1143.852000,1.149000,22889.467000,24034.468000
2018-03-31,BIF,pequenas_empresas,13829.085000,2729.126000,42160.582000,58718.793000
2018-03-31,CENCOSUD,consumo,31860.546730,3879.069330,619953.264720,655692.880780
2018-03-31,CITIBANK,corporativo,0.000000,0.000000,762266.629000,762266.629000
2018-03-31,CITIBANK,grandes_empresas,0.000000,21512.166000,823483.552000,844995.718000
2018-03-31,CITIBANK,medianas_empresas,0.000000,0.000000,105430.168000,105430.168000
2018-03-31,CITIBANK,microempresas,0.000000,0.000000,54.402000,54.402000
2018-03-31,CITIBANK,pequenas_empresas,0.000000,0.000000,599.652000,599.652000
2018-03-31,FALABELLA,consumo,248666.012720,103765.814350,2890926.566100,3243358.393170
2018-03-31,FALABELLA,grandes_empresas,0.000000,0.000000,5.553000,5.553000
2018-03-31,FALABELLA,hipotecario,201.645000,32.789000,3477.845000,3712.279000
2018-03-31,FALABELLA,medianas_empresas,0.000000,0.000000,0.074000,0.074000
2018-03-31,GNB,consumo,11445.710720,5882.973820,920201.523610,937530.208150
2018-03-31,GNB,corporativo,0.000000,1444.057000,381119.696000,382563.753000
2018-03-31,GNB,grandes_empresas,13631.103000,32319.790000,500922.927000,546873.820000
2018-03-31,GNB,hipotecario,25384.507000,5283.093000,1144557.944000,1175225.544000
2018-03-31,GNB,medianas_empresas,56172.742000,104051.312000,480740.463000,640964.517000
2018-03-31,GNB,microempresas,0.000000,0.000000,5710.006000,5710.006000
2018-03-31,GNB,pequenas_empresas,2501.774000,271.351000,51596.222000,54369.347000
2018-03-31,ICBC,corporativo,0.000000,0.000000,163238.546000,163238.546000
2018-03-31,ICBC,grandes_empresas,0.000000,0.000000,10849.939000,10849.939000
2018-03-31,ICBC,medianas_empresas,0.000000,0.000000,30011.993000,30011.993000
2018-03-31,INTERBANK,consumo,318340.095890,179530.795140,8979433.948020,9477304.839050
2018-03-31,INTERBANK,corporativo,1727.639000,0.000000,4626220.787000,4627948.426000
2018-03-31,INTERBANK,grandes_empresas,68060.006000,30453.107000,4709931.264000,4808444.377000
2018-03-31,INTERBANK,hipotecario,225940.832000,18924.092000,5606546.774000,5851411.698000
2018-03-31,INTERBANK,medianas_empresas,118809.293000,25690.315000,2912295.706000,3056795.314000
2018-03-31,INTERBANK,microempresas,915.492000,152.236000,16946.926000,18014.654000
2018-03-31,INTERBANK,pequenas_empresas,47792.115000,12025.640000,620058.044000,679875.799000
2018-03-31,MIBANCO,consumo,16061.434340,7317.330730,586549.444270,609928.209340
2018-03-31,MIBANCO,hipotecario,16112.391000,2847.777000,462400.184000,481360.352000
2018-03-31,MIBANCO,medianas_empresas,22260.664000,3657.427000,201702.153000,227620.244000
2018-03-31,MIBANCO,microempresas,97100.271000,16888.081000,2688806.007000,2802794.359000
2018-03-31,MIBANCO,pequenas_empresas,336020.259000,104030.382000,4990853.235000,5430903.876000
2018-03-31,PICHINCHA,consumo,50092.196740,20757.713750,1926951.874090,1997801.784580
2018-03-31,PICHINCHA,corporativo,1659.744000,34041.000000,315226.234000,350926.978000
2018-03-31,PICHINCHA,grandes_empresas,28560.333000,48182.334000,1157471.037000,1234213.704000
2018-03-31,PICHINCHA,hipotecario,23954.600000,4410.082000,974863.000000,1003227.682000
2018-03-31,PICHINCHA,medianas_empresas,102954.186000,98559.879000,1059425.034000,1260939.099000
2018-03-31,PICHINCHA,microempresas,6751.026000,206.394000,155791.755000,162749.175000
2018-03-31,PICHINCHA,pequenas_empresas,29698.045000,5083.941000,432359.199000,467141.185000
2018-03-31,RIPLEY,consumo,56755.682560,20896.639930,1672353.941380,1750006.263870
2018-03-31,SANTANDER,consumo,0.000000,0.000000,1592.434710,1592.434710
2018-03-31,SANTANDER,corporativo,258.292000,3994.828000,1445029.393000,1449282.513000
2018-03-31,SANTANDER,grandes_empresas,11607.084000,20495.439000,1214825.845000,1246928.368000
2018-03-31,SANTANDER,medianas_empresas,18896.463000,782.377000,305896.767000,325575.607000
2018-03-31,SANTANDER,pequenas_empresas,212.221000,0.000000,350.535000,562.756000
2018-03-31,SCOTIABANK,consumo,271698.441830,121067.377510,7131144.234010,7523910.053350
2018-03-31,SCOTIABANK,corporativo,8603.190000,0.000000,14254224.268000,14262827.458000
2018-03-31,SCOTIABANK,grandes_empresas,90346.795000,69045.483000,6798581.240000,6957973.518000
2018-03-31,SCOTIABANK,hipotecario,248873.455000,85038.489000,5994548.133000,6328460.077000
2018-03-31,SCOTIABANK,medianas_empresas,475954.043000,107961.242000,5349743.388000,5933658.673000
2018-03-31,SCOTIABANK,microempresas,4215.911000,1003.612000,109006.143000,114225.666000
2018-03-31,SCOTIABANK,pequenas_empresas,313973.342000,77720.352000,1879318.493000,2271012.187000
2018-04-30,ALFIN,consumo,36002.384910,0.363060,338867.830440,374870.578410
2018-04-30,BANCOM,consumo,21094.967020,4750.718760,1102019.128260,1127864.814040
2018-04-30,BANCOM,corporativo,0.176000,0.000000,86531.861000,86532.037000
2018-04-30,BANCOM,grandes_empresas,394.075000,0.000000,95333.519000,95727.594000
2018-04-30,BANCOM,hipotecario,991.631000,0.000000,42014.743000,43006.374000
2018-04-30,BANCOM,medianas_empresas,26039.548000,3295.732000,14800.621000,44135.901000
2018-04-30,BANCOM,microempresas,3.324000,7.342000,16.383000,27.049000
2018-04-30,BANCOM,pequenas_empresas,426.744000,100.462000,733.028000,1260.234000
2018-04-30,BBVA,consumo,123734.476330,50778.655490,5069852.873170,5244366.004990
2018-04-30,BBVA,corporativo,136.628000,0.000000,13145563.848000,13145700.476000
2018-04-30,BBVA,grandes_empresas,160772.063000,184941.553000,8392935.123000,8738648.739000
2018-04-30,BBVA,hipotecario,232409.361000,183937.837000,11840450.417000,12256797.615000
2018-04-30,BBVA,medianas_empresas,979064.543000,621496.959000,9522442.628000,11123004.130000
2018-04-30,BBVA,microempresas,1793.589000,1907.719000,70100.392000,73801.700000
2018-04-30,BBVA,pequenas_empresas,93320.200000,41110.777000,1168440.451000,1302871.428000
2018-04-30,BCP,consumo,381826.556380,223790.871520,10254541.921730,10860159.349630
2018-04-30,BCP,corporativo,15595.844000,244.279000,26844791.662000,26860631.785000
2018-04-30,BCP,grandes_empresas,76243.804000,63602.805000,13482765.448000,13622612.057000
2018-04-30,BCP,hipotecario,422904.199000,61970.634000,12927798.221000,13412673.054000
2018-04-30,BCP,medianas_empresas,1003602.478000,257038.948000,13600488.341000,14861129.767000
2018-04-30,BCP,microempresas,10077.916000,1549.186000,244594.912000,256222.014000
2018-04-30,BCP,pequenas_empresas,492439.230000,141957.544000,3523795.756000,4158192.530000
2018-04-30,BIF,consumo,31256.614430,6177.781500,1293598.589800,1331032.985730
2018-04-30,BIF,corporativo,5392.980000,0.000000,2016923.295000,2022316.275000
2018-04-30,BIF,grandes_empresas,42968.305000,37722.692000,2277638.922000,2358329.919000
2018-04-30,BIF,hipotecario,20812.100000,6296.990000,1604241.282000,1631350.372000
2018-04-30,BIF,medianas_empresas,189182.293000,117993.329000,1923011.245000,2230186.867000
2018-04-30,BIF,microempresas,1203.141000,7.491000,4489.103000,5699.735000
2018-04-30,BIF,pequenas_empresas,14293.640000,2663.428000,40669.870000,57626.938000
2018-04-30,CENCOSUD,consumo,37536.869720,3680.860240,627823.187990,669040.917950
2018-04-30,CITIBANK,corporativo,0.000000,0.000000,632665.579000,632665.579000
2018-04-30,CITIBANK,grandes_empresas,0.000000,10777.342000,1004923.307000,1015700.649000
2018-04-30,CITIBANK,medianas_empresas,0.000000,0.000000,110057.637000,110057.637000
2018-04-30,CITIBANK,microempresas,0.000000,0.000000,75.763000,75.763000
2018-04-30,CITIBANK,pequenas_empresas,0.000000,0.000000,627.006000,627.006000
2018-04-30,FALABELLA,consumo,240836.084340,104048.007150,2862149.423940,3207033.515430
2018-04-30,FALABELLA,grandes_empresas,0.000000,0.000000,7.847000,7.847000
2018-04-30,FALABELLA,hipotecario,198.143000,31.071000,3442.536000,3671.750000
2018-04-30,FALABELLA,medianas_empresas,0.000000,0.000000,0.129000,0.129000
2018-04-30,GNB,consumo,12188.355020,5768.679280,942198.645350,960155.679650
2018-04-30,GNB,corporativo,0.000000,2194.020000,440979.429000,443173.449000
2018-04-30,GNB,grandes_empresas,14258.772000,31612.582000,484868.555000,530739.909000
2018-04-30,GNB,hipotecario,24240.776000,5537.957000,1135731.551000,1165510.284000
2018-04-30,GNB,medianas_empresas,56251.494000,104084.959000,471373.987000,631710.440000
2018-04-30,GNB,microempresas,0.000000,0.000000,4910.164000,4910.164000
2018-04-30,GNB,pequenas_empresas,2313.801000,263.724000,45781.723000,48359.248000
2018-04-30,ICBC,corporativo,0.000000,0.000000,119673.602000,119673.602000
2018-04-30,ICBC,grandes_empresas,0.000000,0.000000,10352.873000,10352.873000
2018-04-30,ICBC,medianas_empresas,0.000000,0.000000,30087.000000,30087.000000
2018-04-30,INTERBANK,consumo,308660.258450,177233.207750,9209675.553880,9695569.020080
2018-04-30,INTERBANK,corporativo,1432.840000,0.000000,4327121.663000,4328554.503000
2018-04-30,INTERBANK,grandes_empresas,85665.511000,14316.117000,5583933.755000,5683915.383000
2018-04-30,INTERBANK,hipotecario,232378.488000,18640.578000,5639877.225000,5890896.291000
2018-04-30,INTERBANK,medianas_empresas,116612.460000,23524.196000,2880296.426000,3020433.082000
2018-04-30,INTERBANK,microempresas,931.664000,109.603000,17038.044000,18079.311000
2018-04-30,INTERBANK,pequenas_empresas,51657.757000,12645.518000,623888.123000,688191.398000
2018-04-30,MIBANCO,consumo,16067.785130,7097.094540,580289.295920,603454.175590
2018-04-30,MIBANCO,hipotecario,16251.779000,2719.232000,465235.572000,484206.583000
2018-04-30,MIBANCO,medianas_empresas,23703.011000,3314.679000,203607.599000,230625.289000
2018-04-30,MIBANCO,microempresas,99955.775000,16200.342000,2708375.428000,2824531.545000
2018-04-30,MIBANCO,pequenas_empresas,346310.433000,103068.162000,5030611.879000,5479990.474000
2018-04-30,PICHINCHA,consumo,54538.297850,21218.960910,1949460.288000,2025217.546760
2018-04-30,PICHINCHA,corporativo,1671.043000,34041.000000,357008.382000,392720.425000
2018-04-30,PICHINCHA,grandes_empresas,28848.269000,47749.911000,1248885.532000,1325483.712000
2018-04-30,PICHINCHA,hipotecario,23385.691000,4441.987000,979792.873000,1007620.551000
2018-04-30,PICHINCHA,medianas_empresas,105098.103000,137889.065000,1012426.951000,1255414.119000
2018-04-30,PICHINCHA,microempresas,6700.395000,211.759000,158863.057000,165775.211000
2018-04-30,PICHINCHA,pequenas_empresas,29357.427000,5298.072000,439099.968000,473755.467000
2018-04-30,RIPLEY,consumo,60053.079060,19144.766920,1670358.816800,1749556.662780
2018-04-30,SANTANDER,consumo,0.000000,0.000000,1551.839070,1551.839070
2018-04-30,SANTANDER,corporativo,508.048000,3941.579000,1554218.256000,1558667.883000
2018-04-30,SANTANDER,grandes_empresas,11505.697000,20104.152000,1255828.147000,1287437.996000
2018-04-30,SANTANDER,medianas_empresas,19241.305000,746.971000,323934.605000,343922.881000
2018-04-30,SANTANDER,pequenas_empresas,213.667000,0.000000,332.247000,545.914000
2018-04-30,SCOTIABANK,consumo,280472.228070,125475.327340,7150056.076300,7556003.631710
2018-04-30,SCOTIABANK,corporativo,8234.409000,0.000000,14929672.814000,14937907.223000
2018-04-30,SCOTIABANK,grandes_empresas,90157.846000,73878.235000,6875884.280000,7039920.361000
2018-04-30,SCOTIABANK,hipotecario,248809.988000,86069.149000,6044747.258000,6379626.395000
2018-04-30,SCOTIABANK,medianas_empresas,464916.269000,111604.207000,5382851.014000,5959371.490000
2018-04-30,SCOTIABANK,microempresas,4244.124000,1011.357000,103424.969000,108680.450000
2018-04-30,SCOTIABANK,pequenas_empresas,315427.364000,79931.195000,1904735.685000,2300094.244000
2018-05-31,ALFIN,consumo,35656.340300,0.288460,332716.993350,368373.622110
2018-05-31,BANCOM,consumo,23953.751290,4754.599570,1104652.487640,1133360.838500
2018-05-31,BANCOM,corporativo,0.176000,0.000000,87543.901000,87544.077000
2018-05-31,BANCOM,grandes_empresas,298.107000,0.000000,109062.091000,109360.198000
2018-05-31,BANCOM,hipotecario,1222.550000,0.000000,44125.533000,45348.083000
2018-05-31,BANCOM,medianas_empresas,26005.446000,3766.224000,14434.618000,44206.288000
2018-05-31,BANCOM,microempresas,3.262000,6.040000,23.952000,33.254000
2018-05-31,BANCOM,pequenas_empresas,419.695000,88.535000,617.050000,1125.280000
2018-05-31,BBVA,consumo,148464.009300,49143.539280,5177129.754890,5374737.303470
2018-05-31,BBVA,corporativo,137.601000,0.000000,13297150.909000,13297288.510000
2018-05-31,BBVA,grandes_empresas,181968.399000,189302.604000,8464180.026000,8835451.029000
2018-05-31,BBVA,hipotecario,253224.109000,184660.709000,11970526.126000,12408410.944000
2018-05-31,BBVA,medianas_empresas,966260.024000,603151.966000,9431483.102000,11000895.092000
2018-05-31,BBVA,microempresas,1521.795000,136.571000,70795.904000,72454.270000
2018-05-31,BBVA,pequenas_empresas,96808.286000,38450.199000,1181892.821000,1317151.306000
2018-05-31,BCP,consumo,388310.020290,220846.443040,10346473.813370,10955630.276700
2018-05-31,BCP,corporativo,15773.171000,39603.300000,26608151.028000,26663527.499000
2018-05-31,BCP,grandes_empresas,73646.379000,67389.660000,13876149.373000,14017185.412000
2018-05-31,BCP,hipotecario,426129.822000,62156.505000,13085503.800000,13573790.127000
2018-05-31,BCP,medianas_empresas,1039027.964000,260436.443000,13825682.896000,15125147.303000
2018-05-31,BCP,microempresas,10129.605000,1554.867000,258115.654000,269800.126000
2018-05-31,BCP,pequenas_empresas,496985.670000,134922.317000,3583966.051000,4215874.038000
2018-05-31,BIF,consumo,31687.708130,6019.621090,1324177.668230,1361884.997450
2018-05-31,BIF,corporativo,5101.252000,0.000000,1962242.196000,1967343.448000
2018-05-31,BIF,grandes_empresas,35676.909000,52027.716000,2364970.642000,2452675.267000
2018-05-31,BIF,hipotecario,21960.037000,6153.961000,1610862.780000,1638976.778000
2018-05-31,BIF,medianas_empresas,187989.589000,112139.171000,1961591.057000,2261719.817000
2018-05-31,BIF,microempresas,1226.710000,5.173000,3722.921000,4954.804000
2018-05-31,BIF,pequenas_empresas,14931.364000,2392.182000,43018.367000,60341.913000
2018-05-31,CENCOSUD,consumo,44251.485510,3629.129050,643250.586770,691131.201330
2018-05-31,CITIBANK,corporativo,0.000000,0.000000,1052790.142000,1052790.142000
2018-05-31,CITIBANK,grandes_empresas,0.000000,10856.953000,860521.409000,871378.362000
2018-05-31,CITIBANK,medianas_empresas,0.000000,0.000000,122051.996000,122051.996000
2018-05-31,CITIBANK,microempresas,0.000000,0.000000,99.193000,99.193000
2018-05-31,CITIBANK,pequenas_empresas,0.000000,0.000000,652.780000,652.780000
2018-05-31,FALABELLA,consumo,246480.283120,103412.975910,2900820.849080,3250714.108110
2018-05-31,FALABELLA,hipotecario,247.643000,29.356000,3384.152000,3661.151000
2018-05-31,FALABELLA,medianas_empresas,0.000000,0.000000,0.399000,0.399000
2018-05-31,GNB,consumo,13160.972660,6627.872490,968618.234120,988407.079270
2018-05-31,GNB,corporativo,0.000000,2121.492000,365262.156000,367383.648000
2018-05-31,GNB,grandes_empresas,14990.140000,32742.042000,519611.149000,567343.331000
2018-05-31,GNB,hipotecario,23883.608000,6252.011000,1120300.252000,1150435.871000
2018-05-31,GNB,medianas_empresas,50471.693000,105359.525000,489829.746000,645660.964000
2018-05-31,GNB,microempresas,0.000000,0.000000,5109.538000,5109.538000
2018-05-31,GNB,pequenas_empresas,2357.958000,281.525000,43192.522000,45832.005000
2018-05-31,ICBC,corporativo,0.000000,0.000000,154374.297000,154374.297000
2018-05-31,ICBC,grandes_empresas,0.000000,0.000000,21318.559000,21318.559000
2018-05-31,ICBC,medianas_empresas,0.000000,0.000000,30178.693000,30178.693000
2018-05-31,INTERBANK,consumo,312178.009760,174906.940740,9405949.044080,9893033.994580
2018-05-31,INTERBANK,corporativo,1913.479000,0.000000,4476498.722000,4478412.201000
2018-05-31,INTERBANK,grandes_empresas,89459.543000,14224.212000,5750943.333000,5854627.088000
2018-05-31,INTERBANK,hipotecario,239538.589000,18750.796000,5712105.025000,5970394.410000
2018-05-31,INTERBANK,medianas_empresas,118254.197000,23351.215000,2930919.166000,3072524.578000
2018-05-31,INTERBANK,microempresas,917.489000,113.405000,16941.485000,17972.379000
2018-05-31,INTERBANK,pequenas_empresas,51849.037000,15188.103000,624815.487000,691852.627000
2018-05-31,MIBANCO,consumo,16926.868110,6883.560980,572476.726520,596287.155610
2018-05-31,MIBANCO,hipotecario,17044.503000,2676.041000,473653.796000,493374.340000
2018-05-31,MIBANCO,medianas_empresas,23723.072000,3066.819000,204047.729000,230837.620000
2018-05-31,MIBANCO,microempresas,101348.110000,15855.234000,2716388.056000,2833591.400000
2018-05-31,MIBANCO,pequenas_empresas,356130.930000,102722.146000,5076716.258000,5535569.334000
2018-05-31,PICHINCHA,consumo,59277.115020,21597.468850,2004252.276570,2085126.860440
2018-05-31,PICHINCHA,corporativo,1683.387000,33854.981000,396134.792000,431673.160000
2018-05-31,PICHINCHA,grandes_empresas,28592.538000,46234.971000,1263129.390000,1337956.899000
2018-05-31,PICHINCHA,hipotecario,24953.902000,4335.252000,981254.456000,1010543.610000
2018-05-31,PICHINCHA,medianas_empresas,102596.032000,139870.280000,1048242.005000,1290708.317000
2018-05-31,PICHINCHA,microempresas,6096.102000,257.287000,149517.166000,155870.555000
2018-05-31,PICHINCHA,pequenas_empresas,29313.056000,5772.939000,443841.841000,478927.836000
2018-05-31,RIPLEY,consumo,65422.703920,15109.810730,1682072.304680,1762604.819330
2018-05-31,SANTANDER,consumo,0.000000,0.000000,1592.635530,1592.635530
2018-05-31,SANTANDER,corporativo,27.941000,3894.362000,1609191.934000,1613114.237000
2018-05-31,SANTANDER,grandes_empresas,11653.793000,19710.754000,1309930.472000,1341295.019000
2018-05-31,SANTANDER,medianas_empresas,19412.313000,711.167000,330138.603000,350262.083000
2018-05-31,SANTANDER,pequenas_empresas,215.246000,0.000000,313.753000,528.999000
2018-05-31,SCOTIABANK,consumo,295102.682980,130676.856670,7264979.786370,7690759.326020
2018-05-31,SCOTIABANK,corporativo,8234.469000,0.000000,15372272.201000,15380506.670000
2018-05-31,SCOTIABANK,grandes_empresas,91624.999000,71488.618000,6678560.336000,6841673.953000
2018-05-31,SCOTIABANK,hipotecario,252087.998000,93305.998000,6118932.848000,6464326.844000
2018-05-31,SCOTIABANK,medianas_empresas,478231.478000,114316.009000,5443564.678000,6036112.165000
2018-05-31,SCOTIABANK,microempresas,4246.909000,1015.615000,99709.971000,104972.495000
2018-05-31,SCOTIABANK,pequenas_empresas,316013.181000,79638.150000,1913367.209000,2309018.540000
2018-06-30,ALFIN,consumo,34844.248700,0.186350,325461.247700,360305.682750
2018-06-30,BANCOM,consumo,19758.531010,5454.578180,1105874.437380,1131087.546570
2018-06-30,BANCOM,corporativo,0.342000,0.000000,86286.578000,86286.920000
2018-06-30,BANCOM,grandes_empresas,309.940000,0.000000,135352.924000,135662.864000
2018-06-30,BANCOM,hipotecario,996.179000,0.000000,45668.583000,46664.762000
2018-06-30,BANCOM,medianas_empresas,24973.828000,3945.727000,15228.746000,44148.301000
2018-06-30,BANCOM,microempresas,3.309000,5.371000,21.150000,29.830000
2018-06-30,BANCOM,pequenas_empresas,377.034000,63.436000,583.154000,1023.624000
2018-06-30,BBVA,consumo,104619.440520,53042.129130,5271005.625910,5428667.195560
2018-06-30,BBVA,corporativo,139.207000,0.000000,13434938.688000,13435077.895000
2018-06-30,BBVA,grandes_empresas,176031.631000,196837.364000,8663726.143000,9036595.138000
2018-06-30,BBVA,hipotecario,236196.433000,188409.780000,12061345.253000,12485951.466000
2018-06-30,BBVA,medianas_empresas,958060.490000,594693.501000,9820659.511000,11373413.502000
2018-06-30,BBVA,microempresas,1285.081000,306.258000,62271.438000,63862.777000
2018-06-30,BBVA,pequenas_empresas,90872.001000,39970.446000,1195505.941000,1326348.388000
2018-06-30,BCP,consumo,363241.572400,209035.750340,10416521.487070,10988798.809810
2018-06-30,BCP,corporativo,15627.538000,193041.919000,25052596.209000,25261265.666000
2018-06-30,BCP,grandes_empresas,68316.518000,80553.975000,14274830.601000,14423701.094000
2018-06-30,BCP,hipotecario,421696.898000,62203.484000,13279818.710000,13763719.092000
2018-06-30,BCP,medianas_empresas,1057755.955000,260738.753000,14114256.163000,15432750.871000
2018-06-30,BCP,microempresas,10461.346000,1379.702000,261961.305000,273802.353000
2018-06-30,BCP,pequenas_empresas,506843.099000,128443.544000,3563276.288000,4198562.931000
2018-06-30,BIF,consumo,32205.508950,6126.344900,1336136.661690,1374468.515540
2018-06-30,BIF,corporativo,5032.884000,0.000000,2159487.803000,2164520.687000
2018-06-30,BIF,grandes_empresas,24227.544000,54236.176000,2387051.299000,2465515.019000
2018-06-30,BIF,hipotecario,22436.369000,6239.197000,1612468.742000,1641144.308000
2018-06-30,BIF,medianas_empresas,196492.534000,102889.354000,1850905.940000,2150287.828000
2018-06-30,BIF,microempresas,1297.994000,2.814000,5942.144000,7242.952000
2018-06-30,BIF,pequenas_empresas,14791.592000,2716.347000,41128.355000,58636.294000
2018-06-30,CENCOSUD,consumo,43771.108030,3632.481220,657052.267340,704455.856590
2018-06-30,CITIBANK,corporativo,0.000000,0.000000,1104191.687000,1104191.687000
2018-06-30,CITIBANK,grandes_empresas,0.000000,10853.636000,921867.485000,932721.121000
2018-06-30,CITIBANK,medianas_empresas,0.000000,0.000000,122178.296000,122178.296000
2018-06-30,CITIBANK,microempresas,0.000000,0.000000,63.769000,63.769000
2018-06-30,CITIBANK,pequenas_empresas,0.000000,0.000000,646.114000,646.114000
2018-06-30,FALABELLA,consumo,253647.167770,104121.569600,2915967.805440,3273736.542810
2018-06-30,FALABELLA,grandes_empresas,0.000000,0.000000,2.904000,2.904000
2018-06-30,FALABELLA,hipotecario,212.169000,27.627000,3293.434000,3533.230000
2018-06-30,FALABELLA,medianas_empresas,0.000000,0.000000,0.404000,0.404000
2018-06-30,GNB,consumo,9252.490110,6376.390910,994288.112560,1009916.993580
2018-06-30,GNB,corporativo,0.000000,2048.585000,330172.418000,332221.003000
2018-06-30,GNB,grandes_empresas,17924.177000,32732.390000,509109.079000,559765.646000
2018-06-30,GNB,hipotecario,26741.030000,6242.824000,1120215.151000,1153199.005000
2018-06-30,GNB,medianas_empresas,53543.473000,91528.677000,469291.833000,614363.983000
2018-06-30,GNB,microempresas,0.000000,0.000000,4529.458000,4529.458000
2018-06-30,GNB,pequenas_empresas,1930.822000,253.687000,42145.440000,44329.949000
2018-06-30,ICBC,corporativo,0.000000,0.000000,207568.949000,207568.949000
2018-06-30,ICBC,grandes_empresas,0.000000,0.000000,22709.207000,22709.207000
2018-06-30,ICBC,medianas_empresas,0.000000,0.000000,29753.189000,29753.189000
2018-06-30,INTERBANK,consumo,318094.219970,168072.452870,9540726.910190,10026893.583030
2018-06-30,INTERBANK,corporativo,1165.883000,0.000000,5222550.094000,5223715.977000
2018-06-30,INTERBANK,grandes_empresas,90447.672000,10716.582000,4962517.734000,5063681.988000
2018-06-30,INTERBANK,hipotecario,233592.744000,20048.483000,5777784.222000,6031425.449000
2018-06-30,INTERBANK,medianas_empresas,121739.855000,23433.159000,2915485.574000,3060658.588000
2018-06-30,INTERBANK,microempresas,899.422000,115.392000,15390.833000,16405.647000
2018-06-30,INTERBANK,pequenas_empresas,53591.463000,15860.918000,645751.961000,715204.342000
2018-06-30,MIBANCO,consumo,16989.603020,6835.306330,564777.330490,588602.239840
2018-06-30,MIBANCO,hipotecario,16684.259000,2707.794000,472819.059000,492211.112000
2018-06-30,MIBANCO,medianas_empresas,22940.285000,3321.237000,199204.525000,225466.047000
2018-06-30,MIBANCO,microempresas,106396.344000,15324.262000,2706187.652000,2827908.258000
2018-06-30,MIBANCO,pequenas_empresas,368947.916000,101092.382000,5104850.789000,5574891.087000
2018-06-30,PICHINCHA,consumo,54771.853870,22277.640030,2035817.006420,2112866.500320
2018-06-30,PICHINCHA,corporativo,1.442000,33667.693000,401060.550000,434729.685000
2018-06-30,PICHINCHA,grandes_empresas,27817.302000,52430.412000,1322327.247000,1402574.961000
2018-06-30,PICHINCHA,hipotecario,25783.606000,4280.025000,979739.983000,1009803.614000
2018-06-30,PICHINCHA,medianas_empresas,102776.092000,138035.550000,1066236.841000,1307048.483000
2018-06-30,PICHINCHA,microempresas,6657.539000,268.910000,153245.274000,160171.723000
2018-06-30,PICHINCHA,pequenas_empresas,29529.612000,5895.582000,442166.116000,477591.310000
2018-06-30,RIPLEY,consumo,62592.665170,12882.130780,1695024.924670,1770499.720620
2018-06-30,SANTANDER,consumo,0.000000,0.000000,1609.771520,1609.771520
2018-06-30,SANTANDER,corporativo,44.046000,3816.443000,1629154.552000,1633015.041000
2018-06-30,SANTANDER,grandes_empresas,11536.642000,20663.409000,1323806.293000,1356006.344000
2018-06-30,SANTANDER,medianas_empresas,17346.973000,294.480000,398929.360000,416570.813000
2018-06-30,SANTANDER,pequenas_empresas,215.180000,0.000000,342.494000,557.674000
2018-06-30,SCOTIABANK,consumo,286338.903770,134079.631870,7347605.484530,7768024.020170
2018-06-30,SCOTIABANK,corporativo,8234.409000,0.000000,15651572.314000,15659806.723000
2018-06-30,SCOTIABANK,grandes_empresas,104935.169000,67597.940000,6319396.903000,6491930.012000
2018-06-30,SCOTIABANK,hipotecario,254278.469000,94851.810000,6166899.075000,6516029.354000
2018-06-30,SCOTIABANK,medianas_empresas,498237.509000,110432.528000,5692314.727000,6300984.764000
2018-06-30,SCOTIABANK,microempresas,4638.010000,992.492000,97342.898000,102973.400000
2018-06-30,SCOTIABANK,pequenas_empresas,314191.474000,80569.814000,1896269.767000,2291031.055000
2018-07-31,ALFIN,consumo,33200.202410,0.096910,316946.480290,350146.779610
2018-07-31,BANCOM,consumo,21350.237820,6679.440040,1102667.693070,1130697.370930
2018-07-31,BANCOM,corporativo,0.116000,0.000000,84178.139000,84178.255000
2018-07-31,BANCOM,grandes_empresas,207.408000,0.000000,142065.794000,142273.202000
2018-07-31,BANCOM,hipotecario,1089.826000,0.000000,45235.053000,46324.879000
2018-07-31,BANCOM,medianas_empresas,27346.570000,2053.529000,14603.233000,44003.332000
2018-07-31,BANCOM,microempresas,3.310000,5.371000,19.068000,27.749000
2018-07-31,BANCOM,pequenas_empresas,377.047000,106.229000,559.660000,1042.936000
2018-07-31,BBVA,consumo,122133.235730,53392.424130,5318285.030460,5493810.690320
2018-07-31,BBVA,corporativo,139.308000,0.000000,13158186.437000,13158325.745000
2018-07-31,BBVA,grandes_empresas,207860.796000,187405.311000,8726846.844000,9122112.951000
2018-07-31,BBVA,hipotecario,254938.960000,182667.750000,12040862.812000,12478469.522000
2018-07-31,BBVA,medianas_empresas,1004867.875000,560059.329000,9621433.160000,11186360.364000
2018-07-31,BBVA,microempresas,1347.081000,185.457000,83798.664000,85331.202000
2018-07-31,BBVA,pequenas_empresas,94040.548000,43442.980000,1219697.214000,1357180.742000
2018-07-31,BCP,consumo,351856.381090,208458.003150,10431531.912250,10991846.296490
2018-07-31,BCP,corporativo,9.967000,193054.019000,25773278.514000,25966342.500000
2018-07-31,BCP,grandes_empresas,70327.105000,69231.346000,14497980.199000,14637538.650000
2018-07-31,BCP,hipotecario,430667.593000,63309.834000,13351100.071000,13845077.498000
2018-07-31,BCP,medianas_empresas,1118019.218000,266327.887000,13565414.333000,14949761.438000
2018-07-31,BCP,microempresas,10828.771000,1229.964000,263951.192000,276009.927000
2018-07-31,BCP,pequenas_empresas,512350.609000,122317.697000,3556282.186000,4190950.492000
2018-07-31,BIF,consumo,33070.546080,6314.735730,1337221.985850,1376607.267660
2018-07-31,BIF,corporativo,5032.627000,0.000000,2140492.780000,2145525.407000
2018-07-31,BIF,grandes_empresas,27932.898000,53983.570000,2431546.941000,2513463.409000
2018-07-31,BIF,hipotecario,26625.694000,6332.324000,1620065.507000,1653023.525000
2018-07-31,BIF,medianas_empresas,198835.207000,101578.579000,1820811.739000,2121225.525000
2018-07-31,BIF,microempresas,1352.133000,0.407000,5728.573000,7081.113000
2018-07-31,BIF,pequenas_empresas,15053.617000,2480.792000,40429.350000,57963.759000
2018-07-31,CENCOSUD,consumo,45651.041810,3691.705920,661136.736200,710479.483930
2018-07-31,CITIBANK,corporativo,0.000000,0.000000,1226085.873000,1226085.873000
2018-07-31,CITIBANK,grandes_empresas,0.000000,5418.043000,974442.598000,979860.641000
2018-07-31,CITIBANK,medianas_empresas,0.000000,0.000000,122015.810000,122015.810000
2018-07-31,CITIBANK,microempresas,0.000000,0.000000,80.260000,80.260000
2018-07-31,CITIBANK,pequenas_empresas,0.000000,0.000000,1778.804000,1778.804000
2018-07-31,FALABELLA,consumo,248502.064460,105442.073260,2802290.699390,3156234.837110
2018-07-31,FALABELLA,grandes_empresas,0.000000,0.000000,3.007000,3.007000
2018-07-31,FALABELLA,hipotecario,207.411000,25.892000,3245.220000,3478.523000
2018-07-31,GNB,consumo,12093.961460,6090.865650,1016846.973830,1035031.800940
2018-07-31,GNB,corporativo,0.000000,2048.585000,372800.514000,374849.099000
2018-07-31,GNB,grandes_empresas,13622.720000,32612.405000,503703.000000,549938.125000
2018-07-31,GNB,hipotecario,31527.149000,4136.457000,1092572.810000,1128236.416000
2018-07-31,GNB,medianas_empresas,53091.869000,95579.941000,450635.718000,599307.528000
2018-07-31,GNB,microempresas,0.000000,0.000000,4730.654000,4730.654000
2018-07-31,GNB,pequenas_empresas,1870.889000,223.786000,39987.068000,42081.743000
2018-07-31,ICBC,corporativo,0.000000,0.000000,275484.950000,275484.950000
2018-07-31,ICBC,grandes_empresas,0.000000,0.000000,22325.789000,22325.789000
2018-07-31,ICBC,medianas_empresas,0.000000,0.000000,29631.726000,29631.726000
2018-07-31,INTERBANK,consumo,310349.202930,161920.907320,9650549.250750,10122819.361000
2018-07-31,INTERBANK,corporativo,221.458000,0.000000,5630517.218000,5630738.676000
2018-07-31,INTERBANK,grandes_empresas,92212.094000,9875.600000,4536804.666000,4638892.360000
2018-07-31,INTERBANK,hipotecario,235465.032000,22509.107000,5820281.439000,6078255.578000
2018-07-31,INTERBANK,medianas_empresas,122608.338000,20271.629000,2890767.227000,3033647.194000
2018-07-31,INTERBANK,microempresas,834.614000,108.452000,17987.333000,18930.399000
2018-07-31,INTERBANK,pequenas_empresas,55742.755000,15852.873000,643624.636000,715220.264000
2018-07-31,MIBANCO,consumo,16171.938200,6634.105220,553577.212210,576383.255630
2018-07-31,MIBANCO,hipotecario,16934.521000,2892.920000,472799.063000,492626.504000
2018-07-31,MIBANCO,medianas_empresas,22800.122000,3074.025000,199927.850000,225801.997000
2018-07-31,MIBANCO,microempresas,103360.000000,15202.273000,2686710.721000,2805272.994000
2018-07-31,MIBANCO,pequenas_empresas,365699.273000,99021.083000,5106912.434000,5571632.790000
2018-07-31,PICHINCHA,consumo,57832.401520,23072.400720,2063420.045100,2144324.847340
2018-07-31,PICHINCHA,corporativo,1.442000,33486.810000,383446.259000,416934.511000
2018-07-31,PICHINCHA,grandes_empresas,39060.770000,51281.067000,1315766.722000,1406108.559000
2018-07-31,PICHINCHA,hipotecario,26046.781000,4301.984000,977946.550000,1008295.315000
2018-07-31,PICHINCHA,medianas_empresas,106962.796000,141623.672000,1069300.768000,1317887.236000
2018-07-31,PICHINCHA,microempresas,6842.066000,267.633000,156485.975000,163595.674000
2018-07-31,PICHINCHA,pequenas_empresas,28788.788000,6067.122000,441530.809000,476386.719000
2018-07-31,RIPLEY,consumo,62334.306320,9294.804210,1692629.574100,1764258.684630
2018-07-31,SANTANDER,consumo,0.000000,0.000000,1663.094070,1663.094070
2018-07-31,SANTANDER,corporativo,45.046000,3740.434000,1668186.871000,1671972.351000
2018-07-31,SANTANDER,grandes_empresas,12322.898000,20089.197000,1351668.675000,1384080.770000
2018-07-31,SANTANDER,medianas_empresas,17637.730000,261.840000,354963.885000,372863.455000
2018-07-31,SANTANDER,pequenas_empresas,220.080000,0.000000,344.458000,564.538000
2018-07-31,SCOTIABANK,consumo,298396.262100,137793.504000,7415471.960200,7851661.726300
2018-07-31,SCOTIABANK,corporativo,8237.432000,0.000000,15452796.591000,15461034.023000
2018-07-31,SCOTIABANK,grandes_empresas,119025.649000,57658.061000,6612274.726000,6788958.436000
2018-07-31,SCOTIABANK,hipotecario,254857.309000,96736.529000,6203442.458000,6555036.296000
2018-07-31,SCOTIABANK,medianas_empresas,498793.477000,104912.626000,5782490.388000,6386196.491000
2018-07-31,SCOTIABANK,microempresas,4771.791000,1063.457000,72619.387000,78454.635000
2018-07-31,SCOTIABANK,pequenas_empresas,323166.553000,79877.510000,1879446.189000,2282490.252000
2018-08-31,ALFIN,consumo,33425.298270,0.023940,312713.226010,346138.548220
2018-08-31,BANCOM,consumo,23124.947660,6713.201500,1108646.447270,1138484.596430
2018-08-31,BANCOM,corporativo,0.116000,0.000000,87344.825000,87344.941000
2018-08-31,BANCOM,grandes_empresas,0.000000,0.000000,142166.978000,142166.978000
2018-08-31,BANCOM,hipotecario,1085.103000,0.000000,44921.947000,46007.050000
2018-08-31,BANCOM,medianas_empresas,28070.643000,1279.600000,16980.531000,46330.774000
2018-08-31,BANCOM,microempresas,3.394000,4.683000,55.139000,63.216000
2018-08-31,BANCOM,pequenas_empresas,377.352000,77.860000,1607.123000,2062.335000
2018-08-31,BBVA,consumo,148131.582600,52341.735170,5378412.172620,5578885.490390
2018-08-31,BBVA,corporativo,6722.957000,0.000000,12866971.753000,12873694.710000
2018-08-31,BBVA,grandes_empresas,227524.785000,183579.111000,8774799.902000,9185903.798000
2018-08-31,BBVA,hipotecario,260898.927000,183758.409000,12089661.807000,12534319.143000
2018-08-31,BBVA,medianas_empresas,1024573.351000,565384.068000,9507241.225000,11097198.644000
2018-08-31,BBVA,microempresas,1484.062000,155.165000,74178.050000,75817.277000
2018-08-31,BBVA,pequenas_empresas,97925.639000,42325.707000,1230821.031000,1371072.377000
2018-08-31,BCP,consumo,349956.538550,209547.165510,10738589.941030,11298093.645090
2018-08-31,BCP,corporativo,1387.751000,224710.223000,26369821.334000,26595919.308000
2018-08-31,BCP,grandes_empresas,64524.208000,103982.079000,14408027.166000,14576533.453000
2018-08-31,BCP,hipotecario,425788.430000,65572.279000,13521787.414000,14013148.123000
2018-08-31,BCP,medianas_empresas,1160736.123000,273987.807000,13440255.281000,14874979.211000
2018-08-31,BCP,microempresas,10339.899000,1367.285000,265360.878000,277068.062000
2018-08-31,BCP,pequenas_empresas,503889.068000,124293.236000,3691711.959000,4319894.263000
2018-08-31,BIF,consumo,30685.641020,6745.513760,1367872.958000,1405304.112780
2018-08-31,BIF,corporativo,5032.803000,0.000000,2209712.063000,2214744.866000
2018-08-31,BIF,grandes_empresas,29548.813000,53645.211000,2447287.789000,2530481.813000
2018-08-31,BIF,hipotecario,23650.945000,7013.676000,1626849.657000,1657514.278000
2018-08-31,BIF,medianas_empresas,200973.131000,102314.139000,1772133.668000,2075420.938000
2018-08-31,BIF,microempresas,1429.765000,0.211000,19957.317000,21387.293000
2018-08-31,BIF,pequenas_empresas,15088.288000,2454.384000,41103.546000,58646.218000
2018-08-31,CENCOSUD,consumo,44552.063250,3812.046930,671631.543380,719995.653560
2018-08-31,CITIBANK,corporativo,0.000000,5456.117000,1390077.065000,1395533.182000
2018-08-31,CITIBANK,grandes_empresas,0.000000,0.000000,1199430.404000,1199430.404000
2018-08-31,CITIBANK,medianas_empresas,0.000000,0.000000,123197.655000,123197.655000
2018-08-31,CITIBANK,microempresas,0.000000,0.000000,3349.112000,3349.112000
2018-08-31,CITIBANK,pequenas_empresas,0.000000,0.000000,5552.968000,5552.968000
2018-08-31,FALABELLA,consumo,244593.993570,105927.659870,2792847.386360,3143369.039800
2018-08-31,FALABELLA,grandes_empresas,0.000000,0.000000,1.301000,1.301000
2018-08-31,FALABELLA,hipotecario,202.843000,24.135000,3188.024000,3415.002000
2018-08-31,GNB,consumo,12922.404780,5780.708640,1042818.868110,1061521.981530
2018-08-31,GNB,corporativo,1444.057000,456.973000,372781.495000,374682.525000
2018-08-31,GNB,grandes_empresas,15220.030000,32068.636000,494646.392000,541935.058000
2018-08-31,GNB,hipotecario,32061.378000,4125.619000,1102588.594000,1138775.591000
2018-08-31,GNB,medianas_empresas,57393.045000,97149.577000,424114.201000,578656.823000
2018-08-31,GNB,microempresas,9.610000,0.000000,4238.025000,4247.635000
2018-08-31,GNB,pequenas_empresas,1878.944000,214.122000,36539.909000,38632.975000
2018-08-31,ICBC,corporativo,0.000000,0.000000,284915.201000,284915.201000
2018-08-31,ICBC,grandes_empresas,0.000000,0.000000,30295.181000,30295.181000
2018-08-31,ICBC,medianas_empresas,0.000000,0.000000,29708.480000,29708.480000
2018-08-31,INTERBANK,consumo,315320.514570,153992.519170,9780417.615760,10249730.649500
2018-08-31,INTERBANK,corporativo,6.033000,0.000000,5876514.622000,5876520.655000
2018-08-31,INTERBANK,grandes_empresas,85918.556000,9790.698000,4275589.500000,4371298.754000
2018-08-31,INTERBANK,hipotecario,241159.020000,22854.169000,5857925.916000,6121939.105000
2018-08-31,INTERBANK,medianas_empresas,117091.007000,18260.277000,2873337.096000,3008688.380000
2018-08-31,INTERBANK,microempresas,847.888000,120.326000,15200.738000,16168.952000
2018-08-31,INTERBANK,pequenas_empresas,56449.928000,15456.515000,634711.249000,706617.692000
2018-08-31,MIBANCO,consumo,16352.865540,6421.296940,550196.533040,572970.695520
2018-08-31,MIBANCO,hipotecario,17426.688000,2893.216000,471131.934000,491451.838000
2018-08-31,MIBANCO,medianas_empresas,22213.568000,2512.510000,190577.704000,215303.782000
2018-08-31,MIBANCO,microempresas,115914.540000,14909.541000,2683038.190000,2813862.271000
2018-08-31,MIBANCO,pequenas_empresas,356388.480000,97912.657000,5129948.055000,5584249.192000
2018-08-31,PICHINCHA,consumo,58183.066000,24042.496380,2096307.610680,2178533.173060
2018-08-31,PICHINCHA,corporativo,0.000000,33297.011000,372420.259000,405717.270000
2018-08-31,PICHINCHA,grandes_empresas,22470.201000,46043.433000,1359144.107000,1427657.741000
2018-08-31,PICHINCHA,hipotecario,26423.664000,4310.427000,980970.773000,1011704.864000
2018-08-31,PICHINCHA,medianas_empresas,120426.174000,139725.240000,1097726.098000,1357877.512000
2018-08-31,PICHINCHA,microempresas,6846.945000,311.549000,163535.234000,170693.728000
2018-08-31,PICHINCHA,pequenas_empresas,29543.386000,6565.200000,442866.704000,478975.290000
2018-08-31,RIPLEY,consumo,59031.600920,8767.662670,1717418.318860,1785217.582450
2018-08-31,SANTANDER,consumo,0.000000,0.000000,1737.651590,1737.651590
2018-08-31,SANTANDER,corporativo,46.150000,0.000000,1614616.715000,1614662.865000
2018-08-31,SANTANDER,grandes_empresas,14126.678000,23450.141000,1407635.954000,1445212.773000
2018-08-31,SANTANDER,medianas_empresas,18244.194000,146.158000,382084.176000,400474.528000
2018-08-31,SANTANDER,pequenas_empresas,221.629000,0.000000,340.955000,562.584000
2018-08-31,SCOTIABANK,consumo,309750.905760,138518.221710,7527915.987040,7976185.114510
2018-08-31,SCOTIABANK,corporativo,5235.582000,0.000000,15267318.478000,15272554.060000
2018-08-31,SCOTIABANK,grandes_empresas,120637.092000,152483.214000,6207238.517000,6480358.823000
2018-08-31,SCOTIABANK,hipotecario,259486.436000,98339.284000,6260695.229000,6618520.949000
2018-08-31,SCOTIABANK,medianas_empresas,525919.586000,98755.898000,5772938.406000,6397613.890000
2018-08-31,SCOTIABANK,microempresas,4720.333000,2566.661000,74830.662000,82117.656000
2018-08-31,SCOTIABANK,pequenas_empresas,326220.957000,80314.339000,1854106.361000,2260641.657000
2018-09-30,ALFIN,consumo,32816.801810,0.000000,311547.613950,344364.415760
2018-09-30,BANCOM,consumo,18843.126660,6654.027750,1119223.307200,1144720.461610
2018-09-30,BANCOM,corporativo,0.116000,0.000000,91612.107000,91612.223000
2018-09-30,BANCOM,grandes_empresas,0.013000,0.000000,138066.589000,138066.602000
2018-09-30,BANCOM,hipotecario,955.781000,0.000000,44783.133000,45738.914000
2018-09-30,BANCOM,medianas_empresas,27497.056000,1585.465000,17008.858000,46091.379000
2018-09-30,BANCOM,microempresas,4.988000,3.984000,51.841000,60.813000
2018-09-30,BANCOM,pequenas_empresas,356.328000,63.128000,2211.889000,2631.345000
2018-09-30,BBVA,consumo,126845.027180,55612.379150,5391368.716030,5573826.122360
2018-09-30,BBVA,corporativo,140.352000,0.000000,13493425.985000,13493566.337000
2018-09-30,BBVA,grandes_empresas,216268.771000,183774.375000,8914900.898000,9314944.044000
2018-09-30,BBVA,hipotecario,242692.258000,199129.135000,12146388.615000,12588210.008000
2018-09-30,BBVA,medianas_empresas,969152.141000,561462.876000,10018841.025000,11549456.042000
2018-09-30,BBVA,microempresas,1339.425000,104.708000,86652.522000,88096.655000
2018-09-30,BBVA,pequenas_empresas,93032.196000,44616.485000,1249614.848000,1387263.529000
2018-09-30,BCP,consumo,351699.305850,205281.892660,10974041.693000,11531022.891510
2018-09-30,BCP,corporativo,13707.504000,224758.623000,26096858.759000,26335324.886000
2018-09-30,BCP,grandes_empresas,69040.213000,127875.840000,14228217.815000,14425133.868000
2018-09-30,BCP,hipotecario,434317.120000,65621.441000,13746944.532000,14246883.093000
2018-09-30,BCP,medianas_empresas,1119079.492000,286079.215000,13620960.213000,15026118.920000
2018-09-30,BCP,microempresas,10017.936000,1195.316000,285117.084000,296330.336000
2018-09-30,BCP,pequenas_empresas,511877.531000,120668.578000,3775227.679000,4407773.788000
2018-09-30,BIF,consumo,31107.988520,6601.362680,1381002.118230,1418711.469430
2018-09-30,BIF,corporativo,5032.765000,0.000000,2194814.997000,2199847.762000
2018-09-30,BIF,grandes_empresas,27729.309000,53395.577000,2504637.395000,2585762.281000
2018-09-30,BIF,hipotecario,24036.335000,7475.466000,1639571.685000,1671083.486000
2018-09-30,BIF,medianas_empresas,203032.884000,100140.642000,1765291.158000,2068464.684000
2018-09-30,BIF,microempresas,1534.328000,0.000000,4287.782000,5822.110000
2018-09-30,BIF,pequenas_empresas,14874.400000,2204.037000,40441.554000,57519.991000
2018-09-30,CENCOSUD,consumo,43934.272500,3844.050260,684695.345860,732473.668620
2018-09-30,CITIBANK,corporativo,0.000000,5462.738000,1297291.276000,1302754.014000
2018-09-30,CITIBANK,grandes_empresas,0.000000,0.000000,1049603.047000,1049603.047000
2018-09-30,CITIBANK,medianas_empresas,0.000000,0.000000,134625.905000,134625.905000
2018-09-30,CITIBANK,microempresas,0.000000,0.000000,83.931000,83.931000
2018-09-30,CITIBANK,pequenas_empresas,0.000000,0.000000,5636.897000,5636.897000
2018-09-30,FALABELLA,consumo,107839.056410,106020.682690,2772300.030780,2986159.769880
2018-09-30,FALABELLA,grandes_empresas,0.000000,0.000000,2.358000,2.358000
2018-09-30,FALABELLA,hipotecario,210.627000,22.383000,3137.818000,3370.828000
2018-09-30,GNB,consumo,14544.163110,5657.323300,1070529.788410,1090731.274820
2018-09-30,GNB,corporativo,1444.057000,456.973000,416856.619000,418757.649000
2018-09-30,GNB,grandes_empresas,14657.196000,32016.685000,513658.290000,560332.171000
2018-09-30,GNB,hipotecario,34517.233000,4238.198000,1079379.015000,1118134.446000
2018-09-30,GNB,medianas_empresas,56124.297000,125679.471000,392820.901000,574624.669000
2018-09-30,GNB,microempresas,15.681000,0.000000,4129.599000,4145.280000
2018-09-30,GNB,pequenas_empresas,2066.922000,204.247000,35084.595000,37355.764000
2018-09-30,ICBC,corporativo,0.000000,0.000000,298339.952000,298339.952000
2018-09-30,ICBC,grandes_empresas,0.000000,0.000000,32228.143000,32228.143000
2018-09-30,ICBC,medianas_empresas,0.000000,0.000000,29320.798000,29320.798000
2018-09-30,INTERBANK,consumo,317821.386470,147602.965350,9914174.692640,10379599.044460
2018-09-30,INTERBANK,corporativo,255.361000,0.000000,6345749.357000,6346004.718000
2018-09-30,INTERBANK,grandes_empresas,90344.651000,9186.410000,4187241.702000,4286772.763000
2018-09-30,INTERBANK,hipotecario,232333.244000,23382.808000,5949929.459000,6205645.511000
2018-09-30,INTERBANK,medianas_empresas,113985.162000,18711.374000,3100228.461000,3232924.997000
2018-09-30,INTERBANK,microempresas,834.087000,142.304000,15379.274000,16355.665000
2018-09-30,INTERBANK,pequenas_empresas,59606.521000,16487.991000,625942.970000,702037.482000
2018-09-30,MIBANCO,consumo,15460.808310,6478.412740,546285.805070,568225.026120
2018-09-30,MIBANCO,hipotecario,17327.743000,2863.582000,473949.359000,494140.684000
2018-09-30,MIBANCO,medianas_empresas,24888.000000,2763.298000,205165.618000,232816.916000
2018-09-30,MIBANCO,microempresas,101631.798000,14428.644000,2652639.156000,2768699.598000
2018-09-30,MIBANCO,pequenas_empresas,374019.443000,95934.968000,5157611.800000,5627566.211000
2018-09-30,PICHINCHA,consumo,53354.478740,24046.680180,2113745.597310,2191146.756230
2018-09-30,PICHINCHA,corporativo,2.950000,33128.716000,408462.483000,441594.149000
2018-09-30,PICHINCHA,grandes_empresas,26061.321000,43038.847000,1345634.214000,1414734.382000
2018-09-30,PICHINCHA,hipotecario,26700.815000,4315.950000,983507.701000,1014524.466000
2018-09-30,PICHINCHA,medianas_empresas,105843.529000,149193.637000,1107277.506000,1362314.672000
2018-09-30,PICHINCHA,microempresas,7302.285000,632.644000,170724.367000,178659.296000
2018-09-30,PICHINCHA,pequenas_empresas,27864.038000,7494.987000,443645.757000,479004.782000
2018-09-30,RIPLEY,consumo,57548.826370,8210.536470,1724678.917040,1790438.279880
2018-09-30,SANTANDER,consumo,0.000000,0.000000,2093.481470,2093.481470
2018-09-30,SANTANDER,corporativo,46.525000,17578.658000,1602490.103000,1620115.286000
2018-09-30,SANTANDER,grandes_empresas,14889.216000,22782.713000,1448279.895000,1485951.824000
2018-09-30,SANTANDER,medianas_empresas,10708.034000,107.789000,503689.235000,514505.058000
2018-09-30,SANTANDER,pequenas_empresas,4.907000,0.000000,335.955000,340.862000
2018-09-30,SCOTIABANK,consumo,285213.571050,141024.543200,7613948.910140,8040187.024390
2018-09-30,SCOTIABANK,corporativo,5182.178000,0.000000,15530464.948000,15535647.126000
2018-09-30,SCOTIABANK,grandes_empresas,112835.479000,163443.871000,6164308.982000,6440588.332000
2018-09-30,SCOTIABANK,hipotecario,263839.454000,98799.513000,6329912.162000,6692551.129000
2018-09-30,SCOTIABANK,medianas_empresas,531228.656000,104132.149000,5838177.902000,6473538.707000
2018-09-30,SCOTIABANK,microempresas,4409.253000,2675.201000,65640.961000,72725.415000
2018-09-30,SCOTIABANK,pequenas_empresas,317353.320000,81634.567000,1855676.792000,2254664.679000
2018-10-31,ALFIN,consumo,33588.924240,0.000000,311353.955470,344942.879710
2018-10-31,BANCOM,consumo,20539.672330,7817.992160,1124355.928090,1152713.592580
2018-10-31,BANCOM,corporativo,0.116000,0.000000,85153.051000,85153.167000
2018-10-31,BANCOM,grandes_empresas,0.000000,0.000000,148549.709000,148549.709000
2018-10-31,BANCOM,hipotecario,961.479000,0.000000,46880.838000,47842.317000
2018-10-31,BANCOM,medianas_empresas,25760.034000,1630.068000,16904.955000,44295.057000
2018-10-31,BANCOM,microempresas,3.461000,3.271000,10.560000,17.292000
2018-10-31,BANCOM,pequenas_empresas,344.469000,55.930000,2650.065000,3050.464000
2018-10-31,BBVA,consumo,154749.328110,54795.582760,5467578.796650,5677123.707520
2018-10-31,BBVA,corporativo,143.046000,0.000000,13404135.099000,13404278.145000
2018-10-31,BBVA,grandes_empresas,199563.257000,198182.082000,9188257.372000,9586002.711000
2018-10-31,BBVA,hipotecario,261295.270000,205273.855000,12209583.003000,12676152.128000
2018-10-31,BBVA,medianas_empresas,1010709.730000,552270.975000,10127738.671000,11690719.376000
2018-10-31,BBVA,microempresas,1430.818000,458.468000,80504.147000,82393.433000
2018-10-31,BBVA,pequenas_empresas,96058.593000,44190.148000,1275786.002000,1416034.743000
2018-10-31,BCP,consumo,351233.000170,209511.050300,11192753.283110,11753497.333580
2018-10-31,BCP,corporativo,16.088000,225545.123000,27092983.078000,27318544.289000
2018-10-31,BCP,grandes_empresas,58354.280000,96227.287000,14341064.089000,14495645.656000
2018-10-31,BCP,hipotecario,450215.913000,64724.153000,13905046.056000,14419986.122000
2018-10-31,BCP,medianas_empresas,1148686.583000,307829.408000,13845730.768000,15302246.759000
2018-10-31,BCP,microempresas,9880.538000,1223.349000,287135.519000,298239.406000
2018-10-31,BCP,pequenas_empresas,512522.625000,122294.619000,3771884.237000,4406701.481000
2018-10-31,BIF,consumo,31745.885920,6411.536580,1400633.673010,1438791.095510
2018-10-31,BIF,corporativo,5081.400000,0.000000,2202382.571000,2207463.971000
2018-10-31,BIF,grandes_empresas,29522.817000,70216.461000,2444844.870000,2544584.148000
2018-10-31,BIF,hipotecario,24919.512000,7279.123000,1656667.648000,1688866.283000
2018-10-31,BIF,medianas_empresas,209720.211000,97143.978000,1771737.482000,2078601.671000
2018-10-31,BIF,microempresas,1554.923000,0.000000,15149.903000,16704.826000
2018-10-31,BIF,pequenas_empresas,15172.664000,2243.342000,41266.645000,58682.651000
2018-10-31,CENCOSUD,consumo,43077.535680,3833.072850,708503.436090,755414.044620
2018-10-31,CITIBANK,corporativo,0.000000,5570.338000,1394796.624000,1400366.962000
2018-10-31,CITIBANK,grandes_empresas,0.000000,0.000000,1088819.586000,1088819.586000
2018-10-31,CITIBANK,medianas_empresas,0.000000,0.000000,135212.839000,135212.839000
2018-10-31,CITIBANK,microempresas,0.000000,0.000000,112.365000,112.365000
2018-10-31,CITIBANK,pequenas_empresas,0.000000,0.000000,3978.781000,3978.781000
2018-10-31,FALABELLA,consumo,93381.341560,102970.657070,2769949.684110,2966301.682740
2018-10-31,FALABELLA,grandes_empresas,0.000000,0.000000,2.047000,2.047000
2018-10-31,FALABELLA,hipotecario,30.259000,20.593000,3157.433000,3208.285000
2018-10-31,GNB,consumo,15048.641630,5448.070890,1095693.860250,1116190.572770
2018-10-31,GNB,corporativo,1444.057000,306.921000,447731.298000,449482.276000
2018-10-31,GNB,grandes_empresas,13813.923000,32971.667000,495296.038000,542081.628000
2018-10-31,GNB,hipotecario,34450.704000,4227.787000,1081398.851000,1120077.342000
2018-10-31,GNB,medianas_empresas,63429.040000,122055.655000,362904.864000,548389.559000
2018-10-31,GNB,microempresas,36.435000,0.000000,4069.613000,4106.048000
2018-10-31,GNB,pequenas_empresas,1546.802000,198.290000,35682.222000,37427.314000
2018-10-31,ICBC,corporativo,0.000000,0.000000,291613.471000,291613.471000
2018-10-31,ICBC,grandes_empresas,0.000000,0.000000,38697.500000,38697.500000
2018-10-31,ICBC,medianas_empresas,0.000000,0.000000,6209.102000,6209.102000
2018-10-31,INTERBANK,consumo,323099.628210,145401.487880,10108257.064520,10576758.180610
2018-10-31,INTERBANK,corporativo,248.066000,0.000000,6432200.704000,6432448.770000
2018-10-31,INTERBANK,grandes_empresas,93071.486000,9126.137000,4139071.995000,4241269.618000
2018-10-31,INTERBANK,hipotecario,247970.205000,22945.124000,5996303.713000,6267219.042000
2018-10-31,INTERBANK,medianas_empresas,118459.997000,19271.656000,3141435.792000,3279167.445000
2018-10-31,INTERBANK,microempresas,895.438000,118.247000,13753.565000,14767.250000
2018-10-31,INTERBANK,pequenas_empresas,56693.458000,18955.369000,637599.363000,713248.190000
2018-10-31,MIBANCO,consumo,15547.346100,6489.926110,542031.119850,564068.392060
2018-10-31,MIBANCO,hipotecario,17807.743000,3164.335000,475867.627000,496839.705000
2018-10-31,MIBANCO,medianas_empresas,23244.908000,3163.492000,215556.128000,241964.528000
2018-10-31,MIBANCO,microempresas,101075.056000,14439.186000,2647641.400000,2763155.642000
2018-10-31,MIBANCO,pequenas_empresas,375270.368000,99090.998000,5255061.898000,5729423.264000
2018-10-31,PICHINCHA,consumo,51090.526870,24293.755090,2128679.711340,2204063.993300
2018-10-31,PICHINCHA,corporativo,0.000000,32921.360000,408551.493000,441472.853000
2018-10-31,PICHINCHA,grandes_empresas,24745.243000,69466.244000,1305962.495000,1400173.982000
2018-10-31,PICHINCHA,hipotecario,27586.102000,4136.737000,987989.987000,1019712.826000
2018-10-31,PICHINCHA,medianas_empresas,122215.561000,142288.880000,1215698.801000,1480203.242000
2018-10-31,PICHINCHA,microempresas,7661.228000,840.822000,177325.385000,185827.435000
2018-10-31,PICHINCHA,pequenas_empresas,27053.255000,8484.847000,448323.648000,483861.750000
2018-10-31,RIPLEY,consumo,56578.329660,7765.654700,1740795.151680,1805139.136040
2018-10-31,SANTANDER,consumo,0.000000,0.000000,2505.716700,2505.716700
2018-10-31,SANTANDER,corporativo,46.525000,17578.658000,1754136.162000,1771761.345000
2018-10-31,SANTANDER,grandes_empresas,13902.106000,22330.445000,1573767.082000,1609999.633000
2018-10-31,SANTANDER,medianas_empresas,9950.748000,90.456000,501676.716000,511717.920000
2018-10-31,SANTANDER,pequenas_empresas,9.853000,0.000000,2219.968000,2229.821000
2018-10-31,SCOTIABANK,consumo,304525.118240,141284.545250,7706325.701510,8152135.365000
2018-10-31,SCOTIABANK,corporativo,5146.834000,0.000000,15653010.392000,15658157.226000
2018-10-31,SCOTIABANK,grandes_empresas,118330.398000,164010.620000,6255543.180000,6537884.198000
2018-10-31,SCOTIABANK,hipotecario,279811.903000,101329.702000,6426929.475000,6808071.080000
2018-10-31,SCOTIABANK,medianas_empresas,537265.082000,100412.614000,5712853.915000,6350531.611000
2018-10-31,SCOTIABANK,microempresas,4252.815000,2538.273000,64905.479000,71696.567000
2018-10-31,SCOTIABANK,pequenas_empresas,322391.795000,79778.080000,1817616.724000,2219786.599000
2018-11-30,ALFIN,consumo,32708.288420,0.000000,314730.477060,347438.765480
2018-11-30,BANCOM,consumo,23300.021700,8958.901230,1129828.655510,1162087.578440
2018-11-30,BANCOM,corporativo,0.116000,0.000000,72611.267000,72611.383000
2018-11-30,BANCOM,grandes_empresas,0.000000,0.000000,148823.009000,148823.009000
2018-11-30,BANCOM,hipotecario,1313.037000,0.000000,50474.512000,51787.549000
2018-11-30,BANCOM,medianas_empresas,25523.891000,1556.249000,19686.939000,46767.079000
2018-11-30,BANCOM,microempresas,5.200000,2.539000,121.197000,128.936000
2018-11-30,BANCOM,pequenas_empresas,337.580000,50.285000,3049.060000,3436.925000
2018-11-30,BBVA,consumo,177556.223960,57850.468250,5539667.801390,5775074.493600
2018-11-30,BBVA,corporativo,213.483000,0.000000,12690149.921000,12690363.404000
2018-11-30,BBVA,grandes_empresas,202036.110000,198647.649000,9518450.729000,9919134.488000
2018-11-30,BBVA,hipotecario,250403.829000,210393.326000,12320787.916000,12781585.071000
2018-11-30,BBVA,medianas_empresas,1029031.529000,542017.547000,10281663.402000,11852712.478000
2018-11-30,BBVA,microempresas,1543.638000,2284.866000,187725.105000,191553.609000
2018-11-30,BBVA,pequenas_empresas,102229.302000,42667.109000,1280699.460000,1425595.871000
2018-11-30,BCP,consumo,341186.129290,212552.339770,11450646.724740,12004385.193800
2018-11-30,BCP,corporativo,3615.295000,227719.630000,26829534.951000,27060869.876000
2018-11-30,BCP,grandes_empresas,64421.469000,116548.546000,14616792.639000,14797762.654000
2018-11-30,BCP,hipotecario,451428.317000,68450.965000,14100869.750000,14620749.032000
2018-11-30,BCP,medianas_empresas,1123346.185000,328013.445000,14109230.094000,15560589.724000
2018-11-30,BCP,microempresas,9970.569000,1144.777000,296087.873000,307203.219000
2018-11-30,BCP,pequenas_empresas,502440.538000,125091.477000,3805471.169000,4433003.184000
2018-11-30,BIF,consumo,31987.965300,6021.745210,1425038.985330,1463048.695840
2018-11-30,BIF,corporativo,5233.234000,0.000000,2297277.269000,2302510.503000
2018-11-30,BIF,grandes_empresas,30222.777000,70188.537000,2432920.026000,2533331.340000
2018-11-30,BIF,hipotecario,27297.811000,10238.247000,1674741.151000,1712277.209000
2018-11-30,BIF,medianas_empresas,208446.460000,92737.392000,1791766.380000,2092950.232000
2018-11-30,BIF,microempresas,1589.374000,0.000000,2435.566000,4024.940000
2018-11-30,BIF,pequenas_empresas,14982.138000,2516.428000,40005.836000,57504.402000
2018-11-30,CENCOSUD,consumo,41148.057760,3916.879880,739274.456210,784339.393850
2018-11-30,CITIBANK,corporativo,0.000000,5595.168000,1464378.563000,1469973.731000
2018-11-30,CITIBANK,grandes_empresas,0.000000,0.000000,1141178.496000,1141178.496000
2018-11-30,CITIBANK,medianas_empresas,0.000000,0.000000,125116.108000,125116.108000
2018-11-30,CITIBANK,microempresas,0.000000,0.000000,160.827000,160.827000
2018-11-30,CITIBANK,pequenas_empresas,0.000000,0.000000,3964.878000,3964.878000
2018-11-30,FALABELLA,consumo,93282.643310,100774.461910,2790194.512790,2984251.618010
2018-11-30,FALABELLA,grandes_empresas,0.000000,0.000000,2.923000,2.923000
2018-11-30,FALABELLA,hipotecario,29.562000,18.794000,3124.774000,3173.130000
2018-11-30,FALABELLA,medianas_empresas,0.000000,0.000000,0.589000,0.589000
2018-11-30,GNB,consumo,13025.528670,5125.646940,1122124.271820,1140275.447430
2018-11-30,GNB,corporativo,0.000000,1675.165000,462093.152000,463768.317000
2018-11-30,GNB,grandes_empresas,8655.278000,32857.237000,491740.638000,533253.153000
2018-11-30,GNB,hipotecario,32163.057000,4213.004000,1082545.423000,1118921.484000
2018-11-30,GNB,medianas_empresas,50225.674000,123163.484000,371705.379000,545094.537000
2018-11-30,GNB,microempresas,0.000000,0.000000,4006.187000,4006.187000
2018-11-30,GNB,pequenas_empresas,1216.747000,315.365000,32981.319000,34513.431000
2018-11-30,ICBC,corporativo,0.000000,0.000000,417689.913000,417689.913000
2018-11-30,ICBC,grandes_empresas,0.000000,0.000000,30420.000000,30420.000000
2018-11-30,ICBC,medianas_empresas,0.000000,0.000000,17931.956000,17931.956000
2018-11-30,INTERBANK,consumo,323005.741420,144698.757330,10275214.473470,10742918.972220
2018-11-30,INTERBANK,corporativo,568.194000,0.000000,6528338.266000,6528906.460000
2018-11-30,INTERBANK,grandes_empresas,94384.095000,8970.680000,4080779.766000,4184134.541000
2018-11-30,INTERBANK,hipotecario,250314.421000,23664.559000,6077872.067000,6351851.047000
2018-11-30,INTERBANK,medianas_empresas,124415.173000,18134.409000,3393723.775000,3536273.357000
2018-11-30,INTERBANK,microempresas,1017.662000,360.981000,14190.179000,15568.822000
2018-11-30,INTERBANK,pequenas_empresas,55092.792000,19185.121000,636427.189000,710705.102000
2018-11-30,MIBANCO,consumo,15028.177570,6442.075820,543781.930380,565252.183770
2018-11-30,MIBANCO,hipotecario,18056.615000,2971.655000,481303.750000,502332.020000
2018-11-30,MIBANCO,medianas_empresas,24610.325000,3065.329000,220568.385000,248244.039000
2018-11-30,MIBANCO,microempresas,98874.786000,14601.467000,2694702.648000,2808178.901000
2018-11-30,MIBANCO,pequenas_empresas,369692.989000,101360.700000,5354021.883000,5825075.572000
2018-11-30,PICHINCHA,consumo,53924.771360,24377.378850,2158843.818460,2237145.968670
2018-11-30,PICHINCHA,corporativo,0.000000,32742.729000,448204.231000,480946.960000
2018-11-30,PICHINCHA,grandes_empresas,27882.692000,68485.447000,1317133.193000,1413501.332000
2018-11-30,PICHINCHA,hipotecario,28856.232000,4231.129000,997102.134000,1030189.495000
2018-11-30,PICHINCHA,medianas_empresas,123800.559000,174954.352000,1224587.584000,1523342.495000
2018-11-30,PICHINCHA,microempresas,7178.538000,1036.814000,199811.704000,208027.056000
2018-11-30,PICHINCHA,pequenas_empresas,28097.841000,9102.633000,449942.831000,487143.305000
2018-11-30,RIPLEY,consumo,54677.905210,7336.773420,1779629.988920,1841644.667550
2018-11-30,SANTANDER,consumo,0.000000,0.000000,2644.549340,2644.549340
2018-11-30,SANTANDER,corporativo,46.525000,17578.658000,1858070.010000,1875695.193000
2018-11-30,SANTANDER,grandes_empresas,13809.310000,21744.697000,1570169.246000,1605723.253000
2018-11-30,SANTANDER,medianas_empresas,9600.248000,0.000000,536721.151000,546321.399000
2018-11-30,SANTANDER,pequenas_empresas,88.698000,0.000000,2211.094000,2299.792000
2018-11-30,SCOTIABANK,consumo,312919.726500,150242.731120,7807626.483470,8270788.941090
2018-11-30,SCOTIABANK,corporativo,5147.774000,0.000000,15404548.358000,15409696.132000
2018-11-30,SCOTIABANK,grandes_empresas,116825.286000,171358.960000,6440571.532000,6728755.778000
2018-11-30,SCOTIABANK,hipotecario,287674.206000,100952.925000,6485811.364000,6874438.495000
2018-11-30,SCOTIABANK,medianas_empresas,533777.890000,99889.218000,5260374.153000,5894041.261000
2018-11-30,SCOTIABANK,microempresas,4660.853000,2540.629000,94380.784000,101582.266000
2018-11-30,SCOTIABANK,pequenas_empresas,322138.916000,82284.428000,1821407.642000,2225830.986000
2018-12-31,ALFIN,consumo,33125.882550,0.000000,320709.885260,353835.767810
2018-12-31,BANCOM,consumo,18496.004650,9149.423490,1134417.803600,1162063.231740
2018-12-31,BANCOM,corporativo,0.116000,0.000000,59155.780000,59155.896000
2018-12-31,BANCOM,grandes_empresas,0.000000,0.000000,148988.785000,148988.785000
2018-12-31,BANCOM,hipotecario,1376.659000,0.000000,52924.120000,54300.779000
2018-12-31,BANCOM,medianas_empresas,19445.809000,1314.330000,23211.277000,43971.416000
2018-12-31,BANCOM,microempresas,3.550000,1.795000,122.392000,127.737000
2018-12-31,BANCOM,pequenas_empresas,57.573000,48.633000,1008.800000,1115.006000
2018-12-31,BBVA,consumo,133585.723610,55946.641900,5506130.920570,5695663.286080
2018-12-31,BBVA,corporativo,12.802000,0.000000,12263540.922000,12263553.724000
2018-12-31,BBVA,grandes_empresas,167146.739000,199990.055000,9620800.891000,9987937.685000
2018-12-31,BBVA,hipotecario,251028.052000,212990.567000,12301458.956000,12765477.575000
2018-12-31,BBVA,medianas_empresas,944974.299000,576930.215000,10476376.902000,11998281.416000
2018-12-31,BBVA,microempresas,1435.292000,453.734000,90705.844000,92594.870000
2018-12-31,BBVA,pequenas_empresas,94545.253000,40089.820000,1267605.158000,1402240.231000
2018-12-31,BCP,consumo,318575.849680,209681.052540,11545740.858070,12073997.760290
2018-12-31,BCP,corporativo,12.920000,338863.026000,28729638.191000,29068514.137000
2018-12-31,BCP,grandes_empresas,78842.109000,119905.082000,15106208.508000,15304955.699000
2018-12-31,BCP,hipotecario,448130.441000,68729.933000,14270477.443000,14787337.817000
2018-12-31,BCP,medianas_empresas,1129017.898000,321428.678000,14410738.979000,15861185.555000
2018-12-31,BCP,microempresas,10573.206000,1009.143000,279209.010000,290791.359000
2018-12-31,BCP,pequenas_empresas,461515.431000,125014.268000,3850888.125000,4437417.824000
2018-12-31,BIF,consumo,32867.157530,5294.664280,1424423.177190,1462584.999000
2018-12-31,BIF,corporativo,5002.838000,0.000000,2266137.562000,2271140.400000
2018-12-31,BIF,grandes_empresas,26771.442000,73390.484000,2434341.573000,2534503.499000
2018-12-31,BIF,hipotecario,27347.351000,10782.865000,1689938.664000,1728068.880000
2018-12-31,BIF,medianas_empresas,186395.156000,88657.731000,1773973.644000,2049026.531000
2018-12-31,BIF,microempresas,1711.675000,0.000000,3358.169000,5069.844000
2018-12-31,BIF,pequenas_empresas,15007.623000,2420.971000,42398.421000,59827.015000
2018-12-31,CENCOSUD,consumo,46392.828750,3951.312340,765882.331230,816226.472320
2018-12-31,CITIBANK,corporativo,0.000000,5583.581000,1583251.919000,1588835.500000
2018-12-31,CITIBANK,grandes_empresas,0.000000,0.000000,1027597.389000,1027597.389000
2018-12-31,CITIBANK,medianas_empresas,0.000000,0.000000,124517.045000,124517.045000
2018-12-31,CITIBANK,microempresas,0.000000,0.000000,131.469000,131.469000
2018-12-31,CITIBANK,pequenas_empresas,0.000000,0.000000,3966.649000,3966.649000
2018-12-31,FALABELLA,consumo,90589.931020,98209.831870,2863526.679590,3052326.442480
2018-12-31,FALABELLA,grandes_empresas,0.000000,0.000000,2.611000,2.611000
2018-12-31,FALABELLA,hipotecario,237.355000,16.990000,3035.719000,3290.064000
2018-12-31,FALABELLA,medianas_empresas,0.000000,0.000000,0.774000,0.774000
2018-12-31,GNB,consumo,12674.097720,4979.023230,1132050.120540,1149703.241490
2018-12-31,GNB,corporativo,0.000000,1598.756000,429776.230000,431374.986000
2018-12-31,GNB,grandes_empresas,11021.546000,33131.641000,480124.568000,524277.755000
2018-12-31,GNB,hipotecario,30619.706000,4137.208000,1066757.752000,1101514.666000
2018-12-31,GNB,medianas_empresas,43992.352000,124276.495000,381585.565000,549854.412000
2018-12-31,GNB,microempresas,0.000000,0.000000,4493.744000,4493.744000
2018-12-31,GNB,pequenas_empresas,1456.434000,302.299000,29469.783000,31228.516000
2018-12-31,ICBC,corporativo,0.000000,0.000000,485128.205000,485128.205000
2018-12-31,ICBC,grandes_empresas,0.000000,0.000000,26984.000000,26984.000000
2018-12-31,ICBC,medianas_empresas,0.000000,0.000000,44440.585000,44440.585000
2018-12-31,INTERBANK,consumo,339862.882930,140970.483880,10410445.071220,10891278.438030
2018-12-31,INTERBANK,corporativo,386.478000,0.000000,6625836.638000,6626223.116000
2018-12-31,INTERBANK,grandes_empresas,94921.083000,8769.878000,4161286.946000,4264977.907000
2018-12-31,INTERBANK,hipotecario,252577.106000,24281.012000,6145063.715000,6421921.833000
2018-12-31,INTERBANK,medianas_empresas,115246.706000,16917.561000,3457064.127000,3589228.394000
2018-12-31,INTERBANK,microempresas,1052.085000,343.484000,14799.687000,16195.256000
2018-12-31,INTERBANK,pequenas_empresas,53068.148000,19101.713000,636017.458000,708187.319000
2018-12-31,MIBANCO,consumo,15070.115650,6270.503410,542993.397160,564334.016220
2018-12-31,MIBANCO,hipotecario,19426.202000,2909.000000,482758.688000,505093.890000
2018-12-31,MIBANCO,medianas_empresas,24836.321000,2424.485000,218781.524000,246042.330000
2018-12-31,MIBANCO,microempresas,97167.240000,14002.110000,2698663.144000,2809832.494000
2018-12-31,MIBANCO,pequenas_empresas,368281.594000,101620.739000,5354297.477000,5824199.810000
2018-12-31,PICHINCHA,consumo,58676.421650,24870.041680,2184147.511590,2267693.974920
2018-12-31,PICHINCHA,corporativo,0.000000,43288.423000,389570.344000,432858.767000
2018-12-31,PICHINCHA,grandes_empresas,26162.367000,74714.807000,1361781.107000,1462658.281000
2018-12-31,PICHINCHA,hipotecario,29664.030000,4167.470000,998012.084000,1031843.584000
2018-12-31,PICHINCHA,medianas_empresas,106679.072000,157904.545000,1250219.688000,1514803.305000
2018-12-31,PICHINCHA,microempresas,7639.664000,1130.395000,200272.798000,209042.857000
2018-12-31,PICHINCHA,pequenas_empresas,26212.688000,9367.340000,446792.511000,482372.539000
2018-12-31,RIPLEY,consumo,55974.451120,6816.881760,1848610.853720,1911402.186600
2018-12-31,SANTANDER,consumo,0.000000,0.000000,2634.949420,2634.949420
2018-12-31,SANTANDER,corporativo,46.525000,17578.658000,1690052.415000,1707677.598000
2018-12-31,SANTANDER,grandes_empresas,15057.797000,19732.501000,1650466.703000,1685257.001000
2018-12-31,SANTANDER,medianas_empresas,9334.690000,183.812000,529931.406000,539449.908000
2018-12-31,SANTANDER,pequenas_empresas,88.698000,0.000000,2345.304000,2434.002000
2018-12-31,SCOTIABANK,consumo,308055.600810,150493.411260,7826370.663910,8284919.675980
2018-12-31,SCOTIABANK,corporativo,5147.914000,0.000000,15995964.945000,16001112.859000
2018-12-31,SCOTIABANK,grandes_empresas,125713.599000,165445.104000,6390965.393000,6682124.096000
2018-12-31,SCOTIABANK,hipotecario,301215.110000,103675.152000,6478384.474000,6883274.736000
2018-12-31,SCOTIABANK,medianas_empresas,561543.184000,95277.552000,5206078.845000,5862899.581000
2018-12-31,SCOTIABANK,microempresas,4624.904000,2768.419000,91383.157000,98776.480000
2018-12-31,SCOTIABANK,pequenas_empresas,318952.530000,81737.914000,1801347.244000,2202037.688000
2019-01-31,ALFIN,consumo,32738.088610,0.000000,319147.021690,351885.110300
2019-01-31,BANCOM,consumo,19895.978710,9556.767960,1138111.059300,1167563.805970
2019-01-31,BANCOM,corporativo,0.116000,0.000000,68864.117000,68864.233000
2019-01-31,BANCOM,grandes_empresas,213.087000,0.000000,139100.550000,139313.637000
2019-01-31,BANCOM,hipotecario,1149.004000,0.000000,53988.978000,55137.982000
2019-01-31,BANCOM,medianas_empresas,18994.261000,1238.997000,23745.842000,43979.100000
2019-01-31,BANCOM,microempresas,3.516000,1.033000,123.096000,127.645000
2019-01-31,BANCOM,pequenas_empresas,53.671000,36.314000,495.665000,585.650000
2019-01-31,BBVA,consumo,159539.988520,57776.181410,5481191.999230,5698508.169160
2019-01-31,BBVA,corporativo,12.799000,0.000000,13106924.339000,13106937.138000
2019-01-31,BBVA,grandes_empresas,164564.030000,149803.975000,9189748.221000,9504116.226000
2019-01-31,BBVA,hipotecario,255967.046000,212152.583000,12272978.064000,12741097.693000
2019-01-31,BBVA,medianas_empresas,993569.575000,569709.206000,9978276.485000,11541555.266000
2019-01-31,BBVA,microempresas,1542.128000,10749.777000,74213.759000,86505.664000
2019-01-31,BBVA,pequenas_empresas,97570.165000,40879.979000,1268192.215000,1406642.359000
2019-01-31,BCP,consumo,305052.002890,210263.258250,11634785.152610,12150100.413750
2019-01-31,BCP,corporativo,10.331000,280205.220000,26225825.919000,26506041.470000
2019-01-31,BCP,grandes_empresas,91972.153000,104620.007000,14728628.249000,14925220.409000
2019-01-31,BCP,hipotecario,459464.627000,66873.259000,14330844.739000,14857182.625000
2019-01-31,BCP,medianas_empresas,1158969.312000,319816.355000,13929909.930000,15408695.597000
2019-01-31,BCP,microempresas,11069.728000,914.765000,263562.756000,275547.249000
2019-01-31,BCP,pequenas_empresas,448345.794000,123107.594000,3687706.641000,4259160.029000
2019-01-31,BIF,consumo,35047.674110,5535.465450,1429060.776770,1469643.916330
2019-01-31,BIF,corporativo,4926.588000,0.000000,2293564.318000,2298490.906000
2019-01-31,BIF,grandes_empresas,27722.980000,80712.509000,2432691.004000,2541126.493000
2019-01-31,BIF,hipotecario,29182.994000,12316.096000,1702800.270000,1744299.360000
2019-01-31,BIF,medianas_empresas,194705.454000,85179.840000,1765860.798000,2045746.092000
2019-01-31,BIF,microempresas,1721.561000,7.855000,3012.023000,4741.439000
2019-01-31,BIF,pequenas_empresas,14022.337000,2590.006000,47821.079000,64433.422000
2019-01-31,CENCOSUD,consumo,47124.301090,4583.948830,764333.565680,816041.815600
2019-01-31,CITIBANK,corporativo,0.000000,5519.021000,1613857.064000,1619376.085000
2019-01-31,CITIBANK,grandes_empresas,0.000000,0.000000,971775.043000,971775.043000
2019-01-31,CITIBANK,medianas_empresas,0.000000,0.000000,212161.171000,212161.171000
2019-01-31,CITIBANK,microempresas,0.000000,0.000000,120.099000,120.099000
2019-01-31,CITIBANK,pequenas_empresas,0.000000,0.000000,593.540000,593.540000
2019-01-31,FALABELLA,consumo,88404.945680,96983.159720,2813772.216000,2999160.321400
2019-01-31,FALABELLA,grandes_empresas,0.000000,0.000000,0.086000,0.086000
2019-01-31,FALABELLA,hipotecario,184.075000,15.157000,2937.944000,3137.176000
2019-01-31,FALABELLA,medianas_empresas,0.000000,0.000000,0.169000,0.169000
2019-01-31,GNB,consumo,14300.051800,4857.020210,1146280.385570,1165437.457580
2019-01-31,GNB,corporativo,0.000000,1521.709000,447166.851000,448688.560000
2019-01-31,GNB,grandes_empresas,13659.830000,31969.986000,472549.967000,518179.783000
2019-01-31,GNB,hipotecario,30761.106000,4018.273000,1050271.170000,1085050.549000
2019-01-31,GNB,medianas_empresas,45939.872000,125828.594000,378592.888000,550361.354000
2019-01-31,GNB,microempresas,0.000000,0.000000,2851.596000,2851.596000
2019-01-31,GNB,pequenas_empresas,1469.682000,289.020000,29213.973000,30972.675000
2019-01-31,ICBC,corporativo,0.000000,0.000000,452765.727000,452765.727000
2019-01-31,ICBC,grandes_empresas,0.000000,0.000000,26672.000000,26672.000000
2019-01-31,ICBC,medianas_empresas,0.000000,0.000000,43793.756000,43793.756000
2019-01-31,INTERBANK,consumo,342254.098110,141631.151670,10565395.504460,11049280.754240
2019-01-31,INTERBANK,corporativo,675.438000,0.000000,6680174.972000,6680850.410000
2019-01-31,INTERBANK,grandes_empresas,96206.173000,8509.732000,4213812.105000,4318528.010000
2019-01-31,INTERBANK,hipotecario,254025.532000,23878.292000,6169534.175000,6447437.999000
2019-01-31,INTERBANK,medianas_empresas,119784.172000,16497.336000,3437225.955000,3573507.463000
2019-01-31,INTERBANK,microempresas,977.553000,155.215000,15473.156000,16605.924000
2019-01-31,INTERBANK,pequenas_empresas,53923.781000,18804.905000,634144.433000,706873.119000
2019-01-31,MIBANCO,consumo,14854.834330,6309.183930,547857.199980,569021.218240
2019-01-31,MIBANCO,hipotecario,20317.515000,2831.722000,485449.457000,508598.694000
2019-01-31,MIBANCO,medianas_empresas,24992.625000,2790.967000,223265.757000,251049.349000
2019-01-31,MIBANCO,microempresas,97025.476000,14127.333000,2693454.635000,2804607.444000
2019-01-31,MIBANCO,pequenas_empresas,372447.789000,101281.027000,5378522.296000,5852251.112000
2019-01-31,PICHINCHA,consumo,61263.238710,25817.842420,2204702.184990,2291783.266120
2019-01-31,PICHINCHA,corporativo,0.000000,43092.270000,435246.692000,478338.962000
2019-01-31,PICHINCHA,grandes_empresas,31948.419000,64518.301000,1270009.402000,1366476.122000
2019-01-31,PICHINCHA,hipotecario,31920.795000,4125.240000,1002420.345000,1038466.380000
2019-01-31,PICHINCHA,medianas_empresas,109674.526000,161012.443000,1382983.472000,1653670.441000
2019-01-31,PICHINCHA,microempresas,8170.268000,1192.098000,202820.044000,212182.410000
2019-01-31,PICHINCHA,pequenas_empresas,26534.162000,9918.923000,444508.837000,480961.922000
2019-01-31,RIPLEY,consumo,58302.574980,6276.796710,1820034.409830,1884613.781520
2019-01-31,SANTANDER,consumo,0.000000,0.000000,2486.111840,2486.111840
2019-01-31,SANTANDER,corporativo,46.525000,17578.658000,1765573.541000,1783198.724000
2019-01-31,SANTANDER,grandes_empresas,15766.305000,18818.123000,1591092.482000,1625676.910000
2019-01-31,SANTANDER,medianas_empresas,9233.574000,163.517000,524139.067000,533536.158000
2019-01-31,SANTANDER,pequenas_empresas,88.974000,0.000000,2586.929000,2675.903000
2019-01-31,SCOTIABANK,consumo,308746.538350,153577.057360,7907035.290010,8369358.885720
2019-01-31,SCOTIABANK,corporativo,14513.641000,0.000000,15608375.609000,15622889.250000
2019-01-31,SCOTIABANK,grandes_empresas,118839.374000,166107.731000,6405996.235000,6690943.340000
2019-01-31,SCOTIABANK,hipotecario,298908.678000,106445.275000,6468584.613000,6873938.566000
2019-01-31,SCOTIABANK,medianas_empresas,544291.113000,99348.239000,5287589.632000,5931228.984000
2019-01-31,SCOTIABANK,microempresas,5123.950000,2353.639000,92866.191000,100343.780000
2019-01-31,SCOTIABANK,pequenas_empresas,314784.443000,84809.190000,1798610.800000,2198204.433000
2019-02-28,ALFIN,consumo,32863.167140,0.000000,321931.588430,354794.755570
2019-02-28,BANCOM,consumo,21837.413560,9636.471110,1144455.512300,1175929.396970
2019-02-28,BANCOM,corporativo,0.116000,0.000000,75862.554000,75862.670000
2019-02-28,BANCOM,grandes_empresas,0.000000,0.000000,143921.472000,143921.472000
2019-02-28,BANCOM,hipotecario,1140.100000,0.000000,53933.943000,55074.043000
2019-02-28,BANCOM,medianas_empresas,18914.045000,944.745000,23554.482000,43413.272000
2019-02-28,BANCOM,microempresas,3.486000,0.000000,119.627000,123.113000
2019-02-28,BANCOM,pequenas_empresas,53.671000,30.488000,683.146000,767.305000
2019-02-28,BBVA,consumo,169881.466140,59993.261590,5550416.010490,5780290.738220
2019-02-28,BBVA,corporativo,12.752000,0.000000,12016769.619000,12016782.371000
2019-02-28,BBVA,grandes_empresas,167907.382000,157108.029000,9298940.480000,9623955.891000
2019-02-28,BBVA,hipotecario,250469.976000,219657.226000,12302109.982000,12772237.184000
2019-02-28,BBVA,medianas_empresas,1019626.645000,596771.935000,9761606.868000,11378005.448000
2019-02-28,BBVA,microempresas,1589.774000,468.933000,82070.092000,84128.799000
2019-02-28,BBVA,pequenas_empresas,99490.936000,42363.587000,1257870.187000,1399724.710000
2019-02-28,BCP,consumo,292164.044960,210816.345830,11817772.710310,12320753.101100
2019-02-28,BCP,corporativo,15619.382000,296586.569000,25231720.560000,25543926.511000
2019-02-28,BCP,grandes_empresas,99288.009000,119345.470000,14492873.227000,14711506.706000
2019-02-28,BCP,hipotecario,434308.191000,67788.672000,14431018.614000,14933115.477000
2019-02-28,BCP,medianas_empresas,1138317.673000,292937.199000,13782435.109000,15213689.981000
2019-02-28,BCP,microempresas,11349.890000,956.260000,262783.980000,275090.130000
2019-02-28,BCP,pequenas_empresas,414828.971000,123887.541000,3624271.497000,4162988.009000
2019-02-28,BIF,consumo,37163.965390,5425.951210,1446204.271860,1488794.188460
2019-02-28,BIF,corporativo,4926.507000,0.000000,2308894.372000,2313820.879000
2019-02-28,BIF,grandes_empresas,26357.411000,84669.395000,2446450.994000,2557477.800000
2019-02-28,BIF,hipotecario,31318.235000,14168.553000,1719336.220000,1764823.008000
2019-02-28,BIF,medianas_empresas,189850.688000,83539.382000,1741944.795000,2015334.865000
2019-02-28,BIF,microempresas,1621.780000,5.937000,2909.832000,4537.549000
2019-02-28,BIF,pequenas_empresas,12934.026000,2592.795000,47795.447000,63322.268000
2019-02-28,CENCOSUD,consumo,43831.874030,5156.512250,771275.998110,820264.384390
2019-02-28,CITIBANK,corporativo,0.000000,5467.704000,1547327.444000,1552795.148000
2019-02-28,CITIBANK,grandes_empresas,0.000000,0.000000,975139.666000,975139.666000
2019-02-28,CITIBANK,medianas_empresas,0.000000,0.000000,211181.758000,211181.758000
2019-02-28,CITIBANK,microempresas,0.000000,0.000000,127.887000,127.887000
2019-02-28,CITIBANK,pequenas_empresas,0.000000,0.000000,520.406000,520.406000
2019-02-28,FALABELLA,consumo,82035.776690,96657.388820,2789468.112840,2968161.278350
2019-02-28,FALABELLA,grandes_empresas,0.000000,0.000000,1.527000,1.527000
2019-02-28,FALABELLA,hipotecario,161.556000,13.318000,2851.483000,3026.357000
2019-02-28,GNB,consumo,14721.650990,4915.436850,1162725.804690,1182362.892530
2019-02-28,GNB,corporativo,0.000000,1444.057000,436251.797000,437695.854000
2019-02-28,GNB,grandes_empresas,12499.039000,34982.950000,476993.885000,524475.874000
2019-02-28,GNB,hipotecario,24242.946000,4001.191000,1035779.489000,1064023.626000
2019-02-28,GNB,medianas_empresas,46628.668000,124293.279000,375970.514000,546892.461000
2019-02-28,GNB,microempresas,15.374000,0.000000,2114.074000,2129.448000
2019-02-28,GNB,pequenas_empresas,1532.222000,278.889000,28476.684000,30287.795000
2019-02-28,ICBC,corporativo,0.000000,0.000000,488595.359000,488595.359000
2019-02-28,ICBC,grandes_empresas,0.000000,0.000000,26424.000000,26424.000000
2019-02-28,ICBC,medianas_empresas,0.000000,0.000000,43254.802000,43254.802000
2019-02-28,INTERBANK,consumo,344132.256290,140280.206210,10733484.503180,11217896.965680
2019-02-28,INTERBANK,corporativo,407.475000,0.000000,7014646.602000,7015054.077000
2019-02-28,INTERBANK,grandes_empresas,94332.513000,8265.616000,4257813.474000,4360411.603000
2019-02-28,INTERBANK,hipotecario,247460.183000,26678.537000,6219974.777000,6494113.497000
2019-02-28,INTERBANK,medianas_empresas,120169.540000,15220.867000,3390105.939000,3525496.346000
2019-02-28,INTERBANK,microempresas,972.035000,254.172000,15440.426000,16666.633000
2019-02-28,INTERBANK,pequenas_empresas,54249.237000,19005.203000,642635.493000,715889.933000
2019-02-28,MIBANCO,consumo,14545.791910,6195.713050,553488.750070,574230.255030
2019-02-28,MIBANCO,hipotecario,20758.499000,2847.479000,489056.569000,512662.547000
2019-02-28,MIBANCO,medianas_empresas,24407.634000,2967.146000,233502.441000,260877.221000
2019-02-28,MIBANCO,microempresas,96561.286000,13741.010000,2708740.183000,2819042.479000
2019-02-28,MIBANCO,pequenas_empresas,379012.445000,98857.042000,5406213.686000,5884083.173000
2019-02-28,PICHINCHA,consumo,66017.193290,26308.383410,2233517.500360,2325843.077060
2019-02-28,PICHINCHA,corporativo,1668.549000,42894.778000,419405.207000,463968.534000
2019-02-28,PICHINCHA,grandes_empresas,39489.334000,67817.149000,1305579.156000,1412885.639000
2019-02-28,PICHINCHA,hipotecario,31685.315000,4053.308000,1007553.655000,1043292.278000
2019-02-28,PICHINCHA,medianas_empresas,116901.395000,151351.018000,1357875.301000,1626127.714000
2019-02-28,PICHINCHA,microempresas,8670.022000,1136.351000,204774.131000,214580.504000
2019-02-28,PICHINCHA,pequenas_empresas,28127.439000,9827.902000,421251.548000,459206.889000
2019-02-28,RIPLEY,consumo,57750.886670,8613.072570,1802025.913420,1868389.872660
2019-02-28,SANTANDER,consumo,0.000000,0.000000,1836.899390,1836.899390
2019-02-28,SANTANDER,corporativo,46.648000,17578.658000,1778421.372000,1796046.678000
2019-02-28,SANTANDER,grandes_empresas,15249.710000,19718.642000,1601177.475000,1636145.827000
2019-02-28,SANTANDER,medianas_empresas,9343.137000,143.995000,526950.037000,536437.169000
2019-02-28,SANTANDER,pequenas_empresas,89.031000,0.000000,5535.165000,5624.196000
2019-02-28,SCOTIABANK,consumo,302810.279920,151483.345170,8030309.887290,8484603.512380
2019-02-28,SCOTIABANK,corporativo,5148.304000,0.000000,15402404.166000,15407552.470000
2019-02-28,SCOTIABANK,grandes_empresas,115115.036000,163127.762000,6470694.386000,6748937.184000
2019-02-28,SCOTIABANK,hipotecario,300152.389000,110993.209000,6479977.888000,6891123.486000
2019-02-28,SCOTIABANK,medianas_empresas,563035.229000,110932.617000,5200386.319000,5874354.165000
2019-02-28,SCOTIABANK,microempresas,4084.448000,1607.770000,97699.167000,103391.385000
2019-02-28,SCOTIABANK,pequenas_empresas,313160.596000,82407.653000,1797758.692000,2193326.941000
2019-03-31,ALFIN,consumo,33498.051150,0.000000,326016.632290,359514.683440
2019-03-31,BANCOM,consumo,19765.150130,10155.796930,1149035.505500,1178956.452560
2019-03-31,BANCOM,corporativo,0.116000,0.000000,74658.365000,74658.481000
2019-03-31,BANCOM,grandes_empresas,8730.000000,0.000000,140233.267000,148963.267000
2019-03-31,BANCOM,hipotecario,1116.927000,0.000000,55201.703000,56318.630000
2019-03-31,BANCOM,medianas_empresas,18624.613000,924.946000,25261.398000,44810.957000
2019-03-31,BANCOM,microempresas,3.502000,0.000000,119.875000,123.377000
2019-03-31,BANCOM,pequenas_empresas,53.668000,22.835000,860.085000,936.588000
2019-03-31,BBVA,consumo,164130.961640,60716.888450,5621985.294790,5846833.144880
2019-03-31,BBVA,corporativo,3.398000,0.000000,14043594.950000,14043598.348000
2019-03-31,BBVA,grandes_empresas,163767.311000,155112.709000,9402462.801000,9721342.821000
2019-03-31,BBVA,hipotecario,255525.943000,225643.230000,12357267.077000,12838436.250000
2019-03-31,BBVA,medianas_empresas,986847.567000,597201.988000,10160554.447000,11744604.002000
2019-03-31,BBVA,microempresas,1540.298000,467.506000,85859.586000,87867.390000
2019-03-31,BBVA,pequenas_empresas,94764.803000,42843.491000,1366528.946000,1504137.240000
2019-03-31,BCP,consumo,310104.379550,208418.726450,11931507.700490,12450030.806490
2019-03-31,BCP,corporativo,12556.139000,298194.717000,26891849.817000,27202600.673000
2019-03-31,BCP,grandes_empresas,97560.351000,133421.871000,14495202.116000,14726184.338000
2019-03-31,BCP,hipotecario,429200.168000,67890.948000,14636244.138000,15133335.254000
2019-03-31,BCP,medianas_empresas,1173625.575000,305685.357000,13926760.217000,15406071.149000
2019-03-31,BCP,microempresas,9399.458000,871.284000,273170.698000,283441.440000
2019-03-31,BCP,pequenas_empresas,414282.017000,120263.408000,3645478.068000,4180023.493000
2019-03-31,BIF,consumo,37683.387810,5382.164600,1463839.254810,1506904.807220
2019-03-31,BIF,corporativo,4823.985000,0.000000,2151777.266000,2156601.251000
2019-03-31,BIF,grandes_empresas,26617.474000,83716.962000,2534256.881000,2644591.317000
2019-03-31,BIF,hipotecario,33713.071000,14059.326000,1748534.775000,1796307.172000
2019-03-31,BIF,medianas_empresas,180197.819000,86778.000000,1735537.090000,2002512.909000
2019-03-31,BIF,microempresas,1655.566000,3.986000,3082.764000,4742.316000
2019-03-31,BIF,pequenas_empresas,12434.176000,2137.718000,65513.752000,80085.646000
2019-03-31,CITIBANK,corporativo,0.000000,5492.535000,1428144.931000,1433637.466000
2019-03-31,CITIBANK,grandes_empresas,0.000000,0.000000,1041365.214000,1041365.214000
2019-03-31,CITIBANK,medianas_empresas,0.000000,0.000000,115281.062000,115281.062000
2019-03-31,CITIBANK,microempresas,0.000000,0.000000,131.572000,131.572000
2019-03-31,CITIBANK,pequenas_empresas,0.000000,0.000000,631.408000,631.408000
2019-03-31,FALABELLA,consumo,82272.001280,95254.363970,2803012.129940,2980538.495190
2019-03-31,FALABELLA,grandes_empresas,0.000000,0.000000,0.340000,0.340000
2019-03-31,FALABELLA,hipotecario,154.069000,21.006000,2807.646000,2982.721000
2019-03-31,FALABELLA,medianas_empresas,0.000000,0.000000,0.273000,0.273000
2019-03-31,GNB,consumo,14087.061750,4932.356790,1187347.402150,1206366.820690
2019-03-31,GNB,corporativo,0.000000,1444.057000,400014.040000,401458.097000
2019-03-31,GNB,grandes_empresas,13398.086000,35838.523000,464869.070000,514105.679000
2019-03-31,GNB,hipotecario,26440.221000,3969.949000,1049320.958000,1079731.128000
2019-03-31,GNB,medianas_empresas,47444.955000,116666.786000,373883.267000,537995.008000
2019-03-31,GNB,microempresas,15.374000,0.000000,1522.146000,1537.520000
2019-03-31,GNB,pequenas_empresas,1343.919000,268.755000,28660.792000,30273.466000
2019-03-31,ICBC,corporativo,0.000000,0.000000,445745.428000,445745.428000
2019-03-31,ICBC,grandes_empresas,0.000000,0.000000,46297.600000,46297.600000
2019-03-31,ICBC,medianas_empresas,0.000000,0.000000,43015.990000,43015.990000
2019-03-31,INTERBANK,consumo,342230.467560,143803.472070,10894576.652050,11380610.591680
2019-03-31,INTERBANK,corporativo,1225.610000,0.000000,6773864.069000,6775089.679000
2019-03-31,INTERBANK,grandes_empresas,96583.833000,8581.032000,4190872.847000,4296037.712000
2019-03-31,INTERBANK,hipotecario,249590.480000,26408.220000,6325306.060000,6601304.760000
2019-03-31,INTERBANK,medianas_empresas,122802.142000,14468.174000,3368564.957000,3505835.273000
2019-03-31,INTERBANK,microempresas,887.827000,177.339000,14547.591000,15612.757000
2019-03-31,INTERBANK,pequenas_empresas,54123.069000,20308.884000,648370.617000,722802.570000
2019-03-31,MIBANCO,consumo,14621.984450,5715.403250,556245.332790,576582.720490
2019-03-31,MIBANCO,hipotecario,22871.133000,2859.346000,486932.411000,512662.890000
2019-03-31,MIBANCO,medianas_empresas,24443.821000,3638.646000,233591.826000,261674.293000
2019-03-31,MIBANCO,microempresas,99023.002000,13453.389000,2710794.805000,2823271.196000
2019-03-31,MIBANCO,pequenas_empresas,380930.990000,96080.617000,5439928.740000,5916940.347000
2019-03-31,PICHINCHA,consumo,56153.690780,27016.270010,2267302.483320,2350472.444110
2019-03-31,PICHINCHA,corporativo,0.000000,42681.267000,426271.886000,468953.153000
2019-03-31,PICHINCHA,grandes_empresas,36532.825000,68492.525000,1342299.268000,1447324.618000
2019-03-31,PICHINCHA,hipotecario,33174.091000,4042.569000,1009846.601000,1047063.261000
2019-03-31,PICHINCHA,medianas_empresas,115079.179000,151166.676000,1346977.494000,1613223.349000
2019-03-31,PICHINCHA,microempresas,9860.888000,1179.424000,209214.627000,220254.939000
2019-03-31,PICHINCHA,pequenas_empresas,30702.072000,9488.113000,421086.408000,461276.593000
2019-03-31,RIPLEY,consumo,54318.205670,12553.871550,1805073.418490,1871945.495710
2019-03-31,SANTANDER,consumo,0.000000,0.000000,2514.387570,2514.387570
2019-03-31,SANTANDER,corporativo,109.854000,17578.658000,1830667.790000,1848356.302000
2019-03-31,SANTANDER,grandes_empresas,12560.788000,24585.970000,1650808.029000,1687954.787000
2019-03-31,SANTANDER,medianas_empresas,9330.403000,126.566000,527903.165000,537360.134000
2019-03-31,SANTANDER,pequenas_empresas,0.000000,0.000000,4684.818000,4684.818000
2019-03-31,SCOTIABANK,consumo,304886.430440,148769.607280,8147872.090070,8601528.127790
2019-03-31,SCOTIABANK,corporativo,5228.061000,0.000000,15038007.549000,15043235.610000
2019-03-31,SCOTIABANK,grandes_empresas,135314.332000,162291.764000,6369754.315000,6667360.411000
2019-03-31,SCOTIABANK,hipotecario,295417.525000,117389.167000,6516146.038000,6928952.730000
2019-03-31,SCOTIABANK,medianas_empresas,560603.679000,109531.319000,5248691.805000,5918826.803000
2019-03-31,SCOTIABANK,microempresas,4022.922000,1557.078000,97630.208000,103210.208000
2019-03-31,SCOTIABANK,pequenas_empresas,312859.658000,82177.056000,1790048.977000,2185085.691000
2019-04-30,ALFIN,consumo,33275.521800,0.000000,327651.607470,360927.129270
2019-04-30,BANCOM,consumo,22697.952300,10176.329180,1157386.140580,1190260.422060
2019-04-30,BANCOM,corporativo,0.116000,0.000000,32041.274000,32041.390000
2019-04-30,BANCOM,grandes_empresas,11080.041000,0.000000,175485.031000,186565.072000
2019-04-30,BANCOM,hipotecario,1252.551000,43.662000,54978.036000,56274.249000
2019-04-30,BANCOM,medianas_empresas,18912.859000,909.485000,31062.886000,50885.230000
2019-04-30,BANCOM,microempresas,3.559000,0.000000,113.684000,117.243000
2019-04-30,BANCOM,pequenas_empresas,53.668000,17.166000,570.014000,640.848000
2019-04-30,BBVA,consumo,187303.359130,61717.844330,5620694.094440,5869715.297900
2019-04-30,BBVA,corporativo,8026.666000,0.000000,13264930.180000,13272956.846000
2019-04-30,BBVA,grandes_empresas,161446.655000,165189.408000,9285608.906000,9612244.969000
2019-04-30,BBVA,hipotecario,252848.428000,228245.046000,12346353.336000,12827446.810000
2019-04-30,BBVA,medianas_empresas,1008516.640000,598283.423000,10432995.348000,12039795.411000
2019-04-30,BBVA,microempresas,1759.994000,215.491000,90765.072000,92740.557000
2019-04-30,BBVA,pequenas_empresas,103554.328000,39474.425000,1293609.771000,1436638.524000
2019-04-30,BCP,consumo,308576.771290,210747.378680,12055636.298020,12574960.447990
2019-04-30,BCP,corporativo,1099.209000,244784.621000,26261455.420000,26507339.250000
2019-04-30,BCP,grandes_empresas,113617.479000,135825.773000,14689013.572000,14938456.824000
2019-04-30,BCP,hipotecario,441889.894000,67468.905000,14739793.810000,15249152.609000
2019-04-30,BCP,medianas_empresas,1223272.619000,303499.028000,13993425.229000,15520196.876000
2019-04-30,BCP,microempresas,9089.808000,822.571000,275038.497000,284950.876000
2019-04-30,BCP,pequenas_empresas,431395.489000,114560.311000,3611956.647000,4157912.447000
2019-04-30,BIF,consumo,39359.240920,5288.168550,1481191.808200,1525839.217670
2019-04-30,BIF,corporativo,4830.694000,0.000000,2198375.074000,2203205.768000
2019-04-30,BIF,grandes_empresas,21892.281000,87913.582000,2565929.649000,2675735.512000
2019-04-30,BIF,hipotecario,33037.963000,14265.862000,1772331.835000,1819635.660000
2019-04-30,BIF,medianas_empresas,175763.487000,87284.184000,1700266.778000,1963314.449000
2019-04-30,BIF,microempresas,1672.678000,2.016000,3693.859000,5368.553000
2019-04-30,BIF,pequenas_empresas,12519.925000,2527.226000,65189.396000,80236.547000
2019-04-30,CITIBANK,corporativo,0.000000,5477.637000,1364379.742000,1369857.379000
2019-04-30,CITIBANK,grandes_empresas,0.000000,0.000000,1239030.821000,1239030.821000
2019-04-30,CITIBANK,medianas_empresas,0.000000,0.000000,113457.733000,113457.733000
2019-04-30,CITIBANK,microempresas,0.000000,0.000000,9144.233000,9144.233000
2019-04-30,CITIBANK,pequenas_empresas,0.000000,0.000000,890.187000,890.187000
2019-04-30,FALABELLA,consumo,83929.683780,94262.900760,2822967.518460,3001160.103000
2019-04-30,FALABELLA,grandes_empresas,0.000000,0.000000,1.052000,1.052000
2019-04-30,FALABELLA,hipotecario,142.779000,19.127000,2773.967000,2935.873000
2019-04-30,FALABELLA,medianas_empresas,0.000000,0.000000,1.628000,1.628000
2019-04-30,GNB,consumo,14010.911830,4748.204590,1208073.217680,1226832.334100
2019-04-30,GNB,corporativo,0.000000,1444.057000,369816.568000,371260.625000
2019-04-30,GNB,grandes_empresas,6910.205000,35706.798000,525730.085000,568347.088000
2019-04-30,GNB,hipotecario,26287.038000,3873.984000,1039464.858000,1069625.880000
2019-04-30,GNB,medianas_empresas,45378.515000,117608.357000,361264.588000,524251.460000
2019-04-30,GNB,microempresas,15.374000,0.000000,1154.807000,1170.181000
2019-04-30,GNB,pequenas_empresas,1581.313000,258.577000,28390.559000,30230.449000
2019-04-30,ICBC,corporativo,0.000000,0.000000,464552.836000,464552.836000
2019-04-30,ICBC,grandes_empresas,0.000000,0.000000,46083.627000,46083.627000
2019-04-30,ICBC,medianas_empresas,0.000000,0.000000,42767.318000,42767.318000
2019-04-30,INTERBANK,consumo,353882.918000,144586.666780,11081190.302510,11579659.887290
2019-04-30,INTERBANK,corporativo,1325.196000,0.000000,6683282.266000,6684607.462000
2019-04-30,INTERBANK,grandes_empresas,101694.507000,8313.855000,4155479.620000,4265487.982000
2019-04-30,INTERBANK,hipotecario,252817.613000,24267.333000,6382022.963000,6659107.909000
2019-04-30,INTERBANK,medianas_empresas,124289.905000,14195.446000,3460017.634000,3598502.985000
2019-04-30,INTERBANK,microempresas,799.496000,133.277000,13021.426000,13954.199000
2019-04-30,INTERBANK,pequenas_empresas,56235.797000,19742.431000,659853.000000,735831.228000
2019-04-30,MIBANCO,consumo,14723.092300,5573.536030,558553.103080,578849.731410
2019-04-30,MIBANCO,hipotecario,23989.689000,2881.073000,486660.277000,513531.039000
2019-04-30,MIBANCO,medianas_empresas,24024.123000,3396.970000,243548.951000,270970.044000
2019-04-30,MIBANCO,microempresas,100941.804000,13391.135000,2695119.624000,2809452.563000
2019-04-30,MIBANCO,pequenas_empresas,379205.526000,95358.128000,5485054.642000,5959618.296000
2019-04-30,PICHINCHA,consumo,51266.394300,27773.867030,2312505.329580,2391545.590910
2019-04-30,PICHINCHA,corporativo,20.633000,42488.262000,372633.578000,415142.473000
2019-04-30,PICHINCHA,grandes_empresas,37435.936000,66274.746000,1340873.383000,1444584.065000
2019-04-30,PICHINCHA,hipotecario,33545.472000,4037.608000,1020624.213000,1058207.293000
2019-04-30,PICHINCHA,medianas_empresas,115752.015000,158407.112000,1406161.175000,1680320.302000
2019-04-30,PICHINCHA,microempresas,9592.806000,1011.200000,209887.046000,220491.052000
2019-04-30,PICHINCHA,pequenas_empresas,27587.844000,9029.634000,415614.401000,452231.879000
2019-04-30,RIPLEY,consumo,55618.936240,13982.840630,1813992.886060,1883594.662930
2019-04-30,SANTANDER,consumo,0.000000,0.000000,1587.208950,1587.208950
2019-04-30,SANTANDER,corporativo,46.525000,17578.658000,1705886.576000,1723511.759000
2019-04-30,SANTANDER,grandes_empresas,12879.518000,23689.497000,1671823.582000,1708392.597000
2019-04-30,SANTANDER,medianas_empresas,9601.667000,108.188000,529590.612000,539300.467000
2019-04-30,SANTANDER,pequenas_empresas,0.054000,0.000000,6098.551000,6098.605000
2019-04-30,SCOTIABANK,consumo,315360.081340,149291.716530,8247634.475490,8712286.273360
2019-04-30,SCOTIABANK,corporativo,5149.032000,26507.182000,16009545.654000,16041201.868000
2019-04-30,SCOTIABANK,grandes_empresas,141828.659000,151999.050000,6485094.683000,6778922.392000
2019-04-30,SCOTIABANK,hipotecario,304839.241000,121150.689000,6520165.281000,6946155.211000
2019-04-30,SCOTIABANK,medianas_empresas,575328.002000,109517.965000,5498403.709000,6183249.676000
2019-04-30,SCOTIABANK,microempresas,4217.677000,1589.479000,79816.794000,85623.950000
2019-04-30,SCOTIABANK,pequenas_empresas,317988.000000,82602.937000,1791670.547000,2192261.484000
2019-05-31,ALFIN,consumo,33787.856320,0.000000,333437.375110,367225.231430
2019-05-31,BANCOM,consumo,25217.463370,10365.395440,1167267.693900,1202850.552710
2019-05-31,BANCOM,corporativo,0.116000,0.000000,62886.621000,62886.737000
2019-05-31,BANCOM,grandes_empresas,0.042000,11780.000000,153550.570000,165330.612000
2019-05-31,BANCOM,hipotecario,1358.477000,43.448000,56389.569000,57791.494000
2019-05-31,BANCOM,medianas_empresas,19067.919000,900.804000,35475.212000,55443.935000
2019-05-31,BANCOM,microempresas,3.382000,0.000000,21.442000,24.824000
2019-05-31,BANCOM,pequenas_empresas,53.669000,17.166000,851.931000,922.766000
2019-05-31,BBVA,consumo,216192.466400,60692.018640,5669877.989510,5946762.474550
2019-05-31,BBVA,corporativo,8028.095000,0.000000,13367379.216000,13375407.311000
2019-05-31,BBVA,grandes_empresas,177565.426000,163515.226000,9383999.025000,9725079.677000
2019-05-31,BBVA,hipotecario,275237.357000,219575.543000,12452761.011000,12947573.911000
2019-05-31,BBVA,medianas_empresas,1057903.341000,602160.359000,10409125.424000,12069189.124000
2019-05-31,BBVA,microempresas,1757.306000,640.748000,96381.278000,98779.332000
2019-05-31,BBVA,pequenas_empresas,110763.965000,39414.274000,1339815.920000,1489994.159000
2019-05-31,BCP,consumo,329437.115030,212263.899550,12224250.365490,12765951.380070
2019-05-31,BCP,corporativo,1151.785000,288420.840000,26913656.346000,27203228.971000
2019-05-31,BCP,grandes_empresas,136464.922000,122851.808000,15119396.094000,15378712.824000
2019-05-31,BCP,hipotecario,450569.556000,65803.132000,14982220.517000,15498593.205000
2019-05-31,BCP,medianas_empresas,1227118.759000,306679.818000,14000657.437000,15534456.014000
2019-05-31,BCP,microempresas,9575.440000,944.781000,285014.271000,295534.492000
2019-05-31,BCP,pequenas_empresas,432564.263000,116165.526000,3652372.875000,4201102.664000
2019-05-31,BIF,consumo,41600.145510,5158.946290,1483559.543500,1530318.635300
2019-05-31,BIF,corporativo,4839.593000,0.000000,2095337.841000,2100177.434000
2019-05-31,BIF,grandes_empresas,23637.263000,87577.481000,2666786.205000,2778000.949000
2019-05-31,BIF,hipotecario,36531.342000,14206.932000,1800079.645000,1850817.919000
2019-05-31,BIF,medianas_empresas,181133.723000,85066.952000,1601197.058000,1867397.733000
2019-05-31,BIF,microempresas,1615.392000,0.000000,7292.783000,8908.175000
2019-05-31,BIF,pequenas_empresas,9629.302000,1811.744000,49024.981000,60466.027000
2019-05-31,CITIBANK,corporativo,0.000000,5576.959000,1302468.581000,1308045.540000
2019-05-31,CITIBANK,grandes_empresas,0.000000,0.000000,1180433.175000,1180433.175000
2019-05-31,CITIBANK,medianas_empresas,0.000000,0.000000,112015.809000,112015.809000
2019-05-31,CITIBANK,microempresas,0.000000,0.000000,114.492000,114.492000
2019-05-31,CITIBANK,pequenas_empresas,0.000000,0.000000,690.410000,690.410000
2019-05-31,FALABELLA,consumo,91515.522550,92488.954630,2822605.267330,3006609.744510
2019-05-31,FALABELLA,grandes_empresas,0.000000,0.000000,0.710000,0.710000
2019-05-31,FALABELLA,hipotecario,138.236000,16.628000,2775.198000,2930.062000
2019-05-31,FALABELLA,medianas_empresas,0.000000,0.000000,0.310000,0.310000
2019-05-31,GNB,consumo,14493.847480,4678.522480,1235206.642190,1254379.012150
2019-05-31,GNB,corporativo,0.000000,1444.057000,374411.125000,375855.182000
2019-05-31,GNB,grandes_empresas,12437.500000,36122.541000,488912.215000,537472.256000
2019-05-31,GNB,hipotecario,29245.589000,3804.587000,1026446.860000,1059497.036000
2019-05-31,GNB,medianas_empresas,42837.144000,118822.915000,363070.625000,524730.684000
2019-05-31,GNB,microempresas,23.513000,0.000000,848.061000,871.574000
2019-05-31,GNB,pequenas_empresas,1956.659000,252.358000,27477.749000,29686.766000
2019-05-31,ICBC,corporativo,0.000000,0.000000,531571.393000,531571.393000
2019-05-31,ICBC,grandes_empresas,0.000000,0.000000,50144.807000,50144.807000
2019-05-31,ICBC,medianas_empresas,0.000000,0.000000,42397.705000,42397.705000
2019-05-31,INTERBANK,consumo,359604.382240,147363.503310,11268449.775620,11775417.661170
2019-05-31,INTERBANK,corporativo,8.807000,0.000000,6819287.700000,6819296.507000
2019-05-31,INTERBANK,grandes_empresas,104528.687000,8003.363000,4151299.587000,4263831.637000
2019-05-31,INTERBANK,hipotecario,262304.682000,24832.607000,6472121.609000,6759258.898000
2019-05-31,INTERBANK,medianas_empresas,126628.889000,14428.773000,3438091.060000,3579148.722000
2019-05-31,INTERBANK,microempresas,853.176000,135.266000,14718.597000,15707.039000
2019-05-31,INTERBANK,pequenas_empresas,53055.166000,21362.342000,664856.125000,739273.633000
2019-05-31,MIBANCO,consumo,15017.970860,5352.831180,560277.840270,580648.642310
2019-05-31,MIBANCO,hipotecario,24657.516000,2953.317000,488171.881000,515782.714000
2019-05-31,MIBANCO,medianas_empresas,24207.319000,3927.108000,251444.078000,279578.505000
2019-05-31,MIBANCO,microempresas,98298.810000,13324.987000,2679809.582000,2791433.379000
2019-05-31,MIBANCO,pequenas_empresas,377379.343000,96309.077000,5530244.083000,6003932.503000
2019-05-31,PICHINCHA,consumo,59317.084450,28228.811400,2401690.850310,2489236.746160
2019-05-31,PICHINCHA,corporativo,0.000000,31560.799000,486877.863000,518438.662000
2019-05-31,PICHINCHA,grandes_empresas,35370.338000,80736.085000,1392999.955000,1509106.378000
2019-05-31,PICHINCHA,hipotecario,34103.481000,4248.940000,1029883.912000,1068236.333000
2019-05-31,PICHINCHA,medianas_empresas,123093.494000,160400.768000,1253359.919000,1536854.181000
2019-05-31,PICHINCHA,microempresas,8742.978000,1090.323000,216018.196000,225851.497000
2019-05-31,PICHINCHA,pequenas_empresas,28684.629000,9609.094000,413222.761000,451516.484000
2019-05-31,RIPLEY,consumo,60104.871270,13495.758970,1831187.870150,1904788.500390
2019-05-31,SANTANDER,consumo,0.000000,0.000000,1696.219640,1696.219640
2019-05-31,SANTANDER,corporativo,46.525000,17578.658000,1726733.468000,1744358.651000
2019-05-31,SANTANDER,grandes_empresas,12969.008000,23312.738000,1675616.896000,1711898.642000
2019-05-31,SANTANDER,medianas_empresas,9386.613000,110.150000,561778.414000,571275.177000
2019-05-31,SANTANDER,pequenas_empresas,0.110000,0.000000,6738.705000,6738.815000
2019-05-31,SCOTIABANK,consumo,328016.013950,151933.898720,8356911.579070,8836861.491740
2019-05-31,SCOTIABANK,corporativo,5183.727000,31964.962000,16253697.966000,16290846.655000
2019-05-31,SCOTIABANK,grandes_empresas,131941.745000,164855.396000,6833289.744000,7130086.885000
2019-05-31,SCOTIABANK,hipotecario,312088.250000,124467.947000,6565836.625000,7002392.822000
2019-05-31,SCOTIABANK,medianas_empresas,597579.013000,102349.882000,5596780.309000,6296709.204000
2019-05-31,SCOTIABANK,microempresas,4120.998000,1617.861000,76291.850000,82030.709000
2019-05-31,SCOTIABANK,pequenas_empresas,320229.629000,84897.041000,1759345.930000,2164472.600000
2019-06-30,ALFIN,consumo,34237.676380,0.000000,341628.141470,375865.817850
2019-06-30,BANCOM,consumo,22887.951830,12682.249700,1182458.056210,1218028.257740
2019-06-30,BANCOM,corporativo,0.116000,0.000000,66754.456000,66754.572000
2019-06-30,BANCOM,grandes_empresas,0.002000,11780.000000,148713.090000,160493.092000
2019-06-30,BANCOM,hipotecario,1353.861000,43.315000,57444.226000,58841.402000
2019-06-30,BANCOM,medianas_empresas,17294.354000,748.822000,28539.275000,46582.451000
2019-06-30,BANCOM,microempresas,3.306000,0.000000,24.872000,28.178000
2019-06-30,BANCOM,pequenas_empresas,53.667000,16.258000,1733.858000,1803.783000
2019-06-30,BBVA,consumo,174113.855550,64326.521180,5707403.709260,5945844.085990
2019-06-30,BBVA,corporativo,8026.666000,0.000000,14523588.937000,14531615.603000
2019-06-30,BBVA,grandes_empresas,141974.978000,168588.884000,9355189.921000,9665753.783000
2019-06-30,BBVA,hipotecario,258937.646000,221844.993000,12513366.097000,12994148.736000
2019-06-30,BBVA,medianas_empresas,1060499.201000,632704.685000,9854548.580000,11547752.466000
2019-06-30,BBVA,microempresas,1919.148000,653.758000,87224.849000,89797.755000
2019-06-30,BBVA,pequenas_empresas,114765.913000,43092.834000,1376072.878000,1533931.625000
2019-06-30,BCP,consumo,330071.535100,207768.438610,12410918.545940,12948758.519650
2019-06-30,BCP,corporativo,1097.124000,281203.291000,25673852.841000,25956153.256000
2019-06-30,BCP,grandes_empresas,145507.279000,117617.704000,15203807.794000,15466932.777000
2019-06-30,BCP,hipotecario,440113.423000,66078.392000,15160092.050000,15666283.865000
2019-06-30,BCP,medianas_empresas,1235725.552000,286447.707000,14045047.644000,15567220.903000
2019-06-30,BCP,microempresas,9704.591000,981.029000,296161.110000,306846.730000
2019-06-30,BCP,pequenas_empresas,422938.065000,113354.119000,3639363.608000,4175655.792000
2019-06-30,BIF,consumo,39512.668250,5342.917720,1490699.019690,1535554.605660
2019-06-30,BIF,corporativo,4840.860000,0.000000,2181297.851000,2186138.711000
2019-06-30,BIF,grandes_empresas,27403.436000,83096.702000,2590215.992000,2700716.130000
2019-06-30,BIF,hipotecario,38182.072000,12216.594000,1817509.640000,1867908.306000
2019-06-30,BIF,medianas_empresas,175744.430000,79389.713000,1597856.874000,1852991.017000
2019-06-30,BIF,microempresas,1598.696000,0.000000,8294.665000,9893.361000
2019-06-30,BIF,pequenas_empresas,9020.690000,1720.004000,49000.438000,59741.132000
2019-06-30,CITIBANK,corporativo,0.000000,5441.218000,1567119.543000,1572560.761000
2019-06-30,CITIBANK,grandes_empresas,0.000000,0.000000,959605.400000,959605.400000
2019-06-30,CITIBANK,medianas_empresas,0.000000,0.000000,108547.858000,108547.858000
2019-06-30,CITIBANK,microempresas,0.000000,0.000000,104.903000,104.903000
2019-06-30,CITIBANK,pequenas_empresas,0.000000,0.000000,616.762000,616.762000
2019-06-30,FALABELLA,consumo,93297.697010,91982.339380,2826872.267000,3012152.303390
2019-06-30,FALABELLA,grandes_empresas,0.000000,0.000000,0.771000,0.771000
2019-06-30,FALABELLA,hipotecario,101.309000,13.754000,2677.077000,2792.140000
2019-06-30,FALABELLA,medianas_empresas,0.000000,0.000000,0.335000,0.335000
2019-06-30,GNB,consumo,15281.653880,4564.907770,1259024.380580,1278870.942230
2019-06-30,GNB,corporativo,0.000000,1444.057000,452864.387000,454308.444000
2019-06-30,GNB,grandes_empresas,12342.470000,33632.903000,464877.210000,510852.583000
2019-06-30,GNB,hipotecario,29758.977000,3795.231000,1015822.094000,1049376.302000
2019-06-30,GNB,medianas_empresas,44062.588000,115968.374000,347518.756000,507549.718000
2019-06-30,GNB,microempresas,23.513000,0.000000,930.186000,953.699000
2019-06-30,GNB,pequenas_empresas,1627.716000,228.623000,26963.226000,28819.565000
2019-06-30,ICBC,corporativo,0.000000,0.000000,479184.671000,479184.671000
2019-06-30,ICBC,grandes_empresas,0.000000,0.000000,55463.598000,55463.598000
2019-06-30,ICBC,medianas_empresas,0.000000,0.000000,38629.203000,38629.203000
2019-06-30,INTERBANK,consumo,361703.138800,146860.930640,11413557.504360,11922121.573800
2019-06-30,INTERBANK,corporativo,0.000000,0.000000,6514518.992000,6514518.992000
2019-06-30,INTERBANK,grandes_empresas,103259.410000,7715.962000,4195185.506000,4306160.878000
2019-06-30,INTERBANK,hipotecario,257557.263000,23014.447000,6559530.865000,6840102.575000
2019-06-30,INTERBANK,medianas_empresas,127317.887000,11811.192000,3406094.870000,3545223.949000
2019-06-30,INTERBANK,microempresas,753.737000,203.374000,15214.269000,16171.380000
2019-06-30,INTERBANK,pequenas_empresas,55697.233000,21488.304000,660867.324000,738052.861000
2019-06-30,MIBANCO,consumo,15113.072400,5313.746210,557922.414270,578349.232880
2019-06-30,MIBANCO,hipotecario,24740.817000,2825.633000,489939.350000,517505.800000
2019-06-30,MIBANCO,medianas_empresas,24699.451000,3350.589000,254781.258000,282831.298000
2019-06-30,MIBANCO,microempresas,99551.308000,13188.839000,2639810.188000,2752550.335000
2019-06-30,MIBANCO,pequenas_empresas,387253.329000,95172.375000,5541975.989000,6024401.693000
2019-06-30,PICHINCHA,consumo,62299.882140,28814.454010,2453520.145170,2544634.481320
2019-06-30,PICHINCHA,corporativo,0.000000,0.000000,497654.199000,497654.199000
2019-06-30,PICHINCHA,grandes_empresas,44147.957000,80330.188000,1395050.243000,1519528.388000
2019-06-30,PICHINCHA,hipotecario,33363.217000,4196.816000,1035205.697000,1072765.730000
2019-06-30,PICHINCHA,medianas_empresas,122501.975000,160203.228000,1141877.405000,1424582.608000
2019-06-30,PICHINCHA,microempresas,9383.005000,1101.605000,215014.504000,225499.114000
2019-06-30,PICHINCHA,pequenas_empresas,28552.487000,9301.435000,407991.026000,445844.948000
2019-06-30,RIPLEY,consumo,56504.578270,17025.141250,1834682.299250,1908212.018770
2019-06-30,SANTANDER,consumo,0.000000,0.000000,1675.220120,1675.220120
2019-06-30,SANTANDER,corporativo,46.525000,17578.658000,1572778.404000,1590403.587000
2019-06-30,SANTANDER,grandes_empresas,12023.311000,20713.512000,1692400.944000,1725137.767000
2019-06-30,SANTANDER,medianas_empresas,13646.214000,89.555000,603447.851000,617183.620000
2019-06-30,SANTANDER,pequenas_empresas,0.000000,0.000000,99.540000,99.540000
2019-06-30,SCOTIABANK,consumo,331464.062740,156699.377740,8530823.477980,9018986.918460
2019-06-30,SCOTIABANK,corporativo,5163.902000,31714.214000,16194541.548000,16231419.664000
2019-06-30,SCOTIABANK,grandes_empresas,146296.040000,152126.487000,6697518.288000,6995940.815000
2019-06-30,SCOTIABANK,hipotecario,312752.076000,128309.832000,6586800.452000,7027862.360000
2019-06-30,SCOTIABANK,medianas_empresas,578508.684000,123679.747000,5568260.206000,6270448.637000
2019-06-30,SCOTIABANK,microempresas,4684.291000,1160.113000,79047.019000,84891.423000
2019-06-30,SCOTIABANK,pequenas_empresas,315777.392000,89004.097000,1748083.981000,2152865.470000
2019-07-31,ALFIN,consumo,35437.757820,0.000000,357203.510480,392641.268300
2019-07-31,BANCOM,consumo,24899.765880,12932.518500,1200471.639150,1238303.923530
2019-07-31,BANCOM,corporativo,5.732000,0.000000,84226.577000,84232.309000
2019-07-31,BANCOM,grandes_empresas,1300.405000,11717.000000,150240.536000,163257.941000
2019-07-31,BANCOM,hipotecario,1404.481000,43.217000,58812.682000,60260.380000
2019-07-31,BANCOM,medianas_empresas,17214.874000,853.540000,29117.070000,47185.484000
2019-07-31,BANCOM,microempresas,20.511000,0.000000,4.392000,24.903000
2019-07-31,BANCOM,pequenas_empresas,53.668000,15.345000,2395.663000,2464.676000
2019-07-31,BBVA,consumo,200880.022380,65105.661290,5696636.501910,5962622.185580
2019-07-31,BBVA,corporativo,8033.069000,0.000000,13825531.130000,13833564.199000
2019-07-31,BBVA,grandes_empresas,144379.027000,182744.073000,9368763.161000,9695886.261000
2019-07-31,BBVA,hipotecario,280338.165000,221506.347000,12457257.800000,12959102.312000
2019-07-31,BBVA,medianas_empresas,1060823.558000,632581.039000,9850437.393000,11543841.990000
2019-07-31,BBVA,microempresas,1806.833000,638.787000,96479.223000,98924.843000
2019-07-31,BBVA,pequenas_empresas,98618.026000,45857.587000,1412736.674000,1557212.287000
2019-07-31,BCP,consumo,330369.687780,207163.032230,12454430.079370,12991962.799380
2019-07-31,BCP,corporativo,37668.488000,81918.360000,26441440.179000,26561027.027000
2019-07-31,BCP,grandes_empresas,157115.807000,324706.744000,15956466.575000,16438289.126000
2019-07-31,BCP,hipotecario,428832.371000,67807.289000,15284003.332000,15780642.992000
2019-07-31,BCP,medianas_empresas,1276809.025000,281274.154000,13550461.991000,15108545.170000
2019-07-31,BCP,microempresas,10371.541000,908.441000,318911.391000,330191.373000
2019-07-31,BCP,pequenas_empresas,421245.678000,106758.473000,3714655.208000,4242659.359000
2019-07-31,BIF,consumo,38219.896060,5197.535910,1492899.268540,1536316.700510
2019-07-31,BIF,corporativo,4849.736000,0.000000,2174626.902000,2179476.638000
2019-07-31,BIF,grandes_empresas,29798.693000,83267.085000,2597985.835000,2711051.613000
2019-07-31,BIF,hipotecario,36658.046000,14131.079000,1835292.632000,1886081.757000
2019-07-31,BIF,medianas_empresas,178691.788000,74913.688000,1579553.501000,1833158.977000
2019-07-31,BIF,microempresas,1260.403000,0.000000,8116.817000,9377.220000
2019-07-31,BIF,pequenas_empresas,8163.990000,1669.491000,50661.064000,60494.545000
2019-07-31,CITIBANK,corporativo,0.000000,4205.125000,1476141.709000,1480346.834000
2019-07-31,CITIBANK,grandes_empresas,0.000000,0.000000,962340.353000,962340.353000
2019-07-31,CITIBANK,medianas_empresas,0.000000,0.000000,36160.002000,36160.002000
2019-07-31,CITIBANK,microempresas,0.000000,0.000000,133.517000,133.517000
2019-07-31,CITIBANK,pequenas_empresas,0.000000,0.000000,648.553000,648.553000
2019-07-31,FALABELLA,consumo,90178.363460,91662.217420,2851913.825030,3033754.405910
2019-07-31,FALABELLA,grandes_empresas,0.000000,0.000000,0.802000,0.802000
2019-07-31,FALABELLA,hipotecario,96.890000,11.120000,2649.768000,2757.778000
2019-07-31,FALABELLA,medianas_empresas,0.000000,0.000000,0.025000,0.025000
2019-07-31,GNB,consumo,13631.271250,4531.754550,1291454.919420,1309617.945220
2019-07-31,GNB,corporativo,0.000000,1444.057000,458119.281000,459563.338000
2019-07-31,GNB,grandes_empresas,10791.270000,39247.502000,456362.212000,506400.984000
2019-07-31,GNB,hipotecario,30749.173000,3768.954000,999536.664000,1034054.791000
2019-07-31,GNB,medianas_empresas,49967.563000,108102.687000,339786.161000,497856.411000
2019-07-31,GNB,microempresas,18.659000,0.000000,849.015000,867.674000
2019-07-31,GNB,pequenas_empresas,1675.470000,349.459000,25556.773000,27581.702000
2019-07-31,ICBC,corporativo,0.000000,0.000000,482498.881000,482498.881000
2019-07-31,ICBC,grandes_empresas,0.000000,0.000000,62338.744000,62338.744000
2019-07-31,ICBC,medianas_empresas,0.000000,0.000000,35612.207000,35612.207000
2019-07-31,INTERBANK,consumo,366240.552020,147784.123260,11584078.407370,12098103.082650
2019-07-31,INTERBANK,corporativo,22.027000,0.000000,6743530.581000,6743552.608000
2019-07-31,INTERBANK,grandes_empresas,105982.194000,7644.365000,4319150.271000,4432776.830000
2019-07-31,INTERBANK,hipotecario,262757.441000,22968.576000,6582326.523000,6868052.540000
2019-07-31,INTERBANK,medianas_empresas,139132.694000,14143.054000,3362537.865000,3515813.613000
2019-07-31,INTERBANK,microempresas,747.860000,191.702000,14437.187000,15376.749000
2019-07-31,INTERBANK,pequenas_empresas,55522.656000,21087.889000,663124.952000,739735.497000
2019-07-31,MIBANCO,consumo,14711.506820,5142.089270,554224.856750,574078.452840
2019-07-31,MIBANCO,hipotecario,24799.499000,2728.213000,488260.868000,515788.580000
2019-07-31,MIBANCO,medianas_empresas,23950.840000,2947.781000,261948.123000,288846.744000
2019-07-31,MIBANCO,microempresas,97893.264000,12364.481000,2600987.499000,2711245.244000
2019-07-31,MIBANCO,pequenas_empresas,389414.029000,93337.963000,5560882.623000,6043634.615000
2019-07-31,PICHINCHA,consumo,67265.315680,29241.685480,2510852.880500,2607359.881660
2019-07-31,PICHINCHA,corporativo,0.000000,0.000000,493266.976000,493266.976000
2019-07-31,PICHINCHA,grandes_empresas,32891.435000,78449.972000,1386507.522000,1497848.929000
2019-07-31,PICHINCHA,hipotecario,33430.028000,4172.862000,1041832.440000,1079435.330000
2019-07-31,PICHINCHA,medianas_empresas,123715.138000,160055.918000,1145610.695000,1429381.751000
2019-07-31,PICHINCHA,microempresas,9553.153000,1137.570000,216898.945000,227589.668000
2019-07-31,PICHINCHA,pequenas_empresas,29146.084000,9543.384000,421817.525000,460506.993000
2019-07-31,RIPLEY,consumo,55761.618280,17544.069050,1811601.240840,1884906.928170
2019-07-31,SANTANDER,consumo,0.000000,0.000000,1736.178830,1736.178830
2019-07-31,SANTANDER,corporativo,46.637000,17578.658000,1626989.163000,1644614.458000
2019-07-31,SANTANDER,grandes_empresas,11026.899000,20426.150000,1733894.525000,1765347.574000
2019-07-31,SANTANDER,medianas_empresas,14661.816000,72.120000,692702.846000,707436.782000
2019-07-31,SANTANDER,pequenas_empresas,0.000000,0.000000,90.801000,90.801000
2019-07-31,SCOTIABANK,consumo,341631.888370,161178.827400,8564387.780550,9067198.496320
2019-07-31,SCOTIABANK,corporativo,5190.123000,30184.343000,16163172.131000,16198546.597000
2019-07-31,SCOTIABANK,grandes_empresas,150945.489000,156902.773000,6715584.960000,7023433.222000
2019-07-31,SCOTIABANK,hipotecario,308602.067000,135832.472000,6637618.253000,7082052.792000
2019-07-31,SCOTIABANK,medianas_empresas,592063.462000,116907.051000,5504823.479000,6213793.992000
2019-07-31,SCOTIABANK,microempresas,4694.711000,1176.457000,80206.494000,86077.662000
2019-07-31,SCOTIABANK,pequenas_empresas,312374.393000,92496.213000,1734235.112000,2139105.718000
2019-08-31,ALFIN,consumo,35937.961650,0.000000,374816.461560,410754.423210
2019-08-31,BANCOM,consumo,24528.157320,14470.257530,1214201.560600,1253199.975450
2019-08-31,BANCOM,corporativo,0.116000,0.000000,81689.546000,81689.662000
2019-08-31,BANCOM,grandes_empresas,1881.990000,11654.000000,160459.527000,173995.517000
2019-08-31,BANCOM,hipotecario,1756.575000,43.066000,62806.578000,64606.219000
2019-08-31,BANCOM,medianas_empresas,17374.046000,842.362000,29174.175000,47390.583000
2019-08-31,BANCOM,microempresas,3.930000,0.000000,12.943000,16.873000
2019-08-31,BANCOM,pequenas_empresas,53.668000,14.408000,2798.613000,2866.689000
2019-08-31,BBVA,consumo,226406.181080,65195.938380,5801950.188870,6093552.308330
2019-08-31,BBVA,corporativo,8033.069000,0.000000,14647222.965000,14655256.034000
2019-08-31,BBVA,grandes_empresas,148145.520000,179814.853000,9707976.903000,10035937.276000
2019-08-31,BBVA,hipotecario,286260.463000,220884.424000,12570400.947000,13077545.834000
2019-08-31,BBVA,medianas_empresas,1071464.736000,627228.809000,9992393.598000,11691087.143000
2019-08-31,BBVA,microempresas,1748.786000,628.452000,94077.770000,96455.008000
2019-08-31,BBVA,pequenas_empresas,109072.917000,47925.715000,1472045.831000,1629044.463000
2019-08-31,BCP,consumo,330301.345660,216578.252090,12662415.152160,13209294.749910
2019-08-31,BCP,corporativo,1098.683000,83711.505000,26448090.487000,26532900.675000
2019-08-31,BCP,grandes_empresas,162296.822000,336709.465000,16550224.807000,17049231.094000
2019-08-31,BCP,hipotecario,438683.206000,69450.372000,15524919.955000,16033053.533000
2019-08-31,BCP,medianas_empresas,1281265.517000,285523.229000,13568917.442000,15135706.188000
2019-08-31,BCP,microempresas,10202.860000,786.852000,365507.783000,376497.495000
2019-08-31,BCP,pequenas_empresas,415598.812000,108474.148000,3775745.232000,4299818.192000
2019-08-31,BIF,consumo,38074.374980,5317.525440,1501773.195000,1545165.095420
2019-08-31,BIF,corporativo,4937.642000,0.000000,2179596.802000,2184534.444000
2019-08-31,BIF,grandes_empresas,25573.686000,86335.258000,2695730.787000,2807639.731000
2019-08-31,BIF,hipotecario,41483.214000,13588.793000,1863252.704000,1918324.711000
2019-08-31,BIF,medianas_empresas,177101.698000,80329.776000,1618149.632000,1875581.106000
2019-08-31,BIF,microempresas,1230.711000,0.000000,9412.766000,10643.477000
2019-08-31,BIF,pequenas_empresas,8566.942000,1633.196000,53258.520000,63458.658000
2019-08-31,CITIBANK,corporativo,0.000000,0.000000,1268032.687000,1268032.687000
2019-08-31,CITIBANK,grandes_empresas,0.000000,0.000000,927615.802000,927615.802000
2019-08-31,CITIBANK,medianas_empresas,0.000000,0.000000,35117.268000,35117.268000
2019-08-31,CITIBANK,microempresas,0.000000,0.000000,80.934000,80.934000
2019-08-31,CITIBANK,pequenas_empresas,0.000000,0.000000,585.384000,585.384000
2019-08-31,FALABELLA,consumo,88425.202560,90514.139400,2886767.621450,3065706.963410
2019-08-31,FALABELLA,grandes_empresas,0.000000,0.000000,3.523000,3.523000
2019-08-31,FALABELLA,hipotecario,99.030000,8.584000,2675.611000,2783.225000
2019-08-31,FALABELLA,medianas_empresas,0.000000,0.000000,0.481000,0.481000
2019-08-31,GNB,consumo,13418.355480,4426.654820,1335629.172700,1353474.183000
2019-08-31,GNB,corporativo,0.001000,1444.057000,476862.576000,478306.634000
2019-08-31,GNB,grandes_empresas,13136.519000,43328.524000,451362.331000,507827.374000
2019-08-31,GNB,hipotecario,31731.362000,3917.711000,986410.253000,1022059.326000
2019-08-31,GNB,medianas_empresas,90289.345000,69645.674000,334714.990000,494650.009000
2019-08-31,GNB,microempresas,20.756000,0.000000,558.704000,579.460000
2019-08-31,GNB,pequenas_empresas,1550.326000,320.292000,24789.201000,26659.819000
2019-08-31,ICBC,corporativo,0.000000,0.000000,483012.683000,483012.683000
2019-08-31,ICBC,grandes_empresas,0.000000,0.000000,57004.183000,57004.183000
2019-08-31,ICBC,medianas_empresas,0.000000,0.000000,31140.086000,31140.086000
2019-08-31,INTERBANK,consumo,378148.494160,149058.415020,11732660.473080,12259867.382260
2019-08-31,INTERBANK,corporativo,7.884000,0.000000,6833802.228000,6833810.112000
2019-08-31,INTERBANK,grandes_empresas,114561.383000,8829.792000,4592827.142000,4716218.317000
2019-08-31,INTERBANK,hipotecario,262952.627000,23807.991000,6662795.500000,6949556.118000
2019-08-31,INTERBANK,medianas_empresas,139691.992000,16575.156000,3208962.919000,3365230.067000
2019-08-31,INTERBANK,microempresas,868.142000,178.218000,14239.294000,15285.654000
2019-08-31,INTERBANK,pequenas_empresas,57964.624000,20162.711000,661205.610000,739332.945000
2019-08-31,MIBANCO,consumo,14626.971000,5109.792960,561455.949390,581192.713350
2019-08-31,MIBANCO,hipotecario,24917.806000,2922.342000,490089.529000,517929.677000
2019-08-31,MIBANCO,medianas_empresas,24857.035000,2259.019000,269917.301000,297033.355000
2019-08-31,MIBANCO,microempresas,97989.613000,12158.685000,2593403.833000,2703552.131000
2019-08-31,MIBANCO,pequenas_empresas,397690.483000,90667.794000,5605884.143000,6094242.420000
2019-08-31,PICHINCHA,consumo,73344.667730,30019.775050,2568047.430600,2671411.873380
2019-08-31,PICHINCHA,corporativo,0.000000,0.000000,515945.787000,515945.787000
2019-08-31,PICHINCHA,grandes_empresas,54911.493000,63739.829000,1342762.218000,1461413.540000
2019-08-31,PICHINCHA,hipotecario,34484.124000,4141.195000,1047451.082000,1086076.401000
2019-08-31,PICHINCHA,medianas_empresas,115692.283000,160773.738000,1162563.072000,1439029.093000
2019-08-31,PICHINCHA,microempresas,9093.900000,1196.375000,220655.922000,230946.197000
2019-08-31,PICHINCHA,pequenas_empresas,26153.123000,10414.891000,403094.126000,439662.140000
2019-08-31,RIPLEY,consumo,56732.718850,19159.066800,1801153.228670,1877045.014320
2019-08-31,SANTANDER,consumo,0.000000,0.000000,1732.565520,1732.565520
2019-08-31,SANTANDER,corporativo,0.171000,0.000000,1681949.066000,1681949.237000
2019-08-31,SANTANDER,grandes_empresas,5784.531000,37631.109000,1827877.542000,1871293.182000
2019-08-31,SANTANDER,medianas_empresas,17197.994000,36.989000,685029.496000,702264.479000
2019-08-31,SANTANDER,pequenas_empresas,0.000000,0.000000,1483.136000,1483.136000
2019-08-31,SCOTIABANK,consumo,344833.981720,166434.997140,8690099.691870,9201368.670730
2019-08-31,SCOTIABANK,corporativo,5148.914000,0.000000,16378244.749000,16383393.663000
2019-08-31,SCOTIABANK,grandes_empresas,95257.671000,176515.831000,6780538.865000,7052312.367000
2019-08-31,SCOTIABANK,hipotecario,313015.860000,141276.783000,6706054.115000,7160346.758000
2019-08-31,SCOTIABANK,medianas_empresas,646837.596000,119632.298000,5642500.208000,6408970.102000
2019-08-31,SCOTIABANK,microempresas,4411.056000,1241.386000,78252.111000,83904.553000
2019-08-31,SCOTIABANK,pequenas_empresas,316730.219000,94423.480000,1728107.988000,2139261.687000
2019-09-30,ALFIN,consumo,36390.558120,0.000000,389404.312720,425794.870840
2019-09-30,BANCOM,consumo,22467.413520,15545.718980,1221654.641230,1259667.773730
2019-09-30,BANCOM,corporativo,9.467000,0.000000,78926.899000,78936.366000
2019-09-30,BANCOM,grandes_empresas,2761.663000,11591.000000,155492.275000,169844.938000
2019-09-30,BANCOM,hipotecario,1923.428000,42.936000,68844.071000,70810.435000
2019-09-30,BANCOM,medianas_empresas,14988.032000,821.043000,29475.799000,45284.874000
2019-09-30,BANCOM,microempresas,3.806000,12.504000,10.649000,26.959000
2019-09-30,BANCOM,pequenas_empresas,53.668000,0.000000,2718.905000,2772.573000
2019-09-30,BBVA,consumo,195221.504130,63801.181560,5925525.938800,6184548.624490
2019-09-30,BBVA,corporativo,8033.069000,0.000000,14970509.294000,14978542.363000
2019-09-30,BBVA,grandes_empresas,126947.701000,241133.940000,9818120.111000,10186201.752000
2019-09-30,BBVA,hipotecario,288241.680000,221434.051000,12623546.674000,13133222.405000
2019-09-30,BBVA,medianas_empresas,1063789.861000,638444.069000,10113457.514000,11815691.444000
2019-09-30,BBVA,microempresas,1645.514000,621.887000,89153.237000,91420.638000
2019-09-30,BBVA,pequenas_empresas,107359.029000,45128.790000,1497764.282000,1650252.101000
2019-09-30,BCP,consumo,332747.031290,216636.849470,12910875.573970,13460259.454730
2019-09-30,BCP,corporativo,63.541000,82576.623000,25863265.839000,25945906.003000
2019-09-30,BCP,grandes_empresas,135948.461000,345010.655000,16405661.993000,16886621.109000
2019-09-30,BCP,hipotecario,436157.402000,68288.337000,15756429.231000,16260874.970000
2019-09-30,BCP,medianas_empresas,1277812.421000,281650.003000,13742492.898000,15301955.322000
2019-09-30,BCP,microempresas,10771.945000,873.594000,353495.163000,365140.702000
2019-09-30,BCP,pequenas_empresas,423996.516000,104746.856000,3831827.235000,4360570.607000
2019-09-30,BIF,consumo,40657.482860,5313.026400,1519541.597600,1565512.106860
2019-09-30,BIF,corporativo,4843.164000,0.000000,2189647.990000,2194491.154000
2019-09-30,BIF,grandes_empresas,26741.262000,95162.171000,2679629.884000,2801533.317000
2019-09-30,BIF,hipotecario,41470.174000,13788.541000,1887357.477000,1942616.192000
2019-09-30,BIF,medianas_empresas,172769.007000,72411.042000,1603589.483000,1848769.532000
2019-09-30,BIF,microempresas,1296.954000,0.000000,9073.154000,10370.108000
2019-09-30,BIF,pequenas_empresas,9258.242000,1601.048000,55707.110000,66566.400000
2019-09-30,CITIBANK,corporativo,0.000000,0.000000,1231685.201000,1231685.201000
2019-09-30,CITIBANK,grandes_empresas,0.000000,0.000000,889660.523000,889660.523000
2019-09-30,CITIBANK,medianas_empresas,0.000000,0.000000,27424.879000,27424.879000
2019-09-30,CITIBANK,microempresas,0.000000,0.000000,77.674000,77.674000
2019-09-30,CITIBANK,pequenas_empresas,0.000000,0.000000,858.964000,858.964000
2019-09-30,FALABELLA,consumo,88479.101180,89719.816320,2891143.216280,3069342.133780
2019-09-30,FALABELLA,hipotecario,97.744000,5.812000,2628.716000,2732.272000
2019-09-30,FALABELLA,medianas_empresas,0.000000,0.000000,0.481000,0.481000
2019-09-30,GNB,consumo,13712.699530,4244.789680,1371770.675840,1389728.165050
2019-09-30,GNB,corporativo,0.000000,1444.057000,468370.440000,469814.497000
2019-09-30,GNB,grandes_empresas,10659.799000,43068.923000,441064.066000,494792.788000
2019-09-30,GNB,hipotecario,33106.360000,3906.379000,980786.824000,1017799.563000
2019-09-30,GNB,medianas_empresas,92213.593000,68804.069000,327042.615000,488060.277000
2019-09-30,GNB,microempresas,20.756000,0.000000,867.334000,888.090000
2019-09-30,GNB,pequenas_empresas,1895.951000,287.675000,22476.804000,24660.430000
2019-09-30,ICBC,corporativo,0.000000,0.000000,475665.663000,475665.663000
2019-09-30,ICBC,grandes_empresas,0.000000,0.000000,29647.601000,29647.601000
2019-09-30,ICBC,medianas_empresas,0.000000,0.000000,30575.825000,30575.825000
2019-09-30,INTERBANK,consumo,388545.799930,154602.082070,11851649.486970,12394797.368970
2019-09-30,INTERBANK,corporativo,12.690000,0.000000,6837160.319000,6837173.009000
2019-09-30,INTERBANK,grandes_empresas,116413.725000,6361.552000,4534165.289000,4656940.566000
2019-09-30,INTERBANK,hipotecario,263396.978000,24412.661000,6738098.901000,7025908.540000
2019-09-30,INTERBANK,medianas_empresas,144440.826000,19152.533000,3229396.803000,3392990.162000
2019-09-30,INTERBANK,microempresas,832.312000,222.381000,17220.816000,18275.509000
2019-09-30,INTERBANK,pequenas_empresas,61692.770000,18707.891000,647280.535000,727681.196000
2019-09-30,MIBANCO,consumo,14427.133650,5125.792970,566751.633720,586304.560340
2019-09-30,MIBANCO,hipotecario,25127.307000,2867.545000,491374.200000,519369.052000
2019-09-30,MIBANCO,medianas_empresas,25621.299000,2298.735000,274950.591000,302870.625000
2019-09-30,MIBANCO,microempresas,96636.164000,11415.681000,2588733.279000,2696785.124000
2019-09-30,MIBANCO,pequenas_empresas,402443.186000,88349.289000,5659088.690000,6149881.165000
2019-09-30,PICHINCHA,consumo,79715.046450,31502.544290,2585632.449920,2696850.040660
2019-09-30,PICHINCHA,corporativo,0.032000,0.000000,508560.439000,508560.471000
2019-09-30,PICHINCHA,grandes_empresas,55326.853000,52791.123000,1320735.944000,1428853.920000
2019-09-30,PICHINCHA,hipotecario,35739.189000,4008.245000,1048071.984000,1087819.418000
2019-09-30,PICHINCHA,medianas_empresas,106737.854000,162098.655000,1121515.523000,1390352.032000
2019-09-30,PICHINCHA,microempresas,9279.987000,1282.921000,220929.082000,231491.990000
2019-09-30,PICHINCHA,pequenas_empresas,27317.321000,10218.963000,418165.684000,455701.968000
2019-09-30,RIPLEY,consumo,58764.214660,19646.730370,1793623.418640,1872034.363670
2019-09-30,SANTANDER,consumo,0.000000,0.000000,1652.519780,1652.519780
2019-09-30,SANTANDER,corporativo,0.000000,0.000000,1785290.403000,1785290.403000
2019-09-30,SANTANDER,grandes_empresas,6686.607000,36622.976000,1760549.954000,1803859.537000
2019-09-30,SANTANDER,medianas_empresas,16234.223000,880.449000,702781.019000,719895.691000
2019-09-30,SANTANDER,pequenas_empresas,0.000000,0.000000,1936.342000,1936.342000
2019-09-30,SCOTIABANK,consumo,352756.996490,168472.434420,8784107.925100,9305337.356010
2019-09-30,SCOTIABANK,corporativo,12079.593000,0.000000,16051352.864000,16063432.457000
2019-09-30,SCOTIABANK,grandes_empresas,87356.705000,176588.566000,6771161.087000,7035106.358000
2019-09-30,SCOTIABANK,hipotecario,322049.379000,140889.323000,6766942.979000,7229881.681000
2019-09-30,SCOTIABANK,medianas_empresas,644088.738000,123263.353000,5635761.950000,6403114.041000
2019-09-30,SCOTIABANK,microempresas,4284.993000,1167.863000,98843.863000,104296.719000
2019-09-30,SCOTIABANK,pequenas_empresas,311596.151000,97949.303000,1720635.167000,2130180.621000
2019-10-31,ALFIN,consumo,38295.431340,0.000000,404228.990290,442524.421630
2019-10-31,BANCOM,consumo,25283.551030,17007.165910,1234178.664770,1276469.381710
2019-10-31,BANCOM,corporativo,0.116000,0.000000,91286.202000,91286.318000
2019-10-31,BANCOM,grandes_empresas,1111.006000,11528.000000,147071.105000,159710.111000
2019-10-31,BANCOM,hipotecario,1816.533000,42.798000,70428.150000,72287.481000
2019-10-31,BANCOM,medianas_empresas,15335.344000,564.227000,27397.164000,43296.735000
2019-10-31,BANCOM,microempresas,3.729000,11.522000,9.036000,24.287000
2019-10-31,BANCOM,pequenas_empresas,300.930000,0.000000,2660.080000,2961.010000
2019-10-31,BBVA,consumo,214044.525520,66341.332210,6048658.560860,6329044.418590
2019-10-31,BBVA,corporativo,8033.069000,0.000000,14714880.734000,14722913.803000
2019-10-31,BBVA,grandes_empresas,130162.337000,239465.207000,9767834.431000,10137461.975000
2019-10-31,BBVA,hipotecario,289425.546000,227281.316000,12714336.372000,13231043.234000
2019-10-31,BBVA,medianas_empresas,1077945.924000,636551.957000,9823964.854000,11538462.735000
2019-10-31,BBVA,microempresas,1659.398000,583.750000,86788.971000,89032.119000
2019-10-31,BBVA,pequenas_empresas,112193.361000,43915.227000,1529927.803000,1686036.391000
2019-10-31,BCP,consumo,347980.872570,216130.199100,13072705.420620,13636816.492290
2019-10-31,BCP,corporativo,64.867000,76729.879000,27004026.501000,27080821.247000
2019-10-31,BCP,grandes_empresas,144454.253000,327253.804000,17049148.387000,17520856.444000
2019-10-31,BCP,hipotecario,435883.901000,69764.880000,15883108.910000,16388757.691000
2019-10-31,BCP,medianas_empresas,1262646.726000,273714.824000,14051404.351000,15587765.901000
2019-10-31,BCP,microempresas,11509.549000,879.010000,376112.438000,388500.997000
2019-10-31,BCP,pequenas_empresas,425012.532000,101348.584000,3945558.542000,4471919.658000
2019-10-31,BIF,consumo,42797.173900,5650.847980,1539655.471430,1588103.493310
2019-10-31,BIF,corporativo,4842.283000,0.000000,2157776.564000,2162618.847000
2019-10-31,BIF,grandes_empresas,30982.624000,73572.163000,2717228.056000,2821782.843000
2019-10-31,BIF,hipotecario,41213.845000,13809.890000,1889182.844000,1944206.579000
2019-10-31,BIF,medianas_empresas,174074.470000,70862.607000,1611873.859000,1856810.936000
2019-10-31,BIF,microempresas,1066.882000,0.000000,7234.057000,8300.939000
2019-10-31,BIF,pequenas_empresas,10208.204000,1175.341000,41152.993000,52536.538000
2019-10-31,CITIBANK,corporativo,0.000000,0.000000,1081966.300000,1081966.300000
2019-10-31,CITIBANK,grandes_empresas,0.000000,0.000000,814385.314000,814385.314000
2019-10-31,CITIBANK,medianas_empresas,0.000000,0.000000,19292.282000,19292.282000
2019-10-31,CITIBANK,microempresas,0.000000,0.000000,51.385000,51.385000
2019-10-31,CITIBANK,pequenas_empresas,0.000000,0.000000,663.023000,663.023000
2019-10-31,FALABELLA,consumo,88832.678980,88879.914050,2912506.546410,3090219.139440
2019-10-31,FALABELLA,grandes_empresas,0.000000,0.000000,0.147000,0.147000
2019-10-31,FALABELLA,hipotecario,93.241000,4.951000,2564.555000,2662.747000
2019-10-31,GNB,consumo,14819.772680,4335.073580,1411871.776590,1431026.622850
2019-10-31,GNB,corporativo,0.000000,8792.330000,493647.011000,502439.341000
2019-10-31,GNB,grandes_empresas,8696.185000,50019.800000,438899.418000,497615.403000
2019-10-31,GNB,hipotecario,34555.117000,3973.069000,974118.655000,1012646.841000
2019-10-31,GNB,medianas_empresas,91923.304000,68137.970000,319011.526000,479072.800000
2019-10-31,GNB,microempresas,19.449000,0.000000,719.449000,738.898000
2019-10-31,GNB,pequenas_empresas,1679.953000,445.036000,21667.974000,23792.963000
2019-10-31,ICBC,corporativo,0.000000,0.000000,464380.458000,464380.458000
2019-10-31,ICBC,grandes_empresas,0.000000,0.000000,39697.685000,39697.685000
2019-10-31,ICBC,medianas_empresas,0.000000,0.000000,30116.946000,30116.946000
2019-10-31,INTERBANK,consumo,389140.969550,158838.932170,11968668.429880,12516648.331600
2019-10-31,INTERBANK,corporativo,0.000000,0.000000,7155382.989000,7155382.989000
2019-10-31,INTERBANK,grandes_empresas,89112.463000,24602.493000,4504056.341000,4617771.297000
2019-10-31,INTERBANK,hipotecario,267853.735000,24670.174000,6766263.189000,7058787.098000
2019-10-31,INTERBANK,medianas_empresas,130611.152000,22856.749000,3229691.707000,3383159.608000
2019-10-31,INTERBANK,microempresas,891.349000,100.452000,20530.704000,21522.505000
2019-10-31,INTERBANK,pequenas_empresas,62456.478000,19350.769000,645159.329000,726966.576000
2019-10-31,MIBANCO,consumo,14919.800780,5059.672180,574742.451930,594721.924890
2019-10-31,MIBANCO,hipotecario,25235.138000,2900.320000,500306.680000,528442.138000
2019-10-31,MIBANCO,medianas_empresas,24997.532000,2086.792000,280381.266000,307465.590000
2019-10-31,MIBANCO,microempresas,96036.467000,10809.107000,2607391.537000,2714237.111000
2019-10-31,MIBANCO,pequenas_empresas,403938.170000,87981.246000,5726837.226000,6218756.642000
2019-10-31,PICHINCHA,consumo,65074.344790,32702.039900,2629457.042660,2727233.427350
2019-10-31,PICHINCHA,corporativo,119.665000,0.000000,500109.721000,500229.386000
2019-10-31,PICHINCHA,grandes_empresas,65657.266000,48016.446000,1186518.161000,1300191.873000
2019-10-31,PICHINCHA,hipotecario,37039.251000,3948.051000,1053694.826000,1094682.128000
2019-10-31,PICHINCHA,medianas_empresas,97863.929000,155219.202000,1194659.325000,1447742.456000
2019-10-31,PICHINCHA,microempresas,9368.340000,1319.774000,222126.646000,232814.760000
2019-10-31,PICHINCHA,pequenas_empresas,26924.450000,10112.182000,415255.756000,452292.388000
2019-10-31,RIPLEY,consumo,58163.585650,22843.109080,1776422.600890,1857429.295620
2019-10-31,SANTANDER,consumo,0.000000,0.000000,1703.891690,1703.891690
2019-10-31,SANTANDER,corporativo,1368.499000,0.000000,1765940.484000,1767308.983000
2019-10-31,SANTANDER,grandes_empresas,5795.760000,36721.534000,1795282.923000,1837800.217000
2019-10-31,SANTANDER,medianas_empresas,14677.448000,880.449000,773135.119000,788693.016000
2019-10-31,SANTANDER,pequenas_empresas,0.000000,0.000000,1891.778000,1891.778000
2019-10-31,SCOTIABANK,consumo,349072.151550,170943.774480,8901790.630450,9421806.556480
2019-10-31,SCOTIABANK,corporativo,5146.867000,0.000000,16245434.770000,16250581.637000
2019-10-31,SCOTIABANK,grandes_empresas,114930.279000,142899.876000,6751175.282000,7009005.437000
2019-10-31,SCOTIABANK,hipotecario,317102.020000,143687.991000,6811276.619000,7272066.630000
2019-10-31,SCOTIABANK,medianas_empresas,656007.836000,130081.814000,5626097.405000,6412187.055000
2019-10-31,SCOTIABANK,microempresas,4302.939000,1116.192000,72903.904000,78323.035000
2019-10-31,SCOTIABANK,pequenas_empresas,306569.914000,102724.277000,1745921.956000,2155216.147000
2019-11-30,ALFIN,consumo,40586.515330,0.000000,410895.277550,451481.792880
2019-11-30,BANCOM,consumo,26636.568630,18129.155500,1246916.846850,1291682.570980
2019-11-30,BANCOM,corporativo,0.116000,0.000000,96742.986000,96743.102000
2019-11-30,BANCOM,grandes_empresas,4086.635000,11465.000000,139159.817000,154711.452000
2019-11-30,BANCOM,hipotecario,1851.829000,42.645000,71937.243000,73831.717000
2019-11-30,BANCOM,medianas_empresas,14052.833000,1892.004000,26286.656000,42231.493000
2019-11-30,BANCOM,microempresas,3.316000,10.531000,7.030000,20.877000
2019-11-30,BANCOM,pequenas_empresas,53.668000,240.299000,2905.441000,3199.408000
2019-11-30,BBVA,consumo,233506.714990,68663.149670,6191288.695090,6493458.559750
2019-11-30,BBVA,corporativo,8033.069000,0.000000,15885934.883000,15893967.952000
2019-11-30,BBVA,grandes_empresas,116169.135000,252334.294000,9927966.130000,10296469.559000
2019-11-30,BBVA,hipotecario,292616.228000,231563.084000,12872778.130000,13396957.442000
2019-11-30,BBVA,medianas_empresas,1090269.589000,658230.022000,9941121.558000,11689621.169000
2019-11-30,BBVA,microempresas,2169.608000,1161.155000,101318.643000,104649.406000
2019-11-30,BBVA,pequenas_empresas,117727.940000,43804.066000,1603029.948000,1764561.954000
2019-11-30,BCP,consumo,363312.515190,220080.062880,13226812.421310,13810204.999380
2019-11-30,BCP,corporativo,293.860000,69472.052000,26692459.990000,26762225.902000
2019-11-30,BCP,grandes_empresas,152596.041000,336700.734000,17257636.011000,17746932.786000
2019-11-30,BCP,hipotecario,432607.170000,70555.601000,16021782.358000,16524945.129000
2019-11-30,BCP,medianas_empresas,1220446.581000,297016.512000,14236093.722000,15753556.815000
2019-11-30,BCP,microempresas,12074.165000,997.662000,396668.141000,409739.968000
2019-11-30,BCP,pequenas_empresas,403284.866000,104689.947000,4019466.840000,4527441.653000
2019-11-30,BIF,consumo,44485.540640,6141.963870,1565606.744300,1616234.248810
2019-11-30,BIF,corporativo,4843.074000,0.000000,2123197.144000,2128040.218000
2019-11-30,BIF,grandes_empresas,26983.663000,71527.697000,2746063.728000,2844575.088000
2019-11-30,BIF,hipotecario,41151.968000,15247.751000,1918262.609000,1974662.328000
2019-11-30,BIF,medianas_empresas,178322.275000,72244.000000,1630893.920000,1881460.195000
2019-11-30,BIF,microempresas,1065.373000,0.000000,7405.868000,8471.241000
2019-11-30,BIF,pequenas_empresas,10119.284000,1695.867000,41840.855000,53656.006000
2019-11-30,CITIBANK,corporativo,0.000000,0.000000,1093792.103000,1093792.103000
2019-11-30,CITIBANK,grandes_empresas,0.000000,0.000000,707033.111000,707033.111000
2019-11-30,CITIBANK,medianas_empresas,0.000000,0.000000,18154.051000,18154.051000
2019-11-30,CITIBANK,microempresas,0.000000,0.000000,6873.641000,6873.641000
2019-11-30,CITIBANK,pequenas_empresas,0.000000,0.000000,736.019000,736.019000
2019-11-30,FALABELLA,consumo,90944.862600,87943.629850,2995863.625460,3174752.117910
2019-11-30,FALABELLA,grandes_empresas,0.000000,0.000000,1.451000,1.451000
2019-11-30,FALABELLA,hipotecario,91.262000,4.207000,2563.583000,2659.052000
2019-11-30,GNB,consumo,15646.316830,4225.798940,1391416.454800,1411288.570570
2019-11-30,GNB,corporativo,0.000000,8792.330000,462882.083000,471674.413000
2019-11-30,GNB,grandes_empresas,18037.919000,48509.327000,421819.734000,488366.980000
2019-11-30,GNB,hipotecario,34255.294000,3841.996000,963691.456000,1001788.746000
2019-11-30,GNB,medianas_empresas,91455.215000,70061.142000,306758.173000,468274.530000
2019-11-30,GNB,microempresas,19.449000,0.000000,68.893000,88.342000
2019-11-30,GNB,pequenas_empresas,1884.167000,398.321000,21232.295000,23514.783000
2019-11-30,ICBC,corporativo,0.000000,0.000000,538386.268000,538386.268000
2019-11-30,ICBC,grandes_empresas,0.000000,0.000000,41185.568000,41185.568000
2019-11-30,ICBC,medianas_empresas,0.000000,0.000000,30422.395000,30422.395000
2019-11-30,INTERBANK,consumo,400887.248920,163508.943530,12142063.928150,12706460.120600
2019-11-30,INTERBANK,corporativo,0.000000,0.000000,6956100.937000,6956100.937000
2019-11-30,INTERBANK,grandes_empresas,72337.061000,25465.320000,4620169.074000,4717971.455000
2019-11-30,INTERBANK,hipotecario,272254.103000,24155.193000,6861400.646000,7157809.942000
2019-11-30,INTERBANK,medianas_empresas,132616.034000,24013.886000,3297710.521000,3454340.441000
2019-11-30,INTERBANK,microempresas,955.512000,228.320000,20027.295000,21211.127000
2019-11-30,INTERBANK,pequenas_empresas,56404.342000,21891.644000,653942.650000,732238.636000
2019-11-30,MIBANCO,consumo,14475.992920,5026.028260,582367.122500,601869.143680
2019-11-30,MIBANCO,hipotecario,25001.183000,2928.963000,504811.351000,532741.497000
2019-11-30,MIBANCO,medianas_empresas,25321.696000,2171.614000,290692.916000,318186.226000
2019-11-30,MIBANCO,microempresas,95123.857000,10420.852000,2653383.969000,2758928.678000
2019-11-30,MIBANCO,pequenas_empresas,408898.677000,86204.854000,5854929.398000,6350032.929000
2019-11-30,PICHINCHA,consumo,62508.662280,32698.049500,2669543.872140,2764750.583920
2019-11-30,PICHINCHA,corporativo,0.128000,0.000000,498137.839000,498137.967000
2019-11-30,PICHINCHA,grandes_empresas,61903.151000,47001.416000,1232766.857000,1341671.424000
2019-11-30,PICHINCHA,hipotecario,38777.411000,3607.920000,1059473.403000,1101858.734000
2019-11-30,PICHINCHA,medianas_empresas,99244.762000,156711.929000,1156054.207000,1412010.898000
2019-11-30,PICHINCHA,microempresas,9704.396000,1303.246000,213285.609000,224293.251000
2019-11-30,PICHINCHA,pequenas_empresas,25962.314000,9930.851000,414086.668000,449979.833000
2019-11-30,RIPLEY,consumo,57033.268880,27016.301800,1804441.657020,1888491.227700
2019-11-30,SANTANDER,consumo,0.000000,0.000000,1676.427430,1676.427430
2019-11-30,SANTANDER,corporativo,13104.352000,0.000000,1748375.419000,1761479.771000
2019-11-30,SANTANDER,grandes_empresas,10258.447000,36186.389000,1789251.277000,1835696.113000
2019-11-30,SANTANDER,medianas_empresas,14643.791000,880.449000,807696.373000,823220.613000
2019-11-30,SANTANDER,pequenas_empresas,0.000000,0.000000,586.374000,586.374000
2019-11-30,SCOTIABANK,consumo,353525.472490,173414.299840,9046216.828780,9573156.601110
2019-11-30,SCOTIABANK,corporativo,5149.110000,0.000000,16780085.494000,16785234.604000
2019-11-30,SCOTIABANK,grandes_empresas,120435.262000,142233.319000,6587765.689000,6850434.270000
2019-11-30,SCOTIABANK,hipotecario,320955.344000,146806.383000,6894274.579000,7362036.306000
2019-11-30,SCOTIABANK,medianas_empresas,646403.244000,138503.177000,5715528.169000,6500434.590000
2019-11-30,SCOTIABANK,microempresas,4315.623000,1193.028000,103928.031000,109436.682000
2019-11-30,SCOTIABANK,pequenas_empresas,311179.849000,104013.100000,1754750.974000,2169943.923000
2019-12-31,ALFIN,consumo,42119.820840,0.000000,426243.591850,468363.412690
2019-12-31,BANCOM,consumo,23928.344500,19791.606790,1253226.193950,1296946.145240
2019-12-31,BANCOM,corporativo,0.116000,0.000000,84434.375000,84434.491000
2019-12-31,BANCOM,grandes_empresas,2109.699000,11402.000000,124430.342000,137942.041000
2019-12-31,BANCOM,hipotecario,1856.149000,42.512000,73454.806000,75353.467000
2019-12-31,BANCOM,medianas_empresas,13861.565000,1974.485000,32886.733000,48722.783000
2019-12-31,BANCOM,microempresas,3.367000,9.517000,6.959000,19.843000
2019-12-31,BANCOM,pequenas_empresas,53.918000,234.496000,841.204000,1129.618000
2019-12-31,BBVA,consumo,175992.005850,65950.589900,6199156.199700,6441098.795450
2019-12-31,BBVA,corporativo,8033.069000,0.000000,15705486.195000,15713519.264000
2019-12-31,BBVA,grandes_empresas,119060.645000,249746.719000,9541780.024000,9910587.388000
2019-12-31,BBVA,hipotecario,305220.881000,231619.040000,12847423.662000,13384263.583000
2019-12-31,BBVA,medianas_empresas,1051344.710000,654678.858000,9779625.769000,11485649.337000
2019-12-31,BBVA,microempresas,2102.634000,1755.175000,103422.591000,107280.400000
2019-12-31,BBVA,pequenas_empresas,113593.090000,43208.056000,1586886.250000,1743687.396000
2019-12-31,BCP,consumo,372076.506350,212153.631760,13244138.978520,13828369.116630
2019-12-31,BCP,corporativo,69.636000,65815.014000,26105075.154000,26170959.804000
2019-12-31,BCP,grandes_empresas,157443.836000,310117.545000,17023266.547000,17490827.928000
2019-12-31,BCP,hipotecario,433003.532000,69810.939000,16062080.853000,16564895.324000
2019-12-31,BCP,medianas_empresas,1202789.936000,295462.624000,14449736.168000,15947988.728000
2019-12-31,BCP,microempresas,12604.233000,912.169000,386599.855000,400116.257000
2019-12-31,BCP,pequenas_empresas,399379.195000,104392.740000,4123695.389000,4627467.324000
2019-12-31,BIF,consumo,43169.114250,6577.804750,1589122.388590,1638869.307590
2019-12-31,BIF,corporativo,4841.341000,0.000000,2155200.199000,2160041.540000
2019-12-31,BIF,grandes_empresas,42921.535000,68478.421000,2718496.821000,2829896.777000
2019-12-31,BIF,hipotecario,38477.697000,15025.795000,1932528.629000,1986032.121000
2019-12-31,BIF,medianas_empresas,164431.043000,74611.965000,1636711.675000,1875754.683000
2019-12-31,BIF,microempresas,919.252000,7.117000,5846.746000,6773.115000
2019-12-31,BIF,pequenas_empresas,8047.712000,1577.140000,44025.035000,53649.887000
2019-12-31,CITIBANK,corporativo,0.000000,0.000000,1160848.277000,1160848.277000
2019-12-31,CITIBANK,grandes_empresas,0.000000,0.000000,666600.315000,666600.315000
2019-12-31,CITIBANK,medianas_empresas,0.000000,0.000000,26631.731000,26631.731000
2019-12-31,CITIBANK,microempresas,0.000000,0.000000,78.709000,78.709000
2019-12-31,CITIBANK,pequenas_empresas,0.000000,0.000000,543.363000,543.363000
2019-12-31,FALABELLA,consumo,93459.159520,88792.960900,3097507.178740,3279759.299160
2019-12-31,FALABELLA,grandes_empresas,0.000000,0.000000,0.284000,0.284000
2019-12-31,FALABELLA,hipotecario,86.633000,3.299000,2468.459000,2558.391000
2019-12-31,FALABELLA,medianas_empresas,0.000000,0.000000,2.182000,2.182000
2019-12-31,GNB,consumo,15658.336380,6916.930330,1368807.650790,1391382.917500
2019-12-31,GNB,corporativo,0.000000,8792.330000,473031.503000,481823.833000
2019-12-31,GNB,grandes_empresas,18030.830000,46514.834000,425853.548000,490399.212000
2019-12-31,GNB,hipotecario,34772.215000,3816.958000,948035.272000,986624.445000
2019-12-31,GNB,medianas_empresas,93934.024000,66633.049000,289245.112000,449812.185000
2019-12-31,GNB,microempresas,19.449000,0.000000,251.433000,270.882000
2019-12-31,GNB,pequenas_empresas,1537.763000,254.668000,20854.385000,22646.816000
2019-12-31,ICBC,corporativo,0.000000,0.000000,529130.297000,529130.297000
2019-12-31,ICBC,grandes_empresas,0.000000,0.000000,40306.693000,40306.693000
2019-12-31,ICBC,medianas_empresas,0.000000,0.000000,70661.909000,70661.909000
2019-12-31,INTERBANK,consumo,419248.158350,167170.035830,12235148.833050,12821567.027230
2019-12-31,INTERBANK,corporativo,14.734000,0.000000,7047659.046000,7047673.780000
2019-12-31,INTERBANK,grandes_empresas,88239.680000,7095.102000,4687634.591000,4782969.373000
2019-12-31,INTERBANK,hipotecario,261025.717000,24644.414000,6935218.954000,7220889.085000
2019-12-31,INTERBANK,medianas_empresas,123899.749000,29996.706000,3388783.847000,3542680.302000
2019-12-31,INTERBANK,microempresas,895.455000,189.694000,23655.053000,24740.202000
2019-12-31,INTERBANK,pequenas_empresas,55098.696000,22083.672000,648203.417000,725385.785000
2019-12-31,MIBANCO,consumo,15209.643840,4946.460650,590456.096030,610612.200520
2019-12-31,MIBANCO,hipotecario,24708.595000,2726.687000,509648.181000,537083.463000
2019-12-31,MIBANCO,medianas_empresas,25526.484000,2089.530000,294112.552000,321728.566000
2019-12-31,MIBANCO,microempresas,95057.381000,9957.217000,2678313.505000,2783328.103000
2019-12-31,MIBANCO,pequenas_empresas,415429.271000,84568.039000,5877683.418000,6377680.728000
2019-12-31,PICHINCHA,consumo,73435.289300,33925.885150,2667060.717820,2774421.892270
2019-12-31,PICHINCHA,corporativo,4.436000,0.000000,438844.839000,438849.275000
2019-12-31,PICHINCHA,grandes_empresas,59553.573000,46885.530000,1257474.133000,1363913.236000
2019-12-31,PICHINCHA,hipotecario,39979.253000,3417.769000,1057776.650000,1101173.672000
2019-12-31,PICHINCHA,medianas_empresas,100580.395000,156729.873000,1118606.579000,1375916.847000
2019-12-31,PICHINCHA,microempresas,9373.665000,1250.461000,205655.995000,216280.121000
2019-12-31,PICHINCHA,pequenas_empresas,27827.843000,9198.056000,400175.443000,437201.342000
2019-12-31,RIPLEY,consumo,59089.490530,28890.476960,1855755.769080,1943735.736570
2019-12-31,SANTANDER,consumo,0.000000,0.000000,2648.676120,2648.676120
2019-12-31,SANTANDER,corporativo,0.000000,0.000000,1764752.011000,1764752.011000
2019-12-31,SANTANDER,grandes_empresas,6178.623000,27887.088000,1769144.137000,1803209.848000
2019-12-31,SANTANDER,medianas_empresas,17815.111000,880.449000,802282.636000,820978.196000
2019-12-31,SANTANDER,pequenas_empresas,0.000000,0.000000,545.150000,545.150000
2019-12-31,SCOTIABANK,consumo,349031.090600,178206.187800,9086473.291620,9613710.570020
2019-12-31,SCOTIABANK,corporativo,66.700000,0.000000,16478474.464000,16478541.164000
2019-12-31,SCOTIABANK,grandes_empresas,130699.769000,148711.415000,6659223.358000,6938634.542000
2019-12-31,SCOTIABANK,hipotecario,317538.512000,148694.130000,6918491.801000,7384724.443000
2019-12-31,SCOTIABANK,medianas_empresas,615957.327000,138197.095000,5689098.009000,6443252.431000
2019-12-31,SCOTIABANK,microempresas,4451.519000,1167.088000,136539.480000,142158.087000
2019-12-31,SCOTIABANK,pequenas_empresas,304125.967000,105958.552000,1753906.711000,2163991.230000
2020-01-31,ALFIN,consumo,42213.478230,0.000000,426291.744470,468505.222700
2020-01-31,BANCOM,consumo,26784.494880,19881.813780,1303516.043330,1350182.351990
2020-01-31,BANCOM,corporativo,0.116000,0.000000,91943.430000,91943.546000
2020-01-31,BANCOM,grandes_empresas,8635.543000,24826.440000,100925.578000,134387.561000
2020-01-31,BANCOM,hipotecario,2067.051000,42.230000,74264.350000,76373.631000
2020-01-31,BANCOM,medianas_empresas,14094.916000,1972.935000,31114.504000,47182.355000
2020-01-31,BANCOM,microempresas,3.424000,8.492000,5.430000,17.346000
2020-01-31,BANCOM,pequenas_empresas,53.923000,238.742000,1328.909000,1621.574000
2020-01-31,BBVA,consumo,195186.676000,68152.235020,6268226.747010,6531565.658030
2020-01-31,BBVA,corporativo,8033.069000,0.000000,14774897.041000,14782930.110000
2020-01-31,BBVA,grandes_empresas,116278.760000,279188.708000,9541955.456000,9937422.924000
2020-01-31,BBVA,hipotecario,302304.687000,232167.863000,12958770.337000,13493242.887000
2020-01-31,BBVA,medianas_empresas,1102659.622000,646034.180000,9827398.351000,11576092.153000
2020-01-31,BBVA,microempresas,2150.095000,1148.965000,94120.074000,97419.134000
2020-01-31,BBVA,pequenas_empresas,121946.921000,41684.721000,1611693.435000,1775325.077000
2020-01-31,BCP,consumo,380478.054130,211271.599440,13382754.192550,13974503.846120
2020-01-31,BCP,corporativo,136.903000,66627.131000,25142293.316000,25209057.350000
2020-01-31,BCP,grandes_empresas,163235.754000,309046.017000,17386692.714000,17858974.485000
2020-01-31,BCP,hipotecario,437674.100000,69828.086000,16201911.905000,16709414.091000
2020-01-31,BCP,medianas_empresas,1265205.494000,291163.049000,14421098.065000,15977466.608000
2020-01-31,BCP,microempresas,12007.186000,1090.046000,368385.205000,381482.437000
2020-01-31,BCP,pequenas_empresas,401648.374000,102877.335000,4054723.550000,4559249.259000
2020-01-31,BIF,consumo,41921.357000,7174.319740,1610172.032870,1659267.709610
2020-01-31,BIF,corporativo,1.304000,0.000000,2246169.230000,2246170.534000
2020-01-31,BIF,grandes_empresas,53848.854000,81079.464000,2802657.251000,2937585.569000
2020-01-31,BIF,hipotecario,40008.285000,14449.642000,1950891.986000,2005349.913000
2020-01-31,BIF,medianas_empresas,152092.258000,74384.213000,1629575.280000,1856051.751000
2020-01-31,BIF,microempresas,859.615000,7.117000,11449.346000,12316.078000
2020-01-31,BIF,pequenas_empresas,7521.457000,1609.656000,42265.297000,51396.410000
2020-01-31,CITIBANK,corporativo,0.000000,0.000000,1167919.720000,1167919.720000
2020-01-31,CITIBANK,grandes_empresas,0.000000,0.000000,728464.683000,728464.683000
2020-01-31,CITIBANK,medianas_empresas,0.000000,0.000000,43231.010000,43231.010000
2020-01-31,CITIBANK,microempresas,0.000000,0.000000,84.761000,84.761000
2020-01-31,CITIBANK,pequenas_empresas,0.000000,0.000000,597.628000,597.628000
2020-01-31,FALABELLA,consumo,95239.442150,86529.533010,3093827.513430,3275596.488590
2020-01-31,FALABELLA,grandes_empresas,0.000000,0.000000,3.641000,3.641000
2020-01-31,FALABELLA,hipotecario,117.852000,3.359000,2400.616000,2521.827000
2020-01-31,FALABELLA,medianas_empresas,0.000000,0.000000,2.182000,2.182000
2020-01-31,GNB,consumo,14333.354790,6867.075570,1371856.470630,1393056.900990
2020-01-31,GNB,corporativo,0.000000,8792.330000,476976.160000,485768.490000
2020-01-31,GNB,grandes_empresas,15389.706000,17978.531000,414781.282000,448149.519000
2020-01-31,GNB,hipotecario,36489.189000,3799.410000,930757.185000,971045.784000
2020-01-31,GNB,medianas_empresas,77483.855000,93795.099000,294778.929000,466057.883000
2020-01-31,GNB,microempresas,18.123000,0.000000,31.039000,49.162000
2020-01-31,GNB,pequenas_empresas,1603.505000,254.668000,20199.131000,22057.304000
2020-01-31,ICBC,corporativo,0.000000,0.000000,498445.579000,498445.579000
2020-01-31,ICBC,grandes_empresas,0.000000,0.000000,40863.964000,40863.964000
2020-01-31,ICBC,medianas_empresas,0.000000,0.000000,71806.659000,71806.659000
2020-01-31,INTERBANK,consumo,420512.353670,176023.324590,12308832.714100,12905368.392360
2020-01-31,INTERBANK,corporativo,54.641000,0.000000,7423088.822000,7423143.463000
2020-01-31,INTERBANK,grandes_empresas,89444.629000,7033.017000,4690744.030000,4787221.676000
2020-01-31,INTERBANK,hipotecario,264174.691000,25452.048000,7006160.094000,7295786.833000
2020-01-31,INTERBANK,medianas_empresas,127041.127000,27760.045000,3281888.318000,3436689.490000
2020-01-31,INTERBANK,microempresas,875.642000,191.278000,28995.033000,30061.953000
2020-01-31,INTERBANK,pequenas_empresas,54475.192000,21551.468000,642925.315000,718951.975000
2020-01-31,MIBANCO,consumo,15116.077140,4777.821610,603831.246650,623725.145400
2020-01-31,MIBANCO,hipotecario,24760.924000,2740.523000,512874.504000,540375.951000
2020-01-31,MIBANCO,medianas_empresas,26311.820000,1992.560000,302096.659000,330401.039000
2020-01-31,MIBANCO,microempresas,95367.516000,9792.368000,2704196.323000,2809356.207000
2020-01-31,MIBANCO,pequenas_empresas,415691.209000,83885.315000,5921055.476000,6420632.000000
2020-01-31,PICHINCHA,consumo,85418.362540,34779.796160,2669785.422900,2789983.581600
2020-01-31,PICHINCHA,corporativo,0.188000,0.000000,501860.595000,501860.783000
2020-01-31,PICHINCHA,grandes_empresas,63431.276000,47484.367000,1193983.197000,1304898.840000
2020-01-31,PICHINCHA,hipotecario,40483.859000,3412.619000,1066439.851000,1110336.329000
2020-01-31,PICHINCHA,medianas_empresas,108243.185000,147141.106000,1093138.673000,1348522.964000
2020-01-31,PICHINCHA,microempresas,10666.793000,1496.596000,204809.734000,216973.123000
2020-01-31,PICHINCHA,pequenas_empresas,27528.143000,8663.291000,393316.647000,429508.081000
2020-01-31,RIPLEY,consumo,60581.124960,31020.700070,1820683.853120,1912285.678150
2020-01-31,SANTANDER,consumo,0.000000,0.000000,2533.746370,2533.746370
2020-01-31,SANTANDER,corporativo,1544.115000,0.000000,1912132.549000,1913676.664000
2020-01-31,SANTANDER,grandes_empresas,8427.393000,28220.076000,1684279.845000,1720927.314000
2020-01-31,SANTANDER,medianas_empresas,18084.775000,880.449000,792681.438000,811646.662000
2020-01-31,SANTANDER,pequenas_empresas,0.000000,0.000000,193.311000,193.311000
2020-01-31,SCOTIABANK,consumo,368139.003790,184354.182260,9175049.409400,9727542.595450
2020-01-31,SCOTIABANK,corporativo,33904.450000,0.000000,16806320.972000,16840225.422000
2020-01-31,SCOTIABANK,grandes_empresas,107613.090000,161558.429000,6616375.772000,6885547.291000
2020-01-31,SCOTIABANK,hipotecario,320049.231000,150361.891000,7013894.338000,7484305.460000
2020-01-31,SCOTIABANK,medianas_empresas,630947.855000,127042.021000,5853632.460000,6611622.336000
2020-01-31,SCOTIABANK,microempresas,3751.052000,1211.432000,140444.152000,145406.636000
2020-01-31,SCOTIABANK,pequenas_empresas,304668.729000,107271.890000,1741270.450000,2153211.069000
2020-02-29,ALFIN,consumo,42206.763130,0.000000,425364.530650,467571.293780
2020-02-29,BANCOM,consumo,31180.547900,21229.146870,1317970.872560,1370380.567330
2020-02-29,BANCOM,corporativo,0.116000,0.000000,89485.696000,89485.812000
2020-02-29,BANCOM,grandes_empresas,8296.910000,25415.440000,99629.530000,133341.880000
2020-02-29,BANCOM,hipotecario,2221.959000,42.091000,80683.542000,82947.592000
2020-02-29,BANCOM,medianas_empresas,14739.576000,1872.430000,30396.259000,47008.265000
2020-02-29,BANCOM,microempresas,3.555000,7.446000,4.752000,15.753000
2020-02-29,BANCOM,pequenas_empresas,53.928000,244.049000,734.711000,1032.688000
2020-02-29,BBVA,consumo,214670.221890,67258.414160,6485522.476650,6767451.112700
2020-02-29,BBVA,corporativo,17354.533000,0.000000,15023118.617000,15040473.150000
2020-02-29,BBVA,grandes_empresas,120236.457000,277596.924000,9717293.703000,10115127.084000
2020-02-29,BBVA,hipotecario,301184.880000,241412.998000,13122634.552000,13665232.430000
2020-02-29,BBVA,medianas_empresas,1143490.992000,637419.885000,9947592.543000,11728503.420000
2020-02-29,BBVA,microempresas,2292.695000,1145.861000,111779.107000,115217.663000
2020-02-29,BBVA,pequenas_empresas,124114.310000,41711.172000,1639097.407000,1804922.889000
2020-02-29,BCP,consumo,369487.388520,209324.782150,13550806.191270,14129618.361940
2020-02-29,BCP,corporativo,140.963000,67642.279000,26024232.180000,26092015.422000
2020-02-29,BCP,grandes_empresas,173025.132000,302901.548000,17446037.892000,17921964.572000
2020-02-29,BCP,hipotecario,425682.298000,69260.999000,16402853.709000,16897797.006000
2020-02-29,BCP,medianas_empresas,1257383.569000,306772.203000,14622719.844000,16186875.616000
2020-02-29,BCP,microempresas,13434.474000,1232.738000,397431.134000,412098.346000
2020-02-29,BCP,pequenas_empresas,366365.221000,103058.815000,4031421.846000,4500845.882000
2020-02-29,BIF,consumo,44896.343980,7221.653590,1639241.539500,1691359.537070
2020-02-29,BIF,corporativo,0.461000,0.000000,2365810.906000,2365811.367000
2020-02-29,BIF,grandes_empresas,41039.959000,92252.952000,2821346.208000,2954639.119000
2020-02-29,BIF,hipotecario,39497.784000,15072.442000,1968418.084000,2022988.310000
2020-02-29,BIF,medianas_empresas,170616.974000,69349.647000,1559235.346000,1799201.967000
2020-02-29,BIF,microempresas,874.069000,6.469000,5790.009000,6670.547000
2020-02-29,BIF,pequenas_empresas,7063.848000,1455.041000,31994.146000,40513.035000
2020-02-29,CITIBANK,corporativo,0.000000,0.000000,1242961.104000,1242961.104000
2020-02-29,CITIBANK,grandes_empresas,0.000000,0.000000,849448.944000,849448.944000
2020-02-29,CITIBANK,medianas_empresas,0.000000,0.000000,50990.895000,50990.895000
2020-02-29,CITIBANK,microempresas,0.000000,0.000000,118.973000,118.973000
2020-02-29,CITIBANK,pequenas_empresas,0.000000,0.000000,798.026000,798.026000
2020-02-29,FALABELLA,consumo,93458.927410,88976.279180,3116557.328660,3298992.535250
2020-02-29,FALABELLA,grandes_empresas,0.000000,0.000000,6.326000,6.326000
2020-02-29,FALABELLA,hipotecario,111.786000,2.590000,2419.676000,2534.052000
2020-02-29,GNB,consumo,13853.759090,6885.880720,1402639.624670,1423379.264480
2020-02-29,GNB,corporativo,0.000000,8792.330000,492150.783000,500943.113000
2020-02-29,GNB,grandes_empresas,14042.406000,17888.263000,406234.228000,438164.897000
2020-02-29,GNB,hipotecario,34742.384000,4211.775000,920496.419000,959450.578000
2020-02-29,GNB,medianas_empresas,82105.625000,87398.156000,297113.220000,466617.001000
2020-02-29,GNB,microempresas,18.123000,0.000000,24.008000,42.131000
2020-02-29,GNB,pequenas_empresas,1749.637000,241.084000,19473.110000,21463.831000
2020-02-29,ICBC,corporativo,0.000000,0.000000,526497.064000,526497.064000
2020-02-29,ICBC,grandes_empresas,0.000000,0.000000,37757.990000,37757.990000
2020-02-29,ICBC,medianas_empresas,0.000000,0.000000,73265.259000,73265.259000
2020-02-29,INTERBANK,consumo,413177.227940,179143.230360,12442927.564640,13035248.022940
2020-02-29,INTERBANK,corporativo,54.556000,0.000000,7208046.393000,7208100.949000
2020-02-29,INTERBANK,grandes_empresas,91380.707000,3210.653000,4884107.361000,4978698.721000
2020-02-29,INTERBANK,hipotecario,266639.646000,25253.073000,7105262.212000,7397154.931000
2020-02-29,INTERBANK,medianas_empresas,150170.467000,26629.436000,3211718.732000,3388518.635000
2020-02-29,INTERBANK,microempresas,1019.887000,138.401000,33379.502000,34537.790000
2020-02-29,INTERBANK,pequenas_empresas,56139.853000,21353.500000,624390.202000,701883.555000
2020-02-29,MIBANCO,consumo,14940.611130,4683.988110,612602.896520,632227.495760
2020-02-29,MIBANCO,hipotecario,25333.318000,2703.042000,514566.931000,542603.291000
2020-02-29,MIBANCO,medianas_empresas,26374.713000,1852.861000,303952.611000,332180.185000
2020-02-29,MIBANCO,microempresas,96274.034000,9303.777000,2715345.593000,2820923.404000
2020-02-29,MIBANCO,pequenas_empresas,423059.239000,80208.520000,5959304.291000,6462572.050000
2020-02-29,PICHINCHA,consumo,64927.454820,35321.284860,2689971.713940,2790220.453620
2020-02-29,PICHINCHA,corporativo,0.248000,0.000000,430582.616000,430582.864000
2020-02-29,PICHINCHA,grandes_empresas,59196.583000,46346.684000,1213978.911000,1319522.178000
2020-02-29,PICHINCHA,hipotecario,41366.879000,3390.429000,1075478.248000,1120235.556000
2020-02-29,PICHINCHA,medianas_empresas,117436.004000,151312.581000,1059756.739000,1328505.324000
2020-02-29,PICHINCHA,microempresas,11476.715000,1450.937000,209588.176000,222515.828000
2020-02-29,PICHINCHA,pequenas_empresas,29472.202000,8289.116000,385495.050000,423256.368000
2020-02-29,RIPLEY,consumo,58934.442800,32791.431600,1806109.404070,1897835.278470
2020-02-29,SANTANDER,consumo,0.000000,0.000000,1728.123210,1728.123210
2020-02-29,SANTANDER,corporativo,616.351000,0.000000,1812466.016000,1813082.367000
2020-02-29,SANTANDER,grandes_empresas,7810.608000,25905.273000,1720433.043000,1754148.924000
2020-02-29,SANTANDER,medianas_empresas,18116.385000,916.290000,804311.849000,823344.524000
2020-02-29,SANTANDER,pequenas_empresas,3.206000,0.000000,179.359000,182.565000
2020-02-29,SCOTIABANK,consumo,376627.822940,186090.580260,9299191.962260,9861910.365460
2020-02-29,SCOTIABANK,corporativo,33939.892000,0.000000,16615513.918000,16649453.810000
2020-02-29,SCOTIABANK,grandes_empresas,103719.197000,153353.433000,6522362.460000,6779435.090000
2020-02-29,SCOTIABANK,hipotecario,335689.851000,153718.608000,7089635.966000,7579044.425000
2020-02-29,SCOTIABANK,medianas_empresas,649598.545000,121248.707000,6089181.704000,6860028.956000
2020-02-29,SCOTIABANK,microempresas,3796.066000,1194.263000,116119.640000,121109.969000
2020-02-29,SCOTIABANK,pequenas_empresas,308532.242000,106066.889000,1744382.234000,2158981.365000
2020-03-31,ALFIN,consumo,37124.754220,0.000000,435537.015150,472661.769370
2020-03-31,BANCOM,consumo,26282.144500,23458.503710,1315327.974660,1365068.622870
2020-03-31,BANCOM,corporativo,0.116000,0.000000,64073.660000,64073.776000
2020-03-31,BANCOM,grandes_empresas,5883.242000,27086.586000,111862.210000,144832.038000
2020-03-31,BANCOM,hipotecario,1817.444000,42.091000,81299.091000,83158.626000
2020-03-31,BANCOM,medianas_empresas,14711.084000,1867.111000,31654.354000,48232.549000
2020-03-31,BANCOM,microempresas,3.354000,6.383000,6.780000,16.517000
2020-03-31,BANCOM,pequenas_empresas,53.927000,239.099000,648.648000,941.674000
2020-03-31,BBVA,consumo,218432.301810,68590.777340,6338032.884070,6625055.963220
2020-03-31,BBVA,corporativo,8441.502000,55049.125000,16605733.136000,16669223.763000
2020-03-31,BBVA,grandes_empresas,128994.039000,286200.295000,10078554.290000,10493748.624000
2020-03-31,BBVA,hipotecario,297380.321000,253927.194000,13026677.888000,13577985.403000
2020-03-31,BBVA,medianas_empresas,1134651.970000,652657.593000,9926664.349000,11713973.912000
2020-03-31,BBVA,microempresas,2256.472000,1126.356000,98505.717000,101888.545000
2020-03-31,BBVA,pequenas_empresas,125261.069000,42122.936000,1601185.150000,1768569.155000
2020-03-31,BCP,consumo,406313.576680,195737.039670,13226824.393490,13828875.009840
2020-03-31,BCP,corporativo,4381.673000,61897.195000,30153506.972000,30219785.840000
2020-03-31,BCP,grandes_empresas,187713.652000,300962.575000,17808149.879000,18296826.106000
2020-03-31,BCP,hipotecario,466636.206000,65425.065000,16343478.664000,16875539.935000
2020-03-31,BCP,medianas_empresas,1354658.590000,288202.113000,14413949.704000,16056810.407000
2020-03-31,BCP,microempresas,14101.929000,1148.522000,356413.993000,371664.444000
2020-03-31,BCP,pequenas_empresas,379000.663000,93647.487000,3896600.316000,4369248.466000
2020-03-31,BIF,consumo,36549.670850,7532.826300,1645174.845040,1689257.342190
2020-03-31,BIF,corporativo,0.461000,0.000000,2724172.746000,2724173.207000
2020-03-31,BIF,grandes_empresas,32316.595000,97140.507000,2874656.543000,3004113.645000
2020-03-31,BIF,hipotecario,36645.283000,16585.678000,1961518.357000,2014749.318000
2020-03-31,BIF,medianas_empresas,160670.374000,74890.591000,1613261.322000,1848822.287000
2020-03-31,BIF,microempresas,908.169000,6.469000,1850.632000,2765.270000
2020-03-31,BIF,pequenas_empresas,6976.780000,1463.016000,28729.650000,37169.446000
2020-03-31,CITIBANK,corporativo,0.000000,0.000000,1297487.392000,1297487.392000
2020-03-31,CITIBANK,grandes_empresas,0.000000,0.000000,880733.958000,880733.958000
2020-03-31,CITIBANK,medianas_empresas,0.000000,0.000000,33400.588000,33400.588000
2020-03-31,CITIBANK,microempresas,0.000000,0.000000,60.645000,60.645000
2020-03-31,CITIBANK,pequenas_empresas,0.000000,0.000000,432.140000,432.140000
2020-03-31,FALABELLA,consumo,105795.631640,83937.277760,3058613.905320,3248346.814720
2020-03-31,FALABELLA,grandes_empresas,0.000000,0.000000,3.995000,3.995000
2020-03-31,FALABELLA,hipotecario,132.843000,0.867000,2354.643000,2488.353000
2020-03-31,GNB,consumo,15464.882260,6705.947270,1396449.604470,1418620.434000
2020-03-31,GNB,corporativo,0.000000,8792.330000,535052.243000,543844.573000
2020-03-31,GNB,grandes_empresas,14405.442000,19215.506000,395091.562000,428712.510000
2020-03-31,GNB,hipotecario,41338.605000,3832.551000,903282.245000,948453.401000
2020-03-31,GNB,medianas_empresas,82774.461000,86169.739000,280824.212000,449768.412000
2020-03-31,GNB,microempresas,18.123000,0.000000,34.892000,53.015000
2020-03-31,GNB,pequenas_empresas,2019.974000,233.329000,19077.155000,21330.458000
2020-03-31,ICBC,corporativo,0.000000,0.000000,509306.027000,509306.027000
2020-03-31,ICBC,grandes_empresas,0.000000,0.000000,38150.305000,38150.305000
2020-03-31,ICBC,medianas_empresas,0.000000,0.000000,72537.047000,72537.047000
2020-03-31,INTERBANK,consumo,437981.172020,180945.462970,12286455.000640,12905381.635630
2020-03-31,INTERBANK,corporativo,232.701000,0.000000,6988544.484000,6988777.185000
2020-03-31,INTERBANK,grandes_empresas,92540.686000,3180.199000,4842551.585000,4938272.470000
2020-03-31,INTERBANK,hipotecario,291193.426000,25531.775000,7035592.831000,7352318.032000
2020-03-31,INTERBANK,medianas_empresas,131075.971000,27282.769000,3197712.497000,3356071.237000
2020-03-31,INTERBANK,microempresas,1102.881000,151.811000,34716.044000,35970.736000
2020-03-31,INTERBANK,pequenas_empresas,55858.680000,21677.031000,603824.557000,681360.268000
2020-03-31,MIBANCO,consumo,17607.479270,4507.418220,607865.254050,629980.151540
2020-03-31,MIBANCO,hipotecario,27455.448000,2505.133000,501124.694000,531085.275000
2020-03-31,MIBANCO,medianas_empresas,25772.485000,1841.287000,314734.272000,342348.044000
2020-03-31,MIBANCO,microempresas,94944.986000,9525.351000,2621629.798000,2726100.135000
2020-03-31,MIBANCO,pequenas_empresas,413230.286000,80535.607000,5965013.915000,6458779.808000
2020-03-31,PICHINCHA,consumo,83916.566050,36326.088470,2607277.631870,2727520.286390
2020-03-31,PICHINCHA,corporativo,0.489000,0.000000,414009.198000,414009.687000
2020-03-31,PICHINCHA,grandes_empresas,51492.970000,46183.723000,1234856.633000,1332533.326000
2020-03-31,PICHINCHA,hipotecario,46376.497000,3366.625000,1064986.860000,1114729.982000
2020-03-31,PICHINCHA,medianas_empresas,116237.603000,150633.294000,1017084.668000,1283955.565000
2020-03-31,PICHINCHA,microempresas,12697.292000,1339.850000,200112.515000,214149.657000
2020-03-31,PICHINCHA,pequenas_empresas,32202.908000,7258.289000,370347.922000,409809.119000
2020-03-31,RIPLEY,consumo,58580.322510,34324.827070,1805768.866290,1898674.015870
2020-03-31,SANTANDER,consumo,0.000000,0.000000,1934.600600,1934.600600
2020-03-31,SANTANDER,corporativo,18269.733000,0.000000,1963524.947000,1981794.680000
2020-03-31,SANTANDER,grandes_empresas,25789.582000,6848.395000,1871624.257000,1904262.234000
2020-03-31,SANTANDER,medianas_empresas,23910.469000,1910.812000,771838.140000,797659.421000
2020-03-31,SANTANDER,pequenas_empresas,0.000000,0.000000,13965.388000,13965.388000
2020-03-31,SCOTIABANK,consumo,393015.058500,187052.599790,9157361.798460,9737429.456750
2020-03-31,SCOTIABANK,corporativo,34209.638000,0.000000,16935741.666000,16969951.304000
2020-03-31,SCOTIABANK,grandes_empresas,110869.506000,152475.794000,6563064.464000,6826409.764000
2020-03-31,SCOTIABANK,hipotecario,356342.856000,153242.534000,6978636.756000,7488222.146000
2020-03-31,SCOTIABANK,medianas_empresas,678764.799000,115345.262000,5956257.308000,6750367.369000
2020-03-31,SCOTIABANK,microempresas,4152.363000,1227.037000,113294.350000,118673.750000
2020-03-31,SCOTIABANK,pequenas_empresas,317042.031000,103184.963000,1674987.465000,2095214.459000
2020-04-30,ALFIN,consumo,42560.648490,0.000000,428372.474400,470933.122890
2020-04-30,BANCOM,consumo,27182.829510,29039.981720,1300365.269880,1356588.081110
2020-04-30,BANCOM,corporativo,0.116000,0.000000,59503.277000,59503.393000
2020-04-30,BANCOM,grandes_empresas,5865.454000,27017.842000,122826.548000,155709.844000
2020-04-30,BANCOM,hipotecario,1734.813000,42.091000,80947.003000,82723.907000
2020-04-30,BANCOM,medianas_empresas,14592.734000,1865.795000,25455.073000,41913.602000
2020-04-30,BANCOM,microempresas,3.299000,6.383000,0.559000,10.241000
2020-04-30,BANCOM,pequenas_empresas,53.923000,235.064000,622.195000,911.182000
2020-04-30,BBVA,consumo,211268.730170,70087.884980,6205772.120590,6487128.735740
2020-04-30,BBVA,corporativo,8033.069000,55049.125000,16063056.993000,16126139.187000
2020-04-30,BBVA,grandes_empresas,137422.109000,284108.008000,10164557.366000,10586087.483000
2020-04-30,BBVA,hipotecario,364795.114000,247825.328000,12909576.586000,13522197.028000
2020-04-30,BBVA,medianas_empresas,1340236.104000,576465.064000,9797131.497000,11713832.665000
2020-04-30,BBVA,microempresas,2825.188000,1109.172000,73574.679000,77509.039000
2020-04-30,BBVA,pequenas_empresas,160603.870000,37021.775000,1528194.650000,1725820.295000
2020-04-30,BCP,consumo,459466.382300,191971.321240,12764531.554010,13415969.257550
2020-04-30,BCP,corporativo,72346.879000,61126.555000,31916208.471000,32049681.905000
2020-04-30,BCP,grandes_empresas,208009.141000,282834.916000,17775126.912000,18265970.969000
2020-04-30,BCP,hipotecario,516120.423000,63367.636000,16158409.337000,16737897.396000
2020-04-30,BCP,medianas_empresas,1313774.902000,279201.094000,14395791.537000,15988767.533000
2020-04-30,BCP,microempresas,12292.010000,928.171000,292426.999000,305647.180000
2020-04-30,BCP,pequenas_empresas,370492.429000,86440.277000,3790457.957000,4247390.663000
2020-04-30,BIF,consumo,36430.110080,7629.533960,1622757.393380,1666817.037420
2020-04-30,BIF,corporativo,8.912000,0.000000,2715552.139000,2715561.051000
2020-04-30,BIF,grandes_empresas,33413.904000,96291.117000,2878535.766000,3008240.787000
2020-04-30,BIF,hipotecario,34885.695000,16748.492000,1962052.082000,2013686.269000
2020-04-30,BIF,medianas_empresas,163171.270000,73807.689000,1598996.492000,1835975.451000
2020-04-30,BIF,microempresas,939.379000,12.515000,1562.705000,2514.599000
2020-04-30,BIF,pequenas_empresas,6774.286000,1693.764000,26364.661000,34832.711000
2020-04-30,CITIBANK,corporativo,0.000000,0.000000,1311743.209000,1311743.209000
2020-04-30,CITIBANK,grandes_empresas,0.000000,0.000000,946380.543000,946380.543000
2020-04-30,CITIBANK,medianas_empresas,0.000000,0.000000,41660.312000,41660.312000
2020-04-30,CITIBANK,microempresas,0.000000,0.000000,22.541000,22.541000
2020-04-30,CITIBANK,pequenas_empresas,0.000000,0.000000,72.702000,72.702000
2020-04-30,FALABELLA,consumo,120623.648330,114076.508540,2755363.563530,2990063.720400
2020-04-30,FALABELLA,grandes_empresas,0.000000,0.000000,4.211000,4.211000
2020-04-30,FALABELLA,hipotecario,137.813000,0.000000,2279.871000,2417.684000
2020-04-30,FALABELLA,medianas_empresas,0.000000,0.000000,0.023000,0.023000
2020-04-30,GNB,consumo,11835.288270,6695.932340,1376724.615510,1395255.836120
2020-04-30,GNB,corporativo,0.000000,8792.330000,527210.216000,536002.546000
2020-04-30,GNB,grandes_empresas,25507.718000,17008.580000,386075.903000,428592.201000
2020-04-30,GNB,hipotecario,35174.653000,4181.129000,904984.773000,944340.555000
2020-04-30,GNB,medianas_empresas,80853.575000,90243.067000,269777.836000,440874.478000
2020-04-30,GNB,microempresas,18.123000,0.000000,36.610000,54.733000
2020-04-30,GNB,pequenas_empresas,2749.973000,67.724000,18180.387000,20998.084000
2020-04-30,ICBC,corporativo,0.000000,0.000000,666765.375000,666765.375000
2020-04-30,ICBC,grandes_empresas,0.000000,0.000000,37055.735000,37055.735000
2020-04-30,ICBC,medianas_empresas,0.000000,0.000000,71178.186000,71178.186000
2020-04-30,INTERBANK,consumo,514546.221790,186148.620030,11948305.445440,12649000.287260
2020-04-30,INTERBANK,corporativo,24.851000,0.000000,7787891.135000,7787915.986000
2020-04-30,INTERBANK,grandes_empresas,93805.474000,678.284000,4660156.552000,4754640.310000
2020-04-30,INTERBANK,hipotecario,312753.110000,23523.728000,6987545.098000,7323821.936000
2020-04-30,INTERBANK,medianas_empresas,133658.381000,28149.550000,3161061.822000,3322869.753000
2020-04-30,INTERBANK,microempresas,1060.554000,214.846000,31934.931000,33210.331000
2020-04-30,INTERBANK,pequenas_empresas,53152.380000,23786.181000,594820.753000,671759.314000
2020-04-30,MIBANCO,consumo,14055.254730,4731.022990,622997.910470,641784.188190
2020-04-30,MIBANCO,hipotecario,23839.236000,2819.982000,500836.384000,527495.602000
2020-04-30,MIBANCO,medianas_empresas,23768.052000,1903.008000,333274.010000,358945.070000
2020-04-30,MIBANCO,microempresas,94136.497000,10443.731000,2532019.092000,2636599.320000
2020-04-30,MIBANCO,pequenas_empresas,388959.850000,84898.144000,6190017.970000,6663875.964000
2020-04-30,PICHINCHA,consumo,100630.903390,39991.441940,2506623.392170,2647245.737500
2020-04-30,PICHINCHA,corporativo,1.411000,0.000000,327732.553000,327733.964000
2020-04-30,PICHINCHA,grandes_empresas,50763.719000,46543.745000,1263700.600000,1361008.064000
2020-04-30,PICHINCHA,hipotecario,47751.300000,2904.749000,1062929.153000,1113585.202000
2020-04-30,PICHINCHA,medianas_empresas,110472.857000,147633.978000,1047018.390000,1305125.225000
2020-04-30,PICHINCHA,microempresas,10229.480000,1283.998000,196600.645000,208114.123000
2020-04-30,PICHINCHA,pequenas_empresas,30366.844000,6817.039000,368062.660000,405246.543000
2020-04-30,RIPLEY,consumo,51403.902160,36306.265120,1763024.971650,1850735.138930
2020-04-30,SANTANDER,consumo,0.000000,0.000000,1904.275950,1904.275950
2020-04-30,SANTANDER,corporativo,88.233000,10700.000000,2042744.704000,2053532.937000
2020-04-30,SANTANDER,grandes_empresas,26652.289000,4370.454000,1938382.372000,1969405.115000
2020-04-30,SANTANDER,medianas_empresas,19717.990000,1894.029000,784097.809000,805709.828000
2020-04-30,SANTANDER,pequenas_empresas,3.183000,0.000000,13958.982000,13962.165000
2020-04-30,SCOTIABANK,consumo,423660.170790,186793.646810,8898303.789260,9508757.606860
2020-04-30,SCOTIABANK,corporativo,34373.131000,0.000000,17802229.321000,17836602.452000
2020-04-30,SCOTIABANK,grandes_empresas,152805.151000,118664.471000,6610375.244000,6881844.866000
2020-04-30,SCOTIABANK,hipotecario,394488.926000,151756.885000,6908536.813000,7454782.624000
2020-04-30,SCOTIABANK,medianas_empresas,766909.067000,105703.033000,5802571.345000,6675183.445000
2020-04-30,SCOTIABANK,microempresas,4887.178000,1346.008000,103069.031000,109302.217000
2020-04-30,SCOTIABANK,pequenas_empresas,333543.485000,100170.160000,1595246.022000,2028959.667000
2020-05-31,ALFIN,consumo,46297.518370,0.000000,416242.100390,462539.618760
2020-05-31,BANCOM,consumo,25495.286260,29752.799990,1297382.368080,1352630.454330
2020-05-31,BANCOM,corporativo,0.116000,0.000000,58112.763000,58112.879000
2020-05-31,BANCOM,grandes_empresas,5781.142000,27019.998000,119790.548000,152591.688000
2020-05-31,BANCOM,hipotecario,2303.339000,42.091000,80085.978000,82431.408000
2020-05-31,BANCOM,medianas_empresas,18158.511000,1939.783000,35585.569000,55683.863000
2020-05-31,BANCOM,microempresas,3.350000,6.383000,2486.134000,2495.867000
2020-05-31,BANCOM,pequenas_empresas,53.927000,238.751000,2626.747000,2919.425000
2020-05-31,BBVA,consumo,220395.778940,71661.943790,6170642.558200,6462700.280930
2020-05-31,BBVA,corporativo,8292.573000,55049.125000,15545902.539000,15609244.237000
2020-05-31,BBVA,grandes_empresas,151490.725000,283117.101000,11193362.009000,11627969.835000
2020-05-31,BBVA,hipotecario,347114.009000,278783.158000,12923583.584000,13549480.751000
2020-05-31,BBVA,medianas_empresas,1217589.331000,615235.959000,10945950.846000,12778776.136000
2020-05-31,BBVA,microempresas,2674.906000,973.736000,150192.180000,153840.822000
2020-05-31,BBVA,pequenas_empresas,145461.648000,40612.714000,2188284.968000,2374359.330000
2020-05-31,BCP,consumo,478237.910840,220277.650150,12678367.278230,13376882.839220
2020-05-31,BCP,corporativo,140.069000,61830.760000,31304621.340000,31366592.169000
2020-05-31,BCP,grandes_empresas,200518.368000,287236.554000,22584982.256000,23072737.178000
2020-05-31,BCP,hipotecario,533468.658000,63790.567000,16159059.897000,16756319.122000
2020-05-31,BCP,medianas_empresas,1263022.836000,270040.603000,19327602.392000,20860665.831000
2020-05-31,BCP,microempresas,12427.990000,1085.129000,549037.947000,562551.066000
2020-05-31,BCP,pequenas_empresas,374084.104000,89296.474000,6004289.803000,6467670.381000
2020-05-31,BIF,consumo,36902.611820,7604.486960,1621926.170940,1666433.269720
2020-05-31,BIF,corporativo,10.732000,0.000000,2872939.273000,2872950.005000
2020-05-31,BIF,grandes_empresas,30368.108000,97046.154000,3283612.450000,3411026.712000
2020-05-31,BIF,hipotecario,34543.214000,16766.497000,1961612.228000,2012921.939000
2020-05-31,BIF,medianas_empresas,161331.456000,73608.996000,1788240.928000,2023181.380000
2020-05-31,BIF,microempresas,985.364000,12.515000,5742.921000,6740.800000
2020-05-31,BIF,pequenas_empresas,6645.855000,2158.550000,55909.017000,64713.422000
2020-05-31,CITIBANK,corporativo,0.000000,0.000000,1315494.321000,1315494.321000
2020-05-31,CITIBANK,grandes_empresas,0.000000,0.000000,861059.558000,861059.558000
2020-05-31,CITIBANK,medianas_empresas,0.000000,0.000000,27491.910000,27491.910000
2020-05-31,CITIBANK,microempresas,0.000000,0.000000,10.655000,10.655000
2020-05-31,CITIBANK,pequenas_empresas,0.000000,0.000000,38.722000,38.722000
2020-05-31,FALABELLA,consumo,133883.664180,164193.151790,2576719.697920,2874796.513890
2020-05-31,FALABELLA,grandes_empresas,0.000000,0.000000,0.043000,0.043000
2020-05-31,FALABELLA,hipotecario,158.986000,0.000000,2262.671000,2421.657000
2020-05-31,FALABELLA,medianas_empresas,0.000000,0.000000,0.023000,0.023000
2020-05-31,GNB,consumo,12136.085160,6673.180760,1357788.566680,1376597.832600
2020-05-31,GNB,corporativo,133.384000,8792.330000,500058.431000,508984.145000
2020-05-31,GNB,grandes_empresas,18642.109000,16754.197000,419097.977000,454494.283000
2020-05-31,GNB,hipotecario,36866.353000,4168.039000,899740.101000,940774.493000
2020-05-31,GNB,medianas_empresas,81409.153000,90180.204000,272003.079000,443592.436000
2020-05-31,GNB,microempresas,16.793000,0.000000,34.125000,50.918000
2020-05-31,GNB,pequenas_empresas,1780.500000,64.744000,19148.126000,20993.370000
2020-05-31,ICBC,corporativo,0.000000,0.000000,649278.630000,649278.630000
2020-05-31,ICBC,grandes_empresas,0.000000,0.000000,37119.882000,37119.882000
2020-05-31,ICBC,medianas_empresas,0.000000,0.000000,72294.624000,72294.624000
2020-05-31,INTERBANK,consumo,413339.399410,191316.922600,11921261.683940,12525918.005950
2020-05-31,INTERBANK,corporativo,855.888000,0.000000,8517024.688000,8517880.576000
2020-05-31,INTERBANK,grandes_empresas,88308.364000,655.086000,6566264.147000,6655227.597000
2020-05-31,INTERBANK,hipotecario,267956.701000,21839.626000,7044174.611000,7333970.938000
2020-05-31,INTERBANK,medianas_empresas,126223.005000,26337.652000,3605957.073000,3758517.730000
2020-05-31,INTERBANK,microempresas,730.254000,354.159000,21565.026000,22649.439000
2020-05-31,INTERBANK,pequenas_empresas,49497.790000,24703.213000,695629.890000,769830.893000
2020-05-31,MIBANCO,consumo,14400.248360,4685.961230,615125.111390,634211.320980
2020-05-31,MIBANCO,hipotecario,23931.261000,2800.303000,490806.261000,517537.825000
2020-05-31,MIBANCO,medianas_empresas,31862.955000,1816.554000,363168.256000,396847.765000
2020-05-31,MIBANCO,microempresas,113071.955000,10986.883000,2398821.839000,2522880.677000
2020-05-31,MIBANCO,pequenas_empresas,456137.041000,84033.292000,6411058.267000,6951228.600000
2020-05-31,PICHINCHA,consumo,63522.458310,47894.973780,2499974.585510,2611392.017600
2020-05-31,PICHINCHA,corporativo,0.428000,0.000000,434257.152000,434257.580000
2020-05-31,PICHINCHA,grandes_empresas,56892.758000,46723.951000,1692034.531000,1795651.240000
2020-05-31,PICHINCHA,hipotecario,46245.524000,3322.341000,1065612.362000,1115180.227000
2020-05-31,PICHINCHA,medianas_empresas,111216.506000,151074.018000,1175537.380000,1437827.904000
2020-05-31,PICHINCHA,microempresas,9070.745000,1988.272000,203947.459000,215006.476000
2020-05-31,PICHINCHA,pequenas_empresas,28984.177000,8587.481000,418376.926000,455948.584000
2020-05-31,RIPLEY,consumo,25430.583020,41396.669950,1736392.676720,1803219.929690
2020-05-31,SANTANDER,consumo,0.000000,0.000000,1875.535230,1875.535230
2020-05-31,SANTANDER,corporativo,3.906000,10700.000000,2094824.514000,2105528.420000
2020-05-31,SANTANDER,grandes_empresas,22679.328000,4439.005000,2050206.105000,2077324.438000
2020-05-31,SANTANDER,medianas_empresas,24001.345000,2775.358000,710776.327000,737553.030000
2020-05-31,SANTANDER,pequenas_empresas,0.000000,0.000000,170.373000,170.373000
2020-05-31,SCOTIABANK,consumo,443815.262820,190848.807300,8766708.408680,9401372.478800
2020-05-31,SCOTIABANK,corporativo,33904.450000,0.000000,18898711.699000,18932616.149000
2020-05-31,SCOTIABANK,grandes_empresas,220882.425000,39679.683000,7948823.957000,8209386.065000
2020-05-31,SCOTIABANK,hipotecario,425343.893000,157179.147000,6907700.613000,7490223.653000
2020-05-31,SCOTIABANK,medianas_empresas,712802.264000,105983.944000,6479594.596000,7298380.804000
2020-05-31,SCOTIABANK,microempresas,4996.345000,1257.588000,111310.874000,117564.807000
2020-05-31,SCOTIABANK,pequenas_empresas,354555.979000,92889.253000,1693167.420000,2140612.652000
2020-06-30,ALFIN,consumo,35675.532850,0.000000,403019.472250,438695.005100
2020-06-30,BANCOM,consumo,25625.492880,30781.741550,1295840.538860,1352247.773290
2020-06-30,BANCOM,corporativo,0.116000,0.000000,59234.798000,59234.914000
2020-06-30,BANCOM,grandes_empresas,3581.195000,27972.769000,138738.040000,170292.004000
2020-06-30,BANCOM,hipotecario,2665.998000,41.854000,79164.404000,81872.256000
2020-06-30,BANCOM,medianas_empresas,15537.796000,1935.464000,50474.386000,67947.646000
2020-06-30,BANCOM,microempresas,3.450000,6.383000,2956.991000,2966.824000
2020-06-30,BANCOM,pequenas_empresas,53.935000,246.125000,7030.548000,7330.608000
2020-06-30,BBVA,consumo,237466.631770,73948.474450,6162488.952360,6473904.058580
2020-06-30,BBVA,corporativo,8067.362000,56135.912000,15604086.636000,15668289.910000
2020-06-30,BBVA,grandes_empresas,112634.236000,316069.030000,12093264.333000,12521967.599000
2020-06-30,BBVA,hipotecario,379117.019000,300073.260000,12882013.218000,13561203.497000
2020-06-30,BBVA,medianas_empresas,1245168.281000,644784.761000,12512004.289000,14401957.331000
2020-06-30,BBVA,microempresas,3759.891000,975.261000,230473.906000,235209.058000
2020-06-30,BBVA,pequenas_empresas,147743.634000,42161.950000,3088547.598000,3278453.182000
2020-06-30,BCP,consumo,485337.195810,264579.733600,12246083.178550,12996000.107960
2020-06-30,BCP,corporativo,9915.746000,62360.303000,29973572.037000,30045848.086000
2020-06-30,BCP,grandes_empresas,222444.423000,296220.431000,22192749.809000,22711414.663000
2020-06-30,BCP,hipotecario,540663.746000,61519.770000,16148454.409000,16750637.925000
2020-06-30,BCP,medianas_empresas,1323082.035000,272110.868000,19877707.063000,21472899.966000
2020-06-30,BCP,microempresas,12383.372000,1589.453000,462333.238000,476306.063000
2020-06-30,BCP,pequenas_empresas,372993.707000,95926.286000,6281022.779000,6749942.772000
2020-06-30,BIF,consumo,37630.399580,7675.839060,1626996.652890,1672302.891530
2020-06-30,BIF,corporativo,0.461000,0.000000,2858416.319000,2858416.780000
2020-06-30,BIF,grandes_empresas,34258.932000,97181.088000,3311190.388000,3442630.408000
2020-06-30,BIF,hipotecario,35409.733000,15641.089000,1962187.378000,2013238.200000
2020-06-30,BIF,medianas_empresas,164161.819000,72122.534000,1793492.137000,2029776.490000
2020-06-30,BIF,microempresas,1086.219000,12.515000,4553.976000,5652.710000
2020-06-30,BIF,pequenas_empresas,6694.976000,2053.756000,51692.300000,60441.032000
2020-06-30,CITIBANK,corporativo,0.000000,0.000000,1040129.261000,1040129.261000
2020-06-30,CITIBANK,grandes_empresas,0.000000,0.000000,910574.680000,910574.680000
2020-06-30,CITIBANK,medianas_empresas,0.000000,0.000000,37920.063000,37920.063000
2020-06-30,CITIBANK,microempresas,0.000000,0.000000,14.610000,14.610000
2020-06-30,CITIBANK,pequenas_empresas,0.000000,0.000000,50.119000,50.119000
2020-06-30,FALABELLA,consumo,141912.670800,219303.000890,2404869.510690,2766085.182380
2020-06-30,FALABELLA,grandes_empresas,0.000000,0.000000,0.594000,0.594000
2020-06-30,FALABELLA,hipotecario,158.715000,0.000000,2292.590000,2451.305000
2020-06-30,FALABELLA,medianas_empresas,0.000000,0.000000,0.011000,0.011000
2020-06-30,GNB,consumo,14401.592970,6628.772660,1326192.765510,1347223.131140
2020-06-30,GNB,corporativo,155.032000,8792.330000,506968.604000,515915.966000
2020-06-30,GNB,grandes_empresas,13556.571000,21320.701000,412224.809000,447102.081000
2020-06-30,GNB,hipotecario,37707.246000,4153.775000,892466.676000,934327.697000
2020-06-30,GNB,medianas_empresas,80749.060000,91987.184000,273304.259000,446040.503000
2020-06-30,GNB,microempresas,16.793000,0.000000,26.278000,43.071000
2020-06-30,GNB,pequenas_empresas,2386.679000,61.792000,18394.319000,20842.790000
2020-06-30,ICBC,corporativo,0.000000,0.000000,712978.067000,712978.067000
2020-06-30,ICBC,grandes_empresas,0.000000,0.000000,37785.466000,37785.466000
2020-06-30,ICBC,medianas_empresas,0.000000,0.000000,74034.183000,74034.183000
2020-06-30,INTERBANK,consumo,438915.735570,186722.553210,11782145.176390,12407783.465170
2020-06-30,INTERBANK,corporativo,13.188000,0.000000,8717712.226000,8717725.414000
2020-06-30,INTERBANK,grandes_empresas,93993.258000,659.656000,6751054.470000,6845707.384000
2020-06-30,INTERBANK,hipotecario,273069.930000,21373.652000,7068637.045000,7363080.627000
2020-06-30,INTERBANK,medianas_empresas,129328.618000,25089.847000,3835934.719000,3990353.184000
2020-06-30,INTERBANK,microempresas,714.893000,356.402000,41115.191000,42186.486000
2020-06-30,INTERBANK,pequenas_empresas,48056.645000,24437.034000,876841.007000,949334.686000
2020-06-30,MIBANCO,consumo,17179.614940,4595.003360,584265.546710,606040.165010
2020-06-30,MIBANCO,hipotecario,27010.036000,2792.435000,467584.700000,497387.171000
2020-06-30,MIBANCO,medianas_empresas,33645.646000,1620.227000,389376.145000,424642.018000
2020-06-30,MIBANCO,microempresas,135110.696000,11504.834000,2300407.614000,2447023.144000
2020-06-30,MIBANCO,pequenas_empresas,502373.729000,82260.481000,6427448.548000,7012082.758000
2020-06-30,PICHINCHA,consumo,83358.089360,50825.453600,2457584.396690,2591767.939650
2020-06-30,PICHINCHA,corporativo,0.000000,0.000000,437386.577000,437386.577000
2020-06-30,PICHINCHA,grandes_empresas,57135.307000,45802.468000,1719555.185000,1822492.960000
2020-06-30,PICHINCHA,hipotecario,47076.241000,2816.676000,1066153.087000,1116046.004000
2020-06-30,PICHINCHA,medianas_empresas,124209.778000,153294.016000,1170178.166000,1447681.960000
2020-06-30,PICHINCHA,microempresas,8735.175000,2158.774000,205252.168000,216146.117000
2020-06-30,PICHINCHA,pequenas_empresas,29035.545000,8472.762000,416438.336000,453946.643000
2020-06-30,RIPLEY,consumo,31709.100090,41693.172700,1670122.014800,1743524.287590
2020-06-30,SANTANDER,consumo,0.000000,0.000000,1866.282300,1866.282300
2020-06-30,SANTANDER,corporativo,4.258000,10671.066000,2175392.731000,2186068.055000
2020-06-30,SANTANDER,grandes_empresas,22865.709000,4576.107000,2076045.576000,2103487.392000
2020-06-30,SANTANDER,medianas_empresas,24439.927000,2832.087000,698013.961000,725285.975000
2020-06-30,SANTANDER,pequenas_empresas,0.000000,0.000000,175.564000,175.564000
2020-06-30,SCOTIABANK,consumo,443883.860800,204862.567700,8658890.358400,9307636.786900
2020-06-30,SCOTIABANK,corporativo,33904.451000,0.000000,18440346.527000,18474250.978000
2020-06-30,SCOTIABANK,grandes_empresas,228914.294000,34801.600000,8107529.555000,8371245.449000
2020-06-30,SCOTIABANK,hipotecario,442932.092000,164061.046000,6928263.488000,7535256.626000
2020-06-30,SCOTIABANK,medianas_empresas,700146.443000,106795.356000,6816404.317000,7623346.116000
2020-06-30,SCOTIABANK,microempresas,5246.209000,1350.810000,100360.105000,106957.124000
2020-06-30,SCOTIABANK,pequenas_empresas,360811.550000,89455.741000,1821479.933000,2271747.224000
2020-07-31,ALFIN,consumo,34706.992840,0.000000,387566.527120,422273.519960
2020-07-31,BANCOM,consumo,23041.176540,32967.892980,1305101.587260,1361110.656780
2020-07-31,BANCOM,corporativo,0.116000,0.000000,60363.194000,60363.310000
2020-07-31,BANCOM,grandes_empresas,1345.081000,31746.157000,100607.194000,133698.432000
2020-07-31,BANCOM,hipotecario,3098.801000,41.854000,78437.348000,81578.003000
2020-07-31,BANCOM,medianas_empresas,16917.407000,1919.077000,53169.546000,72006.030000
2020-07-31,BANCOM,microempresas,3.464000,5.634000,4331.772000,4340.870000
2020-07-31,BANCOM,pequenas_empresas,53.934000,245.290000,7532.694000,7831.918000
2020-07-31,BBVA,consumo,205625.551320,73733.865450,6015745.388360,6295104.805130
2020-07-31,BBVA,corporativo,8033.074000,56135.912000,14859746.115000,14923915.101000
2020-07-31,BBVA,grandes_empresas,112440.129000,321955.333000,12446340.659000,12880736.121000
2020-07-31,BBVA,hipotecario,368207.087000,311588.167000,12817118.698000,13496913.952000
2020-07-31,BBVA,medianas_empresas,1246705.589000,674189.156000,14405048.291000,16325943.036000
2020-07-31,BBVA,microempresas,2184.189000,969.878000,373445.417000,376599.484000
2020-07-31,BBVA,pequenas_empresas,138367.821000,45309.235000,4015391.254000,4199068.310000
2020-07-31,BCP,consumo,496316.357280,297623.030170,11820684.364820,12614623.752270
2020-07-31,BCP,corporativo,33658.487000,62203.841000,29765525.888000,29861388.216000
2020-07-31,BCP,grandes_empresas,220853.457000,292673.802000,21982638.796000,22496166.055000
2020-07-31,BCP,hipotecario,529269.223000,61714.757000,16008807.822000,16599791.802000
2020-07-31,BCP,medianas_empresas,1320878.232000,266434.197000,20556076.000000,22143388.429000
2020-07-31,BCP,microempresas,12792.811000,1761.805000,450830.088000,465384.704000
2020-07-31,BCP,pequenas_empresas,398382.828000,104051.961000,6519901.950000,7022336.739000
2020-07-31,BIF,consumo,38345.954780,7566.916700,1634630.563090,1680543.434570
2020-07-31,BIF,corporativo,1.358000,0.000000,2774113.078000,2774114.436000
2020-07-31,BIF,grandes_empresas,36158.491000,96684.128000,3264810.009000,3397652.628000
2020-07-31,BIF,hipotecario,35445.139000,15711.028000,1960919.744000,2012075.911000
2020-07-31,BIF,medianas_empresas,158022.356000,76742.706000,1744120.304000,1978885.366000
2020-07-31,BIF,microempresas,1089.653000,12.515000,6623.045000,7725.213000
2020-07-31,BIF,pequenas_empresas,6222.271000,2324.632000,51220.016000,59766.919000
2020-07-31,CITIBANK,corporativo,0.000000,0.000000,1016945.147000,1016945.147000
2020-07-31,CITIBANK,grandes_empresas,0.000000,0.000000,939049.684000,939049.684000
2020-07-31,CITIBANK,medianas_empresas,0.000000,0.000000,35796.988000,35796.988000
2020-07-31,CITIBANK,microempresas,0.000000,0.000000,21.190000,21.190000
2020-07-31,CITIBANK,pequenas_empresas,0.000000,0.000000,49.200000,49.200000
2020-07-31,FALABELLA,consumo,147891.773110,247012.062720,2317451.947080,2712355.782910
2020-07-31,FALABELLA,grandes_empresas,0.000000,0.000000,0.622000,0.622000
2020-07-31,FALABELLA,hipotecario,175.677000,0.000000,2229.706000,2405.383000
2020-07-31,FALABELLA,medianas_empresas,0.000000,0.000000,0.011000,0.011000
2020-07-31,GNB,consumo,17364.560270,6374.529740,1310213.682740,1333952.772750
2020-07-31,GNB,corporativo,0.000000,8792.330000,475933.376000,484725.706000
2020-07-31,GNB,grandes_empresas,16550.480000,16338.184000,415639.905000,448528.569000
2020-07-31,GNB,hipotecario,42610.007000,3911.277000,875166.900000,921688.184000
2020-07-31,GNB,medianas_empresas,79052.153000,93802.043000,271994.797000,444848.993000
2020-07-31,GNB,microempresas,16.793000,0.000000,19.274000,36.067000
2020-07-31,GNB,pequenas_empresas,3111.294000,58.764000,17436.381000,20606.439000
2020-07-31,ICBC,corporativo,0.000000,0.000000,728386.042000,728386.042000
2020-07-31,ICBC,grandes_empresas,0.000000,0.000000,44925.314000,44925.314000
2020-07-31,ICBC,medianas_empresas,0.000000,0.000000,56012.430000,56012.430000
2020-07-31,INTERBANK,consumo,391871.450390,182963.451050,11653045.540890,12227880.442330
2020-07-31,INTERBANK,corporativo,0.000000,0.000000,8873214.382000,8873214.382000
2020-07-31,INTERBANK,grandes_empresas,113706.274000,641.505000,6963139.832000,7077487.611000
2020-07-31,INTERBANK,hipotecario,260474.626000,21093.404000,7091945.555000,7373513.585000
2020-07-31,INTERBANK,medianas_empresas,125090.504000,30205.588000,4164389.118000,4319685.210000
2020-07-31,INTERBANK,microempresas,736.304000,365.039000,67898.059000,68999.402000
2020-07-31,INTERBANK,pequenas_empresas,46917.948000,24697.544000,1135259.176000,1206874.668000
2020-07-31,MIBANCO,consumo,17743.007040,4488.067130,550372.775010,572603.849180
2020-07-31,MIBANCO,hipotecario,26319.401000,2762.063000,456951.625000,486033.089000
2020-07-31,MIBANCO,medianas_empresas,27819.216000,1572.633000,405720.436000,435112.285000
2020-07-31,MIBANCO,microempresas,129153.650000,13398.784000,2766318.307000,2908870.741000
2020-07-31,MIBANCO,pequenas_empresas,477143.467000,83292.138000,6511345.574000,7071781.179000
2020-07-31,PICHINCHA,consumo,52937.069360,63583.131430,2480626.133440,2597146.334230
2020-07-31,PICHINCHA,corporativo,0.544000,11217.143000,516744.101000,527961.788000
2020-07-31,PICHINCHA,grandes_empresas,41515.403000,46058.586000,1653426.162000,1741000.151000
2020-07-31,PICHINCHA,hipotecario,41959.423000,3322.015000,1067961.284000,1113242.722000
2020-07-31,PICHINCHA,medianas_empresas,152295.131000,158033.676000,1187615.117000,1497943.924000
2020-07-31,PICHINCHA,microempresas,9053.576000,2303.696000,211540.885000,222898.157000
2020-07-31,PICHINCHA,pequenas_empresas,29423.474000,9067.925000,424622.229000,463113.628000
2020-07-31,RIPLEY,consumo,34189.458950,43535.664910,1625747.680440,1703472.804300
2020-07-31,SANTANDER,consumo,0.000000,0.000000,1837.212310,1837.212310
2020-07-31,SANTANDER,corporativo,1.447000,10671.066000,2003562.351000,2014234.864000
2020-07-31,SANTANDER,grandes_empresas,22843.966000,4521.800000,2029568.547000,2056934.313000
2020-07-31,SANTANDER,medianas_empresas,24337.387000,2825.665000,695189.131000,722352.183000
2020-07-31,SANTANDER,pequenas_empresas,0.000000,0.000000,8273.522000,8273.522000
2020-07-31,SCOTIABANK,consumo,379577.043210,226057.660750,8599473.812360,9205108.516320
2020-07-31,SCOTIABANK,corporativo,49045.450000,0.000000,18164113.883000,18213159.333000
2020-07-31,SCOTIABANK,grandes_empresas,231851.166000,29033.324000,8198551.742000,8459436.232000
2020-07-31,SCOTIABANK,hipotecario,335137.948000,183288.262000,7074388.836000,7592815.046000
2020-07-31,SCOTIABANK,medianas_empresas,685869.631000,111071.321000,7213088.591000,8010029.543000
2020-07-31,SCOTIABANK,microempresas,4891.308000,1709.158000,127535.150000,134135.616000
2020-07-31,SCOTIABANK,pequenas_empresas,334892.760000,104851.761000,1978954.416000,2418698.937000
2020-08-31,ALFIN,consumo,31780.267650,0.000000,368309.767190,400090.034840
2020-08-31,BANCOM,consumo,22717.043870,34016.481920,1311699.270050,1368432.795840
2020-08-31,BANCOM,corporativo,0.116000,0.000000,60151.720000,60151.836000
2020-08-31,BANCOM,grandes_empresas,3000.773000,29477.344000,95042.248000,127520.365000
2020-08-31,BANCOM,hipotecario,3457.530000,41.854000,78044.982000,81544.366000
2020-08-31,BANCOM,medianas_empresas,16198.785000,1914.171000,69811.546000,87924.502000
2020-08-31,BANCOM,microempresas,3.481000,4.553000,6962.407000,6970.441000
2020-08-31,BANCOM,pequenas_empresas,54.044000,246.543000,10825.067000,11125.654000
2020-08-31,BBVA,consumo,189769.551010,75077.473990,6054188.766390,6319035.791390
2020-08-31,BBVA,corporativo,8033.069000,56135.912000,14085304.150000,14149473.131000
2020-08-31,BBVA,grandes_empresas,115221.628000,326630.290000,12951752.439000,13393604.357000
2020-08-31,BBVA,hipotecario,364263.099000,318248.869000,12771336.645000,13453848.613000
2020-08-31,BBVA,medianas_empresas,1231554.162000,685700.620000,15139204.309000,17056459.091000
2020-08-31,BBVA,microempresas,2403.504000,976.288000,369677.743000,373057.535000
2020-08-31,BBVA,pequenas_empresas,149972.978000,48299.911000,4458803.325000,4657076.214000
2020-08-31,BCP,consumo,571200.282390,364184.581830,11515086.945070,12450471.809290
2020-08-31,BCP,corporativo,131764.143000,62438.534000,28947958.797000,29142161.474000
2020-08-31,BCP,grandes_empresas,185121.608000,330729.746000,22304324.805000,22820176.159000
2020-08-31,BCP,hipotecario,508802.974000,63505.658000,16064293.186000,16636601.818000
2020-08-31,BCP,medianas_empresas,1306141.289000,286785.727000,21802569.621000,23395496.637000
2020-08-31,BCP,microempresas,13114.380000,1859.737000,543980.862000,558954.979000
2020-08-31,BCP,pequenas_empresas,434937.478000,116501.778000,7235641.961000,7787081.217000
2020-08-31,BIF,consumo,35231.661410,7171.436820,1645504.262050,1687907.360280
2020-08-31,BIF,corporativo,0.461000,0.000000,2910882.912000,2910883.373000
2020-08-31,BIF,grandes_empresas,32788.587000,90140.630000,3312735.235000,3435664.452000
2020-08-31,BIF,hipotecario,44376.114000,13277.225000,1968928.224000,2026581.563000
2020-08-31,BIF,medianas_empresas,157888.098000,83506.018000,1695694.024000,1937088.140000
2020-08-31,BIF,microempresas,1110.593000,6.469000,18151.731000,19268.793000
2020-08-31,BIF,pequenas_empresas,6231.851000,2093.701000,53945.240000,62270.792000
2020-08-31,CITIBANK,corporativo,0.000000,0.000000,880788.168000,880788.168000
2020-08-31,CITIBANK,grandes_empresas,0.000000,0.000000,925903.370000,925903.370000
2020-08-31,CITIBANK,medianas_empresas,0.000000,0.000000,35703.220000,35703.220000
2020-08-31,CITIBANK,microempresas,0.000000,0.000000,22.929000,22.929000
2020-08-31,CITIBANK,pequenas_empresas,0.000000,0.000000,69.265000,69.265000
2020-08-31,FALABELLA,consumo,167584.357440,245470.518180,2236927.087730,2649981.963350
2020-08-31,FALABELLA,grandes_empresas,0.000000,0.000000,1.809000,1.809000
2020-08-31,FALABELLA,hipotecario,201.504000,0.000000,2121.689000,2323.193000
2020-08-31,FALABELLA,medianas_empresas,0.000000,0.000000,0.011000,0.011000
2020-08-31,GNB,consumo,17816.456860,6314.306320,1311935.429710,1336066.192890
2020-08-31,GNB,corporativo,0.000000,8792.330000,511722.903000,520515.233000
2020-08-31,GNB,grandes_empresas,13279.988000,19824.884000,337416.892000,370521.764000
2020-08-31,GNB,hipotecario,49922.256000,4289.089000,856960.535000,911171.880000
2020-08-31,GNB,medianas_empresas,79834.251000,93701.421000,264134.387000,437670.059000
2020-08-31,GNB,microempresas,16.793000,0.000000,15.910000,32.703000
2020-08-31,GNB,pequenas_empresas,2312.006000,55.697000,16919.802000,19287.505000
2020-08-31,ICBC,corporativo,0.000000,0.000000,684133.724000,684133.724000
2020-08-31,ICBC,grandes_empresas,0.000000,0.000000,31610.028000,31610.028000
2020-08-31,ICBC,medianas_empresas,0.000000,0.000000,56015.637000,56015.637000
2020-08-31,INTERBANK,consumo,395982.039240,192784.441340,11522080.376400,12110846.856980
2020-08-31,INTERBANK,corporativo,0.017000,0.000000,8813871.736000,8813871.753000
2020-08-31,INTERBANK,grandes_empresas,125790.992000,628.830000,7036623.095000,7163042.917000
2020-08-31,INTERBANK,hipotecario,254745.122000,22809.595000,7131197.246000,7408751.963000
2020-08-31,INTERBANK,medianas_empresas,127621.318000,28980.456000,4408282.203000,4564883.977000
2020-08-31,INTERBANK,microempresas,872.279000,272.179000,143943.035000,145087.493000
2020-08-31,INTERBANK,pequenas_empresas,48713.235000,24015.040000,1629999.311000,1702727.586000
2020-08-31,MIBANCO,consumo,20030.097880,4346.843530,517817.724880,542194.666290
2020-08-31,MIBANCO,hipotecario,27720.683000,2715.764000,445459.508000,475895.955000
2020-08-31,MIBANCO,medianas_empresas,28668.125000,1471.985000,417388.984000,447529.094000
2020-08-31,MIBANCO,microempresas,129598.929000,20489.247000,3309042.605000,3459130.781000
2020-08-31,MIBANCO,pequenas_empresas,476673.070000,98086.993000,6532953.312000,7107713.375000
2020-08-31,PICHINCHA,consumo,54220.628250,63449.042190,2486772.566150,2604442.236590
2020-08-31,PICHINCHA,corporativo,0.000000,11217.143000,617551.502000,628768.645000
2020-08-31,PICHINCHA,grandes_empresas,39076.912000,65490.889000,1748744.708000,1853312.509000
2020-08-31,PICHINCHA,hipotecario,39684.438000,3288.012000,1072228.210000,1115200.660000
2020-08-31,PICHINCHA,medianas_empresas,160010.778000,164069.212000,1152380.332000,1476460.322000
2020-08-31,PICHINCHA,microempresas,9489.029000,1986.713000,236819.614000,248295.356000
2020-08-31,PICHINCHA,pequenas_empresas,30654.629000,8463.005000,444772.351000,483889.985000
2020-08-31,RIPLEY,consumo,38829.445530,48326.623070,1570017.272380,1657173.340980
2020-08-31,SANTANDER,consumo,0.000000,0.000000,1984.184550,1984.184550
2020-08-31,SANTANDER,corporativo,33.080000,10671.066000,1956164.592000,1966868.738000
2020-08-31,SANTANDER,grandes_empresas,22164.007000,5266.164000,2000071.613000,2027501.784000
2020-08-31,SANTANDER,medianas_empresas,24078.457000,2835.298000,738245.844000,765159.599000
2020-08-31,SANTANDER,pequenas_empresas,0.000000,0.000000,8268.839000,8268.839000
2020-08-31,SCOTIABANK,consumo,393724.537640,226803.573350,8553287.279990,9173815.390980
2020-08-31,SCOTIABANK,corporativo,237410.357000,0.000000,16663292.283000,16900702.640000
2020-08-31,SCOTIABANK,grandes_empresas,189619.052000,51539.995000,8329684.388000,8570843.435000
2020-08-31,SCOTIABANK,hipotecario,343875.031000,185603.943000,7172266.517000,7701745.491000
2020-08-31,SCOTIABANK,medianas_empresas,693405.647000,113324.417000,7139461.544000,7946191.608000
2020-08-31,SCOTIABANK,microempresas,4891.061000,1771.000000,137669.740000,144331.801000
2020-08-31,SCOTIABANK,pequenas_empresas,335919.219000,107503.087000,2079058.027000,2522480.333000
2020-09-30,ALFIN,consumo,45079.138400,0.000000,335732.093720,380811.232120
2020-09-30,BANCOM,consumo,25688.817300,33580.877640,1337943.452390,1397213.147330
2020-09-30,BANCOM,corporativo,0.116000,0.000000,59467.099000,59467.215000
2020-09-30,BANCOM,grandes_empresas,3436.143000,29728.530000,95544.359000,128709.032000
2020-09-30,BANCOM,hipotecario,2716.845000,41.854000,79832.641000,82591.340000
2020-09-30,BANCOM,medianas_empresas,17714.035000,475.846000,77939.437000,96129.318000
2020-09-30,BANCOM,microempresas,12.047000,3.455000,6519.418000,6534.920000
2020-09-30,BANCOM,pequenas_empresas,53.940000,250.230000,12201.199000,12505.369000
2020-09-30,BBVA,consumo,213790.571830,76779.131680,6038319.480070,6328889.183580
2020-09-30,BBVA,corporativo,8050.565000,64987.193000,13918848.359000,13991886.117000
2020-09-30,BBVA,grandes_empresas,127816.680000,358446.245000,12860626.007000,13346888.932000
2020-09-30,BBVA,hipotecario,360429.034000,330532.603000,12819673.339000,13510634.976000
2020-09-30,BBVA,medianas_empresas,1233869.732000,725500.715000,15626171.699000,17585542.146000
2020-09-30,BBVA,microempresas,2398.462000,996.254000,366416.453000,369811.169000
2020-09-30,BBVA,pequenas_empresas,155139.778000,50396.416000,4672038.957000,4877575.151000
2020-09-30,BCP,consumo,667331.543410,435314.281450,11329699.570290,12432345.395150
2020-09-30,BCP,corporativo,133232.632000,47046.266000,27326210.442000,27506489.340000
2020-09-30,BCP,grandes_empresas,100035.660000,388262.884000,21818093.738000,22306392.282000
2020-09-30,BCP,hipotecario,494852.559000,66894.674000,16280482.077000,16842229.310000
2020-09-30,BCP,medianas_empresas,1382707.852000,301327.960000,22747814.250000,24431850.062000
2020-09-30,BCP,microempresas,13467.344000,1849.805000,638695.650000,654012.799000
2020-09-30,BCP,pequenas_empresas,463161.847000,129083.189000,8292646.987000,8884892.023000
2020-09-30,BIF,consumo,51502.927020,6371.520300,1643387.662620,1701262.109940
2020-09-30,BIF,corporativo,0.171000,0.000000,2873623.033000,2873623.204000
2020-09-30,BIF,grandes_empresas,33340.402000,91575.999000,3305223.368000,3430139.769000
2020-09-30,BIF,hipotecario,60596.472000,14219.811000,1966096.986000,2040913.269000
2020-09-30,BIF,medianas_empresas,156198.585000,97343.179000,1702370.468000,1955912.232000
2020-09-30,BIF,microempresas,1229.480000,12.245000,18483.045000,19724.770000
2020-09-30,BIF,pequenas_empresas,6608.620000,1979.642000,52894.292000,61482.554000
2020-09-30,CITIBANK,corporativo,0.000000,0.000000,871850.525000,871850.525000
2020-09-30,CITIBANK,grandes_empresas,0.000000,0.000000,863460.091000,863460.091000
2020-09-30,CITIBANK,medianas_empresas,0.000000,0.000000,37927.094000,37927.094000
2020-09-30,CITIBANK,microempresas,0.000000,0.000000,30.391000,30.391000
2020-09-30,CITIBANK,pequenas_empresas,0.000000,0.000000,70.143000,70.143000
2020-09-30,FALABELLA,consumo,155362.646510,229609.526270,2223569.259560,2608541.432340
2020-09-30,FALABELLA,grandes_empresas,0.000000,0.000000,0.464000,0.464000
2020-09-30,FALABELLA,hipotecario,202.751000,0.000000,2120.218000,2322.969000
2020-09-30,FALABELLA,medianas_empresas,0.000000,0.000000,0.011000,0.011000
2020-09-30,GNB,consumo,25880.075430,5977.093970,1328725.194240,1360582.363640
2020-09-30,GNB,corporativo,0.000000,8792.330000,502938.935000,511731.265000
2020-09-30,GNB,grandes_empresas,11975.416000,20635.432000,311681.942000,344292.790000
2020-09-30,GNB,hipotecario,72169.450000,3643.226000,824896.065000,900708.741000
2020-09-30,GNB,medianas_empresas,81753.887000,93601.552000,258851.557000,434206.996000
2020-09-30,GNB,microempresas,2.730000,0.000000,13.886000,16.616000
2020-09-30,GNB,pequenas_empresas,3350.907000,52.635000,15183.892000,18587.434000
2020-09-30,ICBC,corporativo,0.000000,0.000000,637071.397000,637071.397000
2020-09-30,ICBC,grandes_empresas,0.000000,0.000000,43952.830000,43952.830000
2020-09-30,ICBC,medianas_empresas,0.000000,0.000000,56490.716000,56490.716000
2020-09-30,INTERBANK,consumo,536678.623080,199920.572840,11267700.912780,12004300.108700
2020-09-30,INTERBANK,corporativo,0.000000,0.000000,8368584.801000,8368584.801000
2020-09-30,INTERBANK,grandes_empresas,124542.018000,621.912000,7125527.223000,7250691.153000
2020-09-30,INTERBANK,hipotecario,298308.527000,23509.266000,7163071.916000,7484889.709000
2020-09-30,INTERBANK,medianas_empresas,138492.730000,25515.373000,4640045.953000,4804054.056000
2020-09-30,INTERBANK,microempresas,855.602000,261.268000,207377.900000,208494.770000
2020-09-30,INTERBANK,pequenas_empresas,54858.285000,22941.892000,1929159.320000,2006959.497000
2020-09-30,MIBANCO,consumo,24136.629350,4009.341310,505334.194340,533480.165000
2020-09-30,MIBANCO,hipotecario,28830.929000,2330.395000,433111.974000,464273.298000
2020-09-30,MIBANCO,medianas_empresas,33711.009000,108.522000,413994.522000,447814.053000
2020-09-30,MIBANCO,microempresas,135365.924000,26166.906000,3517137.764000,3678670.594000
2020-09-30,MIBANCO,pequenas_empresas,515823.456000,114729.062000,6517521.758000,7148074.276000
2020-09-30,PICHINCHA,consumo,62219.598860,61154.725430,2511940.126100,2635314.450390
2020-09-30,PICHINCHA,corporativo,0.000000,0.000000,574880.397000,574880.397000
2020-09-30,PICHINCHA,grandes_empresas,47748.352000,65065.583000,1688649.412000,1801463.347000
2020-09-30,PICHINCHA,hipotecario,39868.936000,3567.611000,1078022.868000,1121459.415000
2020-09-30,PICHINCHA,medianas_empresas,170868.944000,180371.335000,1319879.373000,1671119.652000
2020-09-30,PICHINCHA,microempresas,6569.275000,1167.730000,144470.038000,152207.043000
2020-09-30,PICHINCHA,pequenas_empresas,30840.835000,8164.077000,452240.976000,491245.888000
2020-09-30,RIPLEY,consumo,69840.770730,62678.281940,1499379.068770,1631898.121440
2020-09-30,SANTANDER,consumo,0.000000,0.000000,2065.233400,2065.233400
2020-09-30,SANTANDER,corporativo,1.447000,10671.066000,1957428.130000,1968100.643000
2020-09-30,SANTANDER,grandes_empresas,15931.408000,4975.854000,1959049.544000,1979956.806000
2020-09-30,SANTANDER,medianas_empresas,30630.153000,2863.662000,719846.993000,753340.808000
2020-09-30,SANTANDER,pequenas_empresas,0.000000,0.000000,512.254000,512.254000
2020-09-30,SCOTIABANK,consumo,409763.716080,232927.763040,8413924.373350,9056615.852470
2020-09-30,SCOTIABANK,corporativo,240772.174000,0.000000,14930890.880000,15171663.054000
2020-09-30,SCOTIABANK,grandes_empresas,181912.234000,47007.386000,8244667.256000,8473586.876000
2020-09-30,SCOTIABANK,hipotecario,374327.834000,189684.392000,7274378.301000,7838390.527000
2020-09-30,SCOTIABANK,medianas_empresas,712557.062000,128136.792000,7125587.466000,7966281.320000
2020-09-30,SCOTIABANK,microempresas,5039.546000,1721.832000,167996.385000,174757.763000
2020-09-30,SCOTIABANK,pequenas_empresas,341116.207000,105994.285000,2194014.077000,2641124.569000
2020-10-31,ALFIN,consumo,56801.943280,0.000000,308340.831340,365142.774620
2020-10-31,BANCOM,consumo,28780.405480,35167.895770,1345661.423810,1409609.725060
2020-10-31,BANCOM,corporativo,0.116000,0.000000,44500.274000,44500.390000
2020-10-31,BANCOM,grandes_empresas,3649.337000,28657.627000,107397.170000,139704.134000
2020-10-31,BANCOM,hipotecario,3493.326000,41.854000,78619.480000,82154.660000
2020-10-31,BANCOM,medianas_empresas,17493.733000,453.354000,83291.394000,101238.481000
2020-10-31,BANCOM,microempresas,9.393000,0.000000,7021.722000,7031.115000
2020-10-31,BANCOM,pequenas_empresas,56.682000,231.533000,13126.525000,13414.740000
2020-10-31,BBVA,consumo,279161.799970,80540.177960,6059833.575630,6419535.553560
2020-10-31,BBVA,corporativo,8050.565000,66164.006000,14052326.805000,14126541.376000
2020-10-31,BBVA,grandes_empresas,129906.772000,414816.550000,12617752.655000,13162475.977000
2020-10-31,BBVA,hipotecario,361344.498000,345527.402000,12836153.602000,13543025.502000
2020-10-31,BBVA,medianas_empresas,1247246.393000,759336.504000,15755754.180000,17762337.077000
2020-10-31,BBVA,microempresas,2704.017000,889.738000,376115.929000,379709.684000
2020-10-31,BBVA,pequenas_empresas,164099.695000,52983.365000,4773882.947000,4990966.007000
2020-10-31,BCP,consumo,707760.640650,483808.533720,11497576.816430,12689145.990800
2020-10-31,BCP,corporativo,257648.680000,47250.907000,26683888.931000,26988788.518000
2020-10-31,BCP,grandes_empresas,96687.771000,385085.199000,21237035.169000,21718808.139000
2020-10-31,BCP,hipotecario,492714.148000,67927.964000,16436752.453000,16997394.565000
2020-10-31,BCP,medianas_empresas,1407461.651000,319834.280000,23172141.938000,24899437.869000
2020-10-31,BCP,microempresas,13778.008000,1614.191000,715138.721000,730530.920000
2020-10-31,BCP,pequenas_empresas,468065.595000,138499.252000,8636116.409000,9242681.256000
2020-10-31,BIF,consumo,70965.719970,6086.459690,1643568.517730,1720620.697390
2020-10-31,BIF,corporativo,0.171000,0.000000,2747124.452000,2747124.623000
2020-10-31,BIF,grandes_empresas,40597.348000,121649.141000,3213013.105000,3375259.594000
2020-10-31,BIF,hipotecario,67520.772000,14990.316000,1977426.998000,2059938.086000
2020-10-31,BIF,medianas_empresas,156092.024000,100731.829000,1770710.119000,2027533.972000
2020-10-31,BIF,microempresas,1231.266000,6.090000,23358.381000,24595.737000
2020-10-31,BIF,pequenas_empresas,7152.443000,1969.803000,50667.533000,59789.779000
2020-10-31,CITIBANK,corporativo,0.000000,0.000000,872006.884000,872006.884000
2020-10-31,CITIBANK,grandes_empresas,0.000000,0.000000,859517.052000,859517.052000
2020-10-31,CITIBANK,medianas_empresas,0.000000,0.000000,40250.023000,40250.023000
2020-10-31,CITIBANK,microempresas,0.000000,0.000000,61.502000,61.502000
2020-10-31,CITIBANK,pequenas_empresas,0.000000,0.000000,40.931000,40.931000
2020-10-31,FALABELLA,consumo,120157.355340,208382.619770,2270039.086760,2598579.061870
2020-10-31,FALABELLA,grandes_empresas,0.000000,0.000000,0.777000,0.777000
2020-10-31,FALABELLA,hipotecario,200.856000,0.000000,2079.704000,2280.560000
2020-10-31,FALABELLA,medianas_empresas,0.000000,0.000000,0.011000,0.011000
2020-10-31,GNB,consumo,20356.447730,5877.283420,1352192.591270,1378426.322420
2020-10-31,GNB,corporativo,0.000000,8792.330000,492181.406000,500973.736000
2020-10-31,GNB,grandes_empresas,10688.566000,23860.464000,266447.059000,300996.089000
2020-10-31,GNB,hipotecario,78927.516000,4241.878000,800019.039000,883188.433000
2020-10-31,GNB,medianas_empresas,80151.762000,94864.896000,249601.971000,424618.629000
2020-10-31,GNB,microempresas,2.730000,0.000000,11.835000,14.565000
2020-10-31,GNB,pequenas_empresas,2119.225000,49.535000,15471.969000,17640.729000
2020-10-31,ICBC,corporativo,0.000000,0.000000,581110.159000,581110.159000
2020-10-31,ICBC,grandes_empresas,0.000000,0.000000,47629.526000,47629.526000
2020-10-31,ICBC,medianas_empresas,0.000000,0.000000,56741.995000,56741.995000
2020-10-31,INTERBANK,consumo,754322.882210,210485.427240,10956983.565400,11921791.874850
2020-10-31,INTERBANK,corporativo,0.000000,0.000000,8514748.022000,8514748.022000
2020-10-31,INTERBANK,grandes_empresas,125597.631000,1503.276000,7023214.834000,7150315.741000
2020-10-31,INTERBANK,hipotecario,316664.292000,23721.935000,7234888.756000,7575274.983000
2020-10-31,INTERBANK,medianas_empresas,144158.108000,23590.545000,4718680.804000,4886429.457000
2020-10-31,INTERBANK,microempresas,1700.354000,159.450000,215432.223000,217292.027000
2020-10-31,INTERBANK,pequenas_empresas,71200.988000,21201.112000,1963566.697000,2055968.797000
2020-10-31,MIBANCO,consumo,29585.821870,6102.912940,511771.469460,547460.204270
2020-10-31,MIBANCO,hipotecario,31137.312000,2003.447000,429754.845000,462895.604000
2020-10-31,MIBANCO,medianas_empresas,33254.925000,107.408000,413507.568000,446869.901000
2020-10-31,MIBANCO,microempresas,159444.716000,21722.377000,3761022.757000,3942189.850000
2020-10-31,MIBANCO,pequenas_empresas,590331.305000,90558.416000,6559571.715000,7240461.436000
2020-10-31,PICHINCHA,consumo,88381.818570,61867.032740,2507228.653970,2657477.505280
2020-10-31,PICHINCHA,corporativo,2.342000,11217.143000,561896.003000,573115.488000
2020-10-31,PICHINCHA,grandes_empresas,53711.147000,65029.942000,1765982.928000,1884724.017000
2020-10-31,PICHINCHA,hipotecario,44588.689000,3246.782000,1079169.779000,1127005.250000
2020-10-31,PICHINCHA,medianas_empresas,171235.912000,174842.629000,1263823.628000,1609902.169000
2020-10-31,PICHINCHA,microempresas,7218.948000,1267.296000,163252.663000,171738.907000
2020-10-31,PICHINCHA,pequenas_empresas,30223.691000,8612.864000,461246.418000,500082.973000
2020-10-31,RIPLEY,consumo,95031.507990,87105.746550,1430080.334450,1612217.588990
2020-10-31,SANTANDER,consumo,0.000000,0.000000,2144.422530,2144.422530
2020-10-31,SANTANDER,corporativo,1.612000,10671.066000,2029996.486000,2040669.164000
2020-10-31,SANTANDER,grandes_empresas,15935.234000,5048.437000,2023113.598000,2044097.269000
2020-10-31,SANTANDER,medianas_empresas,21621.701000,2669.052000,724988.467000,749279.220000
2020-10-31,SANTANDER,pequenas_empresas,0.000000,0.000000,540.125000,540.125000
2020-10-31,SCOTIABANK,consumo,451130.185880,236659.429250,8278824.595320,8966614.210450
2020-10-31,SCOTIABANK,corporativo,207789.479000,37166.836000,15000389.364000,15245345.679000
2020-10-31,SCOTIABANK,grandes_empresas,168468.989000,56684.614000,8055538.805000,8280692.408000
2020-10-31,SCOTIABANK,hipotecario,420284.714000,189525.603000,7358317.025000,7968127.342000
2020-10-31,SCOTIABANK,medianas_empresas,745531.881000,133944.847000,6998032.483000,7877509.211000
2020-10-31,SCOTIABANK,microempresas,4683.495000,1681.074000,208001.009000,214365.578000
2020-10-31,SCOTIABANK,pequenas_empresas,333990.323000,112717.996000,2268141.952000,2714850.271000
2020-11-30,ALFIN,consumo,55558.758460,0.000000,291485.932900,347044.691360
2020-11-30,BANCOM,consumo,30623.165580,38428.526080,1348295.264000,1417346.955660
2020-11-30,BANCOM,corporativo,0.116000,0.000000,49358.476000,49358.592000
2020-11-30,BANCOM,grandes_empresas,5684.977000,28548.537000,85334.297000,119567.811000
2020-11-30,BANCOM,hipotecario,4217.091000,41.854000,79025.328000,83284.273000
2020-11-30,BANCOM,medianas_empresas,17473.133000,447.697000,95381.653000,113302.483000
2020-11-30,BANCOM,microempresas,9.497000,0.000000,5447.199000,5456.696000
2020-11-30,BANCOM,pequenas_empresas,59.441000,231.148000,9464.127000,9754.716000
2020-11-30,BBVA,consumo,303278.934500,82978.908510,6107314.475220,6493572.318230
2020-11-30,BBVA,corporativo,8092.861000,66069.261000,13142498.929000,13216661.051000
2020-11-30,BBVA,grandes_empresas,134703.909000,406705.883000,12650208.199000,13191617.991000
2020-11-30,BBVA,hipotecario,354261.831000,355720.884000,12868302.735000,13578285.450000
2020-11-30,BBVA,medianas_empresas,1238702.558000,787915.026000,17383993.226000,19410610.810000
2020-11-30,BBVA,microempresas,2457.873000,882.213000,230873.748000,234213.834000
2020-11-30,BBVA,pequenas_empresas,160026.141000,56110.506000,3817499.780000,4033636.427000
2020-11-30,BCP,consumo,822973.889390,513924.808560,11612635.937900,12949534.635850
2020-11-30,BCP,corporativo,259750.094000,47174.167000,26141898.009000,26448822.270000
2020-11-30,BCP,grandes_empresas,145225.915000,398408.637000,20883988.190000,21427622.742000
2020-11-30,BCP,hipotecario,494783.681000,68268.810000,16611837.170000,17174889.661000
2020-11-30,BCP,medianas_empresas,1412787.946000,342352.179000,25399657.962000,27154798.087000
2020-11-30,BCP,microempresas,14277.088000,1494.273000,570315.445000,586086.806000
2020-11-30,BCP,pequenas_empresas,470264.997000,149886.980000,7029720.758000,7649872.735000
2020-11-30,BIF,consumo,93373.867380,3811.788630,1632064.561610,1729250.217620
2020-11-30,BIF,corporativo,0.322000,0.000000,2761778.939000,2761779.261000
2020-11-30,BIF,grandes_empresas,47353.902000,120168.722000,3236582.543000,3404105.167000
2020-11-30,BIF,hipotecario,84671.277000,18994.402000,1979395.196000,2083060.875000
2020-11-30,BIF,medianas_empresas,149935.694000,101878.838000,1820591.245000,2072405.777000
2020-11-30,BIF,microempresas,906.480000,4.618000,19030.646000,19941.744000
2020-11-30,BIF,pequenas_empresas,7307.734000,1734.485000,26384.279000,35426.498000
2020-11-30,CITIBANK,corporativo,0.000000,0.000000,815945.994000,815945.994000
2020-11-30,CITIBANK,grandes_empresas,0.000000,0.000000,827347.233000,827347.233000
2020-11-30,CITIBANK,medianas_empresas,0.000000,0.000000,57131.967000,57131.967000
2020-11-30,CITIBANK,microempresas,0.000000,0.000000,101.840000,101.840000
2020-11-30,CITIBANK,pequenas_empresas,0.000000,0.000000,154.534000,154.534000
2020-11-30,FALABELLA,consumo,123831.098370,178915.664710,2319893.519400,2622640.282480
2020-11-30,FALABELLA,grandes_empresas,0.000000,0.000000,0.201000,0.201000
2020-11-30,FALABELLA,hipotecario,167.783000,0.000000,2014.762000,2182.545000
2020-11-30,GNB,consumo,20513.078390,6022.362310,1372513.712450,1399049.153150
2020-11-30,GNB,corporativo,0.000000,8792.330000,421426.280000,430218.610000
2020-11-30,GNB,grandes_empresas,10841.704000,24452.830000,261649.792000,296944.326000
2020-11-30,GNB,hipotecario,69253.166000,4916.091000,807215.216000,881384.473000
2020-11-30,GNB,medianas_empresas,80712.299000,94711.201000,219863.020000,395286.520000
2020-11-30,GNB,microempresas,2.730000,0.000000,9.758000,12.488000
2020-11-30,GNB,pequenas_empresas,2075.976000,46.423000,14989.251000,17111.650000
2020-11-30,ICBC,corporativo,0.000000,0.000000,571936.280000,571936.280000
2020-11-30,ICBC,grandes_empresas,0.000000,0.000000,58227.187000,58227.187000
2020-11-30,ICBC,medianas_empresas,0.000000,0.000000,56647.765000,56647.765000
2020-11-30,INTERBANK,consumo,873362.154300,208471.974530,10675740.964770,11757575.093600
2020-11-30,INTERBANK,corporativo,0.000000,0.000000,8366108.085000,8366108.085000
2020-11-30,INTERBANK,grandes_empresas,125722.719000,2743.062000,7031294.574000,7159760.355000
2020-11-30,INTERBANK,hipotecario,334437.632000,23294.673000,7292330.464000,7650062.769000
2020-11-30,INTERBANK,medianas_empresas,144946.582000,36907.739000,4876364.754000,5058219.075000
2020-11-30,INTERBANK,microempresas,1756.845000,115.604000,200988.749000,202861.198000
2020-11-30,INTERBANK,pequenas_empresas,77795.563000,18810.405000,1774128.281000,1870734.249000
2020-11-30,MIBANCO,consumo,31944.794360,4580.192150,521186.519890,557711.506400
2020-11-30,MIBANCO,hipotecario,41002.627000,889.174000,423878.130000,465769.931000
2020-11-30,MIBANCO,medianas_empresas,34023.902000,452.648000,468999.110000,503475.660000
2020-11-30,MIBANCO,microempresas,158695.397000,20631.003000,3926213.610000,4105540.010000
2020-11-30,MIBANCO,pequenas_empresas,609578.093000,89005.745000,6559345.793000,7257929.631000
2020-11-30,PICHINCHA,consumo,93794.247660,66102.757010,2539528.428200,2699425.432870
2020-11-30,PICHINCHA,corporativo,0.277000,11217.143000,584248.002000,595465.422000
2020-11-30,PICHINCHA,grandes_empresas,56670.382000,68097.408000,1795027.407000,1919795.197000
2020-11-30,PICHINCHA,hipotecario,43875.334000,3066.862000,1084100.080000,1131042.276000
2020-11-30,PICHINCHA,medianas_empresas,173756.323000,168720.351000,1214265.157000,1556741.831000
2020-11-30,PICHINCHA,microempresas,6888.643000,1378.668000,179749.414000,188016.725000
2020-11-30,PICHINCHA,pequenas_empresas,29553.146000,9216.735000,456563.702000,495333.583000
2020-11-30,RIPLEY,consumo,151745.996990,104985.105640,1339350.846320,1596081.948950
2020-11-30,SANTANDER,consumo,0.000000,0.000000,2125.672670,2125.672670
2020-11-30,SANTANDER,corporativo,1.447000,10671.066000,1966311.958000,1976984.471000
2020-11-30,SANTANDER,grandes_empresas,16621.011000,5816.044000,1982020.920000,2004457.975000
2020-11-30,SANTANDER,medianas_empresas,21606.099000,1798.672000,741307.788000,764712.559000
2020-11-30,SANTANDER,pequenas_empresas,0.000000,0.000000,224.707000,224.707000
2020-11-30,SCOTIABANK,consumo,479686.600250,268126.591960,8172491.605500,8920304.797710
2020-11-30,SCOTIABANK,corporativo,208572.775000,37166.836000,14950209.578000,15195949.189000
2020-11-30,SCOTIABANK,grandes_empresas,167343.096000,59981.511000,8043898.434000,8271223.041000
2020-11-30,SCOTIABANK,hipotecario,418735.739000,195623.236000,7463885.917000,8078244.892000
2020-11-30,SCOTIABANK,medianas_empresas,785840.112000,141126.072000,6999329.602000,7926295.786000
2020-11-30,SCOTIABANK,microempresas,4768.730000,1627.340000,185130.453000,191526.523000
2020-11-30,SCOTIABANK,pequenas_empresas,381322.493000,108161.698000,1948238.914000,2437723.105000
2020-12-31,ALFIN,consumo,51607.259510,0.000000,282231.030430,333838.289940
2020-12-31,BANCOM,consumo,21689.115750,38631.558820,1346042.266460,1406362.941030
2020-12-31,BANCOM,corporativo,0.116000,0.000000,28206.685000,28206.801000
2020-12-31,BANCOM,grandes_empresas,2955.505000,32626.295000,82776.312000,118358.112000
2020-12-31,BANCOM,hipotecario,3897.594000,43.029000,79835.667000,83776.290000
2020-12-31,BANCOM,medianas_empresas,16614.417000,411.265000,103727.503000,120753.185000
2020-12-31,BANCOM,microempresas,9.605000,0.000000,4699.369000,4708.974000
2020-12-31,BANCOM,pequenas_empresas,103.318000,249.855000,6268.676000,6621.849000
2020-12-31,BBVA,consumo,322766.526220,82982.636720,6165726.256840,6571475.419780
2020-12-31,BBVA,corporativo,8033.076000,65887.803000,14007675.915000,14081596.794000
2020-12-31,BBVA,grandes_empresas,152032.882000,452126.445000,12058420.293000,12662579.620000
2020-12-31,BBVA,hipotecario,357844.568000,353053.113000,12850100.760000,13560998.441000
2020-12-31,BBVA,medianas_empresas,1262301.521000,788144.919000,17858889.169000,19909335.609000
2020-12-31,BBVA,microempresas,2461.759000,847.014000,169037.437000,172346.210000
2020-12-31,BBVA,pequenas_empresas,157149.175000,58954.193000,3197996.708000,3414100.076000
2020-12-31,BCP,consumo,779064.762620,537169.508210,11636907.241200,12953141.512030
2020-12-31,BCP,corporativo,258514.094000,1040.373000,25564528.278000,25824082.745000
2020-12-31,BCP,grandes_empresas,147560.014000,376371.003000,20789160.711000,21313091.728000
2020-12-31,BCP,hipotecario,517873.743000,72953.771000,16753676.397000,17344503.911000
2020-12-31,BCP,medianas_empresas,1440748.337000,362703.781000,25897750.734000,27701202.852000
2020-12-31,BCP,microempresas,14376.285000,1426.725000,480910.357000,496713.367000
2020-12-31,BCP,pequenas_empresas,460596.921000,156852.544000,6827320.699000,7444770.164000
2020-12-31,BIF,consumo,122948.215860,4593.800090,1588232.861620,1715774.877570
2020-12-31,BIF,corporativo,688.191000,0.000000,2760714.624000,2761402.815000
2020-12-31,BIF,grandes_empresas,39268.222000,126525.906000,3294650.543000,3460444.671000
2020-12-31,BIF,hipotecario,71834.417000,21271.369000,2007242.923000,2100348.709000
2020-12-31,BIF,medianas_empresas,142630.420000,115582.228000,1721697.432000,1979910.080000
2020-12-31,BIF,microempresas,554.673000,3.811000,19454.376000,20012.860000
2020-12-31,BIF,pequenas_empresas,6178.098000,3498.811000,28572.675000,38249.584000
2020-12-31,CITIBANK,corporativo,0.000000,0.000000,750733.715000,750733.715000
2020-12-31,CITIBANK,grandes_empresas,0.000000,0.000000,653749.443000,653749.443000
2020-12-31,CITIBANK,medianas_empresas,0.000000,0.000000,62132.143000,62132.143000
2020-12-31,CITIBANK,microempresas,0.000000,0.000000,157.135000,157.135000
2020-12-31,CITIBANK,pequenas_empresas,0.000000,0.000000,10.493000,10.493000
2020-12-31,FALABELLA,consumo,125463.766960,151609.182240,2398633.651800,2675706.601000
2020-12-31,FALABELLA,grandes_empresas,0.000000,0.000000,0.201000,0.201000
2020-12-31,FALABELLA,hipotecario,0.000000,0.000000,1731.578000,1731.578000
2020-12-31,FALABELLA,medianas_empresas,0.000000,0.000000,0.629000,0.629000
2020-12-31,GNB,consumo,14066.771150,6389.324020,1383731.998790,1404188.093960
2020-12-31,GNB,corporativo,0.000000,8792.330000,373139.266000,381931.596000
2020-12-31,GNB,grandes_empresas,10832.238000,24343.564000,251070.625000,286246.427000
2020-12-31,GNB,hipotecario,61742.667000,5622.663000,801393.134000,868758.464000
2020-12-31,GNB,medianas_empresas,39716.634000,69709.545000,233005.748000,342431.927000
2020-12-31,GNB,microempresas,2.730000,0.000000,3630.156000,3632.886000
2020-12-31,GNB,pequenas_empresas,1985.616000,43.272000,14351.936000,16380.824000
2020-12-31,ICBC,corporativo,0.000000,0.000000,556706.326000,556706.326000
2020-12-31,ICBC,grandes_empresas,0.000000,0.000000,58335.882000,58335.882000
2020-12-31,ICBC,medianas_empresas,0.000000,0.000000,56498.511000,56498.511000
2020-12-31,INTERBANK,consumo,753496.567890,208852.130580,10569100.981740,11531449.680210
2020-12-31,INTERBANK,corporativo,0.000000,0.000000,6968836.344000,6968836.344000
2020-12-31,INTERBANK,grandes_empresas,110052.264000,2478.014000,8057309.625000,8169839.903000
2020-12-31,INTERBANK,hipotecario,321192.751000,23921.696000,7409697.670000,7754812.117000
2020-12-31,INTERBANK,medianas_empresas,141746.528000,35255.431000,5049019.798000,5226021.757000
2020-12-31,INTERBANK,microempresas,1890.088000,112.065000,185229.516000,187231.669000
2020-12-31,INTERBANK,pequenas_empresas,83917.171000,16499.938000,1655245.356000,1755662.465000
2020-12-31,MIBANCO,consumo,31459.939460,4714.267370,528947.844420,565122.051250
2020-12-31,MIBANCO,hipotecario,40952.647000,975.694000,424774.737000,466703.078000
2020-12-31,MIBANCO,medianas_empresas,35929.112000,450.424000,500016.818000,536396.354000
2020-12-31,MIBANCO,microempresas,160523.591000,19824.614000,3897987.494000,4078335.699000
2020-12-31,MIBANCO,pequenas_empresas,650332.425000,88832.736000,6599283.609000,7338448.770000
2020-12-31,PICHINCHA,consumo,172873.171670,69502.250980,2525738.393820,2768113.816470
2020-12-31,PICHINCHA,corporativo,0.278000,11217.143000,556454.513000,567671.934000
2020-12-31,PICHINCHA,grandes_empresas,59957.770000,67780.015000,1743892.861000,1871630.646000
2020-12-31,PICHINCHA,hipotecario,51943.203000,2831.913000,1080010.528000,1134785.644000
2020-12-31,PICHINCHA,medianas_empresas,154657.142000,172871.285000,1214453.306000,1541981.733000
2020-12-31,PICHINCHA,microempresas,5864.900000,1426.806000,183857.913000,191149.619000
2020-12-31,PICHINCHA,pequenas_empresas,30314.179000,11628.709000,445812.474000,487755.362000
2020-12-31,RIPLEY,consumo,185198.093150,83529.664440,1320823.917790,1589551.675380
2020-12-31,SANTANDER,consumo,0.000000,0.000000,2127.882410,2127.882410
2020-12-31,SANTANDER,corporativo,1.447000,2559.283000,1810047.132000,1812607.862000
2020-12-31,SANTANDER,grandes_empresas,17002.078000,5239.868000,1960949.725000,1983191.671000
2020-12-31,SANTANDER,medianas_empresas,23514.983000,727.962000,712544.018000,736786.963000
2020-12-31,SANTANDER,pequenas_empresas,0.000000,0.000000,216.869000,216.869000
2020-12-31,SCOTIABANK,consumo,761280.262290,314604.362880,7753269.227580,8829153.852750
2020-12-31,SCOTIABANK,corporativo,209204.683000,37166.836000,14768055.668000,15014427.187000
2020-12-31,SCOTIABANK,grandes_empresas,181097.523000,42233.881000,7979437.027000,8202768.431000
2020-12-31,SCOTIABANK,hipotecario,404913.682000,209145.259000,7557272.865000,8171331.806000
2020-12-31,SCOTIABANK,medianas_empresas,782022.332000,142885.422000,7376550.015000,8301457.769000
2020-12-31,SCOTIABANK,microempresas,4720.351000,1343.473000,189282.284000,195346.108000
2020-12-31,SCOTIABANK,pequenas_empresas,394541.441000,113770.002000,1784528.413000,2292839.856000
2021-01-31,ALFIN,consumo,48955.101680,0.000000,273389.323920,322344.425600
2021-01-31,BANCOM,consumo,23283.794910,39640.035050,1328757.543870,1391681.373830
2021-01-31,BANCOM,corporativo,0.116000,0.000000,28021.369000,28021.485000
2021-01-31,BANCOM,grandes_empresas,16138.696000,20056.002000,81232.920000,117427.618000
2021-01-31,BANCOM,hipotecario,4739.130000,43.029000,78870.943000,83653.102000
2021-01-31,BANCOM,medianas_empresas,14925.581000,1962.126000,106791.776000,123679.483000
2021-01-31,BANCOM,microempresas,9.250000,0.000000,3459.281000,3468.531000
2021-01-31,BANCOM,pequenas_empresas,103.319000,206.203000,4655.546000,4965.068000
2021-01-31,BBVA,consumo,372774.830050,87406.142380,6165680.799580,6625861.772010
2021-01-31,BBVA,corporativo,8033.076000,65688.621000,14234959.383000,14308681.080000
2021-01-31,BBVA,grandes_empresas,155081.363000,451584.939000,12121261.735000,12727928.037000
2021-01-31,BBVA,hipotecario,357380.298000,355143.136000,12876188.150000,13588711.584000
2021-01-31,BBVA,medianas_empresas,1287557.401000,813964.121000,17162017.847000,19263539.369000
2021-01-31,BBVA,microempresas,2531.792000,845.840000,117749.453000,121127.085000
2021-01-31,BBVA,pequenas_empresas,160327.278000,62043.805000,2786986.344000,3009357.427000
2021-01-31,BCP,consumo,614264.106480,546819.313660,11627254.354300,12788337.774440
2021-01-31,BCP,corporativo,263579.864000,1040.373000,25087293.069000,25351913.306000
2021-01-31,BCP,grandes_empresas,162604.878000,377798.700000,20608810.940000,21149214.518000
2021-01-31,BCP,hipotecario,557711.850000,86520.773000,16886571.051000,17530803.674000
2021-01-31,BCP,medianas_empresas,1434920.615000,364947.899000,26091167.005000,27891035.519000
2021-01-31,BCP,microempresas,13842.151000,1372.652000,451091.955000,466306.758000
2021-01-31,BCP,pequenas_empresas,434665.408000,174620.124000,6422463.957000,7031749.489000
2021-01-31,BIF,consumo,129055.778870,5033.387100,1551413.723240,1685502.889210
2021-01-31,BIF,corporativo,4445.336000,0.000000,2745823.894000,2750269.230000
2021-01-31,BIF,grandes_empresas,41243.458000,130434.235000,3262913.809000,3434591.502000
2021-01-31,BIF,hipotecario,70573.752000,21611.233000,2036454.493000,2128639.478000
2021-01-31,BIF,medianas_empresas,150553.035000,103601.025000,1707298.116000,1961452.176000
2021-01-31,BIF,microempresas,521.510000,3.811000,11527.455000,12052.776000
2021-01-31,BIF,pequenas_empresas,5952.950000,3406.917000,32764.024000,42123.891000
2021-01-31,CITIBANK,corporativo,0.000000,0.000000,653635.020000,653635.020000
2021-01-31,CITIBANK,grandes_empresas,0.000000,0.000000,625836.019000,625836.019000
2021-01-31,CITIBANK,medianas_empresas,0.000000,0.000000,62055.242000,62055.242000
2021-01-31,CITIBANK,microempresas,0.000000,0.000000,134.520000,134.520000
2021-01-31,CITIBANK,pequenas_empresas,0.000000,0.000000,2.741000,2.741000
2021-01-31,FALABELLA,consumo,113062.449640,135208.984260,2267496.284960,2515767.718860
2021-01-31,FALABELLA,grandes_empresas,0.000000,0.000000,1.105000,1.105000
2021-01-31,FALABELLA,hipotecario,0.000000,0.000000,1355.988000,1355.988000
2021-01-31,FALABELLA,medianas_empresas,0.000000,0.000000,0.629000,0.629000
2021-01-31,GNB,consumo,13284.792030,6730.538900,1386145.375520,1406160.706450
2021-01-31,GNB,corporativo,0.000000,8792.330000,356555.809000,365348.139000
2021-01-31,GNB,grandes_empresas,13931.945000,20038.721000,251706.356000,285677.022000
2021-01-31,GNB,hipotecario,55068.179000,6424.231000,793014.145000,854506.555000
2021-01-31,GNB,medianas_empresas,46483.074000,69258.393000,239102.716000,354844.183000
2021-01-31,GNB,microempresas,1.371000,0.000000,8.549000,9.920000
2021-01-31,GNB,pequenas_empresas,2129.170000,40.109000,13659.573000,15828.852000
2021-01-31,ICBC,corporativo,0.000000,0.000000,635858.194000,635858.194000
2021-01-31,ICBC,grandes_empresas,0.000000,0.000000,59491.342000,59491.342000
2021-01-31,ICBC,medianas_empresas,0.000000,0.000000,56779.366000,56779.366000
2021-01-31,INTERBANK,consumo,660692.887920,205578.256690,10400632.556540,11266903.701150
2021-01-31,INTERBANK,corporativo,0.000000,0.000000,7086818.727000,7086818.727000
2021-01-31,INTERBANK,grandes_empresas,110464.581000,1937.508000,7854252.172000,7966654.261000
2021-01-31,INTERBANK,hipotecario,322324.088000,24162.668000,7483541.345000,7830028.101000
2021-01-31,INTERBANK,medianas_empresas,148360.558000,35158.148000,5187994.201000,5371512.907000
2021-01-31,INTERBANK,microempresas,1859.837000,113.151000,157175.935000,159148.923000
2021-01-31,INTERBANK,pequenas_empresas,89083.926000,15534.364000,1578234.184000,1682852.474000
2021-01-31,MIBANCO,consumo,33505.783810,4488.105460,533421.937510,571415.826780
2021-01-31,MIBANCO,hipotecario,40056.468000,961.071000,420539.161000,461556.700000
2021-01-31,MIBANCO,medianas_empresas,40149.597000,345.240000,500328.711000,540823.548000
2021-01-31,MIBANCO,microempresas,159630.998000,18277.534000,3537016.452000,3714924.984000
2021-01-31,MIBANCO,pequenas_empresas,696981.760000,86450.877000,6893433.483000,7676866.120000
2021-01-31,PICHINCHA,consumo,136179.005190,77575.426670,2532250.724550,2746005.156410
2021-01-31,PICHINCHA,corporativo,68.233000,11217.143000,547157.168000,558442.544000
2021-01-31,PICHINCHA,grandes_empresas,52923.469000,66580.661000,1782841.942000,1902346.072000
2021-01-31,PICHINCHA,hipotecario,55757.603000,2636.004000,1079311.233000,1137704.840000
2021-01-31,PICHINCHA,medianas_empresas,177518.031000,178445.565000,1219872.686000,1575836.282000
2021-01-31,PICHINCHA,microempresas,6755.486000,1613.110000,154701.562000,163070.158000
2021-01-31,PICHINCHA,pequenas_empresas,35989.842000,12947.788000,433916.362000,482853.992000
2021-01-31,RIPLEY,consumo,121184.212700,86039.473540,1220790.060040,1428013.746280
2021-01-31,SANTANDER,consumo,0.000000,0.000000,2227.948900,2227.948900
2021-01-31,SANTANDER,corporativo,1.447000,2577.333000,1896522.221000,1899101.001000
2021-01-31,SANTANDER,grandes_empresas,17702.511000,5754.427000,1924578.839000,1948035.777000
2021-01-31,SANTANDER,medianas_empresas,23961.896000,684.885000,696168.726000,720815.507000
2021-01-31,SANTANDER,pequenas_empresas,0.000000,0.000000,205.642000,205.642000
2021-01-31,SCOTIABANK,consumo,894962.986590,361497.213210,7481425.387490,8737885.587290
2021-01-31,SCOTIABANK,corporativo,210244.640000,37166.836000,15476207.983000,15723619.459000
2021-01-31,SCOTIABANK,grandes_empresas,211458.515000,35435.813000,8031849.943000,8278744.271000
2021-01-31,SCOTIABANK,hipotecario,434946.208000,211545.702000,7653644.449000,8300136.359000
2021-01-31,SCOTIABANK,medianas_empresas,788371.649000,150008.075000,7449310.824000,8387690.548000
2021-01-31,SCOTIABANK,microempresas,4562.201000,1415.681000,152619.606000,158597.488000
2021-01-31,SCOTIABANK,pequenas_empresas,394730.395000,119885.806000,1651884.789000,2166500.990000
2021-02-28,ALFIN,consumo,48148.821490,0.000000,280742.473440,328891.294930
2021-02-28,BANCOM,consumo,27540.232500,39227.557500,1312459.420970,1379227.210970
2021-02-28,BANCOM,corporativo,0.116000,0.000000,20086.130000,20086.246000
2021-02-28,BANCOM,grandes_empresas,19422.615000,16383.321000,83100.943000,118906.879000
2021-02-28,BANCOM,hipotecario,4020.041000,42.797000,79992.414000,84055.252000
2021-02-28,BANCOM,medianas_empresas,15309.708000,1988.100000,112241.753000,129539.561000
2021-02-28,BANCOM,microempresas,9.502000,0.000000,1684.388000,1693.890000
2021-02-28,BANCOM,pequenas_empresas,103.384000,206.770000,3420.283000,3730.437000
2021-02-28,BBVA,consumo,339608.653440,89987.610300,6137756.603720,6567352.867460
2021-02-28,BBVA,corporativo,8033.076000,65435.140000,14062898.264000,14136366.480000
2021-02-28,BBVA,grandes_empresas,157059.703000,472473.033000,12276756.477000,12906289.213000
2021-02-28,BBVA,hipotecario,355567.073000,352858.991000,12983631.086000,13692057.150000
2021-02-28,BBVA,medianas_empresas,1315669.988000,805382.422000,17120359.021000,19241411.431000
2021-02-28,BBVA,microempresas,2480.884000,843.384000,118537.486000,121861.754000
2021-02-28,BBVA,pequenas_empresas,167377.139000,62492.944000,2791999.103000,3021869.186000
2021-02-28,BCP,consumo,558417.431010,569077.694830,11511581.894880,12639077.020720
2021-02-28,BCP,corporativo,262658.641000,1040.373000,24802468.122000,25066167.136000
2021-02-28,BCP,grandes_empresas,160327.822000,375558.093000,20704468.654000,21240354.569000
2021-02-28,BCP,hipotecario,558054.058000,88552.773000,17008508.632000,17655115.463000
2021-02-28,BCP,medianas_empresas,1485572.882000,373031.485000,25931441.504000,27790045.871000
2021-02-28,BCP,microempresas,13925.616000,1312.638000,482725.212000,497963.466000
2021-02-28,BCP,pequenas_empresas,419730.002000,187628.739000,6464099.344000,7071458.085000
2021-02-28,BIF,consumo,110308.145510,5375.747200,1553050.664250,1668734.556960
2021-02-28,BIF,corporativo,4460.194000,0.000000,2484332.287000,2488792.481000
2021-02-28,BIF,grandes_empresas,43776.941000,131888.194000,3312105.229000,3487770.364000
2021-02-28,BIF,hipotecario,71623.027000,23949.634000,2065264.849000,2160837.510000
2021-02-28,BIF,medianas_empresas,153748.173000,112605.282000,1698167.196000,1964520.651000
2021-02-28,BIF,microempresas,435.946000,0.000000,951.294000,1387.240000
2021-02-28,BIF,pequenas_empresas,5693.796000,1502.123000,22680.342000,29876.261000
2021-02-28,CITIBANK,corporativo,0.000000,0.000000,576813.388000,576813.388000
2021-02-28,CITIBANK,grandes_empresas,0.000000,0.000000,619285.432000,619285.432000
2021-02-28,CITIBANK,medianas_empresas,0.000000,0.000000,74018.039000,74018.039000
2021-02-28,CITIBANK,microempresas,0.000000,0.000000,106.340000,106.340000
2021-02-28,CITIBANK,pequenas_empresas,0.000000,0.000000,6.166000,6.166000
2021-02-28,FALABELLA,consumo,90622.182620,124895.424470,2129698.530840,2345216.137930
2021-02-28,FALABELLA,grandes_empresas,0.000000,0.000000,2.345000,2.345000
2021-02-28,FALABELLA,hipotecario,0.000000,0.000000,1290.659000,1290.659000
2021-02-28,GNB,consumo,13177.566810,6758.333310,1375129.869490,1395065.769610
2021-02-28,GNB,corporativo,0.000000,8792.330000,324294.830000,333087.160000
2021-02-28,GNB,grandes_empresas,13767.994000,20615.042000,272662.320000,307045.356000
2021-02-28,GNB,hipotecario,52290.790000,8028.782000,783319.747000,843639.319000
2021-02-28,GNB,medianas_empresas,44803.797000,70451.227000,236373.012000,351628.036000
2021-02-28,GNB,microempresas,1.371000,0.000000,7.937000,9.308000
2021-02-28,GNB,pequenas_empresas,2113.027000,40.109000,12926.211000,15079.347000
2021-02-28,ICBC,corporativo,0.000000,0.000000,584882.358000,584882.358000
2021-02-28,ICBC,grandes_empresas,0.000000,0.000000,59501.396000,59501.396000
2021-02-28,ICBC,medianas_empresas,0.000000,0.000000,56935.396000,56935.396000
2021-02-28,INTERBANK,consumo,675932.201500,202699.496420,10253936.692170,11132568.390090
2021-02-28,INTERBANK,corporativo,0.000000,0.000000,6569837.977000,6569837.977000
2021-02-28,INTERBANK,grandes_empresas,110234.681000,2416.349000,7914367.190000,8027018.220000
2021-02-28,INTERBANK,hipotecario,317905.039000,24525.422000,7579188.564000,7921619.025000
2021-02-28,INTERBANK,medianas_empresas,157642.987000,33931.661000,5099662.310000,5291236.958000
2021-02-28,INTERBANK,microempresas,1944.749000,102.069000,157231.066000,159277.884000
2021-02-28,INTERBANK,pequenas_empresas,103588.738000,14284.149000,1554260.008000,1672132.895000
2021-02-28,MIBANCO,consumo,34857.275380,4337.132020,537037.177720,576231.585120
2021-02-28,MIBANCO,hipotecario,39518.300000,1164.981000,417999.664000,458682.945000
2021-02-28,MIBANCO,medianas_empresas,44968.160000,345.240000,496774.512000,542087.912000
2021-02-28,MIBANCO,microempresas,162227.458000,14853.997000,3259651.108000,3436732.563000
2021-02-28,MIBANCO,pequenas_empresas,785425.589000,79879.436000,7048263.930000,7913568.955000
2021-02-28,PICHINCHA,consumo,136951.102280,81716.936780,2516933.056150,2735601.095210
2021-02-28,PICHINCHA,corporativo,11217.424000,0.000000,538374.425000,549591.849000
2021-02-28,PICHINCHA,grandes_empresas,53437.931000,68149.408000,1771918.013000,1893505.352000
2021-02-28,PICHINCHA,hipotecario,51597.404000,2802.188000,1090416.203000,1144815.795000
2021-02-28,PICHINCHA,medianas_empresas,182135.283000,177715.022000,1223855.700000,1583706.005000
2021-02-28,PICHINCHA,microempresas,8117.119000,1622.645000,143918.925000,153658.689000
2021-02-28,PICHINCHA,pequenas_empresas,38921.307000,13254.549000,425673.268000,477849.124000
2021-02-28,RIPLEY,consumo,82495.682250,83619.410140,1144926.803120,1311041.895510
2021-02-28,SANTANDER,consumo,0.000000,0.000000,2193.033850,2193.033850
2021-02-28,SANTANDER,corporativo,1.447000,2577.333000,2007666.186000,2010244.966000
2021-02-28,SANTANDER,grandes_empresas,23413.037000,5605.074000,1952175.905000,1981194.016000
2021-02-28,SANTANDER,medianas_empresas,23983.423000,639.946000,663310.681000,687934.050000
2021-02-28,SANTANDER,pequenas_empresas,0.000000,0.000000,193.784000,193.784000
2021-02-28,SCOTIABANK,consumo,830949.693380,414710.120940,7411319.464530,8656979.278850
2021-02-28,SCOTIABANK,corporativo,210822.393000,37166.836000,15382451.261000,15630440.490000
2021-02-28,SCOTIABANK,grandes_empresas,185781.876000,71656.845000,7955864.161000,8213302.882000
2021-02-28,SCOTIABANK,hipotecario,445678.051000,218933.187000,7795138.722000,8459749.960000
2021-02-28,SCOTIABANK,medianas_empresas,781952.176000,163779.625000,7645027.529000,8590759.330000
2021-02-28,SCOTIABANK,microempresas,4362.949000,1187.920000,135651.946000,141202.815000
2021-02-28,SCOTIABANK,pequenas_empresas,385664.017000,118754.439000,1584407.239000,2088825.695000
2021-03-31,ALFIN,consumo,61936.530490,0.000000,270936.872850,332873.403340
2021-03-31,BANCOM,consumo,28109.125180,39292.959180,1300611.153600,1368013.237960
2021-03-31,BANCOM,corporativo,0.116000,0.000000,19920.677000,19920.793000
2021-03-31,BANCOM,grandes_empresas,19036.623000,16383.321000,86839.304000,122259.248000
2021-03-31,BANCOM,hipotecario,3723.337000,42.723000,80612.266000,84378.326000
2021-03-31,BANCOM,medianas_empresas,15688.521000,1959.345000,117146.476000,134794.342000
2021-03-31,BANCOM,microempresas,0.270000,0.000000,1112.000000,1112.270000
2021-03-31,BANCOM,pequenas_empresas,325.675000,0.000000,3164.669000,3490.344000
2021-03-31,BBVA,consumo,346246.303090,98059.670030,6153320.970250,6597626.943370
2021-03-31,BBVA,corporativo,8033.076000,65167.120000,14110027.868000,14183228.064000
2021-03-31,BBVA,grandes_empresas,140645.940000,490846.995000,12857527.737000,13489020.672000
2021-03-31,BBVA,hipotecario,366232.733000,360150.683000,13198331.580000,13924714.996000
2021-03-31,BBVA,medianas_empresas,1353211.513000,873634.860000,17553099.813000,19779946.186000
2021-03-31,BBVA,microempresas,2546.050000,1514.254000,70772.349000,74832.653000
2021-03-31,BBVA,pequenas_empresas,175000.324000,63370.845000,2465027.225000,2703398.394000
2021-03-31,BCP,consumo,482860.934050,587889.249270,11603950.015190,12674700.198510
2021-03-31,BCP,corporativo,276461.219000,0.000000,24545584.892000,24822046.111000
2021-03-31,BCP,grandes_empresas,165740.129000,397837.971000,20684610.934000,21248189.034000
2021-03-31,BCP,hipotecario,574570.403000,89802.638000,17135215.446000,17799588.487000
2021-03-31,BCP,medianas_empresas,1510880.253000,401433.068000,27262451.113000,29174764.434000
2021-03-31,BCP,microempresas,12519.568000,1411.279000,280585.886000,294516.733000
2021-03-31,BCP,pequenas_empresas,421151.418000,195048.910000,5556581.778000,6172782.106000
2021-03-31,BIF,consumo,91928.826100,5860.650770,1574815.187920,1672604.664790
2021-03-31,BIF,corporativo,4550.159000,0.000000,2518355.739000,2522905.898000
2021-03-31,BIF,grandes_empresas,53371.274000,150233.660000,3327020.737000,3530625.671000
2021-03-31,BIF,hipotecario,70767.137000,26415.833000,2089197.334000,2186380.304000
2021-03-31,BIF,medianas_empresas,158686.271000,112352.559000,1784830.146000,2055868.976000
2021-03-31,BIF,microempresas,441.904000,0.000000,1157.621000,1599.525000
2021-03-31,BIF,pequenas_empresas,5629.572000,1762.865000,15602.322000,22994.759000
2021-03-31,CITIBANK,corporativo,0.000000,0.000000,601214.593000,601214.593000
2021-03-31,CITIBANK,grandes_empresas,0.000000,0.000000,605969.698000,605969.698000
2021-03-31,CITIBANK,medianas_empresas,0.000000,0.000000,76713.028000,76713.028000
2021-03-31,CITIBANK,microempresas,0.000000,0.000000,97.616000,97.616000
2021-03-31,CITIBANK,pequenas_empresas,0.000000,0.000000,14.000000,14.000000
2021-03-31,FALABELLA,consumo,78348.405290,114624.428770,2212855.289510,2405828.123570
2021-03-31,FALABELLA,hipotecario,0.000000,0.000000,1295.109000,1295.109000
2021-03-31,GNB,consumo,12346.352690,6975.406260,1350606.657970,1369928.416920
2021-03-31,GNB,corporativo,0.000000,8792.330000,252208.136000,261000.466000
2021-03-31,GNB,grandes_empresas,14122.159000,20465.227000,271803.096000,306390.482000
2021-03-31,GNB,hipotecario,52431.441000,8744.592000,779240.759000,840416.792000
2021-03-31,GNB,medianas_empresas,42845.794000,75150.307000,237131.143000,355127.244000
2021-03-31,GNB,microempresas,0.000000,0.000000,7.308000,7.308000
2021-03-31,GNB,pequenas_empresas,2323.450000,33.684000,12067.733000,14424.867000
2021-03-31,ICBC,corporativo,0.000000,0.000000,564842.929000,564842.929000
2021-03-31,ICBC,grandes_empresas,0.000000,0.000000,62093.905000,62093.905000
2021-03-31,ICBC,medianas_empresas,0.000000,0.000000,58233.500000,58233.500000
2021-03-31,INTERBANK,consumo,640247.280410,196136.260970,10302340.749960,11138724.291340
2021-03-31,INTERBANK,corporativo,0.606000,0.000000,7115436.092000,7115436.698000
2021-03-31,INTERBANK,grandes_empresas,112837.594000,2405.066000,7943447.191000,8058689.851000
2021-03-31,INTERBANK,hipotecario,329184.894000,25335.291000,7676566.870000,8031087.055000
2021-03-31,INTERBANK,medianas_empresas,165972.273000,32147.340000,5267059.222000,5465178.835000
2021-03-31,INTERBANK,microempresas,1686.663000,100.528000,109265.724000,111052.915000
2021-03-31,INTERBANK,pequenas_empresas,104430.633000,11737.950000,1473482.780000,1589651.363000
2021-03-31,MIBANCO,consumo,38591.416330,4101.179790,550102.580280,592795.176400
2021-03-31,MIBANCO,hipotecario,39220.574000,1159.670000,415893.864000,456274.108000
2021-03-31,MIBANCO,medianas_empresas,53141.334000,345.240000,493462.122000,546948.696000
2021-03-31,MIBANCO,microempresas,170222.071000,11641.075000,3197674.131000,3379537.277000
2021-03-31,MIBANCO,pequenas_empresas,892380.681000,72773.842000,7087787.583000,8052942.106000
2021-03-31,PICHINCHA,consumo,117903.898300,82690.648700,2519873.482250,2720468.029250
2021-03-31,PICHINCHA,corporativo,11217.433000,0.000000,457600.882000,468818.315000
2021-03-31,PICHINCHA,grandes_empresas,57271.182000,66512.716000,1844894.084000,1968677.982000
2021-03-31,PICHINCHA,hipotecario,51893.112000,2746.903000,1096463.913000,1151103.928000
2021-03-31,PICHINCHA,medianas_empresas,182632.401000,182795.346000,1248837.197000,1614264.944000
2021-03-31,PICHINCHA,microempresas,10272.979000,1624.239000,125709.083000,137606.301000
2021-03-31,PICHINCHA,pequenas_empresas,45394.046000,13161.713000,428521.976000,487077.735000
2021-03-31,RIPLEY,consumo,46706.524230,83669.541720,1143467.793560,1273843.859510
2021-03-31,SANTANDER,consumo,0.000000,0.000000,2136.167140,2136.167140
2021-03-31,SANTANDER,corporativo,75.789000,2577.333000,1906691.636000,1909344.758000
2021-03-31,SANTANDER,grandes_empresas,22431.191000,5540.589000,1941482.371000,1969454.151000
2021-03-31,SANTANDER,medianas_empresas,23928.195000,520.824000,704306.483000,728755.502000
2021-03-31,SANTANDER,pequenas_empresas,0.000000,0.000000,186.648000,186.648000
2021-03-31,SCOTIABANK,consumo,571030.380160,471109.456370,7500922.202110,8543062.038640
2021-03-31,SCOTIABANK,corporativo,217062.135000,37166.836000,15801036.797000,16055265.768000
2021-03-31,SCOTIABANK,grandes_empresas,163046.953000,90639.409000,7842943.469000,8096629.831000
2021-03-31,SCOTIABANK,hipotecario,428452.006000,241999.499000,7900836.099000,8571287.604000
2021-03-31,SCOTIABANK,medianas_empresas,794717.247000,200067.081000,7808390.750000,8803175.078000
2021-03-31,SCOTIABANK,microempresas,4267.775000,1276.197000,112478.811000,118022.783000
2021-03-31,SCOTIABANK,pequenas_empresas,376720.711000,126499.885000,1540989.876000,2044210.472000
2021-04-30,ALFIN,consumo,77318.892650,0.000000,257332.505460,334651.398110
2021-04-30,ALFIN,corporativo,0.000000,0.000000,6000.000000,6000.000000
2021-04-30,BANCOM,consumo,30012.409990,41526.615070,1301560.720970,1373099.746030
2021-04-30,BANCOM,corporativo,0.032000,0.000000,12355.937000,12355.969000
2021-04-30,BANCOM,grandes_empresas,15858.794000,16239.633000,96621.402000,128719.829000
2021-04-30,BANCOM,hipotecario,4167.840000,42.477000,81112.678000,85322.995000
2021-04-30,BANCOM,medianas_empresas,16312.537000,1854.028000,109788.855000,127955.420000
2021-04-30,BANCOM,microempresas,0.270000,0.000000,412.000000,412.270000
2021-04-30,BANCOM,pequenas_empresas,327.680000,0.000000,2397.690000,2725.370000
2021-04-30,BBVA,consumo,317336.887940,101490.811810,6376956.075070,6795783.774820
2021-04-30,BBVA,corporativo,8033.076000,65724.605000,14344176.974000,14417934.655000
2021-04-30,BBVA,grandes_empresas,123699.782000,469056.648000,12764819.333000,13357575.763000
2021-04-30,BBVA,hipotecario,361619.155000,371877.533000,13330389.039000,14063885.727000
2021-04-30,BBVA,medianas_empresas,1395975.534000,978848.292000,17913224.211000,20288048.037000
2021-04-30,BBVA,microempresas,2118.821000,1509.429000,59771.052000,63399.302000
2021-04-30,BBVA,pequenas_empresas,177469.791000,62633.649000,2440493.017000,2680596.457000
2021-04-30,BCP,consumo,347181.982920,603387.985830,11744606.752040,12695176.720790
2021-04-30,BCP,corporativo,280417.696000,0.000000,24974841.483000,25255259.179000
2021-04-30,BCP,grandes_empresas,173820.507000,408693.644000,20556079.119000,21138593.270000
2021-04-30,BCP,hipotecario,577882.832000,93260.041000,17136004.572000,17807147.445000
2021-04-30,BCP,medianas_empresas,1533069.876000,400912.732000,27947272.255000,29881254.863000
2021-04-30,BCP,microempresas,12165.210000,1553.740000,296730.356000,310449.306000
2021-04-30,BCP,pequenas_empresas,399784.766000,201981.809000,5438210.693000,6039977.268000
2021-04-30,BIF,consumo,65967.163690,6574.613010,1581032.603800,1653574.380500
2021-04-30,BIF,corporativo,3.336000,4550.000000,2642274.476000,2646827.812000
2021-04-30,BIF,grandes_empresas,55243.095000,135927.419000,3356499.162000,3547669.676000
2021-04-30,BIF,hipotecario,71420.859000,26292.284000,2125795.531000,2223508.674000
2021-04-30,BIF,medianas_empresas,172499.159000,118771.045000,1741447.438000,2032717.642000
2021-04-30,BIF,microempresas,457.102000,0.000000,402.815000,859.917000
2021-04-30,BIF,pequenas_empresas,5373.575000,1586.042000,13048.657000,20008.274000
2021-04-30,CITIBANK,corporativo,0.000000,0.000000,540052.597000,540052.597000
2021-04-30,CITIBANK,grandes_empresas,0.000000,0.000000,658741.798000,658741.798000
2021-04-30,CITIBANK,medianas_empresas,0.000000,0.000000,90655.414000,90655.414000
2021-04-30,CITIBANK,microempresas,0.000000,0.000000,93.427000,93.427000
2021-04-30,CITIBANK,pequenas_empresas,0.000000,0.000000,14.639000,14.639000
2021-04-30,FALABELLA,consumo,74717.869530,105985.948070,2300916.983500,2481620.801100
2021-04-30,FALABELLA,hipotecario,0.000000,0.000000,1219.577000,1219.577000
2021-04-30,GNB,consumo,14529.293520,6924.995080,1336402.609530,1357856.898130
2021-04-30,GNB,corporativo,0.000000,8792.330000,331939.133000,340731.463000
2021-04-30,GNB,grandes_empresas,20501.421000,15345.283000,270524.554000,306371.258000
2021-04-30,GNB,hipotecario,54310.167000,8517.847000,766041.138000,828869.152000
2021-04-30,GNB,medianas_empresas,42860.682000,75490.201000,239325.686000,357676.569000
2021-04-30,GNB,microempresas,0.000000,0.000000,6.684000,6.684000
2021-04-30,GNB,pequenas_empresas,2557.089000,30.432000,9471.207000,12058.728000
2021-04-30,ICBC,corporativo,0.000000,0.000000,563467.763000,563467.763000
2021-04-30,ICBC,grandes_empresas,0.000000,0.000000,55109.900000,55109.900000
2021-04-30,ICBC,medianas_empresas,0.000000,0.000000,58698.500000,58698.500000
2021-04-30,INTERBANK,consumo,591433.116680,189234.070350,10459133.631280,11239800.818310
2021-04-30,INTERBANK,corporativo,103.412000,0.000000,7230374.858000,7230478.270000
2021-04-30,INTERBANK,grandes_empresas,127173.332000,2330.683000,7567257.934000,7696761.949000
2021-04-30,INTERBANK,hipotecario,324874.214000,25537.777000,7816327.346000,8166739.337000
2021-04-30,INTERBANK,medianas_empresas,161585.706000,32147.150000,5416821.364000,5610554.220000
2021-04-30,INTERBANK,microempresas,1587.289000,105.495000,59174.613000,60867.397000
2021-04-30,INTERBANK,pequenas_empresas,98368.198000,10461.392000,1431684.139000,1540513.729000
2021-04-30,MIBANCO,consumo,37425.853810,3764.336260,557017.153450,598207.343520
2021-04-30,MIBANCO,hipotecario,39321.532000,1213.852000,410386.204000,450921.588000
2021-04-30,MIBANCO,medianas_empresas,53484.945000,329.985000,496097.366000,549912.296000
2021-04-30,MIBANCO,microempresas,157060.827000,9923.255000,3164224.046000,3331208.128000
2021-04-30,MIBANCO,pequenas_empresas,888195.893000,66873.719000,7142809.115000,8097878.727000
2021-04-30,PICHINCHA,consumo,114770.053350,79053.191600,2518563.429510,2712386.674460
2021-04-30,PICHINCHA,corporativo,11218.578000,0.000000,425595.871000,436814.449000
2021-04-30,PICHINCHA,grandes_empresas,66007.697000,73716.463000,1881698.086000,2021422.246000
2021-04-30,PICHINCHA,hipotecario,53583.778000,3028.216000,1104443.337000,1161055.331000
2021-04-30,PICHINCHA,medianas_empresas,187025.929000,184596.542000,1251401.351000,1623023.822000
2021-04-30,PICHINCHA,microempresas,12178.512000,1591.657000,128863.151000,142633.320000
2021-04-30,PICHINCHA,pequenas_empresas,51223.200000,12608.123000,423296.812000,487128.135000
2021-04-30,RIPLEY,consumo,43827.624280,79784.889080,1140346.400940,1263958.914300
2021-04-30,SANTANDER,consumo,0.000000,0.000000,2020.469790,2020.469790
2021-04-30,SANTANDER,corporativo,167.313000,2577.333000,1975428.804000,1978173.450000
2021-04-30,SANTANDER,grandes_empresas,24358.060000,10983.172000,1980389.173000,2015730.405000
2021-04-30,SANTANDER,medianas_empresas,24078.726000,520.824000,658996.247000,683595.797000
2021-04-30,SANTANDER,pequenas_empresas,0.000000,0.000000,280.586000,280.586000
2021-04-30,SCOTIABANK,consumo,474792.367840,466178.996900,7628159.586420,8569130.951160
2021-04-30,SCOTIABANK,corporativo,218796.187000,37166.836000,16952788.256000,17208751.279000
2021-04-30,SCOTIABANK,grandes_empresas,173272.168000,88628.490000,7731115.073000,7993015.731000
2021-04-30,SCOTIABANK,hipotecario,428851.410000,253623.682000,8049423.131000,8731898.223000
2021-04-30,SCOTIABANK,medianas_empresas,782503.628000,218735.111000,8004904.230000,9006142.969000
2021-04-30,SCOTIABANK,microempresas,4132.232000,1324.003000,79310.452000,84766.687000
2021-04-30,SCOTIABANK,pequenas_empresas,359664.735000,134829.142000,1548436.561000,2042930.438000
2021-05-31,ALFIN,consumo,52654.384100,16523.394360,244785.676350,313963.454810
2021-05-31,ALFIN,medianas_empresas,0.000000,0.000000,6000.000000,6000.000000
2021-05-31,BANCOM,consumo,24519.048830,44135.745110,1294576.730800,1363231.524740
2021-05-31,BANCOM,corporativo,0.032000,0.000000,12139.485000,12139.517000
2021-05-31,BANCOM,grandes_empresas,13962.847000,18161.226000,91713.872000,123837.945000
2021-05-31,BANCOM,hipotecario,4469.493000,42.382000,80940.948000,85452.823000
2021-05-31,BANCOM,medianas_empresas,13108.455000,359.999000,115170.592000,128639.046000
2021-05-31,BANCOM,microempresas,0.269000,0.000000,0.000000,0.269000
2021-05-31,BANCOM,pequenas_empresas,315.276000,0.000000,2605.654000,2920.930000
2021-05-31,BBVA,consumo,289956.993510,100670.306210,6571875.027810,6962502.327530
2021-05-31,BBVA,corporativo,8033.076000,65622.201000,15815077.670000,15888732.947000
2021-05-31,BBVA,grandes_empresas,126159.245000,473704.515000,12828426.780000,13428290.540000
2021-05-31,BBVA,hipotecario,380310.507000,379385.116000,13398851.923000,14158547.546000
2021-05-31,BBVA,medianas_empresas,1427359.721000,990721.294000,18393094.889000,20811175.904000
2021-05-31,BBVA,microempresas,2142.251000,1521.313000,52391.010000,56054.574000
2021-05-31,BBVA,pequenas_empresas,185264.470000,61961.837000,2438356.582000,2685582.889000
2021-05-31,BCP,consumo,352274.794120,604036.311150,11663819.878110,12620130.983380
2021-05-31,BCP,corporativo,282391.733000,0.000000,26946579.768000,27228971.501000
2021-05-31,BCP,grandes_empresas,237985.380000,397501.356000,20971155.862000,21606642.598000
2021-05-31,BCP,hipotecario,576779.900000,101543.057000,17044689.685000,17723012.642000
2021-05-31,BCP,medianas_empresas,1547750.830000,409371.981000,28150400.769000,30107523.580000
2021-05-31,BCP,microempresas,11895.571000,1582.966000,283554.782000,297033.319000
2021-05-31,BCP,pequenas_empresas,400840.648000,200842.770000,5351613.874000,5953297.292000
2021-05-31,BIF,consumo,63458.693700,8667.340910,1582035.302140,1654161.336750
2021-05-31,BIF,corporativo,0.367000,4550.000000,2712139.551000,2716689.918000
2021-05-31,BIF,grandes_empresas,53460.070000,137896.590000,3584333.845000,3775690.505000
2021-05-31,BIF,hipotecario,69659.674000,27352.295000,2142866.854000,2239878.823000
2021-05-31,BIF,medianas_empresas,177910.070000,123334.266000,1685078.600000,1986322.936000
2021-05-31,BIF,microempresas,390.261000,4.799000,630.874000,1025.934000
2021-05-31,BIF,pequenas_empresas,5382.478000,1417.729000,12465.625000,19265.832000
2021-05-31,CITIBANK,corporativo,0.000000,0.000000,584940.223000,584940.223000
2021-05-31,CITIBANK,grandes_empresas,0.000000,0.000000,657533.488000,657533.488000
2021-05-31,CITIBANK,medianas_empresas,0.000000,0.000000,81959.282000,81959.282000
2021-05-31,CITIBANK,microempresas,0.000000,0.000000,113.148000,113.148000
2021-05-31,CITIBANK,pequenas_empresas,0.000000,0.000000,13.108000,13.108000
2021-05-31,FALABELLA,consumo,80787.342240,96390.606490,2322729.790350,2499907.739080
2021-05-31,FALABELLA,grandes_empresas,0.000000,0.000000,1.084000,1.084000
2021-05-31,FALABELLA,hipotecario,0.000000,0.000000,1219.653000,1219.653000
2021-05-31,FALABELLA,medianas_empresas,0.000000,0.000000,0.924000,0.924000
2021-05-31,GNB,consumo,16473.352820,6847.878630,1354394.286080,1377715.517530
2021-05-31,GNB,corporativo,0.000000,8792.330000,388619.201000,397411.531000
2021-05-31,GNB,grandes_empresas,17430.963000,18606.357000,355404.182000,391441.502000
2021-05-31,GNB,hipotecario,51712.134000,8565.208000,757343.665000,817621.007000
2021-05-31,GNB,medianas_empresas,44177.108000,74574.351000,145057.738000,263809.197000
2021-05-31,GNB,microempresas,0.000000,0.000000,48.518000,48.518000
2021-05-31,GNB,pequenas_empresas,1826.625000,71.551000,11564.992000,13463.168000
2021-05-31,ICBC,corporativo,0.000000,0.000000,744113.907000,744113.907000
2021-05-31,ICBC,grandes_empresas,0.000000,0.000000,39277.197000,39277.197000
2021-05-31,ICBC,medianas_empresas,0.000000,0.000000,59179.000000,59179.000000
2021-05-31,INTERBANK,consumo,569155.278330,181065.906890,10487589.285430,11237810.470650
2021-05-31,INTERBANK,corporativo,89.389000,0.000000,7708388.116000,7708477.505000
2021-05-31,INTERBANK,grandes_empresas,129929.522000,4430.762000,7512148.183000,7646508.467000
2021-05-31,INTERBANK,hipotecario,324051.631000,25972.116000,7937781.405000,8287805.152000
2021-05-31,INTERBANK,medianas_empresas,194838.596000,31422.013000,5429362.738000,5655623.347000
2021-05-31,INTERBANK,microempresas,1374.349000,131.961000,51155.650000,52661.960000
2021-05-31,INTERBANK,pequenas_empresas,92452.144000,10226.791000,1432860.033000,1535538.968000
2021-05-31,MIBANCO,consumo,36168.933750,3487.283120,562127.887380,601784.104250
2021-05-31,MIBANCO,hipotecario,39537.286000,1199.434000,410891.136000,451627.856000
2021-05-31,MIBANCO,medianas_empresas,57336.185000,327.994000,486954.958000,544619.137000
2021-05-31,MIBANCO,microempresas,144772.394000,7711.133000,3150551.924000,3303035.451000
2021-05-31,MIBANCO,pequenas_empresas,886383.071000,59435.878000,7174592.161000,8120411.110000
2021-05-31,PICHINCHA,consumo,121915.835770,72729.656600,2500800.474180,2695445.966550
2021-05-31,PICHINCHA,corporativo,11217.437000,0.000000,502258.349000,513475.786000
2021-05-31,PICHINCHA,grandes_empresas,65598.114000,72411.542000,1981574.486000,2119584.142000
2021-05-31,PICHINCHA,hipotecario,56487.033000,3068.220000,1104406.354000,1163961.607000
2021-05-31,PICHINCHA,medianas_empresas,197367.383000,184360.146000,1202192.021000,1583919.550000
2021-05-31,PICHINCHA,microempresas,13028.134000,1582.061000,130534.448000,145144.643000
2021-05-31,PICHINCHA,pequenas_empresas,52941.264000,13213.296000,418401.780000,484556.340000
2021-05-31,RIPLEY,consumo,55318.658190,71592.363690,1155370.152140,1282281.174020
2021-05-31,SANTANDER,consumo,0.000000,0.000000,2428.829730,2428.829730
2021-05-31,SANTANDER,corporativo,2.104000,2577.333000,1951099.785000,1953679.222000
2021-05-31,SANTANDER,grandes_empresas,25025.514000,10815.624000,2104314.540000,2140155.678000
2021-05-31,SANTANDER,medianas_empresas,24225.785000,475.931000,721185.468000,745887.184000
2021-05-31,SANTANDER,pequenas_empresas,0.000000,0.000000,2505.351000,2505.351000
2021-05-31,SCOTIABANK,consumo,411663.403870,472125.133670,7702863.442890,8586651.980430
2021-05-31,SCOTIABANK,corporativo,220790.031000,36963.239000,17461238.551000,17718991.821000
2021-05-31,SCOTIABANK,grandes_empresas,201495.487000,72356.233000,7742294.122000,8016145.842000
2021-05-31,SCOTIABANK,hipotecario,418602.022000,267343.043000,8190578.470000,8876523.535000
2021-05-31,SCOTIABANK,medianas_empresas,783259.315000,239564.875000,8130979.426000,9153803.616000
2021-05-31,SCOTIABANK,microempresas,4057.008000,1348.796000,51058.393000,56464.197000
2021-05-31,SCOTIABANK,pequenas_empresas,339784.611000,140368.314000,1564480.329000,2044633.254000
2021-06-30,ALFIN,consumo,39637.304370,30847.664150,229000.019680,299484.988200
2021-06-30,ALFIN,medianas_empresas,0.000000,0.000000,5718.236000,5718.236000
2021-06-30,BANCOM,consumo,24667.370780,43787.883570,1282355.483020,1350810.737370
2021-06-30,BANCOM,corporativo,0.032000,1518.791000,11421.308000,12940.131000
2021-06-30,BANCOM,grandes_empresas,13971.837000,16684.229000,103128.367000,133784.433000
2021-06-30,BANCOM,hipotecario,4468.790000,354.867000,81027.613000,85851.270000
2021-06-30,BANCOM,medianas_empresas,14614.540000,359.999000,121663.115000,136637.654000
2021-06-30,BANCOM,microempresas,0.183000,0.000000,0.154000,0.337000
2021-06-30,BANCOM,pequenas_empresas,287.942000,0.000000,2563.553000,2851.495000
2021-06-30,BBVA,consumo,262946.039410,107007.946850,6663368.135610,7033322.121870
2021-06-30,BBVA,corporativo,8033.076000,74281.100000,16400144.488000,16482458.664000
2021-06-30,BBVA,grandes_empresas,117960.582000,509419.115000,12960471.785000,13587851.482000
2021-06-30,BBVA,hipotecario,377900.816000,396233.242000,13513370.382000,14287504.440000
2021-06-30,BBVA,medianas_empresas,1464911.133000,1019817.714000,17826412.399000,20311141.246000
2021-06-30,BBVA,microempresas,2263.282000,1518.604000,46018.213000,49800.099000
2021-06-30,BBVA,pequenas_empresas,190440.968000,61810.782000,2458446.033000,2710697.783000
2021-06-30,BCP,consumo,361063.748620,585617.487470,11634859.267080,12581540.503170
2021-06-30,BCP,corporativo,284564.993000,730.086000,29463100.093000,29748395.172000
2021-06-30,BCP,grandes_empresas,306281.654000,405797.806000,21334091.556000,22046171.016000
2021-06-30,BCP,hipotecario,579997.671000,107973.716000,17073983.905000,17761955.292000
2021-06-30,BCP,medianas_empresas,1707386.210000,399843.081000,27962900.146000,30070129.437000
2021-06-30,BCP,microempresas,11969.040000,1480.544000,276312.676000,289762.260000
2021-06-30,BCP,pequenas_empresas,405925.850000,200664.891000,5365663.628000,5972254.369000
2021-06-30,BIF,consumo,63727.831860,9584.482580,1582615.286490,1655927.600930
2021-06-30,BIF,corporativo,94.508000,4550.000000,2889174.351000,2893818.859000
2021-06-30,BIF,grandes_empresas,58714.461000,127900.056000,3664334.836000,3850949.353000
2021-06-30,BIF,hipotecario,68990.040000,27765.103000,2168193.021000,2264948.164000
2021-06-30,BIF,medianas_empresas,179974.841000,131417.245000,1699595.164000,2010987.250000
2021-06-30,BIF,microempresas,391.980000,8.720000,1806.888000,2207.588000
2021-06-30,BIF,pequenas_empresas,5196.250000,1702.443000,11743.313000,18642.006000
2021-06-30,CITIBANK,corporativo,0.000000,0.000000,564959.129000,564959.129000
2021-06-30,CITIBANK,grandes_empresas,0.000000,0.000000,899130.547000,899130.547000
2021-06-30,CITIBANK,medianas_empresas,0.000000,0.000000,114779.284000,114779.284000
2021-06-30,CITIBANK,microempresas,0.000000,0.000000,5952.494000,5952.494000
2021-06-30,CITIBANK,pequenas_empresas,0.000000,0.000000,15.726000,15.726000
2021-06-30,FALABELLA,consumo,76416.251290,88909.408010,2334897.583110,2500223.242410
2021-06-30,FALABELLA,hipotecario,0.000000,0.000000,1221.232000,1221.232000
2021-06-30,FALABELLA,medianas_empresas,0.000000,0.000000,0.924000,0.924000
2021-06-30,GNB,consumo,16856.807230,6856.979260,1362239.572410,1385953.358900
2021-06-30,GNB,corporativo,0.000000,8792.330000,362259.275000,371051.605000
2021-06-30,GNB,grandes_empresas,19460.691000,16970.918000,364101.153000,400532.762000
2021-06-30,GNB,hipotecario,50233.028000,8419.606000,747178.229000,805830.863000
2021-06-30,GNB,medianas_empresas,43043.760000,75922.325000,135177.093000,254143.178000
2021-06-30,GNB,pequenas_empresas,2005.413000,68.719000,6232.714000,8306.846000
2021-06-30,ICBC,corporativo,0.000000,0.000000,766333.254000,766333.254000
2021-06-30,ICBC,grandes_empresas,0.000000,0.000000,41017.260000,41017.260000
2021-06-30,ICBC,medianas_empresas,0.000000,0.000000,59799.000000,59799.000000
2021-06-30,INTERBANK,consumo,532193.623640,172421.045990,10587316.462280,11291931.131910
2021-06-30,INTERBANK,corporativo,96.771000,0.000000,7522135.853000,7522232.624000
2021-06-30,INTERBANK,grandes_empresas,129826.106000,3920.700000,7393478.585000,7527225.391000
2021-06-30,INTERBANK,hipotecario,317628.327000,26854.373000,8099917.431000,8444400.131000
2021-06-30,INTERBANK,medianas_empresas,196238.070000,32062.530000,5286348.133000,5514648.733000
2021-06-30,INTERBANK,microempresas,1394.238000,114.545000,46140.952000,47649.735000
2021-06-30,INTERBANK,pequenas_empresas,91400.399000,11116.195000,1438128.280000,1540644.874000
2021-06-30,MIBANCO,consumo,35900.126610,2891.970390,562935.617130,601727.714130
2021-06-30,MIBANCO,hipotecario,38472.430000,1219.269000,409438.183000,449129.882000
2021-06-30,MIBANCO,medianas_empresas,58066.018000,491.041000,481007.991000,539565.050000
2021-06-30,MIBANCO,microempresas,133104.215000,6561.405000,3157033.195000,3296698.815000
2021-06-30,MIBANCO,pequenas_empresas,900429.524000,54188.537000,7183095.879000,8137713.940000
2021-06-30,PICHINCHA,consumo,142415.272170,68073.885550,2486701.537380,2697190.695100
2021-06-30,PICHINCHA,corporativo,11217.440000,0.000000,558088.347000,569305.787000
2021-06-30,PICHINCHA,grandes_empresas,69102.032000,71068.069000,1917666.183000,2057836.284000
2021-06-30,PICHINCHA,hipotecario,57331.675000,3056.607000,1112662.852000,1173051.134000
2021-06-30,PICHINCHA,medianas_empresas,205900.352000,201662.364000,1194383.385000,1601946.101000
2021-06-30,PICHINCHA,microempresas,13074.156000,1847.475000,143327.693000,158249.324000
2021-06-30,PICHINCHA,pequenas_empresas,52151.465000,14719.244000,414742.321000,481613.030000
2021-06-30,RIPLEY,consumo,53769.786740,64180.068990,1168265.382030,1286215.237760
2021-06-30,SANTANDER,consumo,0.000000,0.000000,4047.573590,4047.573590
2021-06-30,SANTANDER,corporativo,0.000000,0.000000,1988736.530000,1988736.530000
2021-06-30,SANTANDER,grandes_empresas,39132.023000,13831.757000,2110589.573000,2163553.353000
2021-06-30,SANTANDER,medianas_empresas,24421.591000,430.448000,683127.508000,707979.547000
2021-06-30,SANTANDER,pequenas_empresas,0.000000,0.000000,912.759000,912.759000
2021-06-30,SCOTIABANK,consumo,431417.744590,441849.917160,7810594.307800,8683861.969550
2021-06-30,SCOTIABANK,corporativo,223299.788000,36764.498000,17437201.516000,17697265.802000
2021-06-30,SCOTIABANK,grandes_empresas,199707.136000,78283.113000,7595808.019000,7873798.268000
2021-06-30,SCOTIABANK,hipotecario,406083.881000,283459.435000,8255086.608000,8944629.924000
2021-06-30,SCOTIABANK,medianas_empresas,779253.388000,252213.505000,7801103.085000,8832569.978000
2021-06-30,SCOTIABANK,microempresas,3936.254000,1432.403000,48893.949000,54262.606000
2021-06-30,SCOTIABANK,pequenas_empresas,330566.144000,146651.875000,1563580.056000,2040798.075000
2021-07-31,ALFIN,consumo,27530.069140,59882.889100,216405.205650,303818.163890
2021-07-31,ALFIN,medianas_empresas,0.000000,0.000000,5617.617000,5617.617000
2021-07-31,BANCOM,consumo,26998.377690,47212.258210,1265003.436270,1339214.072170
2021-07-31,BANCOM,corporativo,0.032000,0.000000,22801.390000,22801.422000
2021-07-31,BANCOM,grandes_empresas,24953.264000,16775.829000,98836.740000,140565.833000
2021-07-31,BANCOM,hipotecario,4605.325000,354.761000,81508.907000,86468.993000
2021-07-31,BANCOM,medianas_empresas,17931.734000,359.999000,121025.192000,139316.925000
2021-07-31,BANCOM,microempresas,0.401000,0.000000,351.162000,351.563000
2021-07-31,BANCOM,pequenas_empresas,295.997000,0.000000,2863.794000,3159.791000
2021-07-31,BANK_OF_CHINA,corporativo,0.000000,0.000000,22000.000000,22000.000000
2021-07-31,BBVA,consumo,247472.467420,105846.376640,6683538.796450,7036857.640510
2021-07-31,BBVA,corporativo,8033.076000,74281.100000,16566769.432000,16649083.608000
2021-07-31,BBVA,grandes_empresas,127831.414000,543547.581000,12789275.984000,13460654.979000
2021-07-31,BBVA,hipotecario,398020.406000,400624.161000,13565825.533000,14364470.100000
2021-07-31,BBVA,medianas_empresas,1571000.464000,1044704.059000,17858941.997000,20474646.520000
2021-07-31,BBVA,microempresas,2243.086000,1596.640000,52981.174000,56820.900000
2021-07-31,BBVA,pequenas_empresas,194356.986000,60330.090000,2490757.354000,2745444.430000
2021-07-31,BCP,consumo,372117.975460,555253.321320,11617595.366720,12544966.663500
2021-07-31,BCP,corporativo,288743.216000,730.086000,30934559.415000,31224032.717000
2021-07-31,BCP,grandes_empresas,221164.298000,420577.056000,23194956.894000,23836698.248000
2021-07-31,BCP,hipotecario,577793.544000,113206.133000,17234512.355000,17925512.032000
2021-07-31,BCP,medianas_empresas,1989674.722000,405283.792000,27115521.608000,29510480.122000
2021-07-31,BCP,microempresas,12179.561000,1320.109000,283334.538000,296834.208000
2021-07-31,BCP,pequenas_empresas,466283.778000,193813.419000,5297083.382000,5957180.579000
2021-07-31,BIF,consumo,62677.877220,12014.226030,1602911.041530,1677603.144780
2021-07-31,BIF,corporativo,10096.970000,4550.000000,2998375.857000,3013022.827000
2021-07-31,BIF,grandes_empresas,46453.661000,147770.427000,3675883.402000,3870107.490000
2021-07-31,BIF,hipotecario,66153.663000,31174.268000,2206336.048000,2303663.979000
2021-07-31,BIF,medianas_empresas,190168.765000,134964.827000,1736738.816000,2061872.408000
2021-07-31,BIF,microempresas,375.149000,2.766000,1933.582000,2311.497000
2021-07-31,BIF,pequenas_empresas,5379.828000,1938.763000,12902.916000,20221.507000
2021-07-31,CITIBANK,corporativo,0.000000,0.000000,602386.839000,602386.839000
2021-07-31,CITIBANK,grandes_empresas,0.000000,0.000000,921249.749000,921249.749000
2021-07-31,CITIBANK,medianas_empresas,0.000000,0.000000,80623.387000,80623.387000
2021-07-31,CITIBANK,microempresas,0.000000,0.000000,170.555000,170.555000
2021-07-31,CITIBANK,pequenas_empresas,0.000000,0.000000,7.088000,7.088000
2021-07-31,FALABELLA,consumo,65051.011730,82300.643550,2356658.631510,2504010.286790
2021-07-31,FALABELLA,grandes_empresas,0.000000,0.000000,1.140000,1.140000
2021-07-31,FALABELLA,hipotecario,0.000000,0.000000,338.554000,338.554000
2021-07-31,GNB,consumo,16692.718510,7143.707280,1369419.444270,1393255.870060
2021-07-31,GNB,corporativo,0.000000,0.000000,352399.222000,352399.222000
2021-07-31,GNB,grandes_empresas,19737.536000,11857.239000,358175.830000,389770.605000
2021-07-31,GNB,hipotecario,49915.286000,7801.397000,733391.879000,791108.562000
2021-07-31,GNB,medianas_empresas,50310.414000,74451.433000,134346.313000,259108.160000
2021-07-31,GNB,microempresas,17.104000,0.000000,50.053000,67.157000
2021-07-31,GNB,pequenas_empresas,1936.089000,55.947000,11892.343000,13884.379000
2021-07-31,ICBC,corporativo,0.000000,0.000000,807747.705000,807747.705000
2021-07-31,ICBC,grandes_empresas,0.000000,0.000000,44328.440000,44328.440000
2021-07-31,ICBC,medianas_empresas,0.000000,0.000000,62620.000000,62620.000000
2021-07-31,INTERBANK,consumo,452375.840720,163068.882440,10730644.017930,11346088.741090
2021-07-31,INTERBANK,corporativo,89.318000,0.000000,7759568.293000,7759657.611000
2021-07-31,INTERBANK,grandes_empresas,163237.329000,3894.245000,7457445.131000,7624576.705000
2021-07-31,INTERBANK,hipotecario,311421.840000,29921.703000,8115286.292000,8456629.835000
2021-07-31,INTERBANK,medianas_empresas,273205.549000,32523.603000,5309681.904000,5615411.056000
2021-07-31,INTERBANK,microempresas,1591.958000,139.290000,42682.952000,44414.200000
2021-07-31,INTERBANK,pequenas_empresas,92936.653000,12388.701000,1426209.192000,1531534.546000
2021-07-31,MIBANCO,consumo,28599.219660,2654.935350,561300.068210,592554.223220
2021-07-31,MIBANCO,hipotecario,38329.424000,1283.267000,409964.616000,449577.307000
2021-07-31,MIBANCO,medianas_empresas,63644.708000,487.785000,470265.778000,534398.271000
2021-07-31,MIBANCO,microempresas,121752.432000,5765.324000,3216516.605000,3344034.361000
2021-07-31,MIBANCO,pequenas_empresas,860479.884000,50944.158000,7209908.583000,8121332.625000
2021-07-31,PICHINCHA,consumo,132496.029560,60859.492870,2495238.787790,2688594.310220
2021-07-31,PICHINCHA,corporativo,11217.464000,0.000000,585625.066000,596842.530000
2021-07-31,PICHINCHA,grandes_empresas,79231.275000,67846.269000,1879977.872000,2027055.416000
2021-07-31,PICHINCHA,hipotecario,57083.892000,3108.355000,1115503.090000,1175695.337000
2021-07-31,PICHINCHA,medianas_empresas,217538.845000,209159.830000,1215471.738000,1642170.413000
2021-07-31,PICHINCHA,microempresas,10847.885000,2072.341000,149015.173000,161935.399000
2021-07-31,PICHINCHA,pequenas_empresas,50452.343000,16577.456000,413895.785000,480925.584000
2021-07-31,RIPLEY,consumo,47066.860810,58030.628060,1179715.160170,1284812.649040
2021-07-31,SANTANDER,consumo,0.000000,0.000000,8259.302350,8259.302350
2021-07-31,SANTANDER,corporativo,1.443000,2577.333000,2413787.508000,2416366.284000
2021-07-31,SANTANDER,grandes_empresas,53287.967000,11318.894000,2166956.133000,2231562.994000
2021-07-31,SANTANDER,medianas_empresas,23391.249000,402.669000,691982.952000,715776.870000
2021-07-31,SANTANDER,pequenas_empresas,0.000000,0.000000,2267.804000,2267.804000
2021-07-31,SCOTIABANK,consumo,383665.502130,436005.901910,7911941.536330,8731612.940370
2021-07-31,SCOTIABANK,corporativo,234020.622000,36558.785000,18311791.546000,18582370.953000
2021-07-31,SCOTIABANK,grandes_empresas,236560.008000,175746.533000,7850898.102000,8263204.643000
2021-07-31,SCOTIABANK,hipotecario,402043.944000,305572.072000,8305958.332000,9013574.348000
2021-07-31,SCOTIABANK,medianas_empresas,844469.151000,260007.686000,8453297.473000,9557774.310000
2021-07-31,SCOTIABANK,microempresas,8132.175000,1507.441000,49695.163000,59334.779000
2021-07-31,SCOTIABANK,pequenas_empresas,326096.550000,149817.556000,1585943.353000,2061857.459000
2021-08-31,ALFIN,consumo,24628.448400,65825.446870,217442.991800,307896.887070
2021-08-31,ALFIN,medianas_empresas,0.000000,0.000000,5516.011000,5516.011000
2021-08-31,BANCOM,consumo,29614.306270,49749.732820,1245105.270840,1324469.309930
2021-08-31,BANCOM,corporativo,0.074000,0.000000,23829.719000,23829.793000
2021-08-31,BANCOM,grandes_empresas,27860.960000,16020.413000,108353.945000,152235.318000
2021-08-31,BANCOM,hipotecario,4386.153000,354.673000,80988.721000,85729.547000
2021-08-31,BANCOM,medianas_empresas,18256.367000,359.999000,117275.147000,135891.513000
2021-08-31,BANCOM,microempresas,7.965000,0.000000,325.852000,333.817000
2021-08-31,BANCOM,pequenas_empresas,298.014000,0.000000,2868.072000,3166.086000
2021-08-31,BANK_OF_CHINA,corporativo,0.000000,0.000000,22000.000000,22000.000000
2021-08-31,BBVA,consumo,223750.200740,103657.680220,6794233.369700,7121641.250660
2021-08-31,BBVA,corporativo,2661.915000,74281.100000,15957965.399000,16034908.414000
2021-08-31,BBVA,grandes_empresas,144503.675000,545783.050000,12711469.299000,13401756.024000
2021-08-31,BBVA,hipotecario,397588.388000,407252.494000,13580539.387000,14385380.269000
2021-08-31,BBVA,medianas_empresas,1625940.840000,1073149.643000,17577886.857000,20276977.340000
2021-08-31,BBVA,microempresas,2237.936000,1728.144000,60530.086000,64496.166000
2021-08-31,BBVA,pequenas_empresas,200786.919000,58403.282000,2540491.029000,2799681.230000
2021-08-31,BCP,consumo,352964.348620,545886.321200,11704086.504460,12602937.174280
2021-08-31,BCP,corporativo,368508.909000,0.000000,30959406.870000,31327915.779000
2021-08-31,BCP,grandes_empresas,249426.680000,399841.110000,22996310.963000,23645578.753000
2021-08-31,BCP,hipotecario,579114.541000,120101.400000,17340096.623000,18039312.564000
2021-08-31,BCP,medianas_empresas,1997259.186000,411323.425000,26983213.346000,29391795.957000
2021-08-31,BCP,microempresas,12702.985000,1214.681000,282574.550000,296492.216000
2021-08-31,BCP,pequenas_empresas,461275.557000,192309.970000,5368045.142000,6021630.669000
2021-08-31,BIF,consumo,59635.208210,13509.895580,1605655.404340,1678800.508130
2021-08-31,BIF,corporativo,10096.061000,4550.000000,2921148.993000,2935795.054000
2021-08-31,BIF,grandes_empresas,69276.606000,138909.301000,3696489.836000,3904675.743000
2021-08-31,BIF,hipotecario,64907.552000,32428.438000,2247064.986000,2344400.976000
2021-08-31,BIF,medianas_empresas,199255.560000,130195.191000,1722760.155000,2052210.906000
2021-08-31,BIF,microempresas,366.803000,0.000000,1773.313000,2140.116000
2021-08-31,BIF,pequenas_empresas,5101.873000,1959.249000,12624.701000,19685.823000
2021-08-31,CITIBANK,corporativo,0.000000,0.000000,631485.867000,631485.867000
2021-08-31,CITIBANK,grandes_empresas,0.000000,0.000000,979654.032000,979654.032000
2021-08-31,CITIBANK,medianas_empresas,0.000000,0.000000,74312.372000,74312.372000
2021-08-31,CITIBANK,microempresas,0.000000,0.000000,247.239000,247.239000
2021-08-31,CITIBANK,pequenas_empresas,0.000000,0.000000,14.304000,14.304000
2021-08-31,FALABELLA,consumo,57006.326000,75417.677440,2330948.735390,2463372.738830
2021-08-31,FALABELLA,grandes_empresas,0.000000,0.000000,3.997000,3.997000
2021-08-31,FALABELLA,hipotecario,0.000000,0.000000,312.712000,312.712000
2021-08-31,GNB,consumo,16512.539010,7062.757570,1367405.806410,1390981.102990
2021-08-31,GNB,corporativo,0.000000,0.000000,329275.625000,329275.625000
2021-08-31,GNB,grandes_empresas,17285.876000,13575.648000,391489.702000,422351.226000
2021-08-31,GNB,hipotecario,46709.267000,8225.462000,724874.036000,779808.765000
2021-08-31,GNB,medianas_empresas,51376.750000,74247.717000,138857.261000,264481.728000
2021-08-31,GNB,microempresas,9.596000,0.000000,47.330000,56.926000
2021-08-31,GNB,pequenas_empresas,2359.194000,41.129000,11311.191000,13711.514000
2021-08-31,ICBC,corporativo,0.000000,0.000000,861117.436000,861117.436000
2021-08-31,ICBC,grandes_empresas,0.000000,0.000000,49923.372000,49923.372000
2021-08-31,ICBC,medianas_empresas,0.000000,0.000000,64302.000000,64302.000000
2021-08-31,INTERBANK,consumo,417471.397240,159634.506050,11023020.404100,11600126.307390
2021-08-31,INTERBANK,corporativo,89.318000,0.000000,7460702.895000,7460792.213000
2021-08-31,INTERBANK,grandes_empresas,166777.853000,4185.600000,7363979.272000,7534942.725000
2021-08-31,INTERBANK,hipotecario,300655.588000,30796.130000,8073887.475000,8405339.193000
2021-08-31,INTERBANK,medianas_empresas,317316.535000,28880.532000,5281717.506000,5627914.573000
2021-08-31,INTERBANK,microempresas,1575.221000,101.308000,42471.258000,44147.787000
2021-08-31,INTERBANK,pequenas_empresas,120037.983000,12406.588000,1395735.677000,1528180.248000
2021-08-31,MIBANCO,consumo,22516.123180,2403.724310,562352.015640,587271.863130
2021-08-31,MIBANCO,hipotecario,37595.775000,1234.582000,413616.112000,452446.469000
2021-08-31,MIBANCO,medianas_empresas,83105.674000,483.250000,443264.922000,526853.846000
2021-08-31,MIBANCO,microempresas,116135.424000,5325.025000,3301621.106000,3423081.555000
2021-08-31,MIBANCO,pequenas_empresas,835538.234000,48011.200000,7232421.606000,8115971.040000
2021-08-31,PICHINCHA,consumo,126805.158520,56575.810040,2503236.183930,2686617.152490
2021-08-31,PICHINCHA,corporativo,11217.458000,0.000000,707625.244000,718842.702000
2021-08-31,PICHINCHA,grandes_empresas,39005.854000,68315.896000,1883777.058000,1991098.808000
2021-08-31,PICHINCHA,hipotecario,54749.711000,3085.110000,1118826.854000,1176661.675000
2021-08-31,PICHINCHA,medianas_empresas,247019.536000,214512.617000,1151407.928000,1612940.081000
2021-08-31,PICHINCHA,microempresas,10792.862000,2025.520000,157125.251000,169943.633000
2021-08-31,PICHINCHA,pequenas_empresas,46730.927000,16834.270000,416187.315000,479752.512000
2021-08-31,RIPLEY,consumo,41998.621590,53256.414420,1171813.454480,1267068.490490
2021-08-31,SANTANDER,consumo,0.000000,0.000000,8274.044560,8274.044560
2021-08-31,SANTANDER,corporativo,95.460000,2577.333000,2338924.033000,2341596.826000
2021-08-31,SANTANDER,grandes_empresas,38447.785000,25963.330000,2165062.574000,2229473.689000
2021-08-31,SANTANDER,medianas_empresas,23474.300000,390.490000,717038.226000,740903.016000
2021-08-31,SANTANDER,pequenas_empresas,0.000000,0.000000,2283.210000,2283.210000
2021-08-31,SCOTIABANK,consumo,352994.226160,431325.711350,7965022.159900,8749342.097410
2021-08-31,SCOTIABANK,corporativo,235954.688000,0.000000,18777645.549000,19013600.237000
2021-08-31,SCOTIABANK,grandes_empresas,92784.149000,141986.010000,8117427.904000,8352198.063000
2021-08-31,SCOTIABANK,hipotecario,381720.763000,326911.940000,8393924.182000,9102556.885000
2021-08-31,SCOTIABANK,medianas_empresas,1049570.950000,306833.843000,8333808.230000,9690213.023000
2021-08-31,SCOTIABANK,microempresas,6931.090000,1534.364000,47140.093000,55605.547000
2021-08-31,SCOTIABANK,pequenas_empresas,319032.271000,156379.062000,1594160.774000,2069572.107000
2021-09-30,ALFIN,consumo,40788.476580,64970.055930,214475.075090,320233.607600
2021-09-30,ALFIN,medianas_empresas,0.000000,0.000000,5411.656000,5411.656000
2021-09-30,BANCOM,consumo,22757.044410,50250.434200,1304354.830160,1377362.308770
2021-09-30,BANCOM,corporativo,0.074000,0.000000,23731.280000,23731.354000
2021-09-30,BANCOM,grandes_empresas,27934.364000,16045.578000,123829.335000,167809.277000
2021-09-30,BANCOM,hipotecario,4801.152000,354.566000,80592.962000,85748.680000
2021-09-30,BANCOM,medianas_empresas,18152.474000,359.999000,115303.358000,133815.831000
2021-09-30,BANCOM,microempresas,7.794000,0.000000,301.180000,308.974000
2021-09-30,BANCOM,pequenas_empresas,246.604000,0.000000,3075.155000,3321.759000
2021-09-30,BANK_OF_CHINA,corporativo,0.000000,0.000000,42670.000000,42670.000000
2021-09-30,BBVA,consumo,224350.497770,101413.803480,6913128.493050,7238892.794300
2021-09-30,BBVA,corporativo,2661.915000,75319.510000,15230109.731000,15308091.156000
2021-09-30,BBVA,grandes_empresas,111806.905000,520432.745000,12802229.523000,13434469.173000
2021-09-30,BBVA,hipotecario,392378.705000,410830.614000,13702877.205000,14506086.524000
2021-09-30,BBVA,medianas_empresas,1679818.284000,1081050.687000,17551882.573000,20312751.544000
2021-09-30,BBVA,microempresas,2380.582000,719.989000,67344.607000,70445.178000
2021-09-30,BBVA,pequenas_empresas,203715.773000,59864.450000,2556656.460000,2820236.683000
2021-09-30,BCP,consumo,320728.200590,535514.917470,11790885.499950,12647128.618010
2021-09-30,BCP,corporativo,296289.735000,491.564000,30702959.487000,30999740.786000
2021-09-30,BCP,grandes_empresas,260392.248000,381505.989000,22810132.917000,23452031.154000
2021-09-30,BCP,hipotecario,557975.896000,139264.363000,17502189.254000,18199429.513000
2021-09-30,BCP,medianas_empresas,2296522.023000,443540.169000,26666588.914000,29406651.106000
2021-09-30,BCP,microempresas,12395.346000,1405.695000,324208.494000,338009.535000
2021-09-30,BCP,pequenas_empresas,465184.274000,192896.395000,5436332.143000,6094412.812000
2021-09-30,BIF,consumo,59039.280510,13608.941290,1614660.207160,1687308.428960
2021-09-30,BIF,corporativo,10169.283000,4550.000000,2955236.962000,2969956.245000
2021-09-30,BIF,grandes_empresas,68058.683000,139284.692000,3761526.014000,3968869.389000
2021-09-30,BIF,hipotecario,66065.205000,30891.311000,2285529.712000,2382486.228000
2021-09-30,BIF,medianas_empresas,187674.446000,126202.122000,1690158.461000,2004035.029000
2021-09-30,BIF,microempresas,257.278000,0.000000,2502.206000,2759.484000
2021-09-30,BIF,pequenas_empresas,4562.379000,1798.760000,12445.435000,18806.574000
2021-09-30,CITIBANK,corporativo,0.000000,0.000000,714147.100000,714147.100000
2021-09-30,CITIBANK,grandes_empresas,0.000000,0.000000,966700.966000,966700.966000
2021-09-30,CITIBANK,medianas_empresas,0.000000,0.000000,94263.287000,94263.287000
2021-09-30,CITIBANK,microempresas,0.000000,0.000000,416.052000,416.052000
2021-09-30,CITIBANK,pequenas_empresas,0.000000,0.000000,72.979000,72.979000
2021-09-30,FALABELLA,consumo,51046.095110,70186.357970,2342728.083480,2463960.536560
2021-09-30,FALABELLA,grandes_empresas,0.000000,0.000000,1.193000,1.193000
2021-09-30,FALABELLA,hipotecario,0.000000,0.000000,301.621000,301.621000
2021-09-30,FALABELLA,medianas_empresas,0.000000,0.000000,86.400000,86.400000
2021-09-30,GNB,consumo,16113.847860,7360.535560,1370301.893800,1393776.277220
2021-09-30,GNB,corporativo,0.000000,0.000000,371725.858000,371725.858000
2021-09-30,GNB,grandes_empresas,17889.550000,13381.271000,341495.816000,372766.637000
2021-09-30,GNB,hipotecario,43638.392000,8447.497000,713633.342000,765719.231000
2021-09-30,GNB,medianas_empresas,51531.932000,72917.894000,133555.483000,258005.309000
2021-09-30,GNB,microempresas,8.586000,0.000000,54.121000,62.707000
2021-09-30,GNB,pequenas_empresas,2424.576000,25.968000,10565.575000,13016.119000
2021-09-30,ICBC,corporativo,0.000000,0.000000,746358.112000,746358.112000
2021-09-30,ICBC,grandes_empresas,0.000000,0.000000,109716.419000,109716.419000
2021-09-30,ICBC,medianas_empresas,0.000000,0.000000,69211.000000,69211.000000
2021-09-30,INTERBANK,consumo,387668.191870,152953.878330,11230683.877880,11771305.948080
2021-09-30,INTERBANK,corporativo,89.318000,0.000000,7126769.990000,7126859.308000
2021-09-30,INTERBANK,grandes_empresas,155019.944000,1199.417000,7338071.780000,7494291.141000
2021-09-30,INTERBANK,hipotecario,293540.099000,30529.530000,8108680.526000,8432750.155000
2021-09-30,INTERBANK,medianas_empresas,403708.062000,29337.991000,5168153.749000,5601199.802000
2021-09-30,INTERBANK,microempresas,2452.380000,95.192000,42758.141000,45305.713000
2021-09-30,INTERBANK,pequenas_empresas,151988.034000,11944.996000,1355255.854000,1519188.884000
2021-09-30,MIBANCO,consumo,21063.043320,2160.611740,567447.243100,590670.898160
2021-09-30,MIBANCO,hipotecario,37028.251000,1207.751000,417437.205000,455673.207000
2021-09-30,MIBANCO,medianas_empresas,72963.864000,478.409000,446225.283000,519667.556000
2021-09-30,MIBANCO,microempresas,119398.637000,5213.277000,3336980.803000,3461592.717000
2021-09-30,MIBANCO,pequenas_empresas,823502.529000,47804.664000,7332612.556000,8203919.749000
2021-09-30,PICHINCHA,consumo,98823.072240,54244.844230,2504138.866170,2657206.782640
2021-09-30,PICHINCHA,corporativo,11217.462000,0.000000,672828.213000,684045.675000
2021-09-30,PICHINCHA,grandes_empresas,36021.618000,72241.918000,1882484.505000,1990748.041000
2021-09-30,PICHINCHA,hipotecario,53675.174000,3038.635000,1121000.960000,1177714.769000
2021-09-30,PICHINCHA,medianas_empresas,254050.721000,212643.738000,1176395.141000,1643089.600000
2021-09-30,PICHINCHA,microempresas,10665.561000,2003.924000,158652.390000,171321.875000
2021-09-30,PICHINCHA,pequenas_empresas,44545.749000,17724.375000,418316.538000,480586.662000
2021-09-30,RIPLEY,consumo,36257.473940,47945.801200,1194926.166620,1279129.441760
2021-09-30,SANTANDER,consumo,0.000000,0.000000,8236.417830,8236.417830
2021-09-30,SANTANDER,corporativo,1.571000,2577.333000,2232493.347000,2235072.251000
2021-09-30,SANTANDER,grandes_empresas,40823.303000,25123.640000,2309953.146000,2375900.089000
2021-09-30,SANTANDER,medianas_empresas,23437.768000,294.319000,657787.376000,681519.463000
2021-09-30,SANTANDER,pequenas_empresas,0.000000,0.000000,234.690000,234.690000
2021-09-30,SCOTIABANK,consumo,294502.937480,431458.183170,8057343.801000,8783304.921650
2021-09-30,SCOTIABANK,corporativo,238843.457000,0.000000,18753657.833000,18992501.290000
2021-09-30,SCOTIABANK,grandes_empresas,65635.704000,174773.717000,7954654.355000,8195063.776000
2021-09-30,SCOTIABANK,hipotecario,369777.437000,333960.935000,8516051.821000,9219790.193000
2021-09-30,SCOTIABANK,medianas_empresas,1043631.398000,367248.128000,8347115.894000,9757995.420000
2021-09-30,SCOTIABANK,microempresas,3518.173000,1762.585000,50943.260000,56224.018000
2021-09-30,SCOTIABANK,pequenas_empresas,304383.504000,161409.462000,1598898.975000,2064691.941000
2021-10-31,ALFIN,consumo,37365.081010,64536.959300,228770.710110,330672.750420
2021-10-31,ALFIN,medianas_empresas,0.000000,0.000000,5308.030000,5308.030000
2021-10-31,BANCOM,consumo,25062.152440,49306.155320,1335771.911530,1410140.219290
2021-10-31,BANCOM,corporativo,0.074000,0.000000,28042.716000,28042.790000
2021-10-31,BANCOM,grandes_empresas,46588.721000,0.000000,123026.704000,169615.425000
2021-10-31,BANCOM,hipotecario,4859.334000,354.301000,81355.513000,86569.148000
2021-10-31,BANCOM,medianas_empresas,19302.826000,359.999000,110255.145000,129917.970000
2021-10-31,BANCOM,microempresas,7.971000,0.000000,76.062000,84.033000
2021-10-31,BANCOM,pequenas_empresas,457.204000,0.000000,2798.870000,3256.074000
2021-10-31,BANK_OF_CHINA,corporativo,0.000000,0.000000,41945.000000,41945.000000
2021-10-31,BBVA,consumo,198862.944510,101864.780230,7009696.019680,7310423.744420
2021-10-31,BBVA,corporativo,2661.915000,60105.282000,15356683.875000,15419451.072000
2021-10-31,BBVA,grandes_empresas,90475.461000,464095.464000,12274755.673000,12829326.598000
2021-10-31,BBVA,hipotecario,391214.788000,410069.165000,13602854.502000,14404138.455000
2021-10-31,BBVA,medianas_empresas,1750603.841000,1124641.119000,17751740.037000,20626984.997000
2021-10-31,BBVA,microempresas,2792.624000,748.745000,78833.251000,82374.620000
2021-10-31,BBVA,pequenas_empresas,217293.209000,57157.536000,2572841.446000,2847292.191000
2021-10-31,BCP,consumo,314223.600850,521824.472540,12039935.385300,12875983.458690
2021-10-31,BCP,corporativo,284950.808000,369.806000,30328591.115000,30613911.729000
2021-10-31,BCP,grandes_empresas,263990.833000,383930.128000,22060656.440000,22708577.401000
2021-10-31,BCP,hipotecario,554591.456000,148946.182000,17503389.987000,18206927.625000
2021-10-31,BCP,medianas_empresas,2431210.636000,446602.241000,26183330.396000,29061143.273000
2021-10-31,BCP,microempresas,12885.912000,1225.140000,358750.926000,372861.978000
2021-10-31,BCP,pequenas_empresas,481536.384000,187886.249000,5475410.438000,6144833.071000
2021-10-31,BIF,consumo,43419.554200,13506.836720,1627687.906170,1684614.297090
2021-10-31,BIF,corporativo,10172.611000,4550.000000,2963200.132000,2977922.743000
2021-10-31,BIF,grandes_empresas,76255.083000,133578.034000,3648641.271000,3858474.388000
2021-10-31,BIF,hipotecario,63400.912000,31704.736000,2335050.767000,2430156.415000
2021-10-31,BIF,medianas_empresas,199218.183000,119655.610000,1598225.702000,1917099.495000
2021-10-31,BIF,microempresas,209.765000,0.000000,6970.004000,7179.769000
2021-10-31,BIF,pequenas_empresas,4242.505000,1547.758000,12696.447000,18486.710000
2021-10-31,CITIBANK,corporativo,0.000000,0.000000,656535.978000,656535.978000
2021-10-31,CITIBANK,grandes_empresas,0.000000,0.000000,925436.358000,925436.358000
2021-10-31,CITIBANK,medianas_empresas,0.000000,0.000000,110696.599000,110696.599000
2021-10-31,CITIBANK,microempresas,0.000000,0.000000,317.036000,317.036000
2021-10-31,CITIBANK,pequenas_empresas,0.000000,0.000000,82.024000,82.024000
2021-10-31,FALABELLA,consumo,48954.837180,65662.193120,2483013.576130,2597630.606430
2021-10-31,FALABELLA,grandes_empresas,0.000000,0.000000,0.140000,0.140000
2021-10-31,FALABELLA,hipotecario,0.000000,0.000000,284.627000,284.627000
2021-10-31,FALABELLA,medianas_empresas,0.000000,0.000000,87.068000,87.068000
2021-10-31,GNB,consumo,15833.544610,7366.277920,1381291.438430,1404491.260960
2021-10-31,GNB,corporativo,0.000000,0.000000,413321.531000,413321.531000
2021-10-31,GNB,grandes_empresas,17001.371000,9800.730000,329636.309000,356438.410000
2021-10-31,GNB,hipotecario,47770.365000,7976.896000,694630.606000,750377.867000
2021-10-31,GNB,medianas_empresas,50925.954000,74269.626000,126880.544000,252076.124000
2021-10-31,GNB,microempresas,39.736000,0.000000,60.599000,100.335000
2021-10-31,GNB,pequenas_empresas,2110.326000,269.448000,14325.660000,16705.434000
2021-10-31,ICBC,corporativo,0.000000,0.000000,728785.516000,728785.516000
2021-10-31,ICBC,grandes_empresas,0.000000,0.000000,103802.833000,103802.833000
2021-10-31,ICBC,medianas_empresas,0.000000,0.000000,68015.200000,68015.200000
2021-10-31,INTERBANK,consumo,370880.232660,146927.046360,11524427.572740,12042234.851760
2021-10-31,INTERBANK,corporativo,15704.216000,0.000000,7203824.128000,7219528.344000
2021-10-31,INTERBANK,grandes_empresas,181778.588000,2275.864000,7524696.545000,7708750.997000
2021-10-31,INTERBANK,hipotecario,288784.766000,30217.204000,8099034.446000,8418036.416000
2021-10-31,INTERBANK,medianas_empresas,472866.007000,28147.388000,5014509.140000,5515522.535000
2021-10-31,INTERBANK,microempresas,5502.245000,106.717000,41529.862000,47138.824000
2021-10-31,INTERBANK,pequenas_empresas,236075.250000,10948.160000,1256723.579000,1503746.989000
2021-10-31,MIBANCO,consumo,19942.224090,2507.068780,573507.073940,595956.366810
2021-10-31,MIBANCO,hipotecario,36686.786000,1249.170000,416777.918000,454713.874000
2021-10-31,MIBANCO,medianas_empresas,73382.390000,473.575000,439266.115000,513122.080000
2021-10-31,MIBANCO,microempresas,154626.927000,5587.976000,3370439.887000,3530654.790000
2021-10-31,MIBANCO,pequenas_empresas,830468.796000,53550.708000,7376680.067000,8260699.571000
2021-10-31,PICHINCHA,consumo,94820.223740,51606.712750,2537427.357630,2683854.294120
2021-10-31,PICHINCHA,corporativo,11217.450000,0.000000,668623.529000,679840.979000
2021-10-31,PICHINCHA,grandes_empresas,35764.446000,70982.287000,1891247.788000,1997994.521000
2021-10-31,PICHINCHA,hipotecario,52456.396000,2989.687000,1143226.051000,1198672.134000
2021-10-31,PICHINCHA,medianas_empresas,249991.602000,203830.058000,1171101.737000,1624923.397000
2021-10-31,PICHINCHA,microempresas,11326.082000,2202.895000,164159.422000,177688.399000
2021-10-31,PICHINCHA,pequenas_empresas,42741.830000,17925.560000,420769.713000,481437.103000
2021-10-31,RIPLEY,consumo,32804.676230,43099.927620,1256185.097600,1332089.701450
2021-10-31,SANTANDER,consumo,0.000000,0.000000,8219.009100,8219.009100
2021-10-31,SANTANDER,corporativo,1.865000,2577.333000,2322992.392000,2325571.590000
2021-10-31,SANTANDER,grandes_empresas,40434.972000,24314.868000,2180752.855000,2245502.695000
2021-10-31,SANTANDER,medianas_empresas,22538.189000,197.205000,738795.225000,761530.619000
2021-10-31,SANTANDER,pequenas_empresas,0.000000,0.000000,221.144000,221.144000
2021-10-31,SCOTIABANK,consumo,240089.576400,427531.454310,8191099.982890,8858721.013600
2021-10-31,SCOTIABANK,corporativo,230466.026000,0.000000,18552927.681000,18783393.707000
2021-10-31,SCOTIABANK,grandes_empresas,56184.715000,170200.032000,7874327.561000,8100712.308000
2021-10-31,SCOTIABANK,hipotecario,358174.411000,340422.415000,8625727.541000,9324324.367000
2021-10-31,SCOTIABANK,medianas_empresas,1044740.109000,356668.154000,7517420.140000,8918828.403000
2021-10-31,SCOTIABANK,microempresas,3530.684000,1721.008000,48971.170000,54222.862000
2021-10-31,SCOTIABANK,pequenas_empresas,307637.103000,162032.456000,1598517.910000,2068187.469000
2021-11-30,ALFIN,consumo,23514.528440,71294.226660,249460.959260,344269.714360
2021-11-30,ALFIN,medianas_empresas,0.000000,0.000000,5201.701000,5201.701000
2021-11-30,BANCOM,consumo,22628.601710,48115.042770,1360872.974690,1431616.619170
2021-11-30,BANCOM,corporativo,0.074000,0.000000,27031.550000,27031.624000
2021-11-30,BANCOM,grandes_empresas,40393.416000,0.000000,122224.488000,162617.904000
2021-11-30,BANCOM,hipotecario,4630.180000,354.210000,81521.655000,86506.045000
2021-11-30,BANCOM,medianas_empresas,19226.020000,359.999000,112068.939000,131654.958000
2021-11-30,BANCOM,microempresas,8.014000,0.000000,51.049000,59.063000
2021-11-30,BANCOM,pequenas_empresas,413.124000,0.000000,2504.422000,2917.546000
2021-11-30,BANK_OF_CHINA,corporativo,0.000000,0.000000,22000.000000,22000.000000
2021-11-30,BBVA,consumo,209974.134280,99028.657980,7274773.387900,7583776.180160
2021-11-30,BBVA,corporativo,2661.997000,59684.977000,16204434.691000,16266781.665000
2021-11-30,BBVA,grandes_empresas,143625.230000,450695.967000,12435865.585000,13030186.782000
2021-11-30,BBVA,hipotecario,391394.578000,410653.789000,13639783.336000,14441831.703000
2021-11-30,BBVA,medianas_empresas,1775578.562000,1127340.484000,17614481.045000,20517400.091000
2021-11-30,BBVA,microempresas,2851.397000,742.924000,87887.757000,91482.078000
2021-11-30,BBVA,pequenas_empresas,227705.404000,55500.951000,2586090.238000,2869296.593000
2021-11-30,BCP,consumo,309284.684480,513140.600090,12466865.174070,13289290.458640
2021-11-30,BCP,corporativo,368351.423000,0.000000,29994565.135000,30362916.558000
2021-11-30,BCP,grandes_empresas,275634.357000,403562.499000,22049190.561000,22728387.417000
2021-11-30,BCP,hipotecario,538085.123000,163375.193000,17671654.910000,18373115.226000
2021-11-30,BCP,medianas_empresas,2569687.623000,480791.996000,26167474.126000,29217953.745000
2021-11-30,BCP,microempresas,14358.223000,1175.300000,408245.876000,423779.399000
2021-11-30,BCP,pequenas_empresas,529311.803000,183495.764000,5511121.674000,6223929.241000
2021-11-30,BIF,consumo,41139.733290,13566.443990,1657382.948360,1712089.125640
2021-11-30,BIF,corporativo,3720.882000,4550.000000,2984052.248000,2992323.130000
2021-11-30,BIF,grandes_empresas,107515.094000,98705.659000,3876206.145000,4082426.898000
2021-11-30,BIF,hipotecario,63445.171000,31213.602000,2386701.883000,2481360.656000
2021-11-30,BIF,medianas_empresas,191933.544000,119312.701000,1604368.600000,1915614.845000
2021-11-30,BIF,microempresas,220.412000,0.000000,2913.011000,3133.423000
2021-11-30,BIF,pequenas_empresas,4121.053000,1278.838000,12717.183000,18117.074000
2021-11-30,CITIBANK,corporativo,0.000000,0.000000,610037.708000,610037.708000
2021-11-30,CITIBANK,grandes_empresas,0.000000,0.000000,924748.285000,924748.285000
2021-11-30,CITIBANK,medianas_empresas,0.000000,0.000000,127798.293000,127798.293000
2021-11-30,CITIBANK,microempresas,0.000000,0.000000,351.760000,351.760000
2021-11-30,CITIBANK,pequenas_empresas,0.000000,0.000000,71.104000,71.104000
2021-11-30,FALABELLA,consumo,47371.174120,60894.622040,2604017.083080,2712282.879240
2021-11-30,FALABELLA,grandes_empresas,0.000000,0.000000,11.581000,11.581000
2021-11-30,FALABELLA,hipotecario,0.000000,0.000000,281.762000,281.762000
2021-11-30,FALABELLA,medianas_empresas,0.000000,0.000000,85.920000,85.920000
2021-11-30,GNB,consumo,19129.973380,4147.149180,1398400.264590,1421677.387150
2021-11-30,GNB,corporativo,0.000000,0.000000,422714.499000,422714.499000
2021-11-30,GNB,grandes_empresas,17472.869000,9669.856000,326982.106000,354124.831000
2021-11-30,GNB,hipotecario,48829.135000,8160.305000,685876.388000,742865.828000
2021-11-30,GNB,medianas_empresas,55339.345000,72385.752000,137609.577000,265334.674000
2021-11-30,GNB,microempresas,39.186000,0.000000,78.744000,117.930000
2021-11-30,GNB,pequenas_empresas,1959.979000,262.598000,2130.032000,4352.609000
2021-11-30,ICBC,corporativo,0.000000,0.000000,775429.876000,775429.876000
2021-11-30,ICBC,grandes_empresas,0.000000,0.000000,88886.508000,88886.508000
2021-11-30,ICBC,medianas_empresas,0.000000,0.000000,68241.600000,68241.600000
2021-11-30,INTERBANK,consumo,360142.661260,140855.097120,11863357.648600,12364355.406980
2021-11-30,INTERBANK,corporativo,15746.071000,0.000000,7213774.863000,7229520.934000
2021-11-30,INTERBANK,grandes_empresas,164138.265000,5217.205000,7284097.116000,7453452.586000
2021-11-30,INTERBANK,hipotecario,284501.966000,30382.506000,8196133.821000,8511018.293000
2021-11-30,INTERBANK,medianas_empresas,476958.086000,46555.516000,4953715.717000,5477229.319000
2021-11-30,INTERBANK,microempresas,5610.039000,93.918000,40350.615000,46054.572000
2021-11-30,INTERBANK,pequenas_empresas,265724.277000,10057.692000,1192396.488000,1468178.457000
2021-11-30,MIBANCO,consumo,13554.483520,2567.404760,577973.003070,594094.891350
2021-11-30,MIBANCO,hipotecario,35170.533000,1208.004000,422265.453000,458643.990000
2021-11-30,MIBANCO,medianas_empresas,66282.762000,447.897000,434769.204000,501499.863000
2021-11-30,MIBANCO,microempresas,146024.435000,5674.051000,3445639.560000,3597338.046000
2021-11-30,MIBANCO,pequenas_empresas,640467.406000,57209.318000,7504747.413000,8202424.137000
2021-11-30,PICHINCHA,consumo,95989.606060,48915.962950,2633705.217020,2778610.786030
2021-11-30,PICHINCHA,corporativo,11217.456000,0.000000,812698.808000,823916.264000
2021-11-30,PICHINCHA,grandes_empresas,49675.944000,64968.746000,1795024.193000,1909668.883000
2021-11-30,PICHINCHA,hipotecario,52438.490000,3050.398000,1160114.934000,1215603.822000
2021-11-30,PICHINCHA,medianas_empresas,254927.105000,203091.336000,1112970.201000,1570988.642000
2021-11-30,PICHINCHA,microempresas,11152.921000,1949.513000,162945.511000,176047.945000
2021-11-30,PICHINCHA,pequenas_empresas,44892.556000,18655.225000,436463.119000,500010.900000
2021-11-30,RIPLEY,consumo,29694.415220,38966.430880,1295685.768940,1364346.615040
2021-11-30,SANTANDER,consumo,0.000000,0.000000,7947.254910,7947.254910
2021-11-30,SANTANDER,corporativo,2.208000,2577.333000,2377331.161000,2379910.702000
2021-11-30,SANTANDER,grandes_empresas,40383.966000,24455.599000,2290038.550000,2354878.115000
2021-11-30,SANTANDER,medianas_empresas,23032.605000,808.722000,720060.992000,743902.319000
2021-11-30,SANTANDER,pequenas_empresas,0.000000,0.000000,138.896000,138.896000
2021-11-30,SCOTIABANK,consumo,233408.285000,425853.740110,8399764.058320,9059026.083430
2021-11-30,SCOTIABANK,corporativo,234683.629000,22282.426000,19022771.937000,19279737.992000
2021-11-30,SCOTIABANK,grandes_empresas,50875.428000,169424.659000,7893519.359000,8113819.446000
2021-11-30,SCOTIABANK,hipotecario,344156.153000,350813.383000,8801966.697000,9496936.233000
2021-11-30,SCOTIABANK,medianas_empresas,1045415.423000,411644.415000,7512822.720000,8969882.558000
2021-11-30,SCOTIABANK,microempresas,3794.650000,1665.953000,56683.281000,62143.884000
2021-11-30,SCOTIABANK,pequenas_empresas,304963.757000,169280.895000,1610905.336000,2085149.988000
2021-12-31,ALFIN,consumo,18930.982700,70689.882920,282700.964450,372321.830070
2021-12-31,ALFIN,medianas_empresas,0.000000,0.000000,5096.016000,5096.016000
2021-12-31,BANCOM,consumo,14081.412200,47669.367990,1367253.936380,1429004.716570
2021-12-31,BANCOM,corporativo,0.074000,0.000000,16997.647000,16997.721000
2021-12-31,BANCOM,grandes_empresas,31605.582000,0.000000,99948.264000,131553.846000
2021-12-31,BANCOM,hipotecario,4147.704000,354.110000,83259.262000,87761.076000
2021-12-31,BANCOM,medianas_empresas,17522.440000,1790.913000,118689.472000,138002.825000
2021-12-31,BANCOM,microempresas,8.088000,0.000000,108.167000,116.255000
2021-12-31,BANCOM,pequenas_empresas,425.328000,0.000000,2778.083000,3203.411000
2021-12-31,BANK_OF_CHINA,corporativo,0.000000,0.000000,20000.000000,20000.000000
2021-12-31,BBVA,consumo,189413.642650,93319.759420,7431548.338300,7714281.740370
2021-12-31,BBVA,corporativo,2661.991000,59519.718000,16371960.734000,16434142.443000
2021-12-31,BBVA,grandes_empresas,157167.673000,446518.177000,12259251.893000,12862937.743000
2021-12-31,BBVA,hipotecario,381992.421000,401494.205000,13600489.823000,14383976.449000
2021-12-31,BBVA,medianas_empresas,1793927.171000,1103704.221000,17212759.779000,20110391.171000
2021-12-31,BBVA,microempresas,2853.302000,726.581000,76819.231000,80399.114000
2021-12-31,BBVA,pequenas_empresas,227234.688000,53472.337000,2578838.682000,2859545.707000
2021-12-31,BCP,consumo,317781.185050,499885.133790,12719706.035420,13537372.354260
2021-12-31,BCP,corporativo,291086.445000,124.224000,32174327.097000,32465537.766000
2021-12-31,BCP,grandes_empresas,248439.039000,398325.527000,21849842.114000,22496606.680000
2021-12-31,BCP,hipotecario,522222.856000,166479.298000,17817643.293000,18506345.447000
2021-12-31,BCP,medianas_empresas,2627684.178000,441224.405000,25640901.295000,28709809.878000
2021-12-31,BCP,microempresas,16633.122000,1710.587000,411378.138000,429721.847000
2021-12-31,BCP,pequenas_empresas,538163.300000,174818.421000,5536832.867000,6249814.588000
2021-12-31,BIF,consumo,38157.902880,12927.069770,1651828.151680,1702913.124330
2021-12-31,BIF,corporativo,2528.043000,3271.705000,2986475.484000,2992275.232000
2021-12-31,BIF,grandes_empresas,110220.185000,96235.301000,3793352.886000,3999808.372000
2021-12-31,BIF,hipotecario,60354.248000,34432.612000,2431459.629000,2526246.489000
2021-12-31,BIF,medianas_empresas,169108.882000,121325.788000,1567045.657000,1857480.327000
2021-12-31,BIF,microempresas,193.360000,0.000000,2487.609000,2680.969000
2021-12-31,BIF,pequenas_empresas,4007.722000,1323.687000,12026.569000,17357.978000
2021-12-31,CITIBANK,corporativo,0.000000,0.000000,754036.250000,754036.250000
2021-12-31,CITIBANK,grandes_empresas,0.000000,0.000000,936860.702000,936860.702000
2021-12-31,CITIBANK,medianas_empresas,0.000000,0.000000,118811.208000,118811.208000
2021-12-31,CITIBANK,microempresas,0.000000,0.000000,191.791000,191.791000
2021-12-31,CITIBANK,pequenas_empresas,0.000000,0.000000,79.953000,79.953000
2021-12-31,FALABELLA,consumo,49491.698320,56644.957700,2745660.752760,2851797.408780
2021-12-31,FALABELLA,grandes_empresas,0.000000,0.000000,0.424000,0.424000
2021-12-31,FALABELLA,hipotecario,0.000000,0.000000,268.056000,268.056000
2021-12-31,FALABELLA,medianas_empresas,0.000000,0.000000,83.842000,83.842000
2021-12-31,GNB,consumo,19757.068990,4379.728870,1409367.031300,1433503.829160
2021-12-31,GNB,corporativo,0.000000,0.000000,437832.638000,437832.638000
2021-12-31,GNB,grandes_empresas,17801.406000,8511.097000,388582.741000,414895.244000
2021-12-31,GNB,hipotecario,46985.383000,9810.888000,672662.700000,729458.971000
2021-12-31,GNB,medianas_empresas,49776.723000,70824.825000,74574.223000,195175.771000
2021-12-31,GNB,microempresas,3.367000,0.000000,69.673000,73.040000
2021-12-31,GNB,pequenas_empresas,918.352000,255.563000,1601.163000,2775.078000
2021-12-31,ICBC,corporativo,0.000000,0.000000,716739.430000,716739.430000
2021-12-31,ICBC,grandes_empresas,0.000000,0.000000,94807.544000,94807.544000
2021-12-31,ICBC,medianas_empresas,0.000000,0.000000,67779.000000,67779.000000
2021-12-31,INTERBANK,consumo,365928.203450,134881.372420,12045387.301160,12546196.877030
2021-12-31,INTERBANK,corporativo,0.000000,0.000000,7586030.789000,7586030.789000
2021-12-31,INTERBANK,grandes_empresas,182328.572000,1015.182000,7380580.736000,7563924.490000
2021-12-31,INTERBANK,hipotecario,281453.056000,29402.169000,8261944.453000,8572799.678000
2021-12-31,INTERBANK,medianas_empresas,452674.677000,61472.448000,4765806.036000,5279953.161000
2021-12-31,INTERBANK,microempresas,6082.961000,99.619000,41900.319000,48082.899000
2021-12-31,INTERBANK,pequenas_empresas,268180.246000,9648.799000,1167026.024000,1444855.069000
2021-12-31,MIBANCO,consumo,13766.569390,2646.074750,581739.907790,598152.551930
2021-12-31,MIBANCO,hipotecario,33582.080000,1194.391000,424616.019000,459392.490000
2021-12-31,MIBANCO,medianas_empresas,68030.302000,734.101000,423373.755000,492138.158000
2021-12-31,MIBANCO,microempresas,155369.215000,5844.104000,3464417.146000,3625630.465000
2021-12-31,MIBANCO,pequenas_empresas,640915.386000,57961.152000,7557638.090000,8256514.628000
2021-12-31,PICHINCHA,consumo,92754.062890,45757.984040,2700767.575000,2839279.621930
2021-12-31,PICHINCHA,corporativo,11234.354000,0.000000,846624.069000,857858.423000
2021-12-31,PICHINCHA,grandes_empresas,48668.442000,69000.663000,1777516.126000,1895185.231000
2021-12-31,PICHINCHA,hipotecario,49985.135000,3010.073000,1176266.009000,1229261.217000
2021-12-31,PICHINCHA,medianas_empresas,234908.868000,155072.076000,1056103.884000,1446084.828000
2021-12-31,PICHINCHA,microempresas,9162.006000,1856.579000,158208.214000,169226.799000
2021-12-31,PICHINCHA,pequenas_empresas,35295.137000,17729.296000,437888.864000,490913.297000
2021-12-31,RIPLEY,consumo,27238.552220,35051.745250,1388191.196160,1450481.493630
2021-12-31,SANTANDER,consumo,0.000000,0.000000,4757.577540,4757.577540
2021-12-31,SANTANDER,corporativo,2.551000,2577.333000,2269785.013000,2272364.897000
2021-12-31,SANTANDER,grandes_empresas,37139.607000,21999.491000,2336645.773000,2395784.871000
2021-12-31,SANTANDER,medianas_empresas,21825.718000,1106.115000,900125.533000,923057.366000
2021-12-31,SANTANDER,pequenas_empresas,0.000000,0.000000,132.200000,132.200000
2021-12-31,SCOTIABANK,consumo,231392.166190,423628.242990,8456949.933770,9111970.342950
2021-12-31,SCOTIABANK,corporativo,230350.475000,22282.426000,18483170.721000,18735803.622000
2021-12-31,SCOTIABANK,grandes_empresas,38433.918000,165364.237000,7920245.265000,8124043.420000
2021-12-31,SCOTIABANK,hipotecario,338573.249000,344388.423000,8907452.297000,9590413.969000
2021-12-31,SCOTIABANK,medianas_empresas,1036549.277000,411642.001000,7531658.721000,8979849.999000
2021-12-31,SCOTIABANK,microempresas,3832.134000,1618.122000,52798.272000,58248.528000
2021-12-31,SCOTIABANK,pequenas_empresas,305036.114000,171440.781000,1604834.866000,2081311.761000
2022-01-31,ALFIN,consumo,13569.966050,69239.467870,319320.752010,402130.185930
2022-01-31,ALFIN,medianas_empresas,0.000000,0.000000,4989.295000,4989.295000
2022-01-31,BANCOM,consumo,16865.999090,46616.021020,1372438.328290,1435920.348400
2022-01-31,BANCOM,corporativo,0.074000,0.000000,14561.273000,14561.347000
2022-01-31,BANCOM,grandes_empresas,30689.156000,0.000000,85659.757000,116348.913000
2022-01-31,BANCOM,hipotecario,3992.300000,354.008000,83058.922000,87405.230000
2022-01-31,BANCOM,medianas_empresas,20994.522000,1430.914000,111550.029000,133975.465000
2022-01-31,BANCOM,microempresas,8.000000,0.000000,0.000000,8.000000
2022-01-31,BANCOM,pequenas_empresas,420.556000,0.000000,2846.998000,3267.554000
2022-01-31,BANK_OF_CHINA,corporativo,0.000000,0.000000,39215.000000,39215.000000
2022-01-31,BBVA,consumo,191082.640180,92113.545930,7511600.747450,7794796.933560
2022-01-31,BBVA,corporativo,54337.309000,7674.626000,15859912.914000,15921924.849000
2022-01-31,BBVA,grandes_empresas,207212.491000,427287.567000,11992218.468000,12626718.526000
2022-01-31,BBVA,hipotecario,389897.342000,383213.534000,13570336.737000,14343447.613000
2022-01-31,BBVA,medianas_empresas,1815250.888000,1040554.052000,16758477.903000,19614282.843000
2022-01-31,BBVA,microempresas,3248.012000,718.439000,74348.552000,78315.003000
2022-01-31,BBVA,pequenas_empresas,226521.055000,51312.523000,2537569.180000,2815402.758000
2022-01-31,BCP,consumo,334069.170720,485947.404380,12908941.226390,13728957.801490
2022-01-31,BCP,corporativo,280746.836000,0.000000,30735002.355000,31015749.191000
2022-01-31,BCP,grandes_empresas,273362.077000,410038.832000,21299674.108000,21983075.017000
2022-01-31,BCP,hipotecario,515730.908000,172650.666000,17928505.113000,18616886.687000
2022-01-31,BCP,medianas_empresas,2704531.823000,438319.988000,24886537.641000,28029389.452000
2022-01-31,BCP,microempresas,19479.531000,1738.915000,436871.532000,458089.978000
2022-01-31,BCP,pequenas_empresas,550333.626000,171361.263000,5504770.477000,6226465.366000
2022-01-31,BIF,consumo,37342.922250,12451.666580,1667558.613320,1717353.202150
2022-01-31,BIF,corporativo,2531.465000,3271.705000,3076662.771000,3082465.941000
2022-01-31,BIF,grandes_empresas,130843.693000,87876.799000,3678875.061000,3897595.553000
2022-01-31,BIF,hipotecario,62140.042000,34268.250000,2464759.665000,2561167.957000
2022-01-31,BIF,medianas_empresas,191270.912000,95004.630000,1551710.223000,1837985.765000
2022-01-31,BIF,microempresas,163.580000,0.000000,1002.623000,1166.203000
2022-01-31,BIF,pequenas_empresas,4078.939000,1073.927000,13416.745000,18569.611000
2022-01-31,CITIBANK,corporativo,0.000000,0.000000,600742.960000,600742.960000
2022-01-31,CITIBANK,grandes_empresas,0.000000,0.000000,973206.811000,973206.811000
2022-01-31,CITIBANK,medianas_empresas,0.000000,0.000000,150075.793000,150075.793000
2022-01-31,CITIBANK,microempresas,0.000000,0.000000,183.624000,183.624000
2022-01-31,CITIBANK,pequenas_empresas,0.000000,0.000000,74.785000,74.785000
2022-01-31,FALABELLA,consumo,52919.813100,53002.569010,2803114.309390,2909036.691500
2022-01-31,FALABELLA,grandes_empresas,0.000000,0.000000,0.046000,0.046000
2022-01-31,FALABELLA,hipotecario,0.000000,0.000000,250.432000,250.432000
2022-01-31,FALABELLA,medianas_empresas,0.000000,0.000000,82.448000,82.448000
2022-01-31,GNB,consumo,19210.703930,4282.660990,1420104.994410,1443598.359330
2022-01-31,GNB,corporativo,0.000000,0.000000,435986.648000,435986.648000
2022-01-31,GNB,grandes_empresas,8406.083000,8609.679000,384954.258000,401970.020000
2022-01-31,GNB,hipotecario,49318.497000,9993.049000,658353.125000,717664.671000
2022-01-31,GNB,medianas_empresas,56437.969000,70778.483000,69704.031000,196920.483000
2022-01-31,GNB,microempresas,1.934000,0.000000,95.247000,97.181000
2022-01-31,GNB,pequenas_empresas,826.730000,248.601000,1511.412000,2586.743000
2022-01-31,ICBC,corporativo,0.000000,0.000000,764452.945000,764452.945000
2022-01-31,ICBC,grandes_empresas,0.000000,0.000000,90738.850000,90738.850000
2022-01-31,ICBC,medianas_empresas,0.000000,0.000000,65331.000000,65331.000000
2022-01-31,INTERBANK,consumo,368668.288210,128153.930150,12200104.685050,12696926.903410
2022-01-31,INTERBANK,corporativo,0.000000,0.000000,7404936.878000,7404936.878000
2022-01-31,INTERBANK,grandes_empresas,190882.338000,1646.320000,7064469.370000,7256998.028000
2022-01-31,INTERBANK,hipotecario,270921.282000,29019.709000,8260273.581000,8560214.572000
2022-01-31,INTERBANK,medianas_empresas,452881.656000,57909.949000,4663430.823000,5174222.428000
2022-01-31,INTERBANK,microempresas,5717.347000,75.513000,170849.371000,176642.231000
2022-01-31,INTERBANK,pequenas_empresas,253894.448000,9974.614000,1165555.040000,1429424.102000
2022-01-31,MIBANCO,consumo,14024.675930,2684.497940,582771.052270,599480.226140
2022-01-31,MIBANCO,hipotecario,33846.806000,1203.310000,424751.015000,459801.131000
2022-01-31,MIBANCO,medianas_empresas,69337.175000,731.991000,410731.249000,480800.415000
2022-01-31,MIBANCO,microempresas,165920.793000,6036.246000,3422417.268000,3594374.307000
2022-01-31,MIBANCO,pequenas_empresas,650952.671000,57699.554000,7650838.754000,8359490.979000
2022-01-31,PICHINCHA,consumo,82749.253500,42137.226950,2731284.526880,2856171.007330
2022-01-31,PICHINCHA,corporativo,11217.439000,0.000000,669273.129000,680490.568000
2022-01-31,PICHINCHA,grandes_empresas,57035.581000,63657.194000,1684935.049000,1805627.824000
2022-01-31,PICHINCHA,hipotecario,49889.522000,2962.887000,1181589.486000,1234441.895000
2022-01-31,PICHINCHA,medianas_empresas,231731.732000,153905.984000,1004925.713000,1390563.429000
2022-01-31,PICHINCHA,microempresas,9722.417000,1684.089000,149292.691000,160699.197000
2022-01-31,PICHINCHA,pequenas_empresas,38893.281000,14743.231000,429827.690000,483464.202000
2022-01-31,RIPLEY,consumo,27969.539320,31936.104940,1401573.713270,1461479.357530
2022-01-31,SANTANDER,consumo,0.000000,0.000000,4736.707550,4736.707550
2022-01-31,SANTANDER,corporativo,1.443000,2577.333000,2289300.478000,2291879.254000
2022-01-31,SANTANDER,grandes_empresas,35912.949000,21316.710000,2317711.351000,2374941.010000
2022-01-31,SANTANDER,medianas_empresas,22567.609000,868.260000,888973.906000,912409.775000
2022-01-31,SANTANDER,pequenas_empresas,0.000000,0.000000,123.417000,123.417000
2022-01-31,SCOTIABANK,consumo,186378.198730,420597.456620,8516832.369820,9123808.025170
2022-01-31,SCOTIABANK,corporativo,222030.819000,22282.426000,18701798.221000,18946111.466000
2022-01-31,SCOTIABANK,grandes_empresas,50125.342000,162440.810000,7894043.645000,8106609.797000
2022-01-31,SCOTIABANK,hipotecario,328979.458000,347417.558000,8973371.041000,9649768.057000
2022-01-31,SCOTIABANK,medianas_empresas,1021349.756000,399818.515000,7501970.606000,8923138.877000
2022-01-31,SCOTIABANK,microempresas,3573.540000,1803.829000,48374.909000,53752.278000
2022-01-31,SCOTIABANK,pequenas_empresas,297695.971000,171534.324000,1579690.858000,2048921.153000
2022-02-28,ALFIN,consumo,23353.432160,27161.515890,343155.445070,393670.393120
2022-02-28,ALFIN,medianas_empresas,0.000000,0.000000,4876.772000,4876.772000
2022-02-28,BANCOM,consumo,14080.659520,46663.058390,1379853.540980,1440597.258890
2022-02-28,BANCOM,corporativo,0.074000,0.000000,12962.583000,12962.657000
2022-02-28,BANCOM,grandes_empresas,32194.996000,0.000000,78642.204000,110837.200000
2022-02-28,BANCOM,hipotecario,3656.101000,353.878000,83021.763000,87031.742000
2022-02-28,BANCOM,medianas_empresas,23477.657000,1356.914000,108479.735000,133314.306000
2022-02-28,BANCOM,microempresas,6.734000,0.000000,0.397000,7.131000
2022-02-28,BANCOM,pequenas_empresas,86.432000,0.000000,2543.669000,2630.101000
2022-02-28,BANK_OF_CHINA,corporativo,0.000000,0.000000,58780.000000,58780.000000
2022-02-28,BBVA,consumo,204786.719430,89855.434810,7656953.120480,7951595.274720
2022-02-28,BBVA,corporativo,62767.135000,0.000000,15625801.874000,15688569.009000
2022-02-28,BBVA,grandes_empresas,223431.760000,424552.184000,11821872.212000,12469856.156000
2022-02-28,BBVA,hipotecario,383445.774000,380562.868000,13590966.128000,14354974.770000
2022-02-28,BBVA,medianas_empresas,1803923.125000,1002327.283000,16528839.708000,19335090.116000
2022-02-28,BBVA,microempresas,2825.164000,701.015000,69165.069000,72691.248000
2022-02-28,BBVA,pequenas_empresas,225847.876000,50440.510000,2577043.940000,2853332.326000
2022-02-28,BCP,consumo,333746.136960,490167.942120,13338964.503410,14162878.582490
2022-02-28,BCP,corporativo,279813.420000,0.000000,29849370.967000,30129184.387000
2022-02-28,BCP,grandes_empresas,277472.201000,414590.719000,20515293.139000,21207356.059000
2022-02-28,BCP,hipotecario,510472.388000,174020.706000,18068261.334000,18752754.428000
2022-02-28,BCP,medianas_empresas,2658806.608000,425873.216000,24550333.692000,27635013.516000
2022-02-28,BCP,microempresas,19964.249000,2268.351000,452730.547000,474963.147000
2022-02-28,BCP,pequenas_empresas,550115.083000,171551.127000,5559488.344000,6281154.554000
2022-02-28,BIF,consumo,37276.259930,12492.122350,1694349.928460,1744118.310740
2022-02-28,BIF,corporativo,2699.650000,3271.705000,2997742.234000,3003713.589000
2022-02-28,BIF,grandes_empresas,140734.343000,71451.885000,3663364.159000,3875550.387000
2022-02-28,BIF,hipotecario,62261.377000,35661.058000,2503335.420000,2601257.855000
2022-02-28,BIF,medianas_empresas,211427.138000,87379.692000,1539355.536000,1838162.366000
2022-02-28,BIF,microempresas,144.606000,5.231000,4997.671000,5147.508000
2022-02-28,BIF,pequenas_empresas,3857.963000,1001.741000,14850.060000,19709.764000
2022-02-28,CITIBANK,corporativo,0.000000,0.000000,569966.028000,569966.028000
2022-02-28,CITIBANK,grandes_empresas,0.000000,0.000000,1077103.978000,1077103.978000
2022-02-28,CITIBANK,medianas_empresas,0.000000,0.000000,273699.758000,273699.758000
2022-02-28,CITIBANK,microempresas,0.000000,0.000000,246.529000,246.529000
2022-02-28,CITIBANK,pequenas_empresas,0.000000,0.000000,92.682000,92.682000
2022-02-28,FALABELLA,consumo,56435.167790,49814.344280,2905945.976260,3012195.488330
2022-02-28,FALABELLA,hipotecario,0.000000,0.000000,237.106000,237.106000
2022-02-28,FALABELLA,medianas_empresas,0.000000,0.000000,81.038000,81.038000
2022-02-28,GNB,consumo,20716.694680,4220.838500,1461669.687080,1486607.220260
2022-02-28,GNB,corporativo,0.000000,0.000000,412230.805000,412230.805000
2022-02-28,GNB,grandes_empresas,10051.578000,6370.304000,390582.872000,407004.754000
2022-02-28,GNB,hipotecario,48552.755000,10324.802000,652075.929000,710953.486000
2022-02-28,GNB,medianas_empresas,55116.685000,70133.846000,62665.981000,187916.512000
2022-02-28,GNB,microempresas,0.936000,0.000000,92.586000,93.522000
2022-02-28,GNB,pequenas_empresas,810.002000,237.855000,1158.909000,2206.766000
2022-02-28,ICBC,corporativo,0.000000,0.000000,709336.586000,709336.586000
2022-02-28,ICBC,grandes_empresas,0.000000,0.000000,90486.394000,90486.394000
2022-02-28,ICBC,medianas_empresas,0.000000,0.000000,63852.000000,63852.000000
2022-02-28,INTERBANK,consumo,368816.227210,123043.372210,12411619.446530,12903479.045950
2022-02-28,INTERBANK,corporativo,14.557000,0.000000,7713369.503000,7713384.060000
2022-02-28,INTERBANK,grandes_empresas,176433.354000,3399.703000,6920062.490000,7099895.547000
2022-02-28,INTERBANK,hipotecario,260945.407000,32362.443000,8320831.724000,8614139.574000
2022-02-28,INTERBANK,medianas_empresas,388590.341000,58421.488000,4434001.654000,4881013.483000
2022-02-28,INTERBANK,microempresas,4927.500000,48.181000,174124.039000,179099.720000
2022-02-28,INTERBANK,pequenas_empresas,218115.512000,9793.167000,1194918.084000,1422826.763000
2022-02-28,MIBANCO,consumo,13054.785210,2721.501550,588950.650600,604726.937360
2022-02-28,MIBANCO,hipotecario,33597.300000,1340.819000,426680.009000,461618.128000
2022-02-28,MIBANCO,medianas_empresas,66540.145000,894.047000,408749.448000,476183.640000
2022-02-28,MIBANCO,microempresas,172151.114000,6166.007000,3440618.273000,3618935.394000
2022-02-28,MIBANCO,pequenas_empresas,633323.694000,57398.219000,7831071.453000,8521793.366000
2022-02-28,PICHINCHA,consumo,86594.325540,38436.287860,2793257.580670,2918288.194070
2022-02-28,PICHINCHA,corporativo,11217.432000,0.000000,706262.052000,717479.484000
2022-02-28,PICHINCHA,grandes_empresas,54427.748000,66791.994000,1702625.783000,1823845.525000
2022-02-28,PICHINCHA,hipotecario,48704.195000,2923.711000,1190991.798000,1242619.704000
2022-02-28,PICHINCHA,medianas_empresas,237654.917000,141301.491000,963032.303000,1341988.711000
2022-02-28,PICHINCHA,microempresas,9653.404000,1564.296000,145202.694000,156420.394000
2022-02-28,PICHINCHA,pequenas_empresas,37997.668000,13888.389000,436690.690000,488576.747000
2022-02-28,RIPLEY,consumo,29753.104650,29031.768550,1433448.147250,1492233.020450
2022-02-28,SANTANDER,consumo,0.000000,0.000000,3907.165270,3907.165270
2022-02-28,SANTANDER,corporativo,2578.777000,0.000000,2188598.076000,2191176.853000
2022-02-28,SANTANDER,grandes_empresas,35526.199000,20695.886000,2337249.760000,2393471.845000
2022-02-28,SANTANDER,medianas_empresas,16543.667000,2103.083000,832565.622000,851212.372000
2022-02-28,SCOTIABANK,consumo,195671.359880,416140.384820,8667666.151370,9279477.896070
2022-02-28,SCOTIABANK,corporativo,217060.411000,22282.426000,19598835.876000,19838178.713000
2022-02-28,SCOTIABANK,grandes_empresas,43122.586000,210151.920000,7793031.090000,8046305.596000
2022-02-28,SCOTIABANK,hipotecario,321314.202000,351888.253000,9117219.426000,9790421.881000
2022-02-28,SCOTIABANK,medianas_empresas,988835.943000,396820.679000,7464868.144000,8850524.766000
2022-02-28,SCOTIABANK,microempresas,3492.708000,1776.644000,49268.374000,54537.726000
2022-02-28,SCOTIABANK,pequenas_empresas,283323.147000,171123.402000,1589275.582000,2043722.131000
2022-03-31,ALFIN,consumo,21496.120650,18915.572910,371688.023180,412099.716740
2022-03-31,ALFIN,medianas_empresas,0.000000,0.000000,4767.900000,4767.900000
2022-03-31,BANCOM,consumo,13574.984650,46835.993560,1400876.959820,1461287.938030
2022-03-31,BANCOM,corporativo,0.074000,0.000000,14662.115000,14662.189000
2022-03-31,BANCOM,grandes_empresas,26103.404000,0.000000,93430.259000,119533.663000
2022-03-31,BANCOM,hipotecario,4025.431000,353.756000,82718.245000,87097.432000
2022-03-31,BANCOM,medianas_empresas,21251.462000,1282.914000,108879.446000,131413.822000
2022-03-31,BANCOM,microempresas,7.079000,0.000000,0.000000,7.079000
2022-03-31,BANCOM,pequenas_empresas,86.501000,0.000000,2868.522000,2955.023000
2022-03-31,BANK_OF_CHINA,corporativo,0.000000,0.000000,58490.000000,58490.000000
2022-03-31,BBVA,consumo,206694.730970,88449.762190,7927194.166360,8222338.659520
2022-03-31,BBVA,corporativo,64109.419000,19242.000000,16039355.580000,16122706.999000
2022-03-31,BBVA,grandes_empresas,222188.869000,415157.061000,12112874.707000,12750220.637000
2022-03-31,BBVA,hipotecario,388001.043000,373637.823000,13641932.011000,14403570.877000
2022-03-31,BBVA,medianas_empresas,1798830.172000,980875.484000,16279467.129000,19059172.785000
2022-03-31,BBVA,microempresas,2880.182000,442.513000,87678.774000,91001.469000
2022-03-31,BBVA,pequenas_empresas,225498.530000,48667.415000,2637293.123000,2911459.068000
2022-03-31,BCP,consumo,345071.820000,488786.452090,14540188.880770,15374047.152860
2022-03-31,BCP,corporativo,272945.984000,0.000000,31232975.950000,31505921.934000
2022-03-31,BCP,grandes_empresas,354321.470000,355580.237000,20242730.642000,20952632.349000
2022-03-31,BCP,hipotecario,517121.207000,172118.973000,18248879.579000,18938119.759000
2022-03-31,BCP,medianas_empresas,2626881.896000,417556.567000,23517365.996000,26561804.459000
2022-03-31,BCP,microempresas,20369.358000,2030.896000,394582.611000,416982.865000
2022-03-31,BCP,pequenas_empresas,571923.781000,164959.220000,5588032.403000,6324915.404000
2022-03-31,BIF,consumo,36949.836000,12903.220960,1726330.445090,1776183.502050
2022-03-31,BIF,corporativo,5514.727000,0.000000,2976837.759000,2982352.486000
2022-03-31,BIF,grandes_empresas,143511.721000,64892.254000,3725398.377000,3933802.352000
2022-03-31,BIF,hipotecario,62702.564000,36036.726000,2563945.845000,2662685.135000
2022-03-31,BIF,medianas_empresas,201368.691000,84388.673000,1532458.277000,1818215.641000
2022-03-31,BIF,microempresas,670.968000,5.231000,62073.525000,62749.724000
2022-03-31,BIF,pequenas_empresas,3789.483000,858.641000,14318.081000,18966.205000
2022-03-31,CITIBANK,corporativo,0.000000,0.000000,735458.010000,735458.010000
2022-03-31,CITIBANK,grandes_empresas,0.000000,0.000000,1116738.471000,1116738.471000
2022-03-31,CITIBANK,medianas_empresas,0.000000,0.000000,301358.142000,301358.142000
2022-03-31,CITIBANK,microempresas,0.000000,0.000000,536.875000,536.875000
2022-03-31,CITIBANK,pequenas_empresas,0.000000,0.000000,129.337000,129.337000
2022-03-31,FALABELLA,consumo,63489.518210,46972.156150,3162758.481100,3273220.155460
2022-03-31,FALABELLA,grandes_empresas,0.000000,0.000000,2.525000,2.525000
2022-03-31,FALABELLA,hipotecario,0.000000,0.000000,220.562000,220.562000
2022-03-31,FALABELLA,medianas_empresas,0.000000,0.000000,79.642000,79.642000
2022-03-31,GNB,consumo,17016.137750,4307.182940,1487514.622240,1508837.942930
2022-03-31,GNB,corporativo,0.000000,0.000000,455303.552000,455303.552000
2022-03-31,GNB,grandes_empresas,9815.376000,6075.431000,375137.001000,391027.808000
2022-03-31,GNB,hipotecario,47214.485000,10528.168000,645159.386000,702902.039000
2022-03-31,GNB,medianas_empresas,56568.218000,68543.454000,56059.441000,181171.113000
2022-03-31,GNB,microempresas,0.000000,0.000000,76.532000,76.532000
2022-03-31,GNB,pequenas_empresas,754.999000,237.855000,890.695000,1883.549000
2022-03-31,ICBC,corporativo,0.000000,0.000000,743266.040000,743266.040000
2022-03-31,ICBC,grandes_empresas,0.000000,0.000000,90257.413000,90257.413000
2022-03-31,ICBC,medianas_empresas,0.000000,0.000000,62866.000000,62866.000000
2022-03-31,INTERBANK,consumo,365551.931880,119554.349190,12715163.220980,13200269.502050
2022-03-31,INTERBANK,corporativo,0.739000,0.000000,7037752.790000,7037753.529000
2022-03-31,INTERBANK,grandes_empresas,164636.742000,19319.603000,6880555.721000,7064512.066000
2022-03-31,INTERBANK,hipotecario,255063.719000,34908.423000,8390679.110000,8680651.252000
2022-03-31,INTERBANK,medianas_empresas,354654.240000,69843.184000,4274367.999000,4698865.423000
2022-03-31,INTERBANK,microempresas,4204.394000,78.470000,216388.716000,220671.580000
2022-03-31,INTERBANK,pequenas_empresas,195898.747000,10525.481000,1216962.451000,1423386.679000
2022-03-31,MIBANCO,consumo,13643.827710,2648.928400,588989.502890,605282.259000
2022-03-31,MIBANCO,hipotecario,32039.984000,1324.664000,430399.609000,463764.257000
2022-03-31,MIBANCO,medianas_empresas,68499.275000,916.110000,407338.608000,476753.993000
2022-03-31,MIBANCO,microempresas,185920.663000,6195.656000,3448093.092000,3640209.411000
2022-03-31,MIBANCO,pequenas_empresas,652709.755000,56932.336000,7987143.205000,8696785.296000
2022-03-31,PICHINCHA,consumo,82276.458080,36322.327140,2865250.655060,2983849.440280
2022-03-31,PICHINCHA,corporativo,11217.428000,0.000000,727125.978000,738343.406000
2022-03-31,PICHINCHA,grandes_empresas,64307.135000,63238.629000,1677293.632000,1804839.396000
2022-03-31,PICHINCHA,hipotecario,49928.363000,2886.175000,1203527.447000,1256341.985000
2022-03-31,PICHINCHA,medianas_empresas,224348.378000,138826.739000,941005.080000,1304180.197000
2022-03-31,PICHINCHA,microempresas,10061.493000,1422.524000,147250.029000,158734.046000
2022-03-31,PICHINCHA,pequenas_empresas,35838.234000,13449.206000,450088.891000,499376.331000
2022-03-31,RIPLEY,consumo,33174.037550,26404.944970,1480162.822670,1539741.805190
2022-03-31,SANTANDER,consumo,0.000000,0.000000,4020.667520,4020.667520
2022-03-31,SANTANDER,corporativo,2578.777000,0.000000,2281777.986000,2284356.763000
2022-03-31,SANTANDER,grandes_empresas,43030.611000,21866.723000,2379926.901000,2444824.235000
2022-03-31,SANTANDER,medianas_empresas,18200.502000,1323.071000,842536.194000,862059.767000
2022-03-31,SCOTIABANK,consumo,195662.836890,412807.875410,8802279.481450,9410750.193750
2022-03-31,SCOTIABANK,corporativo,222138.537000,21715.868000,19489273.838000,19733128.243000
2022-03-31,SCOTIABANK,grandes_empresas,40214.829000,200360.640000,7786673.256000,8027248.725000
2022-03-31,SCOTIABANK,hipotecario,316478.361000,348240.276000,9252455.606000,9917174.243000
2022-03-31,SCOTIABANK,medianas_empresas,996465.696000,379318.440000,7404572.895000,8780357.031000
2022-03-31,SCOTIABANK,microempresas,3567.577000,1559.890000,48973.947000,54101.414000
2022-03-31,SCOTIABANK,pequenas_empresas,278354.258000,174909.444000,1610771.966000,2064035.668000
2022-04-30,ALFIN,consumo,19323.084400,5426.801220,385673.874550,410423.760170
2022-04-30,ALFIN,medianas_empresas,0.000000,0.000000,4656.446000,4656.446000
2022-04-30,BANCOM,consumo,15348.341780,46288.476500,1410873.558250,1472510.376530
2022-04-30,BANCOM,corporativo,0.074000,0.000000,11296.172000,11296.246000
2022-04-30,BANCOM,grandes_empresas,26966.268000,0.000000,105666.831000,132633.099000
2022-04-30,BANCOM,hipotecario,4312.053000,353.480000,82366.848000,87032.381000
2022-04-30,BANCOM,medianas_empresas,23414.700000,1579.914000,98568.926000,123563.540000
2022-04-30,BANCOM,microempresas,6.819000,0.000000,2.281000,9.100000
2022-04-30,BANCOM,pequenas_empresas,286.612000,0.000000,2561.557000,2848.169000
2022-04-30,BANK_OF_CHINA,corporativo,0.000000,0.000000,59170.000000,59170.000000
2022-04-30,BBVA,consumo,209541.013850,85363.109400,8203022.333370,8497926.456620
2022-04-30,BBVA,corporativo,70915.390000,13469.400000,16212196.988000,16296581.778000
2022-04-30,BBVA,grandes_empresas,231821.712000,394853.227000,12559160.424000,13185835.363000
2022-04-30,BBVA,hipotecario,381312.760000,372307.566000,13808647.377000,14562267.703000
2022-04-30,BBVA,medianas_empresas,1829683.952000,996940.143000,16004115.476000,18830739.571000
2022-04-30,BBVA,microempresas,3216.193000,437.279000,87252.645000,90906.117000
2022-04-30,BBVA,pequenas_empresas,227989.138000,49543.011000,2758743.762000,3036275.911000
2022-04-30,BCP,consumo,355139.933020,481239.885420,14990084.786090,15826464.604530
2022-04-30,BCP,corporativo,300323.667000,0.000000,31744544.712000,32044868.379000
2022-04-30,BCP,grandes_empresas,337705.349000,403633.608000,20501978.704000,21243317.661000
2022-04-30,BCP,hipotecario,514746.317000,170025.921000,18405107.362000,19089879.600000
2022-04-30,BCP,medianas_empresas,2603762.942000,406494.766000,23369772.414000,26380030.122000
2022-04-30,BCP,microempresas,21568.308000,1736.516000,376170.105000,399474.929000
2022-04-30,BCP,pequenas_empresas,585442.608000,163706.793000,5594374.682000,6343524.083000
2022-04-30,BIF,consumo,37907.701930,13630.891210,1736627.455160,1788166.048300
2022-04-30,BIF,corporativo,5518.941000,0.000000,3080616.248000,3086135.189000
2022-04-30,BIF,grandes_empresas,151677.288000,65831.185000,3732394.133000,3949902.606000
2022-04-30,BIF,hipotecario,62423.647000,37700.458000,2609359.777000,2709483.882000
2022-04-30,BIF,medianas_empresas,205400.025000,88171.990000,1665942.722000,1959514.737000
2022-04-30,BIF,microempresas,161.067000,523.527000,4565.027000,5249.621000
2022-04-30,BIF,pequenas_empresas,3975.115000,719.014000,14901.187000,19595.316000
2022-04-30,CITIBANK,corporativo,0.000000,0.000000,708057.143000,708057.143000
2022-04-30,CITIBANK,grandes_empresas,0.000000,0.000000,1271539.112000,1271539.112000
2022-04-30,CITIBANK,medianas_empresas,0.000000,0.000000,274164.366000,274164.366000
2022-04-30,CITIBANK,microempresas,0.000000,0.000000,336.420000,336.420000
2022-04-30,CITIBANK,pequenas_empresas,0.000000,0.000000,187.192000,187.192000
2022-04-30,FALABELLA,consumo,71253.539630,44814.218190,3323884.858690,3439952.616510
2022-04-30,FALABELLA,hipotecario,0.000000,0.000000,222.160000,222.160000
2022-04-30,FALABELLA,medianas_empresas,0.000000,0.000000,78.199000,78.199000
2022-04-30,GNB,consumo,19995.827680,4200.523100,1512642.316430,1536838.667210
2022-04-30,GNB,corporativo,0.000000,0.000000,509525.581000,509525.581000
2022-04-30,GNB,grandes_empresas,9924.400000,5916.163000,399457.783000,415298.346000
2022-04-30,GNB,hipotecario,50346.992000,10672.250000,635682.773000,696702.015000
2022-04-30,GNB,medianas_empresas,56533.240000,71097.252000,55558.108000,183188.600000
2022-04-30,GNB,microempresas,0.000000,0.000000,68.794000,68.794000
2022-04-30,GNB,pequenas_empresas,767.089000,237.855000,697.631000,1702.575000
2022-04-30,ICBC,corporativo,0.000000,0.000000,852624.935000,852624.935000
2022-04-30,ICBC,grandes_empresas,0.000000,0.000000,96235.926000,96235.926000
2022-04-30,ICBC,medianas_empresas,0.000000,0.000000,65178.000000,65178.000000
2022-04-30,INTERBANK,consumo,379543.437220,117389.105880,12940093.048990,13437025.592090
2022-04-30,INTERBANK,corporativo,0.000000,0.000000,7423967.019000,7423967.019000
2022-04-30,INTERBANK,grandes_empresas,152919.655000,18603.372000,6915075.157000,7086598.184000
2022-04-30,INTERBANK,hipotecario,255065.234000,34841.753000,8542843.747000,8832750.734000
2022-04-30,INTERBANK,medianas_empresas,337842.720000,70282.246000,4213052.070000,4621177.036000
2022-04-30,INTERBANK,microempresas,3147.548000,157.291000,191442.069000,194746.908000
2022-04-30,INTERBANK,pequenas_empresas,155282.879000,10683.910000,1241170.668000,1407137.457000
2022-04-30,MIBANCO,consumo,14389.262020,2753.724800,583218.501010,600361.487830
2022-04-30,MIBANCO,hipotecario,32048.279000,1308.418000,431823.498000,465180.195000
2022-04-30,MIBANCO,medianas_empresas,70047.474000,616.097000,404547.969000,475211.540000
2022-04-30,MIBANCO,microempresas,189900.971000,6564.510000,3436204.675000,3632670.156000
2022-04-30,MIBANCO,pequenas_empresas,642099.088000,60313.594000,8220229.146000,8922641.828000
2022-04-30,PICHINCHA,consumo,83058.828730,35131.595500,2955925.319400,3074115.743630
2022-04-30,PICHINCHA,corporativo,17606.666000,0.000000,770817.612000,788424.278000
2022-04-30,PICHINCHA,grandes_empresas,69316.628000,46248.582000,1729231.773000,1844796.983000
2022-04-30,PICHINCHA,hipotecario,49454.857000,2767.227000,1215988.067000,1268210.151000
2022-04-30,PICHINCHA,medianas_empresas,227723.640000,150044.885000,922318.452000,1300086.977000
2022-04-30,PICHINCHA,microempresas,9992.561000,1261.136000,148090.655000,159344.352000
2022-04-30,PICHINCHA,pequenas_empresas,35959.817000,13089.010000,460051.384000,509100.211000
2022-04-30,RIPLEY,consumo,38742.729510,26000.890430,1507327.151000,1572070.770940
2022-04-30,SANTANDER,consumo,0.000000,0.000000,3975.637760,3975.637760
2022-04-30,SANTANDER,corporativo,25360.397000,0.000000,2390216.928000,2415577.325000
2022-04-30,SANTANDER,grandes_empresas,43653.660000,21914.755000,2516177.524000,2581745.939000
2022-04-30,SANTANDER,medianas_empresas,18567.431000,1291.250000,889997.364000,909856.045000
2022-04-30,SCOTIABANK,consumo,170994.871380,409773.661150,8968319.989310,9549088.521840
2022-04-30,SCOTIABANK,corporativo,271110.208000,1840.521000,19450616.372000,19723567.101000
2022-04-30,SCOTIABANK,grandes_empresas,41892.783000,220093.803000,7768338.032000,8030324.618000
2022-04-30,SCOTIABANK,hipotecario,316908.113000,358178.109000,9476926.016000,10152012.238000
2022-04-30,SCOTIABANK,medianas_empresas,966085.262000,395892.202000,7511445.752000,8873423.216000
2022-04-30,SCOTIABANK,microempresas,3048.806000,1613.366000,49525.777000,54187.949000
2022-04-30,SCOTIABANK,pequenas_empresas,253401.111000,175177.747000,1619609.701000,2048188.559000
2022-05-31,ALFIN,consumo,19192.510870,41.556850,400217.378280,419451.446000
2022-05-31,ALFIN,medianas_empresas,0.000000,0.000000,4545.414000,4545.414000
2022-05-31,BANCOM,consumo,17606.000830,46762.382640,1419959.198680,1484327.582150
2022-05-31,BANCOM,corporativo,0.074000,0.000000,6801.996000,6802.070000
2022-05-31,BANCOM,grandes_empresas,27692.661000,0.000000,108203.378000,135896.039000
2022-05-31,BANCOM,hipotecario,4234.650000,353.384000,82123.875000,86711.909000
2022-05-31,BANCOM,medianas_empresas,22760.796000,1505.914000,89517.678000,113784.388000
2022-05-31,BANCOM,microempresas,6.649000,0.000000,0.000000,6.649000
2022-05-31,BANCOM,pequenas_empresas,166.674000,0.000000,2648.821000,2815.495000
2022-05-31,BANK_OF_CHINA,corporativo,0.000000,0.000000,58505.000000,58505.000000
2022-05-31,BBVA,consumo,224592.818270,80993.643240,8449040.716620,8754627.178130
2022-05-31,BBVA,corporativo,61457.312000,13469.400000,15040116.308000,15115043.020000
2022-05-31,BBVA,grandes_empresas,228959.523000,367648.089000,12474504.260000,13071111.872000
2022-05-31,BBVA,hipotecario,386020.672000,361729.869000,13790628.115000,14538378.656000
2022-05-31,BBVA,medianas_empresas,1778390.454000,969742.201000,16049742.969000,18797875.624000
2022-05-31,BBVA,microempresas,3176.463000,443.481000,92344.694000,95964.638000
2022-05-31,BBVA,pequenas_empresas,227867.354000,48561.194000,2875181.137000,3151609.685000
2022-05-31,BCP,consumo,397760.526330,445461.616970,15431066.084200,16274288.227500
2022-05-31,BCP,corporativo,335192.796000,0.000000,31330566.642000,31665759.438000
2022-05-31,BCP,grandes_empresas,388920.270000,332201.500000,20205751.270000,20926873.040000
2022-05-31,BCP,hipotecario,520855.079000,172431.594000,18459790.314000,19153076.987000
2022-05-31,BCP,medianas_empresas,2551545.569000,426942.220000,23062761.143000,26041248.932000
2022-05-31,BCP,microempresas,22599.169000,2364.070000,406117.116000,431080.355000
2022-05-31,BCP,pequenas_empresas,600740.297000,151182.676000,5682178.059000,6434101.032000
2022-05-31,BIF,consumo,40882.978650,13989.313360,1739888.167620,1794760.459630
2022-05-31,BIF,corporativo,5522.821000,0.000000,3041197.342000,3046720.163000
2022-05-31,BIF,grandes_empresas,162295.398000,64324.451000,3614018.474000,3840638.323000
2022-05-31,BIF,hipotecario,63635.643000,37648.635000,2653349.314000,2754633.592000
2022-05-31,BIF,medianas_empresas,203330.101000,83212.883000,1545526.051000,1832069.035000
2022-05-31,BIF,microempresas,164.338000,1.801000,10304.717000,10470.856000
2022-05-31,BIF,pequenas_empresas,3926.044000,700.606000,14033.089000,18659.739000
2022-05-31,CITIBANK,corporativo,0.000000,0.000000,812641.599000,812641.599000
2022-05-31,CITIBANK,grandes_empresas,0.000000,0.000000,1238499.085000,1238499.085000
2022-05-31,CITIBANK,medianas_empresas,0.000000,0.000000,194927.175000,194927.175000
2022-05-31,CITIBANK,microempresas,0.000000,0.000000,281.548000,281.548000
2022-05-31,CITIBANK,pequenas_empresas,0.000000,0.000000,228.286000,228.286000
2022-05-31,FALABELLA,consumo,86552.249790,42937.680720,3435737.405210,3565227.335720
2022-05-31,FALABELLA,grandes_empresas,0.000000,0.000000,0.128000,0.128000
2022-05-31,FALABELLA,hipotecario,0.000000,0.000000,206.461000,206.461000
2022-05-31,FALABELLA,medianas_empresas,0.000000,0.000000,76.596000,76.596000
2022-05-31,GNB,consumo,19821.630570,4237.385870,1539385.765540,1563444.781980
2022-05-31,GNB,corporativo,0.000000,0.000000,468420.777000,468420.777000
2022-05-31,GNB,grandes_empresas,12323.148000,5669.343000,398025.561000,416018.052000
2022-05-31,GNB,hipotecario,48545.959000,10676.440000,630378.066000,689600.465000
2022-05-31,GNB,medianas_empresas,55387.092000,69286.750000,33421.846000,158095.688000
2022-05-31,GNB,microempresas,8.718000,0.000000,65.111000,73.829000
2022-05-31,GNB,pequenas_empresas,755.265000,234.221000,636.309000,1625.795000
2022-05-31,ICBC,corporativo,0.000000,0.000000,875354.411000,875354.411000
2022-05-31,ICBC,grandes_empresas,0.000000,0.000000,93229.787000,93229.787000
2022-05-31,ICBC,medianas_empresas,0.000000,0.000000,62917.000000,62917.000000
2022-05-31,INTERBANK,consumo,399181.086880,114115.379580,13201266.292800,13714562.759260
2022-05-31,INTERBANK,corporativo,0.000000,0.000000,7627302.370000,7627302.370000
2022-05-31,INTERBANK,grandes_empresas,145944.018000,17671.103000,6819618.398000,6983233.519000
2022-05-31,INTERBANK,hipotecario,259349.417000,34328.817000,8623175.968000,8916854.202000
2022-05-31,INTERBANK,medianas_empresas,296194.932000,68621.263000,4044581.265000,4409397.460000
2022-05-31,INTERBANK,microempresas,3055.363000,226.062000,79846.003000,83127.428000
2022-05-31,INTERBANK,pequenas_empresas,144110.703000,11095.297000,1259602.203000,1414808.203000
2022-05-31,MIBANCO,consumo,15386.506000,2858.404020,578418.780040,596663.690060
2022-05-31,MIBANCO,hipotecario,31469.952000,1219.104000,432996.153000,465685.209000
2022-05-31,MIBANCO,medianas_empresas,68006.246000,330.624000,406284.512000,474621.382000
2022-05-31,MIBANCO,microempresas,204372.777000,6956.030000,3398854.333000,3610183.140000
2022-05-31,MIBANCO,pequenas_empresas,662831.552000,62289.485000,8402968.530000,9128089.567000
2022-05-31,PICHINCHA,consumo,76280.000420,34499.158810,3037043.494810,3147822.654040
2022-05-31,PICHINCHA,corporativo,18743.226000,0.000000,698704.970000,717448.196000
2022-05-31,PICHINCHA,grandes_empresas,84962.382000,45790.837000,1665169.430000,1795922.649000
2022-05-31,PICHINCHA,hipotecario,49686.578000,2922.946000,1229633.595000,1282243.119000
2022-05-31,PICHINCHA,medianas_empresas,247969.366000,129216.475000,973209.513000,1350395.354000
2022-05-31,PICHINCHA,microempresas,9971.320000,1342.607000,148310.828000,159624.755000
2022-05-31,PICHINCHA,pequenas_empresas,33895.072000,12508.093000,473680.905000,520084.070000
2022-05-31,RIPLEY,consumo,43636.680370,27516.776290,1528424.868310,1599578.324970
2022-05-31,SANTANDER,consumo,0.000000,0.000000,4508.831260,4508.831260
2022-05-31,SANTANDER,corporativo,24602.411000,0.000000,2362374.105000,2386976.516000
2022-05-31,SANTANDER,grandes_empresas,41575.353000,20935.883000,2485983.139000,2548494.375000
2022-05-31,SANTANDER,medianas_empresas,17342.012000,1259.249000,865118.589000,883719.850000
2022-05-31,SCOTIABANK,consumo,197614.768830,407750.748030,9063827.238120,9669192.754980
2022-05-31,SCOTIABANK,corporativo,234305.202000,1683.006000,19603622.481000,19839610.689000
2022-05-31,SCOTIABANK,grandes_empresas,48281.956000,233473.956000,7887637.199000,8169393.111000
2022-05-31,SCOTIABANK,hipotecario,310739.840000,360123.151000,9655684.163000,10326547.154000
2022-05-31,SCOTIABANK,medianas_empresas,979569.589000,374245.750000,7554650.415000,8908465.754000
2022-05-31,SCOTIABANK,microempresas,2960.629000,1677.331000,49397.332000,54035.292000
2022-05-31,SCOTIABANK,pequenas_empresas,250417.135000,176563.395000,1616464.223000,2043444.753000
2022-06-30,ALFIN,consumo,21375.865520,3043.746200,406693.790570,431113.402290
2022-06-30,ALFIN,medianas_empresas,0.000000,0.000000,4431.849000,4431.849000
2022-06-30,BANCOM,consumo,16475.898320,45710.840380,1421554.039210,1483740.777910
2022-06-30,BANCOM,corporativo,0.074000,0.000000,11144.559000,11144.633000
2022-06-30,BANCOM,grandes_empresas,28010.164000,0.000000,115018.490000,143028.654000
2022-06-30,BANCOM,hipotecario,4218.250000,218.522000,81765.844000,86202.616000
2022-06-30,BANCOM,medianas_empresas,22743.752000,1502.914000,95794.822000,120041.488000
2022-06-30,BANCOM,microempresas,6.431000,0.000000,0.000000,6.431000
2022-06-30,BANCOM,pequenas_empresas,155.810000,0.000000,2938.366000,3094.176000
2022-06-30,BANK_OF_CHINA,corporativo,0.000000,0.000000,39125.000000,39125.000000
2022-06-30,BANK_OF_CHINA,medianas_empresas,0.000000,0.000000,19125.000000,19125.000000
2022-06-30,BBVA,consumo,243330.482550,81657.132640,8821231.083820,9146218.699010
2022-06-30,BBVA,corporativo,9781.918000,13469.400000,14120781.672000,14144032.990000
2022-06-30,BBVA,grandes_empresas,257483.522000,337922.552000,12813022.935000,13408429.009000
2022-06-30,BBVA,hipotecario,390876.852000,362434.639000,13893079.975000,14646391.466000
2022-06-30,BBVA,medianas_empresas,1815082.405000,999791.421000,16007336.783000,18822210.609000
2022-06-30,BBVA,microempresas,3773.355000,445.765000,104469.341000,108688.461000
2022-06-30,BBVA,pequenas_empresas,234973.051000,46739.742000,2980291.790000,3262004.583000
2022-06-30,BCP,consumo,417797.375380,438301.947560,15838180.749610,16694280.072550
2022-06-30,BCP,corporativo,358685.621000,0.000000,34472368.100000,34831053.721000
2022-06-30,BCP,grandes_empresas,433563.054000,366576.175000,20712726.032000,21512865.261000
2022-06-30,BCP,hipotecario,527305.243000,170272.900000,18705165.996000,19402744.139000
2022-06-30,BCP,medianas_empresas,2606862.922000,435484.049000,22604185.359000,25646532.330000
2022-06-30,BCP,microempresas,22218.333000,2470.037000,458191.295000,482879.665000
2022-06-30,BCP,pequenas_empresas,604002.917000,153262.259000,5779905.332000,6537170.508000
2022-06-30,BIF,consumo,43459.554420,14190.993760,1754530.522360,1812181.070540
2022-06-30,BIF,corporativo,7557.455000,0.000000,3128963.516000,3136520.971000
2022-06-30,BIF,grandes_empresas,179810.289000,76535.140000,3609827.938000,3866173.367000
2022-06-30,BIF,hipotecario,63502.447000,37942.778000,2688530.789000,2789976.014000
2022-06-30,BIF,medianas_empresas,203911.039000,82642.749000,1554534.060000,1841087.848000
2022-06-30,BIF,microempresas,233.397000,0.000000,347.593000,580.990000
2022-06-30,BIF,pequenas_empresas,4040.057000,571.450000,15090.332000,19701.839000
2022-06-30,CITIBANK,corporativo,0.000000,0.000000,615024.600000,615024.600000
2022-06-30,CITIBANK,grandes_empresas,0.000000,0.000000,1332300.015000,1332300.015000
2022-06-30,CITIBANK,medianas_empresas,0.000000,0.000000,162316.406000,162316.406000
2022-06-30,CITIBANK,microempresas,0.000000,0.000000,373.049000,373.049000
2022-06-30,CITIBANK,pequenas_empresas,0.000000,0.000000,317.020000,317.020000
2022-06-30,FALABELLA,consumo,96798.824960,41681.619500,3511159.100690,3649639.545150
2022-06-30,FALABELLA,grandes_empresas,0.000000,0.000000,0.348000,0.348000
2022-06-30,FALABELLA,hipotecario,0.000000,0.000000,204.914000,204.914000
2022-06-30,FALABELLA,medianas_empresas,0.000000,0.000000,75.120000,75.120000
2022-06-30,GNB,consumo,19119.591550,4249.159790,1558538.286930,1581907.038270
2022-06-30,GNB,corporativo,0.000000,0.000000,563997.736000,563997.736000
2022-06-30,GNB,grandes_empresas,10790.789000,4697.759000,414073.127000,429561.675000
2022-06-30,GNB,hipotecario,47738.853000,10719.890000,626072.366000,684531.109000
2022-06-30,GNB,medianas_empresas,55997.336000,71766.395000,31661.301000,159425.032000
2022-06-30,GNB,microempresas,0.000000,0.000000,78.541000,78.541000
2022-06-30,GNB,pequenas_empresas,709.278000,230.618000,540.852000,1480.748000
2022-06-30,ICBC,corporativo,0.000000,0.000000,843526.619000,843526.619000
2022-06-30,ICBC,grandes_empresas,0.000000,0.000000,94327.781000,94327.781000
2022-06-30,ICBC,medianas_empresas,0.000000,0.000000,60790.178000,60790.178000
2022-06-30,INTERBANK,consumo,412994.554510,117732.317790,13345179.633410,13875906.505710
2022-06-30,INTERBANK,corporativo,0.000000,0.000000,8428272.510000,8428272.510000
2022-06-30,INTERBANK,grandes_empresas,159863.285000,24654.429000,6595055.970000,6779573.684000
2022-06-30,INTERBANK,hipotecario,257931.703000,34180.906000,8689100.323000,8981212.932000
2022-06-30,INTERBANK,medianas_empresas,279963.553000,69611.201000,4013485.280000,4363060.034000
2022-06-30,INTERBANK,microempresas,2978.934000,219.810000,52551.776000,55750.520000
2022-06-30,INTERBANK,pequenas_empresas,110124.012000,11602.342000,1280018.089000,1401744.443000
2022-06-30,MIBANCO,consumo,15538.081830,3214.093250,566712.551990,585464.727070
2022-06-30,MIBANCO,hipotecario,30908.363000,1203.706000,430201.846000,462313.915000
2022-06-30,MIBANCO,medianas_empresas,68314.300000,456.030000,402080.487000,470850.817000
2022-06-30,MIBANCO,microempresas,190740.066000,7908.002000,3338700.403000,3537348.471000
2022-06-30,MIBANCO,pequenas_empresas,675922.987000,64231.726000,8528853.361000,9269008.074000
2022-06-30,PICHINCHA,consumo,81436.180880,33774.841090,3122251.351840,3237462.373810
2022-06-30,PICHINCHA,corporativo,20773.162000,0.000000,733378.288000,754151.450000
2022-06-30,PICHINCHA,grandes_empresas,82931.308000,45960.602000,1723210.325000,1852102.235000
2022-06-30,PICHINCHA,hipotecario,48462.223000,2921.665000,1247833.791000,1299217.679000
2022-06-30,PICHINCHA,medianas_empresas,255915.696000,129193.546000,882525.587000,1267634.829000
2022-06-30,PICHINCHA,microempresas,10073.295000,1333.679000,149516.384000,160923.358000
2022-06-30,PICHINCHA,pequenas_empresas,33694.133000,12577.116000,483751.115000,530022.364000
2022-06-30,RIPLEY,consumo,45296.963460,28285.544190,1530412.639060,1603995.146710
2022-06-30,SANTANDER,consumo,0.000000,0.000000,4514.791140,4514.791140
2022-06-30,SANTANDER,corporativo,3506.714000,0.000000,2762693.308000,2766200.022000
2022-06-30,SANTANDER,grandes_empresas,42383.337000,20948.606000,2678524.187000,2741856.130000
2022-06-30,SANTANDER,medianas_empresas,18576.788000,1154.587000,796749.015000,816480.390000
2022-06-30,SCOTIABANK,consumo,210708.865230,401681.436630,9145206.384690,9757596.686550
2022-06-30,SCOTIABANK,corporativo,330081.430000,1519.746000,19257678.782000,19589279.958000
2022-06-30,SCOTIABANK,grandes_empresas,62850.208000,233971.048000,8060401.798000,8357223.054000
2022-06-30,SCOTIABANK,hipotecario,312446.512000,364610.586000,9835676.353000,10512733.451000
2022-06-30,SCOTIABANK,medianas_empresas,984937.029000,396950.701000,7762384.317000,9144272.047000
2022-06-30,SCOTIABANK,microempresas,2969.460000,1778.333000,51633.134000,56380.927000
2022-06-30,SCOTIABANK,pequenas_empresas,246087.739000,178067.740000,1621164.586000,2045320.065000
2022-07-31,ALFIN,consumo,21739.483990,5995.755670,416446.988360,444182.228020
2022-07-31,ALFIN,medianas_empresas,0.000000,0.000000,4318.615000,4318.615000
2022-07-31,BANCOM,consumo,14837.412880,45403.009910,1422479.117000,1482719.539790
2022-07-31,BANCOM,corporativo,20.866000,0.000000,26944.461000,26965.327000
2022-07-31,BANCOM,grandes_empresas,26863.428000,0.000000,98110.258000,124973.686000
2022-07-31,BANCOM,hipotecario,4129.748000,218.125000,82487.633000,86835.506000
2022-07-31,BANCOM,medianas_empresas,18522.031000,1499.914000,91822.799000,111844.744000
2022-07-31,BANCOM,microempresas,6.444000,0.000000,0.000000,6.444000
2022-07-31,BANCOM,pequenas_empresas,161.923000,0.000000,2766.488000,2928.411000
2022-07-31,BANK_OF_CHINA,corporativo,0.000000,0.000000,60600.000000,60600.000000
2022-07-31,BANK_OF_CHINA,medianas_empresas,0.000000,0.000000,19600.000000,19600.000000
2022-07-31,BBVA,consumo,244998.561850,79071.289930,9034272.505840,9358342.357620
2022-07-31,BBVA,corporativo,9.801000,13469.400000,15058610.380000,15072089.581000
2022-07-31,BBVA,grandes_empresas,277143.272000,346200.900000,13094881.089000,13718225.261000
2022-07-31,BBVA,hipotecario,382429.021000,356268.939000,13937948.874000,14676646.834000
2022-07-31,BBVA,medianas_empresas,1844341.029000,981872.481000,15596830.687000,18423044.197000
2022-07-31,BBVA,microempresas,3909.902000,459.616000,110601.200000,114970.718000
2022-07-31,BBVA,pequenas_empresas,239368.976000,46603.424000,3129915.568000,3415887.968000
2022-07-31,BCI,grandes_empresas,0.000000,0.000000,19600.000000,19600.000000
2022-07-31,BCP,consumo,409678.582010,425602.636570,15941660.007780,16776941.226360
2022-07-31,BCP,corporativo,296888.286000,0.000000,35636744.349000,35933632.635000
2022-07-31,BCP,grandes_empresas,269274.374000,312024.524000,21804387.513000,22385686.411000
2022-07-31,BCP,hipotecario,524427.480000,170577.957000,18800264.595000,19495270.032000
2022-07-31,BCP,medianas_empresas,2753574.781000,531338.693000,22194060.897000,25478974.371000
2022-07-31,BCP,microempresas,23941.084000,2208.098000,512396.683000,538545.865000
2022-07-31,BCP,pequenas_empresas,617830.945000,144734.320000,5783281.628000,6545846.893000
2022-07-31,BIF,consumo,41259.815150,14447.716160,1749611.496580,1805319.027890
2022-07-31,BIF,corporativo,7560.210000,0.000000,3236574.149000,3244134.359000
2022-07-31,BIF,grandes_empresas,173959.299000,78724.236000,3674914.624000,3927598.159000
2022-07-31,BIF,hipotecario,67391.030000,36196.284000,2713049.121000,2816636.435000
2022-07-31,BIF,medianas_empresas,209966.817000,77215.635000,1602532.244000,1889714.696000
2022-07-31,BIF,microempresas,213.372000,0.000000,371.284000,584.656000
2022-07-31,BIF,pequenas_empresas,3863.100000,732.177000,15401.419000,19996.696000
2022-07-31,CITIBANK,corporativo,0.000000,0.000000,589652.799000,589652.799000
2022-07-31,CITIBANK,grandes_empresas,0.000000,0.000000,1464682.107000,1464682.107000
2022-07-31,CITIBANK,medianas_empresas,0.000000,0.000000,216895.007000,216895.007000
2022-07-31,CITIBANK,microempresas,0.000000,0.000000,253.251000,253.251000
2022-07-31,CITIBANK,pequenas_empresas,0.000000,0.000000,1770.035000,1770.035000
2022-07-31,FALABELLA,consumo,112204.334170,41914.428450,3558313.803640,3712432.566260
2022-07-31,FALABELLA,grandes_empresas,0.000000,0.000000,2.401000,2.401000
2022-07-31,FALABELLA,hipotecario,0.000000,0.000000,201.397000,201.397000
2022-07-31,FALABELLA,medianas_empresas,0.000000,0.000000,73.602000,73.602000
2022-07-31,GNB,consumo,17952.798740,4220.724280,1562904.172060,1585077.695080
2022-07-31,GNB,corporativo,0.000000,0.000000,551810.724000,551810.724000
2022-07-31,GNB,grandes_empresas,11005.073000,4560.564000,439364.781000,454930.418000
2022-07-31,GNB,hipotecario,45304.929000,11252.321000,622771.789000,679329.039000
2022-07-31,GNB,medianas_empresas,56458.176000,72961.374000,33065.700000,162485.250000
2022-07-31,GNB,microempresas,7.118000,0.000000,60.596000,67.714000
2022-07-31,GNB,pequenas_empresas,717.724000,226.932000,458.201000,1402.857000
2022-07-31,ICBC,corporativo,0.000000,0.000000,909651.145000,909651.145000
2022-07-31,ICBC,grandes_empresas,0.000000,0.000000,96474.140000,96474.140000
2022-07-31,ICBC,medianas_empresas,0.000000,0.000000,62299.999000,62299.999000
2022-07-31,INTERBANK,consumo,431878.853000,123405.345040,13319003.155650,13874287.353690
2022-07-31,INTERBANK,corporativo,550.378000,0.000000,9009440.599000,9009990.977000
2022-07-31,INTERBANK,grandes_empresas,170995.006000,25067.396000,6787216.100000,6983278.502000
2022-07-31,INTERBANK,hipotecario,247262.596000,34979.305000,8797733.504000,9079975.405000
2022-07-31,INTERBANK,medianas_empresas,286274.357000,68126.900000,3995603.777000,4350005.034000
2022-07-31,INTERBANK,microempresas,3432.364000,199.036000,54323.425000,57954.825000
2022-07-31,INTERBANK,pequenas_empresas,108349.256000,12392.852000,1294018.045000,1414760.153000
2022-07-31,MIBANCO,consumo,14781.469590,3253.167390,551005.902560,569040.539540
2022-07-31,MIBANCO,hipotecario,31119.515000,1189.561000,430302.370000,462611.446000
2022-07-31,MIBANCO,medianas_empresas,67475.429000,446.296000,394877.647000,462799.372000
2022-07-31,MIBANCO,microempresas,202800.965000,8214.619000,3257803.492000,3468819.076000
2022-07-31,MIBANCO,pequenas_empresas,655360.024000,62534.990000,8580179.213000,9298074.227000
2022-07-31,PICHINCHA,consumo,85386.925090,33146.542890,3191891.419770,3310424.887750
2022-07-31,PICHINCHA,corporativo,22132.053000,0.000000,881364.161000,903496.214000
2022-07-31,PICHINCHA,grandes_empresas,93450.244000,39985.603000,1737369.161000,1870805.008000
2022-07-31,PICHINCHA,hipotecario,47657.566000,2908.652000,1261784.957000,1312351.175000
2022-07-31,PICHINCHA,medianas_empresas,298842.463000,131278.843000,833968.970000,1264090.276000
2022-07-31,PICHINCHA,microempresas,9350.858000,1221.712000,150844.699000,161417.269000
2022-07-31,PICHINCHA,pequenas_empresas,33027.378000,12693.547000,486728.062000,532448.987000
2022-07-31,RIPLEY,consumo,49685.922220,29304.582960,1534823.573400,1613814.078580
2022-07-31,SANTANDER,consumo,0.000000,0.000000,4417.147690,4417.147690
2022-07-31,SANTANDER,corporativo,3506.597000,0.000000,2841778.620000,2845285.217000
2022-07-31,SANTANDER,grandes_empresas,41822.674000,21609.798000,2876136.445000,2939568.917000
2022-07-31,SANTANDER,medianas_empresas,13595.501000,1049.743000,813584.237000,828229.481000
2022-07-31,SCOTIABANK,consumo,190533.512650,400275.740070,9201706.020030,9792515.272750
2022-07-31,SCOTIABANK,corporativo,423919.480000,1355.090000,19317521.043000,19742795.613000
2022-07-31,SCOTIABANK,grandes_empresas,105444.841000,185500.916000,8161981.285000,8452927.042000
2022-07-31,SCOTIABANK,hipotecario,315776.103000,370179.222000,9922477.314000,10608432.639000
2022-07-31,SCOTIABANK,medianas_empresas,1031430.392000,387535.455000,7506079.821000,8925045.668000
2022-07-31,SCOTIABANK,microempresas,3425.709000,1509.323000,50211.466000,55146.498000
2022-07-31,SCOTIABANK,pequenas_empresas,252758.291000,176199.792000,1617984.850000,2046942.933000
2022-08-31,ALFIN,consumo,19656.945620,9883.753190,440797.397820,470338.096630
2022-08-31,ALFIN,medianas_empresas,0.000000,0.000000,4204.270000,4204.270000
2022-08-31,BANCOM,consumo,15063.470970,46198.065810,1438827.161370,1500088.698150
2022-08-31,BANCOM,corporativo,0.074000,0.000000,40705.786000,40705.860000
2022-08-31,BANCOM,grandes_empresas,33359.460000,0.000000,79360.005000,112719.465000
2022-08-31,BANCOM,hipotecario,4172.755000,351.879000,82302.381000,86827.015000
2022-08-31,BANCOM,medianas_empresas,20542.944000,1451.255000,88960.127000,110954.326000
2022-08-31,BANCOM,microempresas,6.434000,0.000000,0.000000,6.434000
2022-08-31,BANCOM,pequenas_empresas,167.719000,0.000000,3131.975000,3299.694000
2022-08-31,BANK_OF_CHINA,corporativo,0.000000,0.000000,60220.000000,60220.000000
2022-08-31,BANK_OF_CHINA,medianas_empresas,0.000000,0.000000,19220.000000,19220.000000
2022-08-31,BBVA,consumo,264639.432880,71481.095790,9248117.072860,9584237.601530
2022-08-31,BBVA,corporativo,12107.250000,0.000000,14347679.100000,14359786.350000
2022-08-31,BBVA,grandes_empresas,223191.897000,293232.500000,13059925.484000,13576349.881000
2022-08-31,BBVA,hipotecario,341179.356000,343045.667000,13878900.445000,14563125.468000
2022-08-31,BBVA,medianas_empresas,1928540.827000,1021852.527000,15301755.206000,18252148.560000
2022-08-31,BBVA,microempresas,4077.658000,438.935000,122706.376000,127222.969000
2022-08-31,BBVA,pequenas_empresas,251333.183000,45287.949000,3164275.375000,3460896.507000
2022-08-31,BCI,grandes_empresas,0.000000,0.000000,57940.000000,57940.000000
2022-08-31,BCP,consumo,419410.306640,413761.053800,16171004.727220,17004176.087660
2022-08-31,BCP,corporativo,292984.648000,0.000000,34328057.157000,34621041.805000
2022-08-31,BCP,grandes_empresas,350349.842000,272813.804000,21622718.183000,22245881.829000
2022-08-31,BCP,hipotecario,517073.761000,173539.660000,18873522.199000,19564135.620000
2022-08-31,BCP,medianas_empresas,2764300.927000,661701.496000,21616822.493000,25042824.916000
2022-08-31,BCP,microempresas,26892.123000,1976.414000,538119.967000,566988.504000
2022-08-31,BCP,pequenas_empresas,600332.379000,139527.998000,5774295.883000,6514156.260000
2022-08-31,BIF,consumo,41700.247120,14214.366810,1750041.489730,1805956.103660
2022-08-31,BIF,corporativo,6314.518000,0.000000,3331067.783000,3337382.301000
2022-08-31,BIF,grandes_empresas,164095.786000,75262.878000,3683032.538000,3922391.202000
2022-08-31,BIF,hipotecario,68188.516000,36585.068000,2736330.953000,2841104.537000
2022-08-31,BIF,medianas_empresas,212446.426000,81974.551000,1585366.985000,1879787.962000
2022-08-31,BIF,microempresas,198.969000,0.000000,745.215000,944.184000
2022-08-31,BIF,pequenas_empresas,4063.086000,728.223000,18264.595000,23055.904000
2022-08-31,CITIBANK,corporativo,0.000000,0.000000,630847.623000,630847.623000
2022-08-31,CITIBANK,grandes_empresas,0.000000,0.000000,1309655.393000,1309655.393000
2022-08-31,CITIBANK,medianas_empresas,0.000000,0.000000,162082.655000,162082.655000
2022-08-31,CITIBANK,microempresas,0.000000,0.000000,96.409000,96.409000
2022-08-31,CITIBANK,pequenas_empresas,0.000000,0.000000,1928.049000,1928.049000
2022-08-31,FALABELLA,consumo,122197.889690,42432.774580,3564961.152850,3729591.817120
2022-08-31,FALABELLA,hipotecario,0.000000,0.000000,188.895000,188.895000
2022-08-31,FALABELLA,medianas_empresas,0.000000,0.000000,72.093000,72.093000
2022-08-31,GNB,consumo,18513.741030,4009.182810,1565640.918380,1588163.842220
2022-08-31,GNB,corporativo,0.000000,0.000000,620512.360000,620512.360000
2022-08-31,GNB,grandes_empresas,10833.645000,4410.667000,423471.920000,438716.232000
2022-08-31,GNB,hipotecario,43710.579000,11332.005000,616386.256000,671428.840000
2022-08-31,GNB,medianas_empresas,56068.653000,68797.666000,37448.658000,162314.977000
2022-08-31,GNB,microempresas,6.131000,0.000000,47.627000,53.758000
2022-08-31,GNB,pequenas_empresas,710.967000,223.329000,400.144000,1334.440000
2022-08-31,ICBC,corporativo,0.000000,0.000000,1023314.113000,1023314.113000
2022-08-31,ICBC,grandes_empresas,0.000000,0.000000,103344.979000,103344.979000
2022-08-31,ICBC,medianas_empresas,0.000000,0.000000,61092.142000,61092.142000
2022-08-31,INTERBANK,consumo,458923.556850,132870.156080,13443976.405580,14035770.118510
2022-08-31,INTERBANK,corporativo,0.000000,0.000000,8387021.249000,8387021.249000
2022-08-31,INTERBANK,grandes_empresas,190826.717000,26862.991000,6564760.634000,6782450.342000
2022-08-31,INTERBANK,hipotecario,249083.882000,32166.907000,8807168.193000,9088418.982000
2022-08-31,INTERBANK,medianas_empresas,350912.753000,72296.661000,3773984.957000,4197194.371000
2022-08-31,INTERBANK,microempresas,3517.496000,293.901000,54679.302000,58490.699000
2022-08-31,INTERBANK,pequenas_empresas,120754.446000,12955.790000,1263256.736000,1396966.972000
2022-08-31,MIBANCO,consumo,14852.976720,3331.092660,536748.925180,554932.994560
2022-08-31,MIBANCO,hipotecario,28471.324000,1175.491000,431935.021000,461581.836000
2022-08-31,MIBANCO,medianas_empresas,62552.785000,431.217000,392220.290000,455204.292000
2022-08-31,MIBANCO,microempresas,196287.821000,8660.761000,3180579.637000,3385528.219000
2022-08-31,MIBANCO,pequenas_empresas,617996.931000,65305.183000,8594848.994000,9278151.108000
2022-08-31,PICHINCHA,consumo,88994.532570,33062.005330,3229775.733880,3351832.271780
2022-08-31,PICHINCHA,corporativo,10804.531000,0.000000,918979.295000,929783.826000
2022-08-31,PICHINCHA,grandes_empresas,96165.408000,31524.629000,1638606.385000,1766296.422000
2022-08-31,PICHINCHA,hipotecario,46609.485000,2865.170000,1274374.581000,1323849.236000
2022-08-31,PICHINCHA,medianas_empresas,299661.591000,145189.000000,811126.350000,1255976.941000
2022-08-31,PICHINCHA,microempresas,9484.217000,1476.468000,155208.835000,166169.520000
2022-08-31,PICHINCHA,pequenas_empresas,32774.668000,13043.291000,489765.576000,535583.535000
2022-08-31,RIPLEY,consumo,49676.223980,33534.644900,1507131.088570,1590341.957450
2022-08-31,SANTANDER,consumo,0.000000,0.000000,4333.623090,4333.623090
2022-08-31,SANTANDER,corporativo,3506.870000,0.000000,2754746.103000,2758252.973000
2022-08-31,SANTANDER,grandes_empresas,38522.166000,20242.001000,2911631.080000,2970395.247000
2022-08-31,SANTANDER,medianas_empresas,16153.387000,944.716000,813664.127000,830762.230000
2022-08-31,SCOTIABANK,consumo,217426.398680,392573.638360,9248045.651030,9858045.688070
2022-08-31,SCOTIABANK,corporativo,448778.652000,0.000000,19275557.089000,19724335.741000
2022-08-31,SCOTIABANK,grandes_empresas,144828.650000,224598.990000,7986108.441000,8355536.081000
2022-08-31,SCOTIABANK,hipotecario,318874.852000,370438.980000,10008073.513000,10697387.345000
2022-08-31,SCOTIABANK,medianas_empresas,965550.487000,363943.393000,6709987.185000,8039481.065000
2022-08-31,SCOTIABANK,microempresas,3278.188000,1638.924000,47668.413000,52585.525000
2022-08-31,SCOTIABANK,pequenas_empresas,256235.440000,176390.836000,1587910.752000,2020537.028000
2022-09-30,ALFIN,consumo,19518.529530,13745.806020,468806.886970,502071.222520
2022-09-30,ALFIN,medianas_empresas,0.000000,0.000000,4087.467000,4087.467000
2022-09-30,BANCOM,consumo,15946.980200,45324.712370,1456870.721820,1518142.414390
2022-09-30,BANCOM,corporativo,0.074000,0.000000,43888.719000,43888.793000
2022-09-30,BANCOM,grandes_empresas,28215.274000,0.000000,86063.832000,114279.106000
2022-09-30,BANCOM,hipotecario,4156.737000,351.391000,83406.595000,87914.723000
2022-09-30,BANCOM,medianas_empresas,20247.878000,1402.063000,91912.508000,113562.449000
2022-09-30,BANCOM,microempresas,6.453000,0.000000,0.105000,6.558000
2022-09-30,BANCOM,pequenas_empresas,279.921000,0.000000,2522.463000,2802.384000
2022-09-30,BANK_OF_CHINA,corporativo,0.000000,0.000000,60905.000000,60905.000000
2022-09-30,BANK_OF_CHINA,medianas_empresas,0.000000,0.000000,19905.000000,19905.000000
2022-09-30,BBVA,consumo,273053.314860,72180.798850,9401709.654880,9746943.768590
2022-09-30,BBVA,corporativo,4954.471000,0.000000,14140646.631000,14145601.102000
2022-09-30,BBVA,grandes_empresas,208989.749000,276263.854000,13018396.487000,13503650.090000
2022-09-30,BBVA,hipotecario,330180.474000,345781.345000,13974519.429000,14650481.248000
2022-09-30,BBVA,medianas_empresas,2013781.831000,1054077.929000,15292324.285000,18360184.045000
2022-09-30,BBVA,microempresas,3689.466000,438.759000,135401.470000,139529.695000
2022-09-30,BBVA,pequenas_empresas,262276.804000,47202.216000,3291272.253000,3600751.273000
2022-09-30,BCI,grandes_empresas,0.000000,0.000000,79215.000000,79215.000000
2022-09-30,BCP,consumo,432882.135190,402187.993020,16400930.335550,17236000.463760
2022-09-30,BCP,corporativo,296394.009000,0.000000,34053469.751000,34349863.760000
2022-09-30,BCP,grandes_empresas,338721.295000,280381.075000,21365025.884000,21984128.254000
2022-09-30,BCP,hipotecario,519831.156000,171185.795000,19113783.123000,19804800.074000
2022-09-30,BCP,medianas_empresas,2845862.245000,692966.760000,21407223.534000,24946052.539000
2022-09-30,BCP,microempresas,30993.047000,2254.105000,567482.350000,600729.502000
2022-09-30,BCP,pequenas_empresas,602492.083000,137799.593000,5788687.753000,6528979.429000
2022-09-30,BIF,consumo,37305.560420,14378.321180,1737255.801280,1788939.682880
2022-09-30,BIF,corporativo,6314.638000,0.000000,3260323.930000,3266638.568000
2022-09-30,BIF,grandes_empresas,142185.982000,101938.609000,3689122.766000,3933247.357000
2022-09-30,BIF,hipotecario,67723.263000,36201.543000,2757163.891000,2861088.697000
2022-09-30,BIF,medianas_empresas,216287.840000,79789.026000,1639351.292000,1935428.158000
2022-09-30,BIF,microempresas,189.403000,0.000000,1399.024000,1588.427000
2022-09-30,BIF,pequenas_empresas,4095.090000,684.214000,18583.578000,23362.882000
2022-09-30,CITIBANK,corporativo,0.000000,0.000000,764208.733000,764208.733000
2022-09-30,CITIBANK,grandes_empresas,0.000000,0.000000,1273163.968000,1273163.968000
2022-09-30,CITIBANK,medianas_empresas,0.000000,0.000000,186195.763000,186195.763000
2022-09-30,CITIBANK,microempresas,0.000000,0.000000,162.267000,162.267000
2022-09-30,CITIBANK,pequenas_empresas,0.000000,0.000000,2090.396000,2090.396000
2022-09-30,FALABELLA,consumo,134440.019030,42331.672440,3558991.011980,3735762.703450
2022-09-30,FALABELLA,hipotecario,0.000000,0.000000,189.204000,189.204000
2022-09-30,FALABELLA,medianas_empresas,0.000000,0.000000,70.568000,70.568000
2022-09-30,GNB,consumo,17385.598220,4303.943620,1577646.822000,1599336.363840
2022-09-30,GNB,corporativo,0.000000,0.000000,586900.379000,586900.379000
2022-09-30,GNB,grandes_empresas,11938.867000,4334.787000,436590.216000,452863.870000
2022-09-30,GNB,hipotecario,41643.525000,12640.859000,613059.660000,667344.044000
2022-09-30,GNB,medianas_empresas,55945.748000,71295.330000,38214.498000,165455.576000
2022-09-30,GNB,microempresas,0.000000,0.000000,47.945000,47.945000
2022-09-30,GNB,pequenas_empresas,641.300000,219.590000,348.618000,1209.508000
2022-09-30,ICBC,corporativo,0.000000,0.000000,1076901.629000,1076901.629000
2022-09-30,ICBC,grandes_empresas,0.000000,0.000000,157140.482000,157140.482000
2022-09-30,ICBC,medianas_empresas,0.000000,0.000000,3184.800000,3184.800000
2022-09-30,INTERBANK,consumo,463877.230280,141950.742370,13541677.624170,14147505.596820
2022-09-30,INTERBANK,corporativo,842.180000,0.000000,8645643.149000,8646485.329000
2022-09-30,INTERBANK,grandes_empresas,185964.492000,27325.135000,6881198.170000,7094487.797000
2022-09-30,INTERBANK,hipotecario,241511.733000,32225.349000,8891636.903000,9165373.985000
2022-09-30,INTERBANK,medianas_empresas,401930.601000,72722.988000,3816713.293000,4291366.882000
2022-09-30,INTERBANK,microempresas,3038.577000,262.426000,59586.631000,62887.634000
2022-09-30,INTERBANK,pequenas_empresas,133724.302000,13577.867000,1214507.577000,1361809.746000
2022-09-30,MIBANCO,consumo,14743.134880,3607.627610,530705.385220,549056.147710
2022-09-30,MIBANCO,hipotecario,28923.432000,1160.125000,432784.151000,462867.708000
2022-09-30,MIBANCO,medianas_empresas,58520.778000,421.113000,398347.879000,457289.770000
2022-09-30,MIBANCO,microempresas,201350.200000,9141.768000,3103425.899000,3313917.867000
2022-09-30,MIBANCO,pequenas_empresas,631377.990000,67252.819000,8635062.168000,9333692.977000
2022-09-30,PICHINCHA,consumo,84348.234950,33146.354930,3261158.490370,3378653.080250
2022-09-30,PICHINCHA,corporativo,11189.604000,0.000000,931197.469000,942387.073000
2022-09-30,PICHINCHA,grandes_empresas,94552.167000,34275.486000,1578349.371000,1707177.024000
2022-09-30,PICHINCHA,hipotecario,47006.772000,2864.729000,1294114.827000,1343986.328000
2022-09-30,PICHINCHA,medianas_empresas,246231.052000,167590.266000,891944.167000,1305765.485000
2022-09-30,PICHINCHA,microempresas,9178.194000,1547.752000,161437.227000,172163.173000
2022-09-30,PICHINCHA,pequenas_empresas,34789.376000,13775.283000,504911.405000,553476.064000
2022-09-30,RIPLEY,consumo,48145.799270,35895.272070,1485922.015810,1569963.087150
2022-09-30,SANTANDER,consumo,0.000000,0.000000,4277.081150,4277.081150
2022-09-30,SANTANDER,corporativo,3505.516000,0.000000,2773689.563000,2777195.079000
2022-09-30,SANTANDER,grandes_empresas,43317.960000,20157.928000,3050759.210000,3114235.098000
2022-09-30,SANTANDER,medianas_empresas,16699.793000,549.584000,825584.337000,842833.714000
2022-09-30,SANTANDER,pequenas_empresas,0.000000,0.000000,146.902000,146.902000
2022-09-30,SCOTIABANK,consumo,225062.614760,389592.232340,9307676.167840,9922331.014940
2022-09-30,SCOTIABANK,corporativo,471731.269000,0.000000,18850057.876000,19321789.145000
2022-09-30,SCOTIABANK,grandes_empresas,143038.979000,147961.073000,7960628.235000,8251628.287000
2022-09-30,SCOTIABANK,hipotecario,313011.103000,371455.089000,10125991.944000,10810458.136000
2022-09-30,SCOTIABANK,medianas_empresas,957260.821000,483791.779000,6858564.967000,8299617.567000
2022-09-30,SCOTIABANK,microempresas,2817.916000,1724.295000,48893.361000,53435.572000
2022-09-30,SCOTIABANK,pequenas_empresas,250546.198000,178905.239000,1561484.748000,1990936.185000
2022-10-31,ALFIN,consumo,20979.515820,19177.103020,491898.978160,532055.597000
2022-10-31,ALFIN,medianas_empresas,0.000000,0.000000,3970.856000,3970.856000
2022-10-31,BANCOM,consumo,19737.293650,45363.989470,1473054.548850,1538155.831970
2022-10-31,BANCOM,corporativo,0.074000,0.000000,45480.276000,45480.350000
2022-10-31,BANCOM,grandes_empresas,28127.996000,0.000000,90093.009000,118221.005000
2022-10-31,BANCOM,hipotecario,4911.346000,350.518000,83242.232000,88504.096000
2022-10-31,BANCOM,medianas_empresas,19126.305000,1352.328000,89836.609000,110315.242000
2022-10-31,BANCOM,microempresas,6.560000,0.000000,0.000000,6.560000
2022-10-31,BANCOM,pequenas_empresas,273.762000,0.000000,2646.779000,2920.541000
2022-10-31,BANK_OF_CHINA,corporativo,0.000000,0.000000,100820.000000,100820.000000
2022-10-31,BANK_OF_CHINA,medianas_empresas,0.000000,0.000000,19940.000000,19940.000000
2022-10-31,BBVA,consumo,273566.455290,70497.852200,9569455.574910,9913519.882400
2022-10-31,BBVA,corporativo,4963.165000,0.000000,14402133.447000,14407096.612000
2022-10-31,BBVA,grandes_empresas,248842.187000,239843.947000,12939778.889000,13428465.023000
2022-10-31,BBVA,hipotecario,329750.231000,346861.320000,14018482.499000,14695094.050000
2022-10-31,BBVA,medianas_empresas,2055860.753000,1057661.116000,15127815.300000,18241337.169000
2022-10-31,BBVA,microempresas,3738.179000,452.499000,146563.386000,150754.064000
2022-10-31,BBVA,pequenas_empresas,280943.524000,47562.580000,3393234.265000,3721740.369000
2022-10-31,BCI,corporativo,0.000000,0.000000,39440.000000,39440.000000
2022-10-31,BCI,grandes_empresas,0.000000,0.000000,99260.000000,99260.000000
2022-10-31,BCP,consumo,418335.971330,397928.895420,16704474.978060,17520739.844810
2022-10-31,BCP,corporativo,300080.687000,0.000000,34014238.560000,34314319.247000
2022-10-31,BCP,grandes_empresas,327500.827000,295674.632000,21385847.687000,22009023.146000
2022-10-31,BCP,hipotecario,521698.897000,175088.259000,19224831.945000,19921619.101000
2022-10-31,BCP,medianas_empresas,2825322.308000,694181.804000,21050893.003000,24570397.115000
2022-10-31,BCP,microempresas,34221.498000,2260.745000,556880.609000,593362.852000
2022-10-31,BCP,pequenas_empresas,631886.609000,131996.501000,5735175.605000,6499058.715000
2022-10-31,BIF,consumo,38248.711300,15067.333830,1764965.423500,1818281.468630
2022-10-31,BIF,corporativo,6317.165000,0.000000,3243166.470000,3249483.635000
2022-10-31,BIF,grandes_empresas,142645.825000,100209.340000,3666205.242000,3909060.407000
2022-10-31,BIF,hipotecario,67385.053000,36246.264000,2765362.963000,2868994.280000
2022-10-31,BIF,medianas_empresas,225708.563000,67043.220000,1576103.058000,1868854.841000
2022-10-31,BIF,microempresas,171.384000,0.000000,2134.191000,2305.575000
2022-10-31,BIF,pequenas_empresas,3872.366000,650.177000,19867.454000,24389.997000
2022-10-31,CITIBANK,corporativo,0.000000,0.000000,674445.870000,674445.870000
2022-10-31,CITIBANK,grandes_empresas,0.000000,0.000000,1203991.577000,1203991.577000
2022-10-31,CITIBANK,medianas_empresas,0.000000,0.000000,192024.482000,192024.482000
2022-10-31,CITIBANK,microempresas,0.000000,0.000000,258.445000,258.445000
2022-10-31,CITIBANK,pequenas_empresas,0.000000,0.000000,2123.622000,2123.622000
2022-10-31,FALABELLA,consumo,141497.437120,42305.334830,3617153.742070,3800956.514020
2022-10-31,FALABELLA,hipotecario,0.000000,0.000000,182.362000,182.362000
2022-10-31,FALABELLA,medianas_empresas,0.000000,0.000000,69.066000,69.066000
2022-10-31,GNB,consumo,19979.399700,4113.632510,1559851.240100,1583944.272310
2022-10-31,GNB,corporativo,0.000000,0.000000,564361.846000,564361.846000
2022-10-31,GNB,grandes_empresas,11158.456000,4190.696000,442347.930000,457697.082000
2022-10-31,GNB,hipotecario,40769.981000,12670.950000,609140.429000,662581.360000
2022-10-31,GNB,medianas_empresas,57492.233000,68608.162000,37096.157000,163196.552000
2022-10-31,GNB,microempresas,5.976000,0.000000,33.907000,39.883000
2022-10-31,GNB,pequenas_empresas,641.922000,215.825000,303.083000,1160.830000
2022-10-31,ICBC,corporativo,0.000000,0.000000,1075779.550000,1075779.550000
2022-10-31,ICBC,grandes_empresas,0.000000,0.000000,154569.431000,154569.431000
2022-10-31,ICBC,medianas_empresas,0.000000,0.000000,3190.400000,3190.400000
2022-10-31,INTERBANK,consumo,484095.780990,154709.270040,13837716.220890,14476521.271920
2022-10-31,INTERBANK,corporativo,0.000000,0.000000,8257488.974000,8257488.974000
2022-10-31,INTERBANK,grandes_empresas,203754.418000,27138.096000,6771642.013000,7002534.527000
2022-10-31,INTERBANK,hipotecario,241855.765000,32528.948000,8951057.627000,9225442.340000
2022-10-31,INTERBANK,medianas_empresas,409103.531000,71370.927000,3752123.116000,4232597.574000
2022-10-31,INTERBANK,microempresas,3512.381000,512.835000,64324.648000,68349.864000
2022-10-31,INTERBANK,pequenas_empresas,162222.198000,13902.259000,1163660.308000,1339784.765000
2022-10-31,MIBANCO,consumo,13330.929330,3658.947800,524530.431000,541520.308130
2022-10-31,MIBANCO,hipotecario,28495.975000,1145.306000,437913.181000,467554.462000
2022-10-31,MIBANCO,medianas_empresas,58277.309000,410.607000,400484.170000,459172.086000
2022-10-31,MIBANCO,microempresas,205317.320000,9492.295000,3067827.708000,3282637.323000
2022-10-31,MIBANCO,pequenas_empresas,646152.653000,68883.964000,8666823.833000,9381860.450000
2022-10-31,PICHINCHA,consumo,91090.023590,33485.124170,3306751.451750,3431326.599510
2022-10-31,PICHINCHA,corporativo,11209.279000,0.000000,950569.250000,961778.529000
2022-10-31,PICHINCHA,grandes_empresas,92019.883000,33422.803000,1646442.194000,1771884.880000
2022-10-31,PICHINCHA,hipotecario,46923.122000,2838.771000,1312565.312000,1362327.205000
2022-10-31,PICHINCHA,medianas_empresas,244029.227000,165487.734000,740390.313000,1149907.274000
2022-10-31,PICHINCHA,microempresas,9038.285000,1577.637000,157384.256000,168000.178000
2022-10-31,PICHINCHA,pequenas_empresas,32684.685000,14254.755000,518742.541000,565681.981000
2022-10-31,RIPLEY,consumo,47997.929360,39143.875710,1527479.833820,1614621.638890
2022-10-31,SANTANDER,consumo,0.000000,0.000000,4630.391430,4630.391430
2022-10-31,SANTANDER,corporativo,3505.277000,0.000000,2814207.989000,2817713.266000
2022-10-31,SANTANDER,grandes_empresas,52576.996000,19682.257000,2993020.732000,3065279.985000
2022-10-31,SANTANDER,medianas_empresas,15798.901000,875.902000,798557.772000,815232.575000
2022-10-31,SANTANDER,pequenas_empresas,0.000000,0.000000,876.345000,876.345000
2022-10-31,SCOTIABANK,consumo,205794.490730,383595.490190,9458674.714130,10048064.695050
2022-10-31,SCOTIABANK,corporativo,482232.705000,0.000000,17374268.733000,17856501.438000
2022-10-31,SCOTIABANK,grandes_empresas,142779.568000,146525.982000,8881831.978000,9171137.528000
2022-10-31,SCOTIABANK,hipotecario,301631.755000,377243.980000,10198811.780000,10877687.515000
2022-10-31,SCOTIABANK,medianas_empresas,1008338.206000,452383.574000,7146630.953000,8607352.733000
2022-10-31,SCOTIABANK,microempresas,3003.992000,1740.380000,48370.562000,53114.934000
2022-10-31,SCOTIABANK,pequenas_empresas,241872.817000,177990.487000,1536678.091000,1956541.395000
2022-11-30,ALFIN,consumo,20049.237410,21937.609920,510413.516390,552400.363720
2022-11-30,ALFIN,medianas_empresas,0.000000,0.000000,3851.839000,3851.839000
2022-11-30,BANCOM,consumo,23121.412780,45067.861770,1490910.433670,1559099.708220
2022-11-30,BANCOM,corporativo,0.074000,0.000000,43168.875000,43168.949000
2022-11-30,BANCOM,grandes_empresas,28588.313000,0.000000,88907.962000,117496.275000
2022-11-30,BANCOM,hipotecario,4874.305000,349.795000,84767.801000,89991.901000
2022-11-30,BANCOM,medianas_empresas,19914.791000,1116.914000,83520.651000,104552.356000
2022-11-30,BANCOM,microempresas,6.435000,0.000000,0.000000,6.435000
2022-11-30,BANCOM,pequenas_empresas,420.982000,0.000000,3702.934000,4123.916000
2022-11-30,BANK_OF_CHINA,corporativo,0.000000,0.000000,98780.000000,98780.000000
2022-11-30,BANK_OF_CHINA,medianas_empresas,0.000000,0.000000,19260.000000,19260.000000
2022-11-30,BBVA,consumo,271851.354970,72403.489320,9693611.278140,10037866.122430
2022-11-30,BBVA,corporativo,7098.134000,0.000000,13729313.826000,13736411.960000
2022-11-30,BBVA,grandes_empresas,235203.540000,236060.845000,12593808.590000,13065072.975000
2022-11-30,BBVA,hipotecario,324143.092000,335346.822000,13985733.227000,14645223.141000
2022-11-30,BBVA,medianas_empresas,2021988.274000,1025390.501000,14850724.677000,17898103.452000
2022-11-30,BBVA,microempresas,3511.801000,458.022000,145489.777000,149459.600000
2022-11-30,BBVA,pequenas_empresas,288906.948000,49184.895000,3462231.721000,3800323.564000
2022-11-30,BCI,corporativo,0.000000,0.000000,58020.000000,58020.000000
2022-11-30,BCI,grandes_empresas,0.000000,0.000000,106170.000000,106170.000000
2022-11-30,BCP,consumo,412397.754390,384037.833550,16920979.912870,17717415.500810
2022-11-30,BCP,corporativo,158062.359000,0.000000,33483559.848000,33641622.207000
2022-11-30,BCP,grandes_empresas,339145.047000,286342.862000,20264119.227000,20889607.136000
2022-11-30,BCP,hipotecario,517482.435000,178203.190000,19259617.647000,19955303.272000
2022-11-30,BCP,medianas_empresas,2926280.923000,695734.915000,20601917.772000,24223933.610000
2022-11-30,BCP,microempresas,36852.633000,3242.171000,548205.950000,588300.754000
2022-11-30,BCP,pequenas_empresas,644580.706000,132120.845000,5695149.393000,6471850.944000
2022-11-30,BIF,consumo,37671.944900,15004.901930,1792208.517100,1844885.363930
2022-11-30,BIF,corporativo,6318.037000,0.000000,3117033.416000,3123351.453000
2022-11-30,BIF,grandes_empresas,139697.036000,95947.215000,3658660.707000,3894304.958000
2022-11-30,BIF,hipotecario,66623.155000,37602.302000,2786228.594000,2890454.051000
2022-11-30,BIF,medianas_empresas,217072.522000,62673.617000,1553154.571000,1832900.710000
2022-11-30,BIF,microempresas,148.128000,0.000000,2797.155000,2945.283000
2022-11-30,BIF,pequenas_empresas,3827.245000,599.870000,17754.087000,22181.202000
2022-11-30,CITIBANK,corporativo,0.000000,0.000000,632317.933000,632317.933000
2022-11-30,CITIBANK,grandes_empresas,0.000000,0.000000,1081181.736000,1081181.736000
2022-11-30,CITIBANK,medianas_empresas,0.000000,0.000000,195607.876000,195607.876000
2022-11-30,CITIBANK,microempresas,0.000000,0.000000,189.094000,189.094000
2022-11-30,CITIBANK,pequenas_empresas,0.000000,0.000000,1953.410000,1953.410000
2022-11-30,FALABELLA,consumo,148775.434000,42430.681360,3661825.348680,3853031.464040
2022-11-30,FALABELLA,hipotecario,0.000000,0.000000,168.109000,168.109000
2022-11-30,FALABELLA,medianas_empresas,0.000000,0.000000,67.506000,67.506000
2022-11-30,FALABELLA,microempresas,0.000000,0.000000,136.100000,136.100000
2022-11-30,FALABELLA,pequenas_empresas,0.000000,0.000000,513.000000,513.000000
2022-11-30,GNB,consumo,22376.430460,4092.916450,1531330.209270,1557799.556180
2022-11-30,GNB,corporativo,0.000000,0.000000,603589.628000,603589.628000
2022-11-30,GNB,grandes_empresas,10851.691000,3979.242000,433296.579000,448127.512000
2022-11-30,GNB,hipotecario,40072.192000,12718.867000,606157.592000,658948.651000
2022-11-30,GNB,medianas_empresas,54003.678000,69300.406000,31665.529000,154969.613000
2022-11-30,GNB,microempresas,5.976000,0.000000,27.383000,33.359000
2022-11-30,GNB,pequenas_empresas,621.994000,212.084000,261.886000,1095.964000
2022-11-30,ICBC,corporativo,0.000000,0.000000,958422.465000,958422.465000
2022-11-30,ICBC,grandes_empresas,0.000000,0.000000,145224.869000,145224.869000
2022-11-30,ICBC,medianas_empresas,0.000000,0.000000,3081.600000,3081.600000
2022-11-30,INTERBANK,consumo,479682.963340,163788.500780,14174844.053690,14818315.517810
2022-11-30,INTERBANK,corporativo,28.481000,0.000000,9077288.689000,9077317.170000
2022-11-30,INTERBANK,grandes_empresas,185390.907000,26742.582000,6561079.929000,6773213.418000
2022-11-30,INTERBANK,hipotecario,240822.176000,31955.952000,9006281.932000,9279060.060000
2022-11-30,INTERBANK,medianas_empresas,391246.217000,68670.102000,3695321.892000,4155238.211000
2022-11-30,INTERBANK,microempresas,3817.102000,433.562000,64655.110000,68905.774000
2022-11-30,INTERBANK,pequenas_empresas,169076.910000,15525.310000,1122626.351000,1307228.571000
2022-11-30,MIBANCO,consumo,12701.215740,3806.650760,521018.788940,537526.655440
2022-11-30,MIBANCO,hipotecario,27440.964000,1183.601000,441756.707000,470381.272000
2022-11-30,MIBANCO,medianas_empresas,55336.051000,457.840000,410209.421000,466003.312000
2022-11-30,MIBANCO,microempresas,155156.098000,10226.750000,3079272.322000,3244655.170000
2022-11-30,MIBANCO,pequenas_empresas,581934.287000,71274.972000,8780705.743000,9433915.002000
2022-11-30,PICHINCHA,consumo,105188.560220,33124.970320,3390555.520530,3528869.051070
2022-11-30,PICHINCHA,corporativo,11480.344000,0.000000,1009388.282000,1020868.626000
2022-11-30,PICHINCHA,grandes_empresas,71008.178000,21375.022000,1557856.860000,1650240.060000
2022-11-30,PICHINCHA,hipotecario,47216.020000,2799.232000,1329566.814000,1379582.066000
2022-11-30,PICHINCHA,medianas_empresas,239542.296000,169614.101000,729979.857000,1139136.254000
2022-11-30,PICHINCHA,microempresas,8452.342000,1554.549000,161328.223000,171335.114000
2022-11-30,PICHINCHA,pequenas_empresas,27035.676000,14936.537000,522363.318000,564335.531000
2022-11-30,RIPLEY,consumo,46198.456950,38560.889930,1563193.933930,1647953.280810
2022-11-30,SANTANDER,consumo,0.000000,0.000000,4521.648660,4521.648660
2022-11-30,SANTANDER,corporativo,22766.172000,0.000000,2587499.501000,2610265.673000
2022-11-30,SANTANDER,grandes_empresas,40337.787000,19139.891000,2878108.078000,2937585.756000
2022-11-30,SANTANDER,medianas_empresas,20576.837000,5359.431000,768546.439000,794482.707000
2022-11-30,SCOTIABANK,consumo,227154.345320,380909.275370,9613145.720680,10221209.341370
2022-11-30,SCOTIABANK,corporativo,473580.514000,0.000000,17629728.390000,18103308.904000
2022-11-30,SCOTIABANK,grandes_empresas,133990.066000,142025.304000,8607416.520000,8883431.890000
2022-11-30,SCOTIABANK,hipotecario,297033.397000,377596.889000,10223153.968000,10897784.254000
2022-11-30,SCOTIABANK,medianas_empresas,1020025.189000,441018.916000,6770303.808000,8231347.913000
2022-11-30,SCOTIABANK,microempresas,2866.046000,1676.027000,45546.946000,50089.019000
2022-11-30,SCOTIABANK,pequenas_empresas,242745.013000,182241.692000,1501899.020000,1926885.725000
2022-12-31,ALFIN,consumo,21564.817920,25312.356050,524268.811740,571145.985710
2022-12-31,ALFIN,medianas_empresas,0.000000,0.000000,3732.916000,3732.916000
2022-12-31,BANCOM,consumo,18026.044100,44187.134030,1494099.323860,1556312.501990
2022-12-31,BANCOM,corporativo,0.074000,0.000000,44102.877000,44102.951000
2022-12-31,BANCOM,grandes_empresas,28096.084000,0.000000,86415.323000,114511.407000
2022-12-31,BANCOM,hipotecario,5013.843000,349.055000,86054.762000,91417.660000
2022-12-31,BANCOM,medianas_empresas,19845.739000,1113.914000,83597.596000,104557.249000
2022-12-31,BANCOM,microempresas,6.429000,0.000000,190.700000,197.129000
2022-12-31,BANCOM,pequenas_empresas,442.993000,0.000000,3828.897000,4271.890000
2022-12-31,BANK_OF_CHINA,corporativo,0.000000,0.000000,98210.000000,98210.000000
2022-12-31,BANK_OF_CHINA,medianas_empresas,0.000000,0.000000,19070.000000,19070.000000
2022-12-31,BBVA,consumo,285517.393420,70296.537230,9798073.658590,10153887.589240
2022-12-31,BBVA,corporativo,7124.858000,0.000000,14114100.473000,14121225.331000
2022-12-31,BBVA,grandes_empresas,244947.759000,229880.515000,12262985.970000,12737814.244000
2022-12-31,BBVA,hipotecario,324375.100000,329230.559000,13959809.191000,14613414.850000
2022-12-31,BBVA,medianas_empresas,2047950.842000,996679.465000,14502470.594000,17547100.901000
2022-12-31,BBVA,microempresas,5351.559000,466.960000,155624.730000,161443.249000
2022-12-31,BBVA,pequenas_empresas,283186.062000,46246.912000,3455744.638000,3785177.612000
2022-12-31,BCI,corporativo,0.000000,0.000000,89082.000000,89082.000000
2022-12-31,BCI,grandes_empresas,0.000000,0.000000,123725.833000,123725.833000
2022-12-31,BCP,consumo,444152.762470,373224.894390,16996484.602300,17813862.259160
2022-12-31,BCP,corporativo,154756.148000,221012.316000,33301419.733000,33677188.197000
2022-12-31,BCP,grandes_empresas,299999.367000,295257.566000,20121912.855000,20717169.788000
2022-12-31,BCP,hipotecario,527733.194000,174233.933000,19305252.685000,20007219.812000
2022-12-31,BCP,medianas_empresas,2775288.044000,786798.023000,20209993.254000,23772079.321000
2022-12-31,BCP,microempresas,38429.103000,2980.326000,509264.031000,550673.460000
2022-12-31,BCP,pequenas_empresas,630641.988000,126357.592000,5567839.271000,6324838.851000
2022-12-31,BIF,consumo,39984.841340,15391.682480,1795097.551080,1850474.074900
2022-12-31,BIF,corporativo,4888.691000,0.000000,3211881.604000,3216770.295000
2022-12-31,BIF,grandes_empresas,140956.585000,96798.592000,3601004.247000,3838759.424000
2022-12-31,BIF,hipotecario,66181.257000,38712.649000,2804176.286000,2909070.192000
2022-12-31,BIF,medianas_empresas,215003.985000,62486.416000,1548315.298000,1825805.699000
2022-12-31,BIF,microempresas,149.472000,0.000000,8240.525000,8389.997000
2022-12-31,BIF,pequenas_empresas,3795.183000,544.351000,17563.858000,21903.392000
2022-12-31,CITIBANK,corporativo,0.000000,0.000000,729958.519000,729958.519000
2022-12-31,CITIBANK,grandes_empresas,0.000000,0.000000,1011255.160000,1011255.160000
2022-12-31,CITIBANK,medianas_empresas,0.000000,0.000000,196664.452000,196664.452000
2022-12-31,CITIBANK,microempresas,0.000000,0.000000,136.263000,136.263000
2022-12-31,CITIBANK,pequenas_empresas,0.000000,0.000000,1798.090000,1798.090000
2022-12-31,FALABELLA,consumo,162862.820400,44209.271110,3732843.423560,3939915.515070
2022-12-31,FALABELLA,hipotecario,0.000000,0.000000,161.600000,161.600000
2022-12-31,FALABELLA,medianas_empresas,0.000000,0.000000,65.838000,65.838000
2022-12-31,FALABELLA,microempresas,0.000000,0.000000,185.897000,185.897000
2022-12-31,FALABELLA,pequenas_empresas,0.000000,0.000000,783.546000,783.546000
2022-12-31,GNB,consumo,22258.679070,4207.551320,1506075.519410,1532541.749800
2022-12-31,GNB,corporativo,0.000000,0.000000,650750.559000,650750.559000
2022-12-31,GNB,grandes_empresas,11338.077000,3828.395000,417916.887000,433083.359000
2022-12-31,GNB,hipotecario,40696.577000,12622.921000,597986.989000,651306.487000
2022-12-31,GNB,medianas_empresas,53327.435000,68703.469000,49286.771000,171317.675000
2022-12-31,GNB,microempresas,5.976000,0.000000,18.950000,24.926000
2022-12-31,GNB,pequenas_empresas,618.616000,208.264000,219.344000,1046.224000
2022-12-31,ICBC,corporativo,0.000000,0.000000,1012397.647000,1012397.647000
2022-12-31,ICBC,grandes_empresas,0.000000,0.000000,154229.127000,154229.127000
2022-12-31,ICBC,medianas_empresas,0.000000,0.000000,3051.200000,3051.200000
2022-12-31,INTERBANK,consumo,472254.609140,177053.340750,14328435.753490,14977743.703380
2022-12-31,INTERBANK,corporativo,248.336000,0.000000,8405071.142000,8405319.478000
2022-12-31,INTERBANK,grandes_empresas,162236.464000,31277.736000,6967889.403000,7161403.603000
2022-12-31,INTERBANK,hipotecario,239792.366000,31573.068000,9034897.465000,9306262.899000
2022-12-31,INTERBANK,medianas_empresas,339861.962000,66997.523000,3677668.350000,4084527.835000
2022-12-31,INTERBANK,microempresas,4162.871000,209.371000,65980.603000,70352.845000
2022-12-31,INTERBANK,pequenas_empresas,152693.894000,15829.644000,1095469.061000,1263992.599000
2022-12-31,MIBANCO,consumo,12585.255650,3827.419290,512678.753470,529091.428410
2022-12-31,MIBANCO,hipotecario,22807.704000,1168.614000,442155.480000,466131.798000
2022-12-31,MIBANCO,medianas_empresas,52294.555000,424.592000,409605.567000,462324.714000
2022-12-31,MIBANCO,microempresas,144933.474000,9966.877000,3026914.029000,3181814.380000
2022-12-31,MIBANCO,pequenas_empresas,544769.772000,69849.769000,8712313.540000,9326933.081000
2022-12-31,PICHINCHA,consumo,115712.482640,33528.466380,3473772.462460,3623013.411480
2022-12-31,PICHINCHA,corporativo,0.000000,0.000000,874999.918000,874999.918000
2022-12-31,PICHINCHA,grandes_empresas,86684.834000,21416.324000,1577284.364000,1685385.522000
2022-12-31,PICHINCHA,hipotecario,46960.041000,2551.735000,1335783.438000,1385295.214000
2022-12-31,PICHINCHA,medianas_empresas,232295.251000,168981.812000,688855.377000,1090132.440000
2022-12-31,PICHINCHA,microempresas,7382.686000,1608.563000,125614.954000,134606.203000
2022-12-31,PICHINCHA,pequenas_empresas,25406.684000,15669.066000,504048.535000,545124.285000
2022-12-31,RIPLEY,consumo,50156.291220,38978.624560,1628896.770410,1718031.686190
2022-12-31,SANTANDER,consumo,0.000000,0.000000,4484.320090,4484.320090
2022-12-31,SANTANDER,corporativo,22575.153000,0.000000,2362309.030000,2384884.183000
2022-12-31,SANTANDER,grandes_empresas,41616.880000,18529.990000,2657836.942000,2717983.812000
2022-12-31,SANTANDER,medianas_empresas,25983.599000,5135.393000,753182.194000,784301.186000
2022-12-31,SCOTIABANK,consumo,236733.404410,377358.596850,9689602.703340,10303694.704600
2022-12-31,SCOTIABANK,corporativo,462833.289000,0.000000,16688423.298000,17151256.587000
2022-12-31,SCOTIABANK,grandes_empresas,127195.404000,133644.020000,8482609.030000,8743448.454000
2022-12-31,SCOTIABANK,hipotecario,291640.396000,382209.078000,10238867.563000,10912717.037000
2022-12-31,SCOTIABANK,medianas_empresas,966805.462000,489989.954000,6935855.368000,8392650.784000
2022-12-31,SCOTIABANK,microempresas,2771.158000,1584.885000,44582.551000,48938.594000
2022-12-31,SCOTIABANK,pequenas_empresas,254932.283000,182023.639000,1445449.058000,1882404.980000
2023-01-31,ALFIN,consumo,24007.691480,30073.687450,537698.285900,591779.664830
2023-01-31,ALFIN,medianas_empresas,0.000000,0.000000,3612.828000,3612.828000
2023-01-31,BANCOM,consumo,21440.033250,43939.460630,1487480.480590,1552859.974470
2023-01-31,BANCOM,corporativo,0.074000,0.000000,39229.862000,39229.936000
2023-01-31,BANCOM,grandes_empresas,28875.528000,0.000000,90532.950000,119408.478000
2023-01-31,BANCOM,hipotecario,4866.132000,348.292000,86047.618000,91262.042000
2023-01-31,BANCOM,medianas_empresas,20462.303000,1112.914000,77702.135000,99277.352000
2023-01-31,BANCOM,microempresas,6.434000,0.000000,187.903000,194.337000
2023-01-31,BANCOM,pequenas_empresas,1059.873000,0.000000,4083.883000,5143.756000
2023-01-31,BANK_OF_CHINA,corporativo,0.000000,0.000000,98720.000000,98720.000000
2023-01-31,BANK_OF_CHINA,medianas_empresas,0.000000,0.000000,19240.000000,19240.000000
2023-01-31,BBVA,consumo,303797.028010,69148.697550,10041702.916250,10414648.641810
2023-01-31,BBVA,corporativo,11783.947000,0.000000,13146174.913000,13157958.860000
2023-01-31,BBVA,grandes_empresas,251701.111000,225465.037000,12252590.486000,12729756.634000
2023-01-31,BBVA,hipotecario,332655.585000,324624.948000,13963968.845000,14621249.378000
2023-01-31,BBVA,medianas_empresas,2060528.150000,981455.389000,14324441.340000,17366424.879000
2023-01-31,BBVA,microempresas,5387.121000,645.230000,132255.450000,138287.801000
2023-01-31,BBVA,pequenas_empresas,312194.216000,45288.467000,3469544.974000,3827027.657000
2023-01-31,BCI,corporativo,0.000000,0.000000,136220.000000,136220.000000
2023-01-31,BCI,grandes_empresas,0.000000,0.000000,156163.666000,156163.666000
2023-01-31,BCP,consumo,466733.450890,372346.197060,17193392.626210,18032472.274160
2023-01-31,BCP,corporativo,158772.297000,222164.304000,33713374.374000,34094310.975000
2023-01-31,BCP,grandes_empresas,299042.274000,276740.009000,19364908.965000,19940691.248000
2023-01-31,BCP,hipotecario,534810.794000,170440.263000,19405108.931000,20110359.988000
2023-01-31,BCP,medianas_empresas,2776045.553000,780370.952000,19584132.263000,23140548.768000
2023-01-31,BCP,microempresas,36083.905000,2075.491000,477914.488000,516073.884000
2023-01-31,BCP,pequenas_empresas,633187.123000,125393.290000,5479388.677000,6237969.090000
2023-01-31,BIF,consumo,39983.141380,15266.041910,1810714.145780,1865963.329070
2023-01-31,BIF,corporativo,4887.776000,0.000000,3255834.208000,3260721.984000
2023-01-31,BIF,grandes_empresas,152231.500000,90429.229000,3507506.015000,3750166.744000
2023-01-31,BIF,hipotecario,68977.000000,38622.283000,2820977.274000,2928576.557000
2023-01-31,BIF,medianas_empresas,221262.466000,55812.638000,1561758.979000,1838834.083000
2023-01-31,BIF,microempresas,144.288000,0.000000,4231.975000,4376.263000
2023-01-31,BIF,pequenas_empresas,3232.065000,448.033000,14836.202000,18516.300000
2023-01-31,CITIBANK,corporativo,0.000000,0.000000,635716.565000,635716.565000
2023-01-31,CITIBANK,grandes_empresas,0.000000,0.000000,1107359.952000,1107359.952000
2023-01-31,CITIBANK,medianas_empresas,0.000000,0.000000,196695.481000,196695.481000
2023-01-31,CITIBANK,microempresas,0.000000,0.000000,126.994000,126.994000
2023-01-31,CITIBANK,pequenas_empresas,0.000000,0.000000,201.329000,201.329000
2023-01-31,FALABELLA,consumo,178404.222540,46003.144440,3664857.799150,3889265.166130
2023-01-31,FALABELLA,hipotecario,0.000000,0.000000,154.553000,154.553000
2023-01-31,FALABELLA,medianas_empresas,0.000000,0.000000,64.243000,64.243000
2023-01-31,FALABELLA,microempresas,0.000000,0.000000,195.792000,195.792000
2023-01-31,FALABELLA,pequenas_empresas,0.000000,0.000000,821.283000,821.283000
2023-01-31,GNB,consumo,23821.855990,4029.984910,1462769.667660,1490621.508560
2023-01-31,GNB,corporativo,0.000000,0.000000,635092.903000,635092.903000
2023-01-31,GNB,grandes_empresas,1997.216000,3036.283000,419151.901000,424185.400000
2023-01-31,GNB,hipotecario,43488.010000,12531.643000,590384.784000,646404.437000
2023-01-31,GNB,medianas_empresas,55268.520000,69707.985000,47557.615000,172534.120000
2023-01-31,GNB,microempresas,0.000000,0.000000,78.333000,78.333000
2023-01-31,GNB,pequenas_empresas,379.827000,204.468000,391.859000,976.154000
2023-01-31,ICBC,corporativo,0.000000,0.000000,1032539.709000,1032539.709000
2023-01-31,ICBC,grandes_empresas,0.000000,0.000000,163762.084000,163762.084000
2023-01-31,INTERBANK,consumo,496420.662610,191997.030650,14528016.774770,15216434.468030
2023-01-31,INTERBANK,corporativo,0.000000,0.000000,8183115.960000,8183115.960000
2023-01-31,INTERBANK,grandes_empresas,172758.091000,29237.504000,6763436.315000,6965431.910000
2023-01-31,INTERBANK,hipotecario,241408.491000,32970.518000,9066204.745000,9340583.754000
2023-01-31,INTERBANK,medianas_empresas,368652.190000,64396.273000,3583771.170000,4016819.633000
2023-01-31,INTERBANK,microempresas,3709.623000,219.831000,62770.359000,66699.813000
2023-01-31,INTERBANK,pequenas_empresas,162146.908000,17236.800000,1055074.378000,1234458.086000
2023-01-31,MIBANCO,consumo,12969.587130,4419.599810,506294.227960,523683.414900
2023-01-31,MIBANCO,hipotecario,22668.983000,995.991000,445514.871000,469179.845000
2023-01-31,MIBANCO,medianas_empresas,48347.057000,415.302000,415212.898000,463975.257000
2023-01-31,MIBANCO,microempresas,119974.326000,11657.247000,2987025.714000,3118657.287000
2023-01-31,MIBANCO,pequenas_empresas,483487.536000,81692.211000,8682271.320000,9247451.067000
2023-01-31,PICHINCHA,consumo,124518.463880,33155.943150,3583770.513740,3741444.920770
2023-01-31,PICHINCHA,corporativo,0.000000,0.000000,761976.660000,761976.660000
2023-01-31,PICHINCHA,grandes_empresas,97092.035000,22051.249000,1547618.256000,1666761.540000
2023-01-31,PICHINCHA,hipotecario,48443.088000,2541.961000,1341623.521000,1392608.570000
2023-01-31,PICHINCHA,medianas_empresas,232176.328000,168835.050000,657021.208000,1058032.586000
2023-01-31,PICHINCHA,microempresas,6694.023000,1414.355000,101267.162000,109375.540000
2023-01-31,PICHINCHA,pequenas_empresas,28132.988000,14551.532000,464170.512000,506855.032000
2023-01-31,RIPLEY,consumo,50912.553010,39822.127920,1610826.129980,1701560.810910
2023-01-31,SANTANDER,consumo,0.000000,0.000000,4352.379550,4352.379550
2023-01-31,SANTANDER,corporativo,22745.153000,0.000000,2638772.036000,2661517.189000
2023-01-31,SANTANDER,grandes_empresas,70837.419000,18258.952000,2702815.337000,2791911.708000
2023-01-31,SANTANDER,medianas_empresas,26048.132000,5142.526000,836603.145000,867793.803000
2023-01-31,SCOTIABANK,consumo,230084.979080,375632.146630,9780221.308400,10385938.434110
2023-01-31,SCOTIABANK,corporativo,466818.296000,0.000000,16668973.569000,17135791.865000
2023-01-31,SCOTIABANK,grandes_empresas,129051.961000,129129.539000,8345062.571000,8603244.071000
2023-01-31,SCOTIABANK,hipotecario,289240.784000,381949.677000,10274632.111000,10945822.572000
2023-01-31,SCOTIABANK,medianas_empresas,956496.809000,505006.322000,7145979.815000,8607482.946000
2023-01-31,SCOTIABANK,microempresas,2681.565000,1558.262000,43383.160000,47622.987000
2023-01-31,SCOTIABANK,pequenas_empresas,251865.181000,185162.244000,1397520.774000,1834548.199000
2023-02-28,ALFIN,consumo,21053.478730,30681.696020,567131.795070,618866.969820
2023-02-28,ALFIN,medianas_empresas,0.000000,0.000000,3488.118000,3488.118000
2023-02-28,BANCOM,consumo,22408.422880,42979.785510,1510183.617350,1575571.825740
2023-02-28,BANCOM,corporativo,0.074000,0.000000,38507.727000,38507.801000
2023-02-28,BANCOM,grandes_empresas,28032.126000,0.000000,84068.980000,112101.106000
2023-02-28,BANCOM,hipotecario,4694.817000,347.827000,86474.671000,91517.315000
2023-02-28,BANCOM,medianas_empresas,20063.434000,1096.914000,78469.913000,99630.261000
2023-02-28,BANCOM,microempresas,6.428000,0.000000,181.185000,187.613000
2023-02-28,BANCOM,pequenas_empresas,493.832000,0.000000,4456.230000,4950.062000
2023-02-28,BANK_OF_CHINA,corporativo,0.000000,0.000000,78090.000000,78090.000000
2023-02-28,BANK_OF_CHINA,medianas_empresas,0.000000,0.000000,19030.000000,19030.000000
2023-02-28,BBVA,consumo,318261.822170,68549.981900,10247488.462710,10634300.266780
2023-02-28,BBVA,corporativo,8359.661000,0.000000,13304521.957000,13312881.618000
2023-02-28,BBVA,grandes_empresas,252206.184000,224852.707000,11987308.882000,12464367.773000
2023-02-28,BBVA,hipotecario,326696.124000,321887.632000,13965028.572000,14613612.328000
2023-02-28,BBVA,medianas_empresas,2046971.584000,972191.031000,14102910.979000,17122073.594000
2023-02-28,BBVA,microempresas,5322.898000,434.025000,144819.268000,150576.191000
2023-02-28,BBVA,pequenas_empresas,324826.051000,50294.760000,3550603.494000,3925724.305000
2023-02-28,BCI,corporativo,0.000000,0.000000,124172.000000,124172.000000
2023-02-28,BCI,grandes_empresas,0.000000,0.000000,152545.409000,152545.409000
2023-02-28,BCP,consumo,468143.769430,375005.572130,17404826.247940,18247975.589500
2023-02-28,BCP,corporativo,156567.444000,222798.194000,32708721.096000,33088086.734000
2023-02-28,BCP,grandes_empresas,294272.616000,275031.569000,18684108.926000,19253413.111000
2023-02-28,BCP,hipotecario,545642.270000,174101.736000,19478553.558000,20198297.564000
2023-02-28,BCP,medianas_empresas,2764203.724000,790516.910000,19199101.782000,22753822.416000
2023-02-28,BCP,microempresas,33624.427000,2551.859000,452372.992000,488549.278000
2023-02-28,BCP,pequenas_empresas,609172.842000,128726.821000,5517904.733000,6255804.396000
2023-02-28,BIF,consumo,41827.245060,15083.088290,1830410.201020,1887320.534370
2023-02-28,BIF,corporativo,4889.047000,0.000000,3170919.248000,3175808.295000
2023-02-28,BIF,grandes_empresas,146800.344000,89457.177000,3460625.203000,3696882.724000
2023-02-28,BIF,hipotecario,70825.127000,39184.418000,2836174.668000,2946184.213000
2023-02-28,BIF,medianas_empresas,226267.120000,52849.810000,1583988.327000,1863105.257000
2023-02-28,BIF,microempresas,143.764000,0.000000,5481.960000,5625.724000
2023-02-28,BIF,pequenas_empresas,3349.647000,419.632000,12833.900000,16603.179000
2023-02-28,CITIBANK,corporativo,0.000000,0.000000,630333.248000,630333.248000
2023-02-28,CITIBANK,grandes_empresas,0.000000,0.000000,1100741.362000,1100741.362000
2023-02-28,CITIBANK,medianas_empresas,0.000000,0.000000,197812.038000,197812.038000
2023-02-28,CITIBANK,microempresas,0.000000,0.000000,179.134000,179.134000
2023-02-28,CITIBANK,pequenas_empresas,0.000000,0.000000,309.366000,309.366000
2023-02-28,FALABELLA,consumo,179031.243840,47668.961900,3633802.588760,3860502.794500
2023-02-28,FALABELLA,hipotecario,0.000000,0.000000,144.213000,144.213000
2023-02-28,FALABELLA,medianas_empresas,0.000000,0.000000,62.630000,62.630000
2023-02-28,FALABELLA,microempresas,16.800000,0.000000,364.552000,381.352000
2023-02-28,FALABELLA,pequenas_empresas,120.413000,0.000000,971.775000,1092.188000
2023-02-28,GNB,consumo,25201.133240,3947.180730,1426706.101640,1455854.415610
2023-02-28,GNB,corporativo,0.000000,0.000000,594380.996000,594380.996000
2023-02-28,GNB,grandes_empresas,3880.632000,2910.485000,412455.731000,419246.848000
2023-02-28,GNB,hipotecario,42432.591000,11912.260000,587970.553000,642315.404000
2023-02-28,GNB,medianas_empresas,56245.488000,70121.807000,42259.587000,168626.882000
2023-02-28,GNB,microempresas,60.784000,0.000000,8.542000,69.326000
2023-02-28,GNB,pequenas_empresas,378.732000,200.642000,347.713000,927.087000
2023-02-28,ICBC,corporativo,0.000000,0.000000,1019532.795000,1019532.795000
2023-02-28,ICBC,grandes_empresas,0.000000,0.000000,166191.569000,166191.569000
2023-02-28,INTERBANK,consumo,501666.583390,201382.436970,14785076.439420,15488125.459780
2023-02-28,INTERBANK,corporativo,0.000000,0.000000,7876874.718000,7876874.718000
2023-02-28,INTERBANK,grandes_empresas,167233.032000,28332.404000,6506343.699000,6701909.135000
2023-02-28,INTERBANK,hipotecario,244154.393000,32355.741000,9104129.605000,9380639.739000
2023-02-28,INTERBANK,medianas_empresas,349669.342000,63054.563000,3486746.693000,3899470.598000
2023-02-28,INTERBANK,microempresas,3329.934000,157.532000,48657.725000,52145.191000
2023-02-28,INTERBANK,pequenas_empresas,143206.760000,15933.608000,1022661.439000,1181801.807000
2023-02-28,MIBANCO,consumo,11147.542470,5168.672050,502360.441950,518676.656470
2023-02-28,MIBANCO,hipotecario,22450.707000,983.511000,449041.328000,472475.546000
2023-02-28,MIBANCO,medianas_empresas,46288.237000,496.515000,421141.170000,467925.922000
2023-02-28,MIBANCO,microempresas,113102.369000,13878.020000,2978798.958000,3105779.347000
2023-02-28,MIBANCO,pequenas_empresas,433024.395000,95461.026000,8751606.511000,9280091.932000
2023-02-28,PICHINCHA,consumo,124224.378860,34943.461400,3664700.825200,3823868.665460
2023-02-28,PICHINCHA,corporativo,0.000000,0.000000,807700.886000,807700.886000
2023-02-28,PICHINCHA,grandes_empresas,104311.083000,4893.116000,1483817.948000,1593022.147000
2023-02-28,PICHINCHA,hipotecario,46986.412000,2521.844000,1359219.712000,1408727.968000
2023-02-28,PICHINCHA,medianas_empresas,240054.325000,164320.467000,658948.739000,1063323.531000
2023-02-28,PICHINCHA,microempresas,6716.746000,1295.707000,80447.988000,88460.441000
2023-02-28,PICHINCHA,pequenas_empresas,30117.196000,14310.137000,423392.537000,467819.870000
2023-02-28,RIPLEY,consumo,52468.250170,38830.382740,1611022.102830,1702320.735740
2023-02-28,SANTANDER,consumo,0.000000,0.000000,3435.097050,3435.097050
2023-02-28,SANTANDER,corporativo,22535.153000,0.000000,2565854.529000,2588389.682000
2023-02-28,SANTANDER,grandes_empresas,63681.515000,17413.257000,2639530.425000,2720625.197000
2023-02-28,SANTANDER,medianas_empresas,12311.445000,4991.269000,803894.356000,821197.070000
2023-02-28,SCOTIABANK,consumo,232413.587770,374041.514460,9897794.332880,10504249.435110
2023-02-28,SCOTIABANK,corporativo,461891.830000,0.000000,16556109.209000,17018001.039000
2023-02-28,SCOTIABANK,grandes_empresas,139117.248000,117758.851000,8209451.038000,8466327.137000
2023-02-28,SCOTIABANK,hipotecario,293219.805000,389558.787000,10303289.522000,10986068.114000
2023-02-28,SCOTIABANK,medianas_empresas,951203.787000,513919.770000,6812308.069000,8277431.626000
2023-02-28,SCOTIABANK,microempresas,2649.804000,1534.665000,42845.209000,47029.678000
2023-02-28,SCOTIABANK,pequenas_empresas,255913.381000,185457.454000,1380008.401000,1821379.236000
2023-03-31,ALFIN,consumo,17127.923240,33763.560910,586954.370150,637845.854300
2023-03-31,ALFIN,corporativo,0.000000,0.000000,12000.000000,12000.000000
2023-03-31,ALFIN,grandes_empresas,0.000000,0.000000,10000.000000,10000.000000
2023-03-31,ALFIN,medianas_empresas,0.000000,0.000000,3365.629000,3365.629000
2023-03-31,BANCOM,consumo,23728.645060,42800.612090,1516097.685170,1582626.942320
2023-03-31,BANCOM,corporativo,0.074000,0.000000,36173.725000,36173.799000
2023-03-31,BANCOM,grandes_empresas,27867.956000,0.000000,87925.046000,115793.002000
2023-03-31,BANCOM,hipotecario,5419.028000,346.703000,90428.643000,96194.374000
2023-03-31,BANCOM,medianas_empresas,19799.131000,962.914000,78335.933000,99097.978000
2023-03-31,BANCOM,microempresas,13.000000,0.000000,174.490000,187.490000
2023-03-31,BANCOM,pequenas_empresas,595.824000,0.000000,4039.380000,4635.204000
2023-03-31,BANK_OF_CHINA,corporativo,0.000000,0.000000,119430.000000,119430.000000
2023-03-31,BANK_OF_CHINA,medianas_empresas,0.000000,0.000000,18810.000000,18810.000000
2023-03-31,BBVA,consumo,290817.653780,68646.308270,10462132.611320,10821596.573370
2023-03-31,BBVA,corporativo,15775.135000,0.000000,15117764.856000,15133539.991000
2023-03-31,BBVA,grandes_empresas,247361.030000,211201.918000,11895705.993000,12354268.941000
2023-03-31,BBVA,hipotecario,330133.498000,314971.880000,14003647.725000,14648753.103000
2023-03-31,BBVA,medianas_empresas,2048692.952000,954881.330000,13722920.013000,16726494.295000
2023-03-31,BBVA,microempresas,4160.510000,277.683000,149874.222000,154312.415000
2023-03-31,BBVA,pequenas_empresas,295808.887000,47121.053000,3677497.246000,4020427.186000
2023-03-31,BCI,corporativo,0.000000,0.000000,146322.500000,146322.500000
2023-03-31,BCI,grandes_empresas,0.000000,0.000000,158207.993000,158207.993000
2023-03-31,BCP,consumo,510345.924650,378995.393010,17343007.664830,18232348.982490
2023-03-31,BCP,corporativo,154295.577000,223364.320000,32293018.710000,32670678.607000
2023-03-31,BCP,grandes_empresas,300053.349000,288404.724000,18181047.369000,18769505.442000
2023-03-31,BCP,hipotecario,503258.544000,170641.999000,19550161.194000,20224061.737000
2023-03-31,BCP,medianas_empresas,2617862.402000,793819.830000,18800009.228000,22211691.460000
2023-03-31,BCP,microempresas,33093.230000,2543.901000,429727.415000,465364.546000
2023-03-31,BCP,pequenas_empresas,627528.943000,123280.570000,5569956.440000,6320765.953000
2023-03-31,BIF,consumo,43367.513700,14537.311010,1863003.405170,1920908.229880
2023-03-31,BIF,corporativo,4892.294000,0.000000,3174421.774000,3179314.068000
2023-03-31,BIF,grandes_empresas,141414.387000,86111.009000,3454563.407000,3682088.803000
2023-03-31,BIF,hipotecario,77425.361000,38466.149000,2851754.171000,2967645.681000
2023-03-31,BIF,medianas_empresas,215415.144000,51166.779000,1572644.477000,1839226.400000
2023-03-31,BIF,microempresas,157.619000,0.000000,5743.521000,5901.140000
2023-03-31,BIF,pequenas_empresas,3610.228000,265.172000,13372.262000,17247.662000
2023-03-31,CITIBANK,corporativo,0.000000,0.000000,965110.190000,965110.190000
2023-03-31,CITIBANK,grandes_empresas,0.000000,0.000000,860186.821000,860186.821000
2023-03-31,CITIBANK,medianas_empresas,0.000000,0.000000,174144.334000,174144.334000
2023-03-31,CITIBANK,microempresas,0.000000,0.000000,3108.529000,3108.529000
2023-03-31,CITIBANK,pequenas_empresas,0.000000,0.000000,377.949000,377.949000
2023-03-31,FALABELLA,consumo,192708.675040,50525.335860,3634345.373980,3877579.384880
2023-03-31,FALABELLA,hipotecario,0.000000,0.000000,131.025000,131.025000
2023-03-31,FALABELLA,medianas_empresas,0.000000,0.000000,60.931000,60.931000
2023-03-31,FALABELLA,microempresas,16.800000,0.000000,381.368000,398.168000
2023-03-31,FALABELLA,pequenas_empresas,150.083000,0.000000,1271.861000,1421.944000
2023-03-31,GNB,consumo,25882.109850,3538.973440,1402174.281460,1431595.364750
2023-03-31,GNB,corporativo,0.000000,0.000000,477886.111000,477886.111000
2023-03-31,GNB,grandes_empresas,2790.033000,2782.614000,508868.704000,514441.351000
2023-03-31,GNB,hipotecario,43363.405000,12209.411000,580110.506000,635683.322000
2023-03-31,GNB,medianas_empresas,58497.673000,66978.000000,52232.887000,177708.560000
2023-03-31,GNB,microempresas,48.284000,0.000000,2.206000,50.490000
2023-03-31,GNB,pequenas_empresas,377.585000,196.644000,522.345000,1096.574000
2023-03-31,ICBC,corporativo,0.000000,0.000000,1013051.876000,1013051.876000
2023-03-31,ICBC,grandes_empresas,0.000000,0.000000,150882.583000,150882.583000
2023-03-31,INTERBANK,consumo,467427.575830,205020.849370,15200701.777930,15873150.203130
2023-03-31,INTERBANK,corporativo,0.000000,0.000000,8569045.459000,8569045.459000
2023-03-31,INTERBANK,grandes_empresas,175446.728000,26179.616000,6466985.474000,6668611.818000
2023-03-31,INTERBANK,hipotecario,245246.498000,35185.464000,9143465.888000,9423897.850000
2023-03-31,INTERBANK,medianas_empresas,352119.301000,51933.562000,3501938.370000,3905991.233000
2023-03-31,INTERBANK,microempresas,3586.791000,185.472000,48040.206000,51812.469000
2023-03-31,INTERBANK,pequenas_empresas,148443.230000,17657.782000,988491.706000,1154592.718000
2023-03-31,MIBANCO,consumo,10153.905240,5031.062010,499220.250090,514405.217340
2023-03-31,MIBANCO,hipotecario,21698.876000,1123.906000,450362.295000,473185.077000
2023-03-31,MIBANCO,medianas_empresas,47633.635000,419.552000,421636.560000,469689.747000
2023-03-31,MIBANCO,microempresas,136061.492000,12419.064000,2975628.927000,3124109.483000
2023-03-31,MIBANCO,pequenas_empresas,482539.586000,86401.400000,8740264.693000,9309205.679000
2023-03-31,PICHINCHA,consumo,130253.661840,40065.740360,3746677.897270,3916997.299470
2023-03-31,PICHINCHA,corporativo,0.000000,0.000000,803595.852000,803595.852000
2023-03-31,PICHINCHA,grandes_empresas,96315.232000,5459.868000,1449836.190000,1551611.290000
2023-03-31,PICHINCHA,hipotecario,48722.685000,2496.515000,1370309.582000,1421528.782000
2023-03-31,PICHINCHA,medianas_empresas,229054.741000,156377.660000,640914.889000,1026347.290000
2023-03-31,PICHINCHA,microempresas,6117.759000,1181.732000,61880.853000,69180.344000
2023-03-31,PICHINCHA,pequenas_empresas,29590.293000,14517.378000,384868.963000,428976.634000
2023-03-31,RIPLEY,consumo,53814.744260,37626.672490,1634556.250280,1725997.667030
2023-03-31,SANTANDER,consumo,0.000000,0.000000,3654.792510,3654.792510
2023-03-31,SANTANDER,corporativo,22315.153000,0.000000,2847540.208000,2869855.361000
2023-03-31,SANTANDER,grandes_empresas,61661.068000,15326.823000,2626372.009000,2703359.900000
2023-03-31,SANTANDER,medianas_empresas,11896.240000,5114.919000,796456.404000,813467.563000
2023-03-31,SCOTIABANK,consumo,238992.731430,374294.932760,9960319.348780,10573607.012970
2023-03-31,SCOTIABANK,corporativo,456730.769000,0.000000,16286703.767000,16743434.536000
2023-03-31,SCOTIABANK,grandes_empresas,132248.692000,117689.900000,8112547.088000,8362485.680000
2023-03-31,SCOTIABANK,hipotecario,292129.582000,393521.679000,10351713.047000,11037364.308000
2023-03-31,SCOTIABANK,medianas_empresas,941752.978000,522226.491000,6754820.407000,8218799.876000
2023-03-31,SCOTIABANK,microempresas,2728.169000,1437.114000,46175.336000,50340.619000
2023-03-31,SCOTIABANK,pequenas_empresas,253323.221000,186974.359000,1351273.360000,1791570.940000
2023-04-30,ALFIN,consumo,16037.050290,32915.548060,603377.722010,652330.320360
2023-04-30,ALFIN,corporativo,0.000000,0.000000,12000.000000,12000.000000
2023-04-30,ALFIN,grandes_empresas,0.000000,0.000000,10000.000000,10000.000000
2023-04-30,ALFIN,medianas_empresas,0.000000,0.000000,3240.869000,3240.869000
2023-04-30,BANCOM,consumo,29210.160450,43929.290320,1508946.497680,1582085.948450
2023-04-30,BANCOM,corporativo,0.074000,0.000000,26318.172000,26318.246000
2023-04-30,BANCOM,grandes_empresas,18618.880000,0.000000,99144.524000,117763.404000
2023-04-30,BANCOM,hipotecario,4545.893000,345.764000,91385.168000,96276.825000
2023-04-30,BANCOM,medianas_empresas,29510.711000,888.914000,66739.919000,97139.544000
2023-04-30,BANCOM,microempresas,13.081000,0.000000,172.634000,185.715000
2023-04-30,BANCOM,pequenas_empresas,587.510000,0.000000,3911.040000,4498.550000
2023-04-30,BANK_OF_CHINA,corporativo,0.000000,0.000000,123440.000000,123440.000000
2023-04-30,BANK_OF_CHINA,medianas_empresas,0.000000,0.000000,18575.000000,18575.000000
2023-04-30,BBVA,consumo,274148.158860,67284.245020,10683181.161820,11024613.565700
2023-04-30,BBVA,corporativo,23903.852000,0.000000,14568582.360000,14592486.212000
2023-04-30,BBVA,grandes_empresas,216184.648000,209023.724000,12188002.700000,12613211.072000
2023-04-30,BBVA,hipotecario,324163.684000,309845.233000,13989574.140000,14623583.057000
2023-04-30,BBVA,medianas_empresas,2064635.546000,952772.038000,13594178.741000,16611586.325000
2023-04-30,BBVA,microempresas,4955.168000,278.330000,140256.335000,145489.833000
2023-04-30,BBVA,pequenas_empresas,317426.019000,49108.146000,3709251.240000,4075785.405000
2023-04-30,BCI,corporativo,0.000000,0.000000,133493.750000,133493.750000
2023-04-30,BCI,grandes_empresas,0.000000,0.000000,156412.115000,156412.115000
2023-04-30,BCP,consumo,523581.136410,383741.309470,17234159.383510,18141481.829390
2023-04-30,BCP,corporativo,152593.593000,201397.800000,33060742.843000,33414734.236000
2023-04-30,BCP,grandes_empresas,332023.535000,250308.812000,17776865.918000,18359198.265000
2023-04-30,BCP,hipotecario,512695.795000,163983.388000,19614743.947000,20291423.130000
2023-04-30,BCP,medianas_empresas,2600838.676000,793116.794000,18605922.668000,21999878.138000
2023-04-30,BCP,microempresas,32314.915000,2611.390000,387416.580000,422342.885000
2023-04-30,BCP,pequenas_empresas,629218.319000,128040.668000,5626667.869000,6383926.856000
2023-04-30,BIF,consumo,48099.625920,14505.659820,1887599.406760,1950204.692500
2023-04-30,BIF,corporativo,5467.003000,0.000000,3100570.561000,3106037.564000
2023-04-30,BIF,grandes_empresas,143437.292000,83774.854000,3382180.588000,3609392.734000
2023-04-30,BIF,hipotecario,73398.011000,39502.785000,2867350.099000,2980250.895000
2023-04-30,BIF,medianas_empresas,224251.899000,43434.483000,1536175.007000,1803861.389000
2023-04-30,BIF,microempresas,131.424000,0.000000,6659.186000,6790.610000
2023-04-30,BIF,pequenas_empresas,3532.062000,240.156000,13226.190000,16998.408000
2023-04-30,CITIBANK,corporativo,0.000000,0.000000,806586.843000,806586.843000
2023-04-30,CITIBANK,grandes_empresas,0.000000,0.000000,863189.238000,863189.238000
2023-04-30,CITIBANK,medianas_empresas,0.000000,0.000000,179891.021000,179891.021000
2023-04-30,CITIBANK,microempresas,0.000000,0.000000,101.342000,101.342000
2023-04-30,CITIBANK,pequenas_empresas,0.000000,0.000000,386.887000,386.887000
2023-04-30,FALABELLA,consumo,206751.206670,50863.171870,3650944.809930,3908559.188470
2023-04-30,FALABELLA,hipotecario,0.000000,0.000000,122.381000,122.381000
2023-04-30,FALABELLA,medianas_empresas,0.000000,0.000000,59.281000,59.281000
2023-04-30,FALABELLA,microempresas,16.800000,0.000000,268.327000,285.127000
2023-04-30,FALABELLA,pequenas_empresas,215.404000,0.000000,1396.513000,1611.917000
2023-04-30,GNB,consumo,27345.078220,4037.077490,1370807.849830,1402190.005540
2023-04-30,GNB,corporativo,0.000000,0.000000,485987.327000,485987.327000
2023-04-30,GNB,grandes_empresas,5896.073000,2655.793000,510156.489000,518708.355000
2023-04-30,GNB,hipotecario,43657.090000,12167.670000,572936.320000,628761.080000
2023-04-30,GNB,medianas_empresas,59491.458000,66238.035000,40412.962000,166142.455000
2023-04-30,GNB,microempresas,48.284000,0.000000,35.632000,83.916000
2023-04-30,GNB,pequenas_empresas,324.210000,192.760000,614.136000,1131.106000
2023-04-30,ICBC,corporativo,0.000000,0.000000,1019148.225000,1019148.225000
2023-04-30,ICBC,grandes_empresas,0.000000,0.000000,146549.022000,146549.022000
2023-04-30,INTERBANK,consumo,466411.461190,203144.700520,15370901.664130,16040457.825840
2023-04-30,INTERBANK,corporativo,12.744000,0.000000,8635126.329000,8635139.073000
2023-04-30,INTERBANK,grandes_empresas,188972.927000,19703.940000,6590630.014000,6799306.881000
2023-04-30,INTERBANK,hipotecario,248586.037000,32020.834000,9193967.125000,9474573.996000
2023-04-30,INTERBANK,medianas_empresas,326720.963000,51731.089000,3393834.746000,3772286.798000
2023-04-30,INTERBANK,microempresas,3428.002000,254.156000,45859.463000,49541.621000
2023-04-30,INTERBANK,pequenas_empresas,147783.592000,15732.506000,960599.213000,1124115.311000
2023-04-30,MIBANCO,consumo,10399.572940,5096.913460,495878.912530,511375.398930
2023-04-30,MIBANCO,hipotecario,21479.264000,1083.765000,452624.987000,475188.016000
2023-04-30,MIBANCO,medianas_empresas,49611.692000,417.152000,418794.619000,468823.463000
2023-04-30,MIBANCO,microempresas,153027.230000,10101.563000,2943070.037000,3106198.830000
2023-04-30,MIBANCO,pequenas_empresas,532430.564000,72129.737000,8742880.112000,9347440.413000
2023-04-30,PICHINCHA,consumo,146903.658710,42449.772450,3839164.921720,4028518.352880
2023-04-30,PICHINCHA,corporativo,131.504000,0.000000,779505.586000,779637.090000
2023-04-30,PICHINCHA,grandes_empresas,99266.066000,7199.409000,1377899.815000,1484365.290000
2023-04-30,PICHINCHA,hipotecario,48090.923000,2477.508000,1378897.212000,1429465.643000
2023-04-30,PICHINCHA,medianas_empresas,225729.332000,158026.041000,602261.430000,986016.803000
2023-04-30,PICHINCHA,microempresas,6148.917000,1176.931000,45946.241000,53272.089000
2023-04-30,PICHINCHA,pequenas_empresas,33977.302000,13694.384000,351132.952000,398804.638000
2023-04-30,RIPLEY,consumo,60560.426580,34789.647440,1652176.224840,1747526.298860
2023-04-30,SANTANDER,consumo,0.000000,0.000000,3823.902220,3823.902220
2023-04-30,SANTANDER,corporativo,22080.153000,0.000000,2774128.162000,2796208.315000
2023-04-30,SANTANDER,grandes_empresas,63512.529000,14879.706000,2587695.515000,2666087.750000
2023-04-30,SANTANDER,medianas_empresas,11824.534000,5024.278000,788735.265000,805584.077000
2023-04-30,SCOTIABANK,consumo,250238.487220,373425.066560,10060902.175160,10684565.728940
2023-04-30,SCOTIABANK,corporativo,451234.645000,0.000000,16909886.621000,17361121.266000
2023-04-30,SCOTIABANK,grandes_empresas,129930.879000,108047.401000,8040978.544000,8278956.824000
2023-04-30,SCOTIABANK,hipotecario,292202.808000,395397.242000,10391058.758000,11078658.808000
2023-04-30,SCOTIABANK,medianas_empresas,985460.418000,483166.356000,6646643.226000,8115270.000000
2023-04-30,SCOTIABANK,microempresas,3362.771000,1453.206000,51631.674000,56447.651000
2023-04-30,SCOTIABANK,pequenas_empresas,260958.472000,182439.889000,1318823.341000,1762221.702000
2023-05-31,ALFIN,consumo,21590.049950,40264.027920,601233.519770,663087.597640
2023-05-31,ALFIN,corporativo,0.000000,0.000000,12000.000000,12000.000000
2023-05-31,ALFIN,grandes_empresas,0.000000,0.000000,10000.000000,10000.000000
2023-05-31,ALFIN,medianas_empresas,0.000000,0.000000,3115.955000,3115.955000
2023-05-31,BANCOM,consumo,31364.334510,44316.161680,1508349.510690,1584030.006880
2023-05-31,BANCOM,corporativo,0.074000,0.000000,3000.000000,3000.074000
2023-05-31,BANCOM,grandes_empresas,17780.921000,518.739000,136043.662000,154343.322000
2023-05-31,BANCOM,hipotecario,5416.321000,344.927000,90678.823000,96440.071000
2023-05-31,BANCOM,medianas_empresas,30675.655000,814.914000,65678.562000,97169.131000
2023-05-31,BANCOM,microempresas,13.075000,0.000000,161.518000,174.593000
2023-05-31,BANCOM,pequenas_empresas,409.858000,0.000000,2971.513000,3381.371000
2023-05-31,BANK_OF_CHINA,corporativo,0.000000,0.000000,141333.000000,141333.000000
2023-05-31,BANK_OF_CHINA,grandes_empresas,0.000000,0.000000,21005.496000,21005.496000
2023-05-31,BBVA,consumo,276319.648830,64419.442330,10893693.572160,11234432.663320
2023-05-31,BBVA,corporativo,14639.949000,0.000000,14062715.148000,14077355.097000
2023-05-31,BBVA,grandes_empresas,224327.037000,220205.651000,12246165.253000,12690697.941000
2023-05-31,BBVA,hipotecario,339482.062000,303784.740000,14029588.084000,14672854.886000
2023-05-31,BBVA,medianas_empresas,2124559.350000,947190.349000,13042566.093000,16114315.792000
2023-05-31,BBVA,microempresas,5104.283000,437.421000,173068.087000,178609.791000
2023-05-31,BBVA,pequenas_empresas,338184.457000,51491.423000,3704189.354000,4093865.234000
2023-05-31,BCI,corporativo,0.000000,0.000000,147432.588000,147432.588000
2023-05-31,BCI,grandes_empresas,0.000000,0.000000,204444.569000,204444.569000
2023-05-31,BCP,consumo,585597.880770,382154.752530,17163058.956990,18130811.590290
2023-05-31,BCP,corporativo,18444.309000,201786.056000,32624407.211000,32844637.576000
2023-05-31,BCP,grandes_empresas,350322.910000,232163.447000,17597814.162000,18180300.519000
2023-05-31,BCP,hipotecario,538863.579000,155235.393000,19660484.555000,20354583.527000
2023-05-31,BCP,medianas_empresas,2670145.693000,807616.002000,18367262.565000,21845024.260000
2023-05-31,BCP,microempresas,31503.477000,2312.680000,364663.759000,398479.916000
2023-05-31,BCP,pequenas_empresas,655096.322000,127234.253000,5643056.249000,6425386.824000
2023-05-31,BIF,consumo,54188.498430,14413.024620,1898720.112070,1967321.635120
2023-05-31,BIF,corporativo,5468.489000,0.000000,3084705.765000,3090174.254000
2023-05-31,BIF,grandes_empresas,141404.800000,83076.891000,3303946.340000,3528428.031000
2023-05-31,BIF,hipotecario,77568.073000,43299.011000,2883898.201000,3004765.285000
2023-05-31,BIF,medianas_empresas,231331.023000,36813.315000,1518357.222000,1786501.560000
2023-05-31,BIF,microempresas,157.472000,0.000000,20264.026000,20421.498000
2023-05-31,BIF,pequenas_empresas,3803.035000,319.478000,12074.259000,16196.772000
2023-05-31,CITIBANK,corporativo,0.000000,0.000000,714230.604000,714230.604000
2023-05-31,CITIBANK,grandes_empresas,0.000000,0.000000,932850.995000,932850.995000
2023-05-31,CITIBANK,medianas_empresas,0.000000,0.000000,180676.808000,180676.808000
2023-05-31,CITIBANK,microempresas,0.000000,0.000000,83.257000,83.257000
2023-05-31,CITIBANK,pequenas_empresas,0.000000,0.000000,435.693000,435.693000
2023-05-31,FALABELLA,consumo,237087.953850,52180.423150,3612539.146020,3901807.523020
2023-05-31,FALABELLA,hipotecario,0.000000,0.000000,114.270000,114.270000
2023-05-31,FALABELLA,medianas_empresas,0.000000,0.000000,57.592000,57.592000
2023-05-31,FALABELLA,microempresas,16.800000,0.000000,433.981000,450.781000
2023-05-31,FALABELLA,pequenas_empresas,213.885000,0.000000,1527.694000,1741.579000
2023-05-31,GNB,consumo,28770.541910,4009.182130,1345724.017300,1378503.741340
2023-05-31,GNB,corporativo,0.000000,0.000000,566047.460000,566047.460000
2023-05-31,GNB,grandes_empresas,2013.820000,3232.422000,546870.810000,552117.052000
2023-05-31,GNB,hipotecario,44804.616000,12021.034000,566477.159000,623302.809000
2023-05-31,GNB,medianas_empresas,56361.431000,68627.299000,42676.191000,167664.921000
2023-05-31,GNB,pequenas_empresas,422.081000,188.848000,585.859000,1196.788000
2023-05-31,ICBC,corporativo,0.000000,0.000000,994213.761000,994213.761000
2023-05-31,ICBC,grandes_empresas,0.000000,0.000000,155917.489000,155917.489000
2023-05-31,INTERBANK,consumo,477234.640110,205638.176360,15671573.663900,16354446.480370
2023-05-31,INTERBANK,corporativo,28.247000,0.000000,8819741.127000,8819769.374000
2023-05-31,INTERBANK,grandes_empresas,171652.005000,22683.266000,6660692.099000,6855027.370000
2023-05-31,INTERBANK,hipotecario,260560.668000,30770.309000,9232013.590000,9523344.567000
2023-05-31,INTERBANK,medianas_empresas,331789.465000,52560.244000,3151884.527000,3536234.236000
2023-05-31,INTERBANK,microempresas,3583.133000,278.814000,45230.457000,49092.404000
2023-05-31,INTERBANK,pequenas_empresas,151450.707000,18053.316000,926487.459000,1095991.482000
2023-05-31,MIBANCO,consumo,14804.609100,5072.876900,488757.149740,508634.635740
2023-05-31,MIBANCO,hipotecario,21567.560000,1325.147000,453903.243000,476795.950000
2023-05-31,MIBANCO,medianas_empresas,51901.051000,303.258000,425701.671000,477905.980000
2023-05-31,MIBANCO,microempresas,169068.702000,9566.809000,2916835.702000,3095471.213000
2023-05-31,MIBANCO,pequenas_empresas,596522.641000,70990.079000,8778198.082000,9445710.802000
2023-05-31,PICHINCHA,consumo,138466.788510,46996.660290,3919800.897700,4105264.346500
2023-05-31,PICHINCHA,corporativo,0.000000,0.000000,477403.653000,477403.653000
2023-05-31,PICHINCHA,grandes_empresas,64675.683000,14355.122000,1686519.353000,1765550.158000
2023-05-31,PICHINCHA,hipotecario,53338.992000,1981.459000,1387337.851000,1442658.302000
2023-05-31,PICHINCHA,medianas_empresas,268185.131000,138206.422000,481354.003000,887745.556000
2023-05-31,PICHINCHA,microempresas,4310.881000,1139.500000,32865.600000,38315.981000
2023-05-31,PICHINCHA,pequenas_empresas,26888.779000,14447.662000,316166.363000,357502.804000
2023-05-31,RIPLEY,consumo,73688.760370,38800.733070,1645886.677610,1758376.171050
2023-05-31,SANTANDER,consumo,0.000000,0.000000,3931.138050,3931.138050
2023-05-31,SANTANDER,corporativo,21901.131000,0.000000,2845791.930000,2867693.061000
2023-05-31,SANTANDER,grandes_empresas,61423.329000,25479.012000,2578852.809000,2665755.150000
2023-05-31,SANTANDER,medianas_empresas,11771.637000,6902.303000,816823.128000,835497.068000
2023-05-31,SCOTIABANK,consumo,267917.905600,375839.689890,10091654.041920,10735411.637410
2023-05-31,SCOTIABANK,corporativo,234828.270000,0.000000,16862891.427000,17097719.697000
2023-05-31,SCOTIABANK,grandes_empresas,126618.187000,104794.871000,7827009.023000,8058422.081000
2023-05-31,SCOTIABANK,hipotecario,298127.358000,397746.227000,10440411.382000,11136284.967000
2023-05-31,SCOTIABANK,medianas_empresas,927464.006000,538654.748000,6512732.475000,7978851.229000
2023-05-31,SCOTIABANK,microempresas,2971.058000,1455.197000,52078.846000,56505.101000
2023-05-31,SCOTIABANK,pequenas_empresas,253900.829000,183672.054000,1294262.555000,1731835.438000
2023-06-30,ALFIN,consumo,29895.367690,47735.071400,599446.479250,677076.918340
2023-06-30,ALFIN,corporativo,0.000000,0.000000,12000.000000,12000.000000
2023-06-30,ALFIN,grandes_empresas,0.000000,0.000000,10000.000000,10000.000000
2023-06-30,ALFIN,medianas_empresas,0.000000,0.000000,2988.825000,2988.825000
2023-06-30,BANCOM,consumo,32903.229060,43291.944020,1505281.719650,1581476.892730
2023-06-30,BANCOM,corporativo,0.074000,0.000000,13622.954000,13623.028000
2023-06-30,BANCOM,grandes_empresas,17507.017000,1222.636000,133648.988000,152378.641000
2023-06-30,BANCOM,hipotecario,5542.295000,344.253000,92660.899000,98547.447000
2023-06-30,BANCOM,medianas_empresas,29744.411000,811.914000,69222.755000,99779.080000
2023-06-30,BANCOM,microempresas,13.068000,0.000000,0.001000,13.069000
2023-06-30,BANCOM,pequenas_empresas,538.667000,0.000000,2991.129000,3529.796000
2023-06-30,BANK_OF_CHINA,corporativo,0.000000,0.000000,160961.496000,160961.496000
2023-06-30,BBVA,consumo,270740.052370,66822.049570,11122577.835600,11460139.937540
2023-06-30,BBVA,corporativo,4463.334000,0.000000,13488436.072000,13492899.406000
2023-06-30,BBVA,grandes_empresas,234968.427000,217838.179000,12088090.869000,12540897.475000
2023-06-30,BBVA,hipotecario,336616.481000,298667.818000,14081804.755000,14717089.054000
2023-06-30,BBVA,medianas_empresas,2090910.437000,991318.977000,12694215.991000,15776445.405000
2023-06-30,BBVA,microempresas,6156.983000,373.248000,178509.398000,185039.629000
2023-06-30,BBVA,pequenas_empresas,392257.011000,54327.493000,3729556.319000,4176140.823000
2023-06-30,BCI,corporativo,0.000000,0.000000,146374.616000,146374.616000
2023-06-30,BCI,grandes_empresas,0.000000,0.000000,221045.519000,221045.519000
2023-06-30,BCP,consumo,595806.788110,388326.987530,17198140.347290,18182274.122930
2023-06-30,BCP,corporativo,16260.987000,201711.083000,31153900.180000,31371872.250000
2023-06-30,BCP,grandes_empresas,293343.127000,275692.546000,17556508.728000,18125544.401000
2023-06-30,BCP,hipotecario,543501.291000,157377.791000,19724812.755000,20425691.837000
2023-06-30,BCP,medianas_empresas,2668099.337000,789575.860000,18244154.715000,21701829.912000
2023-06-30,BCP,microempresas,30647.455000,1918.396000,375874.410000,408440.261000
2023-06-30,BCP,pequenas_empresas,650085.219000,134616.629000,5723925.016000,6508626.864000
2023-06-30,BIF,consumo,54031.033690,14355.616110,1918509.986710,1986896.636510
2023-06-30,BIF,corporativo,5470.155000,0.000000,3473740.237000,3479210.392000
2023-06-30,BIF,grandes_empresas,153385.137000,82801.456000,3075413.846000,3311600.439000
2023-06-30,BIF,hipotecario,79196.800000,42677.499000,2918744.007000,3040618.306000
2023-06-30,BIF,medianas_empresas,224237.862000,35120.864000,1443362.797000,1702721.523000
2023-06-30,BIF,microempresas,208.033000,6.032000,29744.065000,29958.130000
2023-06-30,BIF,pequenas_empresas,3722.436000,167.691000,14041.559000,17931.686000
2023-06-30,CITIBANK,corporativo,0.000000,0.000000,839590.572000,839590.572000
2023-06-30,CITIBANK,grandes_empresas,0.000000,0.000000,785182.029000,785182.029000
2023-06-30,CITIBANK,medianas_empresas,0.000000,0.000000,116817.684000,116817.684000
2023-06-30,CITIBANK,microempresas,0.000000,0.000000,60.178000,60.178000
2023-06-30,CITIBANK,pequenas_empresas,0.000000,0.000000,419.979000,419.979000
2023-06-30,FALABELLA,consumo,249822.309600,52528.918450,3581444.086640,3883795.314690
2023-06-30,FALABELLA,hipotecario,0.000000,0.000000,108.153000,108.153000
2023-06-30,FALABELLA,medianas_empresas,0.000000,0.000000,55.904000,55.904000
2023-06-30,FALABELLA,microempresas,31.190000,0.000000,628.672000,659.862000
2023-06-30,FALABELLA,pequenas_empresas,271.475000,0.000000,1745.831000,2017.306000
2023-06-30,GNB,consumo,29319.336390,4089.966920,1326807.592560,1360216.895870
2023-06-30,GNB,corporativo,0.000000,0.000000,587143.579000,587143.579000
2023-06-30,GNB,grandes_empresas,1988.717000,3094.424000,529787.258000,534870.399000
2023-06-30,GNB,hipotecario,43121.928000,14040.345000,560296.049000,617458.322000
2023-06-30,GNB,medianas_empresas,55346.677000,67811.355000,47958.444000,171116.476000
2023-06-30,GNB,pequenas_empresas,614.726000,184.861000,242.749000,1042.336000
2023-06-30,ICBC,corporativo,0.000000,0.000000,941132.415000,941132.415000
2023-06-30,ICBC,grandes_empresas,0.000000,0.000000,150727.427000,150727.427000
2023-06-30,INTERBANK,consumo,469915.129090,220600.466110,15850313.262520,16540828.857720
2023-06-30,INTERBANK,corporativo,24.897000,0.000000,8892401.951000,8892426.848000
2023-06-30,INTERBANK,grandes_empresas,164542.233000,21125.642000,6580055.787000,6765723.662000
2023-06-30,INTERBANK,hipotecario,259859.806000,31074.903000,9281402.394000,9572337.103000
2023-06-30,INTERBANK,medianas_empresas,320802.797000,51814.984000,3009236.791000,3381854.572000
2023-06-30,INTERBANK,microempresas,3568.600000,314.733000,105087.952000,108971.285000
2023-06-30,INTERBANK,pequenas_empresas,150128.067000,20366.384000,918019.778000,1088514.229000
2023-06-30,MIBANCO,consumo,16880.263070,4971.401410,481530.858700,503382.523180
2023-06-30,MIBANCO,hipotecario,22077.797000,1377.914000,456565.943000,480021.654000
2023-06-30,MIBANCO,medianas_empresas,52175.847000,300.698000,427024.067000,479500.612000
2023-06-30,MIBANCO,microempresas,177408.494000,10020.236000,2920902.596000,3108331.326000
2023-06-30,MIBANCO,pequenas_empresas,620779.673000,73959.830000,8820513.176000,9515252.679000
2023-06-30,PICHINCHA,consumo,101129.118240,59337.864980,3940976.637140,4101443.620360
2023-06-30,PICHINCHA,corporativo,0.000000,0.000000,534555.905000,534555.905000
2023-06-30,PICHINCHA,grandes_empresas,66168.080000,19540.450000,1536791.102000,1622499.632000
2023-06-30,PICHINCHA,hipotecario,53908.949000,1967.146000,1401156.005000,1457032.100000
2023-06-30,PICHINCHA,medianas_empresas,273122.366000,123809.321000,445302.997000,842234.684000
2023-06-30,PICHINCHA,microempresas,4749.402000,1012.590000,26276.061000,32038.053000
2023-06-30,PICHINCHA,pequenas_empresas,30544.615000,13204.252000,289692.007000,333440.874000
2023-06-30,RIPLEY,consumo,78477.824430,43040.585060,1632088.677210,1753607.086700
2023-06-30,SANTANDER,consumo,0.000000,0.000000,3972.465410,3972.465410
2023-06-30,SANTANDER,corporativo,21645.153000,0.000000,2958717.081000,2980362.234000
2023-06-30,SANTANDER,grandes_empresas,60328.961000,28135.296000,2572939.862000,2661404.119000
2023-06-30,SANTANDER,medianas_empresas,11695.238000,6758.809000,851692.603000,870146.650000
2023-06-30,SANTANDER,pequenas_empresas,0.000000,0.000000,98.207000,98.207000
2023-06-30,SCOTIABANK,consumo,271366.299550,382243.932140,10147406.175210,10801016.406900
2023-06-30,SCOTIABANK,corporativo,232141.603000,0.000000,16862981.356000,17095122.959000
2023-06-30,SCOTIABANK,grandes_empresas,109175.863000,107799.613000,7877595.212000,8094570.688000
2023-06-30,SCOTIABANK,hipotecario,293282.942000,404366.474000,10484538.353000,11182187.769000
2023-06-30,SCOTIABANK,medianas_empresas,943700.456000,527245.556000,5819460.684000,7290406.696000
2023-06-30,SCOTIABANK,microempresas,2970.572000,1482.682000,50734.688000,55187.942000
2023-06-30,SCOTIABANK,pequenas_empresas,256341.979000,185143.135000,1276440.097000,1717925.211000
2023-07-31,ALFIN,consumo,34646.588080,51837.018280,620990.914000,707474.520360
2023-07-31,ALFIN,corporativo,0.000000,0.000000,12000.000000,12000.000000
2023-07-31,ALFIN,grandes_empresas,0.000000,0.000000,10000.000000,10000.000000
2023-07-31,ALFIN,medianas_empresas,0.000000,0.000000,2861.440000,2861.440000
2023-07-31,BANCOM,consumo,40383.996600,43334.761740,1488723.295270,1572442.053610
2023-07-31,BANCOM,corporativo,0.074000,0.000000,36561.550000,36561.624000
2023-07-31,BANCOM,grandes_empresas,17663.666000,1189.500000,131199.715000,150052.881000
2023-07-31,BANCOM,hipotecario,4706.950000,343.339000,93196.472000,98246.761000
2023-07-31,BANCOM,medianas_empresas,30716.550000,808.914000,66531.876000,98057.340000
2023-07-31,BANCOM,microempresas,13.065000,0.000000,0.068000,13.133000
2023-07-31,BANCOM,pequenas_empresas,600.316000,0.000000,2404.018000,3004.334000
2023-07-31,BANK_OF_CHINA,corporativo,0.000000,0.000000,160416.000000,160416.000000
2023-07-31,BBVA,consumo,290540.834930,68385.106150,11233275.054150,11592200.995230
2023-07-31,BBVA,corporativo,4155.275000,0.000000,12854665.312000,12858820.587000
2023-07-31,BBVA,grandes_empresas,247005.523000,229006.980000,12073356.669000,12549369.172000
2023-07-31,BBVA,hipotecario,339150.722000,287369.927000,14131740.663000,14758261.312000
2023-07-31,BBVA,medianas_empresas,2075788.698000,1009110.662000,12439693.791000,15524593.151000
2023-07-31,BBVA,microempresas,7026.285000,525.284000,185345.409000,192896.978000
2023-07-31,BBVA,pequenas_empresas,419516.260000,61581.261000,3797106.992000,4278204.513000
2023-07-31,BCI,corporativo,0.000000,0.000000,270585.235000,270585.235000
2023-07-31,BCI,grandes_empresas,0.000000,0.000000,232084.775000,232084.775000
2023-07-31,BCP,consumo,628964.227070,396627.195390,17134915.039220,18160506.461680
2023-07-31,BCP,corporativo,4399.531000,203541.367000,33025682.254000,33233623.152000
2023-07-31,BCP,grandes_empresas,281083.054000,234834.252000,17599098.519000,18115015.825000
2023-07-31,BCP,hipotecario,552037.947000,157253.477000,19703297.604000,20412589.028000
2023-07-31,BCP,medianas_empresas,2914412.358000,803463.634000,16902929.450000,20620805.442000
2023-07-31,BCP,microempresas,27972.995000,1627.651000,364060.326000,393660.972000
2023-07-31,BCP,pequenas_empresas,676894.372000,131913.031000,5770259.988000,6579067.391000
2023-07-31,BIF,consumo,55485.750020,14952.500510,1928381.576280,1998819.826810
2023-07-31,BIF,corporativo,0.000000,0.000000,3528960.517000,3528960.517000
2023-07-31,BIF,grandes_empresas,161014.689000,77613.728000,3030931.856000,3269560.273000
2023-07-31,BIF,hipotecario,82456.923000,42435.875000,2918646.550000,3043539.348000
2023-07-31,BIF,medianas_empresas,232753.553000,34537.003000,1494250.637000,1761541.193000
2023-07-31,BIF,microempresas,379.938000,0.000000,1792.348000,2172.286000
2023-07-31,BIF,pequenas_empresas,3867.343000,144.412000,15525.863000,19537.618000
2023-07-31,CITIBANK,corporativo,0.000000,0.000000,898171.326000,898171.326000
2023-07-31,CITIBANK,grandes_empresas,0.000000,0.000000,767696.911000,767696.911000
2023-07-31,CITIBANK,medianas_empresas,0.000000,0.000000,160925.874000,160925.874000
2023-07-31,CITIBANK,microempresas,0.000000,0.000000,85.855000,85.855000
2023-07-31,CITIBANK,pequenas_empresas,0.000000,0.000000,429.451000,429.451000
2023-07-31,FALABELLA,consumo,260190.734670,53691.367360,3575384.806820,3889266.908850
2023-07-31,FALABELLA,hipotecario,0.000000,0.000000,103.074000,103.074000
2023-07-31,FALABELLA,microempresas,41.232000,0.000000,808.047000,849.279000
2023-07-31,FALABELLA,pequenas_empresas,267.776000,0.000000,1914.490000,2182.266000
2023-07-31,GNB,consumo,27662.804070,4035.472330,1352818.436270,1384516.712670
2023-07-31,GNB,corporativo,0.000000,0.000000,586226.656000,586226.656000
2023-07-31,GNB,grandes_empresas,2721.653000,2617.051000,514652.600000,519991.304000
2023-07-31,GNB,hipotecario,42255.854000,14021.390000,553594.400000,609871.644000
2023-07-31,GNB,medianas_empresas,55601.872000,67379.214000,49561.848000,172542.934000
2023-07-31,GNB,pequenas_empresas,324.295000,180.845000,221.875000,727.015000
2023-07-31,ICBC,corporativo,0.000000,0.000000,973045.376000,973045.376000
2023-07-31,ICBC,grandes_empresas,0.000000,0.000000,147850.402000,147850.402000
2023-07-31,INTERBANK,consumo,546370.852650,244071.540620,15817116.693550,16607559.086820
2023-07-31,INTERBANK,corporativo,0.000000,0.000000,9134885.894000,9134885.894000
2023-07-31,INTERBANK,grandes_empresas,172072.977000,21471.792000,6170494.230000,6364038.999000
2023-07-31,INTERBANK,hipotecario,259971.047000,30729.150000,9290006.499000,9580706.696000
2023-07-31,INTERBANK,medianas_empresas,314856.881000,54070.932000,3031433.626000,3400361.439000
2023-07-31,INTERBANK,microempresas,3490.611000,380.208000,41713.153000,45583.972000
2023-07-31,INTERBANK,pequenas_empresas,152520.676000,21296.593000,879948.740000,1053766.009000
2023-07-31,MIBANCO,consumo,16699.189610,4764.865100,466248.566810,487712.621520
2023-07-31,MIBANCO,hipotecario,22971.950000,1269.256000,454876.723000,479117.929000
2023-07-31,MIBANCO,medianas_empresas,51630.457000,691.245000,432955.654000,485277.356000
2023-07-31,MIBANCO,microempresas,171422.926000,10204.511000,2842977.395000,3024604.832000
2023-07-31,MIBANCO,pequenas_empresas,621952.659000,73738.370000,8717460.023000,9413151.052000
2023-07-31,PICHINCHA,consumo,118670.024790,66268.919460,3971638.407700,4156577.351950
2023-07-31,PICHINCHA,corporativo,0.000000,0.000000,545619.952000,545619.952000
2023-07-31,PICHINCHA,grandes_empresas,75781.280000,18477.765000,1335930.907000,1430189.952000
2023-07-31,PICHINCHA,hipotecario,55015.959000,1905.297000,1404912.623000,1461833.879000
2023-07-31,PICHINCHA,medianas_empresas,265218.401000,121335.555000,463903.076000,850457.032000
2023-07-31,PICHINCHA,microempresas,4750.376000,1005.302000,24203.195000,29958.873000
2023-07-31,PICHINCHA,pequenas_empresas,32850.907000,12793.070000,278978.752000,324622.729000
2023-07-31,RIPLEY,consumo,79434.998440,43499.592970,1619220.088960,1742154.680370
2023-07-31,SANTANDER,consumo,0.000000,0.000000,3924.229310,3924.229310
2023-07-31,SANTANDER,corporativo,21546.050000,0.000000,2961237.623000,2982783.673000
2023-07-31,SANTANDER,grandes_empresas,67056.623000,37031.805000,2487451.984000,2591540.412000
2023-07-31,SANTANDER,medianas_empresas,11675.983000,6653.933000,876411.149000,894741.065000
2023-07-31,SANTANDER,pequenas_empresas,0.000000,0.000000,2102.782000,2102.782000
2023-07-31,SCOTIABANK,consumo,287006.158500,386459.151090,10117739.880280,10791205.189870
2023-07-31,SCOTIABANK,corporativo,240280.759000,0.000000,16374399.345000,16614680.104000
2023-07-31,SCOTIABANK,grandes_empresas,126833.231000,96441.465000,7636466.726000,7859741.422000
2023-07-31,SCOTIABANK,hipotecario,284154.711000,412223.528000,10491128.421000,11187506.660000
2023-07-31,SCOTIABANK,medianas_empresas,989648.933000,518066.427000,5681579.569000,7189294.929000
2023-07-31,SCOTIABANK,microempresas,2999.867000,1487.035000,50278.534000,54765.436000
2023-07-31,SCOTIABANK,pequenas_empresas,265536.925000,184157.756000,1268813.800000,1718508.481000
2023-08-31,ALFIN,consumo,50983.335000,57529.810440,609231.703540,717744.848980
2023-08-31,ALFIN,corporativo,0.000000,0.000000,12000.000000,12000.000000
2023-08-31,ALFIN,grandes_empresas,0.000000,0.000000,10000.000000,10000.000000
2023-08-31,ALFIN,medianas_empresas,0.000000,0.000000,2732.805000,2732.805000
2023-08-31,BANCOM,consumo,41952.359330,43271.226750,1475430.061410,1560653.647490
2023-08-31,BANCOM,corporativo,0.074000,0.000000,40974.032000,40974.106000
2023-08-31,BANCOM,grandes_empresas,16146.581000,724.220000,132955.415000,149826.216000
2023-08-31,BANCOM,hipotecario,4679.673000,342.829000,97716.242000,102738.744000
2023-08-31,BANCOM,medianas_empresas,29461.919000,805.914000,70481.833000,100749.666000
2023-08-31,BANCOM,microempresas,13.078000,0.000000,0.360000,13.438000
2023-08-31,BANCOM,pequenas_empresas,557.714000,0.000000,2174.749000,2732.463000
2023-08-31,BANK_OF_CHINA,corporativo,0.000000,0.000000,162765.000000,162765.000000
2023-08-31,BBVA,consumo,344182.027750,68219.536370,11412137.528670,11824539.092790
2023-08-31,BBVA,corporativo,4255.165000,0.000000,13296855.273000,13301110.438000
2023-08-31,BBVA,grandes_empresas,218519.898000,234726.164000,11932790.599000,12386036.661000
2023-08-31,BBVA,hipotecario,364053.691000,287583.490000,14222939.280000,14874576.461000
2023-08-31,BBVA,medianas_empresas,2074172.842000,1037342.048000,12378204.619000,15489719.509000
2023-08-31,BBVA,microempresas,6455.749000,743.605000,210941.981000,218141.335000
2023-08-31,BBVA,pequenas_empresas,408514.425000,76675.056000,3738800.825000,4223990.306000
2023-08-31,BCI,corporativo,0.000000,0.000000,516761.500000,516761.500000
2023-08-31,BCI,grandes_empresas,0.000000,0.000000,248268.572000,248268.572000
2023-08-31,BCP,consumo,645789.815810,409744.353010,17170291.071930,18225825.240750
2023-08-31,BCP,corporativo,14059.928000,269079.134000,33016083.060000,33299222.122000
2023-08-31,BCP,grandes_empresas,310505.957000,238891.070000,17428964.818000,17978361.845000
2023-08-31,BCP,hipotecario,562442.372000,157674.104000,19817543.134000,20537659.610000
2023-08-31,BCP,medianas_empresas,3040545.574000,778014.667000,16720726.973000,20539287.214000
2023-08-31,BCP,microempresas,25283.214000,1382.273000,383307.865000,409973.352000
2023-08-31,BCP,pequenas_empresas,644840.774000,130347.739000,5842004.989000,6617193.502000
2023-08-31,BIF,consumo,56860.295010,15123.281370,1947006.427500,2018990.003880
2023-08-31,BIF,corporativo,0.213000,0.000000,3648279.110000,3648279.323000
2023-08-31,BIF,grandes_empresas,99178.123000,77521.861000,3043788.577000,3220488.561000
2023-08-31,BIF,hipotecario,85820.658000,43002.755000,2945060.811000,3073884.224000
2023-08-31,BIF,medianas_empresas,245026.841000,37886.855000,1540476.312000,1823390.008000
2023-08-31,BIF,microempresas,1286.528000,0.000000,2020.984000,3307.512000
2023-08-31,BIF,pequenas_empresas,3747.933000,129.676000,18965.142000,22842.751000
2023-08-31,CITIBANK,corporativo,0.000000,0.000000,875402.688000,875402.688000
2023-08-31,CITIBANK,grandes_empresas,0.000000,0.000000,817090.171000,817090.171000
2023-08-31,CITIBANK,medianas_empresas,0.000000,0.000000,166162.074000,166162.074000
2023-08-31,CITIBANK,microempresas,0.000000,0.000000,66.124000,66.124000
2023-08-31,CITIBANK,pequenas_empresas,0.000000,0.000000,456.856000,456.856000
2023-08-31,FALABELLA,consumo,251377.301230,57139.779930,3514238.130120,3822755.211280
2023-08-31,FALABELLA,hipotecario,0.000000,0.000000,98.689000,98.689000
2023-08-31,FALABELLA,microempresas,41.232000,0.000000,790.586000,831.818000
2023-08-31,FALABELLA,pequenas_empresas,397.063000,0.000000,1708.013000,2105.076000
2023-08-31,GNB,consumo,18148.794750,3988.201950,1404465.493860,1426602.490560
2023-08-31,GNB,corporativo,0.000000,0.000000,662442.381000,662442.381000
2023-08-31,GNB,grandes_empresas,3692.248000,2898.369000,515104.625000,521695.242000
2023-08-31,GNB,hipotecario,43704.864000,13843.542000,546995.019000,604543.425000
2023-08-31,GNB,medianas_empresas,56703.811000,66647.215000,51394.457000,174745.483000
2023-08-31,GNB,pequenas_empresas,644.294000,176.844000,24.708000,845.846000
2023-08-31,ICBC,corporativo,0.000000,0.000000,980938.520000,980938.520000
2023-08-31,ICBC,grandes_empresas,0.000000,0.000000,149344.188000,149344.188000
2023-08-31,INTERBANK,consumo,632470.391980,263374.757130,15921366.383180,16817211.532290
2023-08-31,INTERBANK,corporativo,0.000000,0.000000,9215249.605000,9215249.605000
2023-08-31,INTERBANK,grandes_empresas,180153.504000,22220.644000,6170775.128000,6373149.276000
2023-08-31,INTERBANK,hipotecario,264109.466000,29857.780000,9347563.730000,9641530.976000
2023-08-31,INTERBANK,medianas_empresas,313505.460000,53339.545000,3124669.779000,3491514.784000
2023-08-31,INTERBANK,microempresas,3980.484000,277.210000,38665.149000,42922.843000
2023-08-31,INTERBANK,pequenas_empresas,150451.943000,22354.577000,847872.849000,1020679.369000
2023-08-31,MIBANCO,consumo,18701.700790,4671.364740,456673.106590,480046.172120
2023-08-31,MIBANCO,hipotecario,23411.061000,1252.683000,453069.408000,477733.152000
2023-08-31,MIBANCO,medianas_empresas,53872.919000,832.572000,441675.170000,496380.661000
2023-08-31,MIBANCO,microempresas,167740.003000,10278.113000,2781274.635000,2959292.751000
2023-08-31,MIBANCO,pequenas_empresas,632528.271000,74236.974000,8640569.115000,9347334.360000
2023-08-31,PICHINCHA,consumo,132568.655330,77187.673430,4048446.499780,4258202.828540
2023-08-31,PICHINCHA,corporativo,0.000000,0.000000,633312.304000,633312.304000
2023-08-31,PICHINCHA,grandes_empresas,82437.431000,17695.695000,1254099.322000,1354232.448000
2023-08-31,PICHINCHA,hipotecario,57745.996000,1950.995000,1410869.011000,1470566.002000
2023-08-31,PICHINCHA,medianas_empresas,262598.821000,116672.828000,451380.962000,830652.611000
2023-08-31,PICHINCHA,microempresas,4616.567000,933.912000,20629.471000,26179.950000
2023-08-31,PICHINCHA,pequenas_empresas,35414.577000,12066.135000,251768.868000,299249.580000
2023-08-31,RIPLEY,consumo,74792.423840,46152.687740,1574878.484040,1695823.595620
2023-08-31,SANTANDER,consumo,0.000000,0.000000,4470.817280,4470.817280
2023-08-31,SANTANDER,corporativo,3505.765000,0.000000,3184098.357000,3187604.122000
2023-08-31,SANTANDER,grandes_empresas,67783.149000,38271.909000,2505662.310000,2611717.368000
2023-08-31,SANTANDER,medianas_empresas,14143.687000,6718.555000,842153.320000,863015.562000
2023-08-31,SANTANDER,pequenas_empresas,0.000000,0.000000,2087.992000,2087.992000
2023-08-31,SCOTIABANK,consumo,297900.333390,388986.527010,10138006.992800,10824893.853200
2023-08-31,SCOTIABANK,corporativo,246813.523000,0.000000,16809952.375000,17056765.898000
2023-08-31,SCOTIABANK,grandes_empresas,126455.134000,95248.402000,7904578.461000,8126281.997000
2023-08-31,SCOTIABANK,hipotecario,291981.067000,415585.591000,10526438.599000,11234005.257000
2023-08-31,SCOTIABANK,medianas_empresas,1006905.535000,520558.844000,5544731.066000,7072195.445000
2023-08-31,SCOTIABANK,microempresas,3080.277000,1421.967000,52634.113000,57136.357000
2023-08-31,SCOTIABANK,pequenas_empresas,263861.943000,188901.136000,1269466.748000,1722229.827000
2023-09-30,ALFIN,consumo,46066.909520,59441.637640,615612.578330,721121.125490
2023-09-30,ALFIN,corporativo,0.000000,0.000000,12000.000000,12000.000000
2023-09-30,ALFIN,grandes_empresas,0.000000,0.000000,17840.417000,17840.417000
2023-09-30,ALFIN,medianas_empresas,0.000000,0.000000,2995.699000,2995.699000
2023-09-30,ALFIN,pequenas_empresas,0.000000,0.000000,618.900000,618.900000
2023-09-30,BANCOM,consumo,44903.176690,44456.511790,1459189.740970,1548549.429450
2023-09-30,BANCOM,corporativo,0.074000,0.000000,51598.012000,51598.086000
2023-09-30,BANCOM,grandes_empresas,17310.917000,743.428000,116753.569000,134807.914000
2023-09-30,BANCOM,hipotecario,3864.349000,341.599000,98919.754000,103125.702000
2023-09-30,BANCOM,medianas_empresas,29508.468000,802.914000,70742.431000,101053.813000
2023-09-30,BANCOM,microempresas,13.091000,0.000000,1.689000,14.780000
2023-09-30,BANCOM,pequenas_empresas,387.844000,0.000000,2004.827000,2392.671000
2023-09-30,BANK_OF_CHINA,corporativo,0.000000,0.000000,165411.000000,165411.000000
2023-09-30,BBVA,consumo,348004.473930,78266.506600,11590593.764810,12016864.745340
2023-09-30,BBVA,corporativo,9.882000,0.000000,13609784.737000,13609794.619000
2023-09-30,BBVA,grandes_empresas,226890.498000,226604.117000,12284532.292000,12738026.907000
2023-09-30,BBVA,hipotecario,366169.171000,287963.286000,14419096.692000,15073229.149000
2023-09-30,BBVA,medianas_empresas,2055600.993000,1078413.453000,12455003.724000,15589018.170000
2023-09-30,BBVA,microempresas,6911.581000,228.606000,211837.064000,218977.251000
2023-09-30,BBVA,pequenas_empresas,431906.581000,95260.937000,3756713.218000,4283880.736000
2023-09-30,BCI,corporativo,0.000000,0.000000,582353.100000,582353.100000
2023-09-30,BCI,grandes_empresas,0.000000,0.000000,249121.999000,249121.999000
2023-09-30,BCP,consumo,657806.790450,436811.474460,17103971.078570,18198589.343480
2023-09-30,BCP,corporativo,76282.600000,209226.555000,33228367.418000,33513876.573000
2023-09-30,BCP,grandes_empresas,318294.853000,251648.327000,17829314.016000,18399257.196000
2023-09-30,BCP,hipotecario,567392.882000,221833.143000,20014496.995000,20803723.020000
2023-09-30,BCP,medianas_empresas,2935904.218000,832944.858000,16826402.401000,20595251.477000
2023-09-30,BCP,microempresas,26203.434000,1907.144000,414434.692000,442545.270000
2023-09-30,BCP,pequenas_empresas,654481.213000,131645.294000,5899154.613000,6685281.120000
2023-09-30,BIF,consumo,58082.101820,15126.485020,1980444.804850,2053653.391690
2023-09-30,BIF,corporativo,0.000000,0.000000,3632815.047000,3632815.047000
2023-09-30,BIF,grandes_empresas,102563.078000,74803.977000,3054743.219000,3232110.274000
2023-09-30,BIF,hipotecario,85181.629000,43381.855000,2967348.131000,3095911.615000
2023-09-30,BIF,medianas_empresas,255661.074000,44353.049000,1569768.708000,1869782.831000
2023-09-30,BIF,microempresas,1275.446000,0.000000,2776.643000,4052.089000
2023-09-30,BIF,pequenas_empresas,3839.815000,103.979000,24348.574000,28292.368000
2023-09-30,CITIBANK,corporativo,0.000000,0.000000,833564.644000,833564.644000
2023-09-30,CITIBANK,grandes_empresas,0.000000,0.000000,925637.950000,925637.950000
2023-09-30,CITIBANK,medianas_empresas,0.000000,0.000000,168884.512000,168884.512000
2023-09-30,CITIBANK,microempresas,0.000000,0.000000,83.274000,83.274000
2023-09-30,CITIBANK,pequenas_empresas,0.000000,0.000000,526.754000,526.754000
2023-09-30,FALABELLA,consumo,249083.397710,60328.314430,3440561.219680,3749972.931820
2023-09-30,FALABELLA,hipotecario,0.000000,0.000000,96.503000,96.503000
2023-09-30,FALABELLA,microempresas,41.091000,0.000000,730.545000,771.636000
2023-09-30,FALABELLA,pequenas_empresas,410.383000,0.000000,1860.693000,2271.076000
2023-09-30,GNB,consumo,18614.178630,3957.897470,1444628.107390,1467200.183490
2023-09-30,GNB,corporativo,0.000000,0.000000,715137.514000,715137.514000
2023-09-30,GNB,grandes_empresas,4458.269000,1724.177000,536845.465000,543027.911000
2023-09-30,GNB,hipotecario,44722.784000,13810.716000,542869.868000,601403.368000
2023-09-30,GNB,medianas_empresas,57422.551000,67713.422000,51543.091000,176679.064000
2023-09-30,GNB,pequenas_empresas,640.146000,172.813000,11.102000,824.061000
2023-09-30,ICBC,corporativo,0.000000,3009.943000,971125.881000,974135.824000
2023-09-30,ICBC,grandes_empresas,0.000000,0.000000,162334.204000,162334.204000
2023-09-30,INTERBANK,consumo,635627.689550,277300.853240,15808563.725460,16721492.268250
2023-09-30,INTERBANK,corporativo,0.000000,0.000000,9594815.735000,9594815.735000
2023-09-30,INTERBANK,grandes_empresas,203046.253000,22461.786000,6220443.576000,6445951.615000
2023-09-30,INTERBANK,hipotecario,269578.806000,29546.839000,9427917.901000,9727043.546000
2023-09-30,INTERBANK,medianas_empresas,315260.956000,50416.108000,3332290.378000,3697967.442000
2023-09-30,INTERBANK,microempresas,4006.024000,224.294000,37559.838000,41790.156000
2023-09-30,INTERBANK,pequenas_empresas,148755.754000,23810.432000,815760.706000,988326.892000
2023-09-30,MIBANCO,consumo,17504.559010,4678.897670,441228.095580,463411.552260
2023-09-30,MIBANCO,hipotecario,24337.319000,1241.075000,452660.600000,478238.994000
2023-09-30,MIBANCO,medianas_empresas,54121.104000,1364.006000,444366.170000,499851.280000
2023-09-30,MIBANCO,microempresas,158700.759000,10849.862000,2666972.109000,2836522.730000
2023-09-30,MIBANCO,pequenas_empresas,592122.263000,76707.414000,8509325.807000,9178155.484000
2023-09-30,PICHINCHA,consumo,151481.888300,98152.545530,4067256.363210,4316890.797040
2023-09-30,PICHINCHA,corporativo,0.000000,0.000000,634618.846000,634618.846000
2023-09-30,PICHINCHA,grandes_empresas,73916.457000,30012.042000,1361139.804000,1465068.303000
2023-09-30,PICHINCHA,hipotecario,60968.285000,1946.571000,1414047.836000,1476962.692000
2023-09-30,PICHINCHA,medianas_empresas,252898.536000,126253.201000,437681.149000,816832.886000
2023-09-30,PICHINCHA,microempresas,4579.252000,812.413000,18824.982000,24216.647000
2023-09-30,PICHINCHA,pequenas_empresas,36727.134000,11777.593000,242799.855000,291304.582000
2023-09-30,RIPLEY,consumo,76195.746160,45031.062990,1537977.016430,1659203.825580
2023-09-30,SANTANDER,consumo,0.000000,0.000000,4943.622980,4943.622980
2023-09-30,SANTANDER,corporativo,0.000000,75860.000000,3320194.514000,3396054.514000
2023-09-30,SANTANDER,grandes_empresas,50457.377000,38777.614000,2519794.147000,2609029.138000
2023-09-30,SANTANDER,medianas_empresas,37974.731000,6852.845000,755124.693000,799952.269000
2023-09-30,SCOTIABANK,consumo,313499.707480,396131.641370,10112536.431330,10822167.780180
2023-09-30,SCOTIABANK,corporativo,248789.992000,0.000000,15824987.672000,16073777.664000
2023-09-30,SCOTIABANK,grandes_empresas,122563.640000,105588.956000,7626734.661000,7854887.257000
2023-09-30,SCOTIABANK,hipotecario,300426.482000,418549.000000,10585912.014000,11304887.496000
2023-09-30,SCOTIABANK,medianas_empresas,1014382.481000,531824.163000,5378072.022000,6924278.666000
2023-09-30,SCOTIABANK,microempresas,2752.027000,1491.540000,55790.805000,60034.372000
2023-09-30,SCOTIABANK,pequenas_empresas,265858.552000,191605.637000,1280305.424000,1737769.613000
2023-10-31,ALFIN,consumo,15374.780720,39710.404520,596999.287390,652084.472630
2023-10-31,ALFIN,corporativo,0.000000,0.000000,15645.733000,15645.733000
2023-10-31,ALFIN,grandes_empresas,0.000000,0.000000,19104.246000,19104.246000
2023-10-31,ALFIN,medianas_empresas,0.000000,0.000000,2540.844000,2540.844000
2023-10-31,ALFIN,microempresas,0.000000,0.000000,17.300000,17.300000
2023-10-31,ALFIN,pequenas_empresas,0.000000,0.000000,1302.406000,1302.406000
2023-10-31,BANCOM,consumo,47648.305600,49129.007930,1456724.770180,1553502.083710
2023-10-31,BANCOM,corporativo,0.074000,0.000000,48997.028000,48997.102000
2023-10-31,BANCOM,grandes_empresas,12478.977000,1981.935000,118094.600000,132555.512000
2023-10-31,BANCOM,hipotecario,4651.739000,340.895000,98251.850000,103244.484000
2023-10-31,BANCOM,medianas_empresas,30018.437000,799.914000,75388.612000,106206.963000
2023-10-31,BANCOM,microempresas,6.564000,0.000000,0.199000,6.763000
2023-10-31,BANCOM,pequenas_empresas,461.745000,0.000000,1841.920000,2303.665000
2023-10-31,BANK_OF_CHINA,corporativo,0.000000,0.000000,144626.000000,144626.000000
2023-10-31,BBVA,consumo,387444.067170,85190.287000,11771863.809490,12244498.163660
2023-10-31,BBVA,corporativo,9.873000,0.000000,13857777.853000,13857787.726000
2023-10-31,BBVA,grandes_empresas,254590.316000,231561.931000,12515986.162000,13002138.409000
2023-10-31,BBVA,hipotecario,380800.019000,288623.622000,14564103.787000,15233527.428000
2023-10-31,BBVA,medianas_empresas,2054798.284000,1104599.566000,12232571.068000,15391968.918000
2023-10-31,BBVA,microempresas,6117.024000,202.377000,215825.790000,222145.191000
2023-10-31,BBVA,pequenas_empresas,455647.137000,113412.449000,3682947.738000,4252007.324000
2023-10-31,BCI,corporativo,15352.000000,0.000000,548354.899000,563706.899000
2023-10-31,BCI,grandes_empresas,2686.600000,0.000000,244961.962000,247648.562000
2023-10-31,BCP,consumo,685927.931670,460247.721840,17194143.905930,18340319.559440
2023-10-31,BCP,corporativo,14186.823000,275114.217000,33520244.537000,33809545.577000
2023-10-31,BCP,grandes_empresas,310270.884000,267580.996000,17224912.584000,17802764.464000
2023-10-31,BCP,hipotecario,579835.170000,222145.681000,20114708.402000,20916689.253000
2023-10-31,BCP,medianas_empresas,3029400.417000,832737.295000,16546498.732000,20408636.444000
2023-10-31,BCP,microempresas,26379.525000,2077.880000,448279.685000,476737.090000
2023-10-31,BCP,pequenas_empresas,683039.046000,130308.293000,5961841.356000,6775188.695000
2023-10-31,BIF,consumo,55890.386230,16283.085790,2010868.227350,2083041.699370
2023-10-31,BIF,corporativo,479.948000,0.000000,3787174.536000,3787654.484000
2023-10-31,BIF,grandes_empresas,82247.813000,78311.791000,3077855.699000,3238415.303000
2023-10-31,BIF,hipotecario,89984.366000,44130.594000,2992291.951000,3126406.911000
2023-10-31,BIF,medianas_empresas,288151.390000,42926.888000,1625111.267000,1956189.545000
2023-10-31,BIF,microempresas,1261.897000,0.000000,1869.057000,3130.954000
2023-10-31,BIF,pequenas_empresas,3657.396000,150.047000,27019.390000,30826.833000
2023-10-31,CITIBANK,corporativo,0.000000,0.000000,844848.210000,844848.210000
2023-10-31,CITIBANK,grandes_empresas,0.000000,0.000000,963257.399000,963257.399000
2023-10-31,CITIBANK,medianas_empresas,0.000000,0.000000,163500.777000,163500.777000
2023-10-31,CITIBANK,microempresas,0.000000,0.000000,105.015000,105.015000
2023-10-31,CITIBANK,pequenas_empresas,0.000000,0.000000,549.058000,549.058000
2023-10-31,FALABELLA,consumo,252094.592200,66889.179310,3454810.601570,3773794.373080
2023-10-31,FALABELLA,hipotecario,0.000000,0.000000,92.668000,92.668000
2023-10-31,FALABELLA,microempresas,67.330000,0.000000,777.237000,844.567000
2023-10-31,FALABELLA,pequenas_empresas,527.035000,0.000000,1729.944000,2256.979000
2023-10-31,GNB,consumo,18364.247870,3856.080890,1466708.413900,1488928.742660
2023-10-31,GNB,corporativo,0.000000,0.000000,766026.342000,766026.342000
2023-10-31,GNB,grandes_empresas,2363.971000,2346.569000,522530.312000,527240.852000
2023-10-31,GNB,hipotecario,48221.959000,13964.519000,553379.299000,615565.777000
2023-10-31,GNB,medianas_empresas,50283.870000,68115.535000,57139.585000,175538.990000
2023-10-31,GNB,pequenas_empresas,841.281000,168.710000,20.799000,1030.790000
2023-10-31,ICBC,corporativo,0.000000,3045.653000,899802.504000,902848.157000
2023-10-31,ICBC,grandes_empresas,0.000000,0.000000,159621.248000,159621.248000
2023-10-31,INTERBANK,consumo,726722.422580,297129.126190,15646769.304430,16670620.853200
2023-10-31,INTERBANK,corporativo,13.900000,0.000000,9282840.163000,9282854.063000
2023-10-31,INTERBANK,grandes_empresas,175074.111000,19692.596000,6270748.933000,6465515.640000
2023-10-31,INTERBANK,hipotecario,274627.024000,31944.807000,9489026.432000,9795598.263000
2023-10-31,INTERBANK,medianas_empresas,315741.344000,53887.161000,3354701.387000,3724329.892000
2023-10-31,INTERBANK,microempresas,4306.550000,209.616000,36379.889000,40896.055000
2023-10-31,INTERBANK,pequenas_empresas,152640.149000,24115.427000,777088.931000,953844.507000
2023-10-31,MIBANCO,consumo,15556.690720,4782.366090,430644.584140,450983.640950
2023-10-31,MIBANCO,hipotecario,23838.165000,1224.465000,450630.004000,475692.634000
2023-10-31,MIBANCO,medianas_empresas,57122.811000,1770.895000,441147.113000,500040.819000
2023-10-31,MIBANCO,microempresas,142049.599000,10377.868000,2628367.068000,2780794.535000
2023-10-31,MIBANCO,pequenas_empresas,619798.393000,80423.417000,8440029.456000,9140251.266000
2023-10-31,PICHINCHA,consumo,163468.532430,117508.219810,4050818.915640,4331795.667880
2023-10-31,PICHINCHA,corporativo,0.000000,0.000000,623295.043000,623295.043000
2023-10-31,PICHINCHA,grandes_empresas,73104.771000,33716.426000,1241864.423000,1348685.620000
2023-10-31,PICHINCHA,hipotecario,61022.666000,1940.460000,1420721.506000,1483684.632000
2023-10-31,PICHINCHA,medianas_empresas,252812.218000,130558.344000,418792.661000,802163.223000
2023-10-31,PICHINCHA,microempresas,4130.889000,828.882000,17326.988000,22286.759000
2023-10-31,PICHINCHA,pequenas_empresas,37211.808000,11650.155000,230245.471000,279107.434000
2023-10-31,RIPLEY,consumo,78722.455720,44777.132130,1533058.164130,1656557.751980
2023-10-31,SANTANDER,consumo,0.000000,0.000000,9305.264820,9305.264820
2023-10-31,SANTANDER,corporativo,0.234000,76760.000000,3182617.553000,3259377.787000
2023-10-31,SANTANDER,grandes_empresas,48077.622000,38666.196000,2533805.188000,2620549.006000
2023-10-31,SANTANDER,medianas_empresas,38063.841000,6676.894000,735034.152000,779774.887000
2023-10-31,SANTANDER,pequenas_empresas,3.015000,0.000000,50.727000,53.742000
2023-10-31,SCOTIABANK,consumo,340769.196450,395846.707430,10077167.421100,10813783.324980
2023-10-31,SCOTIABANK,corporativo,255692.338000,0.000000,15507002.936000,15762695.274000
2023-10-31,SCOTIABANK,grandes_empresas,125072.009000,108689.702000,7536638.081000,7770399.792000
2023-10-31,SCOTIABANK,hipotecario,320238.973000,421132.217000,10602005.244000,11343376.434000
2023-10-31,SCOTIABANK,medianas_empresas,1015695.177000,541091.488000,5631297.368000,7188084.033000
2023-10-31,SCOTIABANK,microempresas,2726.726000,1516.977000,60562.127000,64805.830000
2023-10-31,SCOTIABANK,pequenas_empresas,266141.806000,193873.107000,1293923.344000,1753938.257000
2023-11-30,ALFIN,consumo,26116.909580,48054.302280,578648.008660,652819.220520
2023-11-30,ALFIN,corporativo,0.000000,0.000000,23061.839000,23061.839000
2023-11-30,ALFIN,grandes_empresas,0.318000,0.000000,16413.605000,16413.923000
2023-11-30,ALFIN,medianas_empresas,0.000000,0.000000,2393.593000,2393.593000
2023-11-30,ALFIN,microempresas,0.000000,0.000000,3661.894000,3661.894000
2023-11-30,ALFIN,pequenas_empresas,0.000000,0.000000,2600.148000,2600.148000
2023-11-30,BANCOM,consumo,53206.836720,50486.777120,1445585.655350,1549279.269190
2023-11-30,BANCOM,corporativo,0.074000,0.000000,37221.490000,37221.564000
2023-11-30,BANCOM,grandes_empresas,14758.598000,1934.500000,103688.460000,120381.558000
2023-11-30,BANCOM,hipotecario,4405.439000,340.653000,98641.045000,103387.137000
2023-11-30,BANCOM,medianas_empresas,30088.872000,796.914000,70086.887000,100972.673000
2023-11-30,BANCOM,microempresas,6.749000,0.000000,0.000000,6.749000
2023-11-30,BANCOM,pequenas_empresas,432.475000,0.000000,1362.804000,1795.279000
2023-11-30,BANK_OF_CHINA,corporativo,0.000000,0.000000,164872.000000,164872.000000
2023-11-30,BBVA,consumo,408486.544400,96812.346800,11818549.808340,12323848.699540
2023-11-30,BBVA,corporativo,9.876000,0.000000,14378985.300000,14378995.176000
2023-11-30,BBVA,grandes_empresas,264682.781000,245734.377000,12355646.538000,12866063.696000
2023-11-30,BBVA,hipotecario,361514.353000,291453.597000,14671194.881000,15324162.831000
2023-11-30,BBVA,medianas_empresas,2061709.935000,1094576.942000,12013358.992000,15169645.869000
2023-11-30,BBVA,microempresas,7301.305000,196.289000,190614.203000,198111.797000
2023-11-30,BBVA,pequenas_empresas,500057.551000,115604.778000,3532599.888000,4148262.217000
2023-11-30,BCI,corporativo,14944.000000,0.000000,531696.121000,546640.121000
2023-11-30,BCI,grandes_empresas,2615.200000,0.000000,247588.847000,250204.047000
2023-11-30,BCP,consumo,675057.466530,478185.506600,17184675.199060,18337918.172190
2023-11-30,BCP,corporativo,12684.027000,270389.351000,33418062.431000,33701135.809000
2023-11-30,BCP,grandes_empresas,249081.027000,274696.569000,17022232.651000,17546010.247000
2023-11-30,BCP,hipotecario,577792.352000,224145.300000,20149695.967000,20951633.619000
2023-11-30,BCP,medianas_empresas,2969702.787000,824601.843000,16418871.698000,20213176.328000
2023-11-30,BCP,microempresas,24592.596000,2247.073000,466572.596000,493412.265000
2023-11-30,BCP,pequenas_empresas,659647.473000,131592.607000,6000192.840000,6791432.920000
2023-11-30,BIF,consumo,59534.895360,16966.165790,2012676.379780,2089177.440930
2023-11-30,BIF,corporativo,0.000000,0.000000,3919790.238000,3919790.238000
2023-11-30,BIF,grandes_empresas,70880.104000,76827.314000,2997969.214000,3145676.632000
2023-11-30,BIF,hipotecario,89112.706000,46202.797000,3017257.892000,3152573.395000
2023-11-30,BIF,medianas_empresas,285356.000000,41595.597000,1609090.680000,1936042.277000
2023-11-30,BIF,microempresas,1270.315000,0.000000,1274.664000,2544.979000
2023-11-30,BIF,pequenas_empresas,3785.913000,113.995000,28648.740000,32548.648000
2023-11-30,CITIBANK,corporativo,0.000000,0.000000,842175.810000,842175.810000
2023-11-30,CITIBANK,grandes_empresas,0.000000,0.000000,981159.252000,981159.252000
2023-11-30,CITIBANK,medianas_empresas,0.000000,0.000000,171799.111000,171799.111000
2023-11-30,CITIBANK,microempresas,0.000000,0.000000,102.507000,102.507000
2023-11-30,CITIBANK,pequenas_empresas,0.000000,0.000000,503.921000,503.921000
2023-11-30,FALABELLA,consumo,258840.644490,72066.067470,3417082.782430,3747989.494390
2023-11-30,FALABELLA,hipotecario,0.000000,0.000000,84.802000,84.802000
2023-11-30,FALABELLA,microempresas,185.537000,0.000000,877.818000,1063.355000
2023-11-30,FALABELLA,pequenas_empresas,454.558000,0.000000,1993.575000,2448.133000
2023-11-30,GNB,consumo,18586.908680,3832.776580,1495831.120720,1518250.805980
2023-11-30,GNB,corporativo,0.000000,0.000000,877588.668000,877588.668000
2023-11-30,GNB,grandes_empresas,2306.540000,2230.905000,502099.347000,506636.792000
2023-11-30,GNB,hipotecario,48652.444000,14080.784000,558563.736000,621296.964000
2023-11-30,GNB,medianas_empresas,49397.920000,66689.356000,51920.788000,168008.064000
2023-11-30,GNB,microempresas,0.000000,0.000000,16.251000,16.251000
2023-11-30,GNB,pequenas_empresas,662.863000,164.619000,156.266000,983.748000
2023-11-30,ICBC,corporativo,0.000000,2598.414000,798486.220000,801084.634000
2023-11-30,ICBC,grandes_empresas,0.000000,0.000000,166794.304000,166794.304000
2023-11-30,INTERBANK,consumo,740093.391820,313208.619400,15483110.197040,16536412.208260
2023-11-30,INTERBANK,corporativo,0.000000,0.000000,9099684.429000,9099684.429000
2023-11-30,INTERBANK,grandes_empresas,158990.490000,53258.073000,6110699.457000,6322948.020000
2023-11-30,INTERBANK,hipotecario,280653.326000,31606.388000,9515734.213000,9827993.927000
2023-11-30,INTERBANK,medianas_empresas,332223.998000,47894.457000,3352794.956000,3732913.411000
2023-11-30,INTERBANK,microempresas,4017.056000,272.808000,39561.681000,43851.545000
2023-11-30,INTERBANK,pequenas_empresas,145606.406000,24393.784000,752161.622000,922161.812000
2023-11-30,MIBANCO,consumo,14888.152160,4779.198150,417380.955720,437048.306030
2023-11-30,MIBANCO,hipotecario,23905.601000,1503.739000,448923.431000,474332.771000
2023-11-30,MIBANCO,medianas_empresas,59750.108000,1953.002000,443840.648000,505543.758000
2023-11-30,MIBANCO,microempresas,129691.898000,10250.497000,2604026.372000,2743968.767000
2023-11-30,MIBANCO,pequenas_empresas,625747.229000,81606.530000,8467077.320000,9174431.079000
2023-11-30,PICHINCHA,consumo,162723.770790,137872.059920,4049123.256260,4349719.086970
2023-11-30,PICHINCHA,corporativo,0.000000,0.000000,610091.031000,610091.031000
2023-11-30,PICHINCHA,grandes_empresas,66834.763000,34706.297000,1188344.831000,1289885.891000
2023-11-30,PICHINCHA,hipotecario,61724.661000,1918.254000,1430106.256000,1493749.171000
2023-11-30,PICHINCHA,medianas_empresas,247330.648000,130389.969000,401136.782000,778857.399000
2023-11-30,PICHINCHA,microempresas,3067.763000,994.987000,15883.660000,19946.410000
2023-11-30,PICHINCHA,pequenas_empresas,26156.396000,12751.283000,218556.847000,257464.526000
2023-11-30,RIPLEY,consumo,83107.126000,41087.432350,1516162.069100,1640356.627450
2023-11-30,SANTANDER,consumo,0.000000,0.000000,24424.366050,24424.366050
2023-11-30,SANTANDER,corporativo,0.065000,74720.000000,3122920.590000,3197640.655000
2023-11-30,SANTANDER,grandes_empresas,46632.715000,46473.651000,2516690.781000,2609797.147000
2023-11-30,SANTANDER,medianas_empresas,37785.496000,6271.517000,622449.393000,666506.406000
2023-11-30,SANTANDER,pequenas_empresas,2.952000,0.000000,46.427000,49.379000
2023-11-30,SCOTIABANK,consumo,345566.633700,404251.070610,10033003.736620,10782821.440930
2023-11-30,SCOTIABANK,corporativo,237926.802000,13998.384000,14645897.724000,14897822.910000
2023-11-30,SCOTIABANK,grandes_empresas,137370.974000,91967.024000,7307091.106000,7536429.104000
2023-11-30,SCOTIABANK,hipotecario,317179.999000,422519.029000,10626835.978000,11366535.006000
2023-11-30,SCOTIABANK,medianas_empresas,1021944.827000,533963.303000,5544005.894000,7099914.024000
2023-11-30,SCOTIABANK,microempresas,2561.507000,1389.985000,57741.046000,61692.538000
2023-11-30,SCOTIABANK,pequenas_empresas,266295.502000,196751.561000,1314443.552000,1777490.615000
2023-12-31,ALFIN,consumo,22549.171050,47598.378040,580577.828950,650725.378040
2023-12-31,ALFIN,corporativo,0.000000,0.000000,18436.220000,18436.220000
2023-12-31,ALFIN,grandes_empresas,0.000000,0.000000,11224.446000,11224.446000
2023-12-31,ALFIN,hipotecario,0.000000,0.000000,154.301000,154.301000
2023-12-31,ALFIN,medianas_empresas,0.000000,0.000000,31275.494000,31275.494000
2023-12-31,ALFIN,microempresas,0.000000,0.000000,3696.075000,3696.075000
2023-12-31,ALFIN,pequenas_empresas,0.000000,0.000000,2893.989000,2893.989000
2023-12-31,BANCOM,consumo,34589.887810,49450.782440,1431065.284800,1515105.955050
2023-12-31,BANCOM,corporativo,0.074000,0.000000,31823.090000,31823.164000
2023-12-31,BANCOM,grandes_empresas,13787.685000,1896.500000,110878.131000,126562.316000
2023-12-31,BANCOM,hipotecario,4508.961000,301.338000,99130.749000,103941.048000
2023-12-31,BANCOM,medianas_empresas,23608.775000,793.914000,80918.641000,105321.330000
2023-12-31,BANCOM,microempresas,6.710000,0.000000,0.000000,6.710000
2023-12-31,BANCOM,pequenas_empresas,298.064000,0.000000,1233.250000,1531.314000
2023-12-31,BANK_OF_CHINA,corporativo,0.000000,0.000000,205942.000000,205942.000000
2023-12-31,BBVA,consumo,416787.953190,100807.242340,11868127.243270,12385722.438800
2023-12-31,BBVA,corporativo,9.801000,0.000000,15139220.947000,15139230.748000
2023-12-31,BBVA,grandes_empresas,289894.459000,254138.795000,11980761.353000,12524794.607000
2023-12-31,BBVA,hipotecario,316656.595000,295137.965000,14768114.498000,15379909.058000
2023-12-31,BBVA,medianas_empresas,1990781.477000,1084707.727000,12185307.075000,15260796.279000
2023-12-31,BBVA,microempresas,8703.028000,532.091000,171377.471000,180612.590000
2023-12-31,BBVA,pequenas_empresas,505026.335000,120747.805000,3343607.837000,3969381.977000
2023-12-31,BCI,corporativo,14836.000000,0.000000,681256.633000,696092.633000
2023-12-31,BCI,grandes_empresas,2221.319000,0.000000,230148.720000,232370.039000
2023-12-31,BCP,consumo,698081.627140,483294.805510,16996886.273760,18178262.706410
2023-12-31,BCP,corporativo,14028.649000,266780.720000,34034981.391000,34315790.760000
2023-12-31,BCP,grandes_empresas,246207.945000,272607.737000,17010156.078000,17528971.760000
2023-12-31,BCP,hipotecario,569075.817000,228615.792000,20214134.460000,21011826.069000
2023-12-31,BCP,medianas_empresas,2802345.896000,849783.676000,16574377.164000,20226506.736000
2023-12-31,BCP,microempresas,24667.059000,2203.162000,456079.002000,482949.223000
2023-12-31,BCP,pequenas_empresas,630775.113000,132038.853000,6021526.029000,6784339.995000
2023-12-31,BIF,consumo,63493.730710,16703.094090,1990156.151690,2070352.976490
2023-12-31,BIF,corporativo,0.000000,0.000000,3704943.781000,3704943.781000
2023-12-31,BIF,grandes_empresas,60852.048000,93922.090000,3008765.463000,3163539.601000
2023-12-31,BIF,hipotecario,88660.575000,46179.644000,3034179.997000,3169020.216000
2023-12-31,BIF,medianas_empresas,276559.374000,41317.768000,1604254.295000,1922131.437000
2023-12-31,BIF,microempresas,1267.328000,0.000000,13927.716000,15195.044000
2023-12-31,BIF,pequenas_empresas,3767.891000,288.221000,25377.496000,29433.608000
2023-12-31,CITIBANK,corporativo,0.000000,0.000000,997698.894000,997698.894000
2023-12-31,CITIBANK,grandes_empresas,0.000000,0.000000,851363.649000,851363.649000
2023-12-31,CITIBANK,medianas_empresas,0.000000,0.000000,116497.797000,116497.797000
2023-12-31,CITIBANK,microempresas,0.000000,0.000000,105.523000,105.523000
2023-12-31,CITIBANK,pequenas_empresas,0.000000,0.000000,468.592000,468.592000
2023-12-31,FALABELLA,consumo,264647.681110,73639.319330,3433486.428300,3771773.428740
2023-12-31,FALABELLA,hipotecario,0.000000,0.000000,79.357000,79.357000
2023-12-31,FALABELLA,microempresas,205.416000,0.000000,822.893000,1028.309000
2023-12-31,FALABELLA,pequenas_empresas,609.570000,0.000000,1844.694000,2454.264000
2023-12-31,GNB,consumo,20370.785820,3938.729750,1506959.977770,1531269.493340
2023-12-31,GNB,corporativo,0.000000,0.000000,806024.456000,806024.456000
2023-12-31,GNB,grandes_empresas,2291.338000,2347.454000,477449.153000,482087.945000
2023-12-31,GNB,hipotecario,50433.417000,14023.745000,551040.086000,615497.248000
2023-12-31,GNB,medianas_empresas,49194.719000,65312.795000,46802.260000,161309.774000
2023-12-31,GNB,microempresas,0.000000,0.000000,20.106000,20.106000
2023-12-31,GNB,pequenas_empresas,660.684000,160.457000,149.812000,970.953000
2023-12-31,ICBC,corporativo,0.000000,2579.635000,893945.757000,896525.392000
2023-12-31,ICBC,grandes_empresas,0.000000,0.000000,148787.786000,148787.786000
2023-12-31,INTERBANK,consumo,764408.007080,308372.707190,15271860.687660,16344641.401930
2023-12-31,INTERBANK,corporativo,0.000000,0.000000,9107977.426000,9107977.426000
2023-12-31,INTERBANK,grandes_empresas,144980.514000,52442.759000,6574492.368000,6771915.641000
2023-12-31,INTERBANK,hipotecario,274807.424000,30628.515000,9547593.389000,9853029.328000
2023-12-31,INTERBANK,medianas_empresas,325260.860000,47671.717000,3415116.484000,3788049.061000
2023-12-31,INTERBANK,microempresas,3413.308000,322.102000,38928.357000,42663.767000
2023-12-31,INTERBANK,pequenas_empresas,143568.612000,22556.614000,713958.551000,880083.777000
2023-12-31,MIBANCO,consumo,15105.646040,4928.499370,402804.436740,422838.582150
2023-12-31,MIBANCO,hipotecario,24600.549000,1489.011000,444611.019000,470700.579000
2023-12-31,MIBANCO,medianas_empresas,59982.634000,1730.892000,443600.209000,505313.735000
2023-12-31,MIBANCO,microempresas,107549.064000,10677.164000,2538337.320000,2656563.548000
2023-12-31,MIBANCO,pequenas_empresas,628341.377000,82976.872000,8398337.961000,9109656.210000
2023-12-31,PICHINCHA,consumo,155875.061950,146635.167860,4051380.450710,4353890.680520
2023-12-31,PICHINCHA,corporativo,0.000000,0.000000,670971.888000,670971.888000
2023-12-31,PICHINCHA,grandes_empresas,76363.058000,33291.046000,1068699.686000,1178353.790000
2023-12-31,PICHINCHA,hipotecario,66689.208000,1906.097000,1429589.144000,1498184.449000
2023-12-31,PICHINCHA,medianas_empresas,244335.360000,131474.903000,402986.232000,778796.495000
2023-12-31,PICHINCHA,microempresas,3088.744000,961.875000,13945.480000,17996.099000
2023-12-31,PICHINCHA,pequenas_empresas,25946.159000,12409.215000,204312.424000,242667.798000
2023-12-31,RIPLEY,consumo,94041.819030,35768.768470,1503217.275470,1633027.862970
2023-12-31,SANTANDER,consumo,0.000000,0.000000,23888.940720,23888.940720
2023-12-31,SANTANDER,corporativo,0.000000,74180.000000,3023935.939000,3098115.939000
2023-12-31,SANTANDER,grandes_empresas,50208.659000,43071.361000,2402974.125000,2496254.145000
2023-12-31,SANTANDER,medianas_empresas,45314.507000,7911.120000,768490.975000,821716.602000
2023-12-31,SANTANDER,pequenas_empresas,5.878000,0.000000,43.143000,49.021000
2023-12-31,SCOTIABANK,consumo,365844.121890,407809.825710,9923685.877090,10697339.824690
2023-12-31,SCOTIABANK,corporativo,236372.563000,13897.218000,13574051.852000,13824321.633000
2023-12-31,SCOTIABANK,grandes_empresas,128372.530000,101387.316000,7255588.502000,7485348.348000
2023-12-31,SCOTIABANK,hipotecario,323139.870000,426204.206000,10598273.845000,11347617.921000
2023-12-31,SCOTIABANK,medianas_empresas,1043005.543000,526194.553000,5742624.150000,7311824.246000
2023-12-31,SCOTIABANK,microempresas,2539.291000,1424.080000,92708.276000,96671.647000
2023-12-31,SCOTIABANK,pequenas_empresas,273986.685000,196773.540000,1298828.879000,1769589.104000
2024-01-31,ALFIN,consumo,24339.951870,44561.457190,566065.864810,634967.273870
2024-01-31,ALFIN,corporativo,0.000000,0.000000,12000.000000,12000.000000
2024-01-31,ALFIN,grandes_empresas,0.000000,0.000000,28952.934000,28952.934000
2024-01-31,ALFIN,hipotecario,0.000000,0.000000,154.456000,154.456000
2024-01-31,ALFIN,medianas_empresas,0.000000,0.000000,53918.959000,53918.959000
2024-01-31,ALFIN,microempresas,0.000000,0.000000,1579.553000,1579.553000
2024-01-31,ALFIN,pequenas_empresas,106.410000,0.000000,5262.162000,5368.572000
2024-01-31,BANCOM,consumo,40509.157000,49268.735560,1419513.637010,1509291.529570
2024-01-31,BANCOM,corporativo,0.074000,0.000000,62074.050000,62074.124000
2024-01-31,BANCOM,grandes_empresas,13971.690000,1876.436000,101733.002000,117581.128000
2024-01-31,BANCOM,hipotecario,4586.635000,300.571000,98613.192000,103500.398000
2024-01-31,BANCOM,medianas_empresas,23783.495000,793.914000,78818.862000,103396.271000
2024-01-31,BANCOM,microempresas,9.022000,0.000000,100.000000,109.022000
2024-01-31,BANCOM,pequenas_empresas,550.855000,0.000000,1013.447000,1564.302000
2024-01-31,BANK_OF_CHINA,corporativo,0.000000,0.000000,208552.000000,208552.000000
2024-01-31,BBVA,consumo,457462.400410,107703.729940,11960533.804310,12525699.934660
2024-01-31,BBVA,corporativo,9.838000,0.000000,14741155.728000,14741165.566000
2024-01-31,BBVA,grandes_empresas,324922.937000,249607.133000,11817283.014000,12391813.084000
2024-01-31,BBVA,hipotecario,324692.272000,308145.462000,14873153.123000,15505990.857000
2024-01-31,BBVA,medianas_empresas,2027865.001000,1030931.023000,12132149.114000,15190945.138000
2024-01-31,BBVA,microempresas,7932.496000,370.607000,144030.243000,152333.346000
2024-01-31,BBVA,pequenas_empresas,485503.234000,125888.206000,3134478.273000,3745869.713000
2024-01-31,BCI,corporativo,16926.184000,0.000000,637191.147000,654117.331000
2024-01-31,BCI,grandes_empresas,0.000000,2278.214000,219147.447000,221425.661000
2024-01-31,BCP,consumo,722068.470110,505310.721440,17026727.571080,18254106.762630
2024-01-31,BCP,corporativo,58663.068000,224901.969000,32440676.950000,32724241.987000
2024-01-31,BCP,grandes_empresas,258497.859000,360280.958000,16820357.022000,17439135.839000
2024-01-31,BCP,hipotecario,575228.920000,228888.016000,20271209.581000,21075326.517000
2024-01-31,BCP,medianas_empresas,2783258.328000,895373.680000,16183653.636000,19862285.644000
2024-01-31,BCP,microempresas,25550.190000,1803.054000,480326.939000,507680.183000
2024-01-31,BCP,pequenas_empresas,640518.427000,137198.485000,5964814.721000,6742531.633000
2024-01-31,BIF,consumo,66869.170340,16121.412960,1990801.234560,2073791.817860
2024-01-31,BIF,corporativo,0.000000,0.000000,3871775.328000,3871775.328000
2024-01-31,BIF,grandes_empresas,71163.370000,96518.519000,2866327.075000,3034008.964000
2024-01-31,BIF,hipotecario,89402.502000,46790.020000,3054883.736000,3191076.258000
2024-01-31,BIF,medianas_empresas,285874.068000,41024.901000,1587499.205000,1914398.174000
2024-01-31,BIF,microempresas,1242.819000,0.000000,17295.853000,18538.672000
2024-01-31,BIF,pequenas_empresas,3800.434000,241.626000,28283.265000,32325.325000
2024-01-31,CITIBANK,corporativo,0.000000,0.000000,1008953.062000,1008953.062000
2024-01-31,CITIBANK,grandes_empresas,0.000000,0.000000,823009.959000,823009.959000
2024-01-31,CITIBANK,medianas_empresas,0.000000,0.000000,102933.201000,102933.201000
2024-01-31,CITIBANK,microempresas,0.000000,0.000000,591.704000,591.704000
2024-01-31,CITIBANK,pequenas_empresas,0.000000,0.000000,419.553000,419.553000
2024-01-31,FALABELLA,consumo,236271.036430,72287.946930,3311291.752840,3619850.736200
2024-01-31,FALABELLA,hipotecario,0.000000,0.000000,76.439000,76.439000
2024-01-31,FALABELLA,microempresas,190.632000,0.000000,755.957000,946.589000
2024-01-31,FALABELLA,pequenas_empresas,545.308000,0.000000,1767.645000,2312.953000
2024-01-31,GNB,consumo,20472.216720,4259.746130,1518177.194700,1542909.157550
2024-01-31,GNB,corporativo,0.000000,0.000000,810295.726000,810295.726000
2024-01-31,GNB,grandes_empresas,1027.080000,1450.050000,497057.831000,499534.961000
2024-01-31,GNB,hipotecario,47013.444000,13692.902000,550113.154000,610819.500000
2024-01-31,GNB,medianas_empresas,50739.433000,66638.019000,45725.573000,163103.025000
2024-01-31,GNB,pequenas_empresas,817.603000,156.343000,0.000000,973.946000
2024-01-31,ICBC,corporativo,0.000000,2272.916000,903470.219000,905743.135000
2024-01-31,ICBC,grandes_empresas,0.000000,0.000000,135135.028000,135135.028000
2024-01-31,INTERBANK,consumo,788420.109370,314840.781520,15088693.221500,16191954.112390
2024-01-31,INTERBANK,corporativo,5421.652000,0.000000,9037635.326000,9043056.978000
2024-01-31,INTERBANK,grandes_empresas,157231.098000,57582.515000,6471813.404000,6686627.017000
2024-01-31,INTERBANK,hipotecario,294299.879000,30696.924000,9567251.134000,9892247.937000
2024-01-31,INTERBANK,medianas_empresas,337246.470000,41143.293000,3415526.866000,3793916.629000
2024-01-31,INTERBANK,microempresas,3332.294000,331.629000,39203.123000,42867.046000
2024-01-31,INTERBANK,pequenas_empresas,139475.850000,22632.165000,691991.249000,854099.264000
2024-01-31,MIBANCO,consumo,14339.095210,4926.917060,389905.831910,409171.844180
2024-01-31,MIBANCO,hipotecario,24878.246000,1321.479000,438802.245000,465001.970000
2024-01-31,MIBANCO,medianas_empresas,60418.946000,1741.543000,438824.117000,500984.606000
2024-01-31,MIBANCO,microempresas,97221.841000,11082.826000,2506543.674000,2614848.341000
2024-01-31,MIBANCO,pequenas_empresas,625301.465000,86069.861000,8320137.300000,9031508.626000
2024-01-31,PICHINCHA,consumo,156678.097470,162081.829780,4065144.172170,4383904.099420
2024-01-31,PICHINCHA,corporativo,0.000000,0.000000,720350.894000,720350.894000
2024-01-31,PICHINCHA,grandes_empresas,75889.127000,32865.665000,1081226.214000,1189981.006000
2024-01-31,PICHINCHA,hipotecario,72060.491000,1901.232000,1431155.107000,1505116.830000
2024-01-31,PICHINCHA,medianas_empresas,252489.799000,132563.161000,394084.200000,779137.160000
2024-01-31,PICHINCHA,microempresas,2756.971000,948.862000,11799.464000,15505.297000
2024-01-31,PICHINCHA,pequenas_empresas,24682.289000,11550.714000,191746.974000,227979.977000
2024-01-31,RIPLEY,consumo,93899.445980,32730.787960,1430178.621720,1556808.855660
2024-01-31,SANTANDER,consumo,1.441730,0.000000,23211.017750,23212.459480
2024-01-31,SANTANDER,corporativo,951.000000,76080.000000,3271301.751000,3348332.751000
2024-01-31,SANTANDER,grandes_empresas,54823.188000,42878.711000,2344737.915000,2442439.814000
2024-01-31,SANTANDER,medianas_empresas,36625.539000,7844.338000,782405.264000,826875.141000
2024-01-31,SANTANDER,pequenas_empresas,3.041000,0.000000,41.207000,44.248000
2024-01-31,SCOTIABANK,consumo,381617.373550,413910.444730,9861341.658850,10656869.477130
2024-01-31,SCOTIABANK,corporativo,241860.137000,14253.173000,13440615.619000,13696728.929000
2024-01-31,SCOTIABANK,grandes_empresas,139560.139000,100012.281000,7193529.315000,7433101.735000
2024-01-31,SCOTIABANK,hipotecario,324586.334000,431980.539000,10582121.720000,11338688.593000
2024-01-31,SCOTIABANK,medianas_empresas,1029094.753000,551088.180000,6035013.869000,7615196.802000
2024-01-31,SCOTIABANK,microempresas,3008.945000,1438.128000,89465.649000,93912.722000
2024-01-31,SCOTIABANK,pequenas_empresas,271133.721000,204334.985000,1298551.159000,1774019.865000
2024-02-29,ALFIN,consumo,30993.427360,46142.460480,582709.949970,659845.837810
2024-02-29,ALFIN,grandes_empresas,0.000000,0.000000,28838.561000,28838.561000
2024-02-29,ALFIN,hipotecario,0.000000,0.000000,149.678000,149.678000
2024-02-29,ALFIN,medianas_empresas,0.000000,0.000000,54019.323000,54019.323000
2024-02-29,ALFIN,microempresas,0.000000,0.000000,1680.683000,1680.683000
2024-02-29,ALFIN,pequenas_empresas,211.445000,0.000000,6258.690000,6470.135000
2024-02-29,BANCOM,consumo,45475.872800,49088.324920,1410471.752060,1505035.949780
2024-02-29,BANCOM,corporativo,0.074000,0.000000,67288.090000,67288.164000
2024-02-29,BANCOM,grandes_empresas,14314.343000,1793.771000,110817.490000,126925.604000
2024-02-29,BANCOM,hipotecario,4836.862000,300.249000,98675.218000,103812.329000
2024-02-29,BANCOM,medianas_empresas,22269.621000,716.914000,57758.397000,80744.932000
2024-02-29,BANCOM,microempresas,9.009000,0.000000,0.060000,9.069000
2024-02-29,BANCOM,pequenas_empresas,550.855000,0.000000,1561.419000,2112.274000
2024-02-29,BANK_OF_CHINA,corporativo,0.000000,0.000000,184640.000000,184640.000000
2024-02-29,BBVA,consumo,444763.011140,114868.977030,12094260.225600,12653892.213770
2024-02-29,BBVA,corporativo,9.801000,0.000000,15202787.235000,15202797.036000
2024-02-29,BBVA,grandes_empresas,339653.176000,258306.656000,11537713.256000,12135673.088000
2024-02-29,BBVA,hipotecario,327997.145000,312976.631000,14975176.202000,15616149.978000
2024-02-29,BBVA,medianas_empresas,2062188.437000,1011091.352000,12147917.031000,15221196.820000
2024-02-29,BBVA,microempresas,8257.889000,356.932000,123145.987000,131760.808000
2024-02-29,BBVA,pequenas_empresas,497050.928000,125351.431000,3019901.816000,3642304.175000
2024-02-29,BCI,corporativo,15457.004000,0.000000,547646.721000,563103.725000
2024-02-29,BCI,grandes_empresas,0.000000,2263.841000,221922.114000,224185.955000
2024-02-29,BCP,consumo,688914.280190,537776.556470,17052091.933100,18278782.769760
2024-02-29,BCP,corporativo,12619.160000,269502.017000,31730095.439000,32012216.616000
2024-02-29,BCP,grandes_empresas,254054.674000,335949.893000,16600755.151000,17190759.718000
2024-02-29,BCP,hipotecario,587541.679000,230441.934000,20355445.771000,21173429.384000
2024-02-29,BCP,medianas_empresas,2730869.495000,926847.202000,16172929.851000,19830646.548000
2024-02-29,BCP,microempresas,23949.536000,1831.865000,449510.523000,475291.924000
2024-02-29,BCP,pequenas_empresas,601023.461000,144624.940000,5988807.593000,6734455.994000
2024-02-29,BIF,consumo,68016.849380,15734.744850,2002472.776320,2086224.370550
2024-02-29,BIF,corporativo,0.194000,0.000000,3873719.923000,3873720.117000
2024-02-29,BIF,grandes_empresas,114466.583000,69721.188000,2909680.040000,3093867.811000
2024-02-29,BIF,hipotecario,93697.733000,47001.174000,3073879.044000,3214577.951000
2024-02-29,BIF,medianas_empresas,281161.608000,38394.190000,1562005.134000,1881560.932000
2024-02-29,BIF,microempresas,1240.538000,0.000000,17667.223000,18907.761000
2024-02-29,BIF,pequenas_empresas,3796.831000,155.315000,24883.007000,28835.153000
2024-02-29,CITIBANK,corporativo,0.000000,0.000000,953873.958000,953873.958000
2024-02-29,CITIBANK,grandes_empresas,0.000000,0.000000,974020.680000,974020.680000
2024-02-29,CITIBANK,medianas_empresas,0.000000,0.000000,72667.168000,72667.168000
2024-02-29,CITIBANK,microempresas,0.000000,0.000000,188.488000,188.488000
2024-02-29,CITIBANK,pequenas_empresas,0.000000,0.000000,451.228000,451.228000
2024-02-29,FALABELLA,consumo,221766.601860,72993.098160,3256565.891050,3551325.591070
2024-02-29,FALABELLA,hipotecario,0.000000,0.000000,69.704000,69.704000
2024-02-29,FALABELLA,microempresas,198.224000,0.000000,699.258000,897.482000
2024-02-29,FALABELLA,pequenas_empresas,520.133000,0.000000,1636.420000,2156.553000
2024-02-29,GNB,consumo,22064.261310,4201.227740,1546766.694150,1573032.183200
2024-02-29,GNB,corporativo,0.000000,0.000000,779568.425000,779568.425000
2024-02-29,GNB,grandes_empresas,1020.600000,2085.950000,518539.564000,521646.114000
2024-02-29,GNB,hipotecario,47801.534000,13741.746000,543317.633000,604860.913000
2024-02-29,GNB,medianas_empresas,51845.150000,64536.653000,26748.831000,143130.634000
2024-02-29,GNB,pequenas_empresas,808.521000,152.121000,0.000000,960.642000
2024-02-29,ICBC,corporativo,2258.576000,0.000000,852363.184000,854621.760000
2024-02-29,ICBC,grandes_empresas,0.000000,0.000000,148350.634000,148350.634000
2024-02-29,INTERBANK,consumo,755496.185720,316015.721720,14994719.755060,16066231.662500
2024-02-29,INTERBANK,corporativo,7252.607000,0.000000,8616824.327000,8624076.934000
2024-02-29,INTERBANK,grandes_empresas,150453.392000,56704.003000,6490155.928000,6697313.323000
2024-02-29,INTERBANK,hipotecario,298647.916000,30507.966000,9626488.301000,9955644.183000
2024-02-29,INTERBANK,medianas_empresas,335239.114000,40550.971000,3272520.112000,3648310.197000
2024-02-29,INTERBANK,microempresas,3598.211000,236.515000,43319.218000,47153.944000
2024-02-29,INTERBANK,pequenas_empresas,139596.923000,22529.387000,693243.410000,855369.720000
2024-02-29,MIBANCO,consumo,14261.806680,4964.570930,382064.259890,401290.637500
2024-02-29,MIBANCO,hipotecario,26034.037000,1307.191000,432564.243000,459905.471000
2024-02-29,MIBANCO,medianas_empresas,61632.615000,1662.234000,431695.384000,494990.233000
2024-02-29,MIBANCO,microempresas,92229.709000,11318.680000,2480889.492000,2584437.881000
2024-02-29,MIBANCO,pequenas_empresas,638830.993000,85280.189000,8294026.138000,9018137.320000
2024-02-29,PICHINCHA,consumo,170434.105500,172195.843370,4047844.568280,4390474.517150
2024-02-29,PICHINCHA,corporativo,0.000000,0.000000,716848.092000,716848.092000
2024-02-29,PICHINCHA,grandes_empresas,76368.712000,32989.709000,1096258.715000,1205617.136000
2024-02-29,PICHINCHA,hipotecario,74729.463000,1891.808000,1435382.662000,1512003.933000
2024-02-29,PICHINCHA,medianas_empresas,240802.715000,135906.997000,379835.491000,756545.203000
2024-02-29,PICHINCHA,microempresas,2718.429000,922.029000,10818.249000,14458.707000
2024-02-29,PICHINCHA,pequenas_empresas,29334.898000,10045.032000,176575.044000,215954.974000
2024-02-29,RIPLEY,consumo,85168.184090,30540.540190,1393581.968740,1509290.693020
2024-02-29,SANTANDER,consumo,1.106050,0.000000,21129.094240,21130.200290
2024-02-29,SANTANDER,corporativo,0.000000,75600.000000,3173901.649000,3249501.649000
2024-02-29,SANTANDER,grandes_empresas,52165.295000,56736.501000,2137649.737000,2246551.533000
2024-02-29,SANTANDER,medianas_empresas,37912.561000,10053.069000,762591.339000,810556.969000
2024-02-29,SANTANDER,pequenas_empresas,8.031000,0.000000,105.613000,113.644000
2024-02-29,SCOTIABANK,consumo,381849.018910,418454.464430,9830894.239270,10631197.722610
2024-02-29,SCOTIABANK,corporativo,248644.027000,14163.247000,13355306.627000,13618113.901000
2024-02-29,SCOTIABANK,grandes_empresas,137222.238000,93382.390000,6925203.334000,7155807.962000
2024-02-29,SCOTIABANK,hipotecario,328260.903000,438100.961000,10536927.396000,11303289.260000
2024-02-29,SCOTIABANK,medianas_empresas,1023168.729000,568469.346000,5378640.909000,6970278.984000
2024-02-29,SCOTIABANK,microempresas,2620.955000,1435.496000,86300.292000,90356.743000
2024-02-29,SCOTIABANK,pequenas_empresas,271240.254000,207836.355000,1311528.253000,1790604.862000
2024-03-31,ALFIN,consumo,35673.831340,44509.889280,592442.735580,672626.456200
2024-03-31,ALFIN,grandes_empresas,0.000000,0.000000,39710.013000,39710.013000
2024-03-31,ALFIN,hipotecario,0.000000,0.000000,143.378000,143.378000
2024-03-31,ALFIN,medianas_empresas,0.000000,0.000000,51974.523000,51974.523000
2024-03-31,ALFIN,microempresas,44.055000,0.000000,1681.426000,1725.481000
2024-03-31,ALFIN,pequenas_empresas,294.372000,0.000000,6150.853000,6445.225000
2024-03-31,BANCOM,consumo,42335.386690,49520.326810,1401494.311190,1493350.024690
2024-03-31,BANCOM,corporativo,0.074000,0.000000,59554.072000,59554.146000
2024-03-31,BANCOM,grandes_empresas,6443.427000,10231.089000,108904.188000,125578.704000
2024-03-31,BANCOM,hipotecario,5844.721000,299.235000,97775.798000,103919.754000
2024-03-31,BANCOM,medianas_empresas,22837.397000,716.914000,60200.452000,83754.763000
2024-03-31,BANCOM,microempresas,9.001000,0.000000,0.000000,9.001000
2024-03-31,BANCOM,pequenas_empresas,550.359000,0.000000,3673.724000,4224.083000
2024-03-31,BANK_OF_CHINA,corporativo,0.000000,0.000000,204592.000000,204592.000000
2024-03-31,BBVA,consumo,397844.816960,119511.362750,12149040.571360,12666396.751070
2024-03-31,BBVA,corporativo,10.315000,0.000000,17169872.004000,17169882.319000
2024-03-31,BBVA,grandes_empresas,324157.472000,312147.247000,11448124.300000,12084429.019000
2024-03-31,BBVA,hipotecario,327770.029000,321321.130000,15115815.523000,15764906.682000
2024-03-31,BBVA,medianas_empresas,2020475.168000,1007389.407000,11932998.436000,14960863.011000
2024-03-31,BBVA,microempresas,6176.508000,364.048000,122983.565000,129524.121000
2024-03-31,BBVA,pequenas_empresas,472869.143000,135689.179000,2882316.930000,3490875.252000
2024-03-31,BCI,corporativo,15203.476000,0.000000,646184.735000,661388.211000
2024-03-31,BCI,grandes_empresas,0.000000,1487.200000,207573.714000,209060.914000
2024-03-31,BCP,consumo,721006.451370,552331.719160,16848478.426980,18121816.597510
2024-03-31,BCP,corporativo,76507.167000,203425.079000,30867256.084000,31147188.330000
2024-03-31,BCP,grandes_empresas,260983.166000,328403.986000,16457729.883000,17047117.035000
2024-03-31,BCP,hipotecario,619860.243000,228770.131000,20326241.829000,21174872.203000
2024-03-31,BCP,medianas_empresas,2706086.480000,922693.021000,16067830.570000,19696610.071000
2024-03-31,BCP,microempresas,24774.218000,1759.966000,469949.902000,496484.086000
2024-03-31,BCP,pequenas_empresas,585834.638000,141944.942000,5933311.716000,6661091.296000
2024-03-31,BIF,consumo,70298.070140,16154.520720,2003838.174290,2090290.765150
2024-03-31,BIF,corporativo,0.715000,0.000000,3918578.943000,3918579.658000
2024-03-31,BIF,grandes_empresas,116882.943000,68223.427000,2803610.663000,2988717.033000
2024-03-31,BIF,hipotecario,96231.579000,48807.718000,3085362.060000,3230401.357000
2024-03-31,BIF,medianas_empresas,278950.536000,37109.066000,1527710.027000,1843769.629000
2024-03-31,BIF,microempresas,1271.679000,0.000000,19320.875000,20592.554000
2024-03-31,BIF,pequenas_empresas,3478.368000,294.422000,21490.823000,25263.613000
2024-03-31,CITIBANK,corporativo,0.000000,0.000000,1214144.121000,1214144.121000
2024-03-31,CITIBANK,grandes_empresas,0.000000,0.000000,848744.160000,848744.160000
2024-03-31,CITIBANK,medianas_empresas,0.000000,0.000000,74047.170000,74047.170000
2024-03-31,CITIBANK,microempresas,0.000000,0.000000,169.210000,169.210000
2024-03-31,CITIBANK,pequenas_empresas,0.000000,0.000000,450.140000,450.140000
2024-03-31,FALABELLA,consumo,210740.614710,71557.979610,3249665.089110,3531963.683430
2024-03-31,FALABELLA,hipotecario,0.000000,0.000000,64.161000,64.161000
2024-03-31,FALABELLA,microempresas,231.848000,0.000000,742.089000,973.937000
2024-03-31,FALABELLA,pequenas_empresas,521.662000,0.000000,1943.491000,2465.153000
2024-03-31,GNB,consumo,22583.697450,4060.555710,1571280.124300,1597924.377460
2024-03-31,GNB,corporativo,0.000000,0.000000,832670.983000,832670.983000
2024-03-31,GNB,grandes_empresas,1153.199000,1848.027000,499566.046000,502567.272000
2024-03-31,GNB,hipotecario,47491.305000,13703.342000,539735.554000,600930.201000
2024-03-31,GNB,medianas_empresas,51020.849000,64248.705000,30521.782000,145791.336000
2024-03-31,GNB,pequenas_empresas,796.347000,147.833000,136.289000,1080.469000
2024-03-31,ICBC,corporativo,17093.530000,0.000000,733157.800000,750251.330000
2024-03-31,ICBC,grandes_empresas,0.000000,0.000000,147097.786000,147097.786000
2024-03-31,INTERBANK,consumo,779787.679530,319975.031080,14848193.258250,15947955.968860
2024-03-31,INTERBANK,corporativo,7155.969000,0.000000,8733726.584000,8740882.553000
2024-03-31,INTERBANK,grandes_empresas,156248.534000,55857.770000,6661359.884000,6873466.188000
2024-03-31,INTERBANK,hipotecario,287824.907000,30279.713000,9686813.683000,10004918.303000
2024-03-31,INTERBANK,medianas_empresas,328603.635000,42776.167000,3251714.819000,3623094.621000
2024-03-31,INTERBANK,microempresas,3802.201000,228.296000,46209.247000,50239.744000
2024-03-31,INTERBANK,pequenas_empresas,136921.566000,22372.275000,708059.398000,867353.239000
2024-03-31,MIBANCO,consumo,15093.576110,5099.073240,377640.970510,397833.619860
2024-03-31,MIBANCO,hipotecario,27085.119000,1309.838000,427955.188000,456350.145000
2024-03-31,MIBANCO,medianas_empresas,62862.272000,1695.050000,432532.864000,497090.186000
2024-03-31,MIBANCO,microempresas,95365.368000,10947.833000,2491570.110000,2597883.311000
2024-03-31,MIBANCO,pequenas_empresas,671781.848000,84600.749000,8261623.696000,9018006.293000
2024-03-31,PICHINCHA,consumo,190538.099920,180914.397510,3991015.157440,4362467.654870
2024-03-31,PICHINCHA,corporativo,0.000000,0.000000,743148.964000,743148.964000
2024-03-31,PICHINCHA,grandes_empresas,74720.825000,31401.166000,1194780.679000,1300902.670000
2024-03-31,PICHINCHA,hipotecario,77258.661000,1854.403000,1438423.352000,1517536.416000
2024-03-31,PICHINCHA,medianas_empresas,247853.218000,71310.367000,364548.664000,683712.249000
2024-03-31,PICHINCHA,microempresas,2862.466000,841.408000,9250.612000,12954.486000
2024-03-31,PICHINCHA,pequenas_empresas,37804.311000,8233.702000,158949.211000,204987.224000
2024-03-31,RIPLEY,consumo,81426.830420,28915.952650,1359150.585590,1469493.368660
2024-03-31,SANTANDER,consumo,46.539130,0.000000,20231.594500,20278.133630
2024-03-31,SANTANDER,corporativo,1279.204000,74360.000000,3189999.039000,3265638.243000
2024-03-31,SANTANDER,grandes_empresas,62009.697000,53373.874000,2023365.831000,2138749.402000
2024-03-31,SANTANDER,medianas_empresas,33140.930000,9746.779000,812269.273000,855156.982000
2024-03-31,SANTANDER,pequenas_empresas,0.000000,0.000000,1598.669000,1598.669000
2024-03-31,SCOTIABANK,consumo,375712.281600,425778.440020,9768871.837240,10570362.558860
2024-03-31,SCOTIABANK,corporativo,259243.454000,0.000000,13495109.483000,13754352.937000
2024-03-31,SCOTIABANK,grandes_empresas,153473.240000,85523.905000,6776501.554000,7015498.699000
2024-03-31,SCOTIABANK,hipotecario,332777.240000,442664.192000,10479353.916000,11254795.348000
2024-03-31,SCOTIABANK,medianas_empresas,1067476.402000,547337.758000,5337908.070000,6952722.230000
2024-03-31,SCOTIABANK,microempresas,2625.501000,1467.559000,82536.952000,86630.012000
2024-03-31,SCOTIABANK,pequenas_empresas,285917.883000,208460.390000,1306033.669000,1800411.942000
2024-04-30,ALFIN,consumo,39857.307330,41683.309530,594050.457830,675591.074690
2024-04-30,ALFIN,grandes_empresas,0.000000,0.000000,39745.725000,39745.725000
2024-04-30,ALFIN,hipotecario,0.000000,0.000000,140.667000,140.667000
2024-04-30,ALFIN,medianas_empresas,0.000000,0.000000,51717.551000,51717.551000
2024-04-30,ALFIN,microempresas,306.734000,0.000000,1513.625000,1820.359000
2024-04-30,ALFIN,pequenas_empresas,875.569000,0.000000,5799.105000,6674.674000
2024-04-30,BANCOM,consumo,39816.210050,52348.822190,1390685.742820,1482850.775060
2024-04-30,BANCOM,corporativo,0.074000,0.000000,58269.540000,58269.614000
2024-04-30,BANCOM,grandes_empresas,6454.688000,9579.907000,107001.882000,123036.477000
2024-04-30,BANCOM,hipotecario,4705.915000,298.119000,98850.856000,103854.890000
2024-04-30,BANCOM,medianas_empresas,23149.056000,882.898000,51581.014000,75612.968000
2024-04-30,BANCOM,microempresas,9.005000,0.000000,0.000000,9.005000
2024-04-30,BANCOM,pequenas_empresas,460.122000,0.000000,3716.206000,4176.328000
2024-04-30,BANK_OF_CHINA,corporativo,0.000000,0.000000,183386.000000,183386.000000
2024-04-30,BANK_OF_CHINA,grandes_empresas,0.000000,0.000000,4104.379000,4104.379000
2024-04-30,BBVA,consumo,417742.798860,127009.270860,12209297.805140,12754049.874860
2024-04-30,BBVA,corporativo,310.243000,0.000000,16771045.104000,16771355.347000
2024-04-30,BBVA,grandes_empresas,262207.601000,313682.809000,11126553.582000,11702443.992000
2024-04-30,BBVA,hipotecario,358850.539000,314503.243000,15221396.208000,15894749.990000
2024-04-30,BBVA,medianas_empresas,2053208.127000,974991.495000,12338911.313000,15367110.935000
2024-04-30,BBVA,microempresas,5006.766000,360.597000,97990.423000,103357.786000
2024-04-30,BBVA,pequenas_empresas,495370.231000,126068.662000,2745109.504000,3366548.397000
2024-04-30,BCI,corporativo,19069.061000,0.000000,626175.309000,645244.370000
2024-04-30,BCI,grandes_empresas,0.000000,749.400000,179591.541000,180340.941000
2024-04-30,BCP,consumo,746402.754140,550932.256450,16850198.478200,18147533.488790
2024-04-30,BCP,corporativo,48204.716000,222476.661000,34355458.077000,34626139.454000
2024-04-30,BCP,grandes_empresas,246671.941000,330991.575000,16576070.735000,17153734.251000
2024-04-30,BCP,hipotecario,626301.903000,229368.687000,20409198.361000,21264868.951000
2024-04-30,BCP,medianas_empresas,2656583.734000,965043.494000,16093997.894000,19715625.122000
2024-04-30,BCP,microempresas,24099.628000,1780.275000,495313.934000,521193.837000
2024-04-30,BCP,pequenas_empresas,557917.820000,143351.324000,6025797.571000,6727066.715000
2024-04-30,BIF,consumo,75198.134760,15721.617790,2013026.702620,2103946.455170
2024-04-30,BIF,corporativo,2.342000,0.000000,3783460.533000,3783462.875000
2024-04-30,BIF,grandes_empresas,133219.132000,74908.891000,2904299.614000,3112427.637000
2024-04-30,BIF,hipotecario,97395.023000,49535.412000,3088674.940000,3235605.375000
2024-04-30,BIF,medianas_empresas,284376.099000,33303.518000,1472918.147000,1790597.764000
2024-04-30,BIF,microempresas,1271.584000,0.000000,19057.431000,20329.015000
2024-04-30,BIF,pequenas_empresas,3457.805000,276.778000,23163.235000,26897.818000
2024-04-30,CITIBANK,corporativo,0.000000,0.000000,1099147.935000,1099147.935000
2024-04-30,CITIBANK,grandes_empresas,0.000000,0.000000,800554.155000,800554.155000
2024-04-30,CITIBANK,medianas_empresas,0.000000,0.000000,151530.428000,151530.428000
2024-04-30,CITIBANK,microempresas,0.000000,0.000000,207.232000,207.232000
2024-04-30,CITIBANK,pequenas_empresas,0.000000,0.000000,540.425000,540.425000
2024-04-30,FALABELLA,consumo,217201.115660,72354.588490,3236274.151440,3525829.855590
2024-04-30,FALABELLA,hipotecario,0.000000,0.000000,60.148000,60.148000
2024-04-30,FALABELLA,microempresas,218.500000,0.000000,1071.246000,1289.746000
2024-04-30,FALABELLA,pequenas_empresas,609.914000,0.000000,1769.006000,2378.920000
2024-04-30,GNB,consumo,23616.736440,4178.323940,1576868.403380,1604663.463760
2024-04-30,GNB,corporativo,0.000000,0.000000,801023.875000,801023.875000
2024-04-30,GNB,grandes_empresas,1011.690000,1849.425000,580368.011000,583229.126000
2024-04-30,GNB,hipotecario,47227.497000,13593.692000,537429.405000,598250.594000
2024-04-30,GNB,medianas_empresas,49876.639000,61940.066000,23965.781000,135782.486000
2024-04-30,GNB,pequenas_empresas,798.687000,143.622000,122.868000,1065.177000
2024-04-30,ICBC,corporativo,17226.858000,0.000000,834887.459000,852114.317000
2024-04-30,ICBC,grandes_empresas,0.000000,0.000000,147738.780000,147738.780000
2024-04-30,INTERBANK,consumo,765330.088910,325681.235200,14827846.705270,15918858.029380
2024-04-30,INTERBANK,corporativo,48.744000,0.000000,9276270.459000,9276319.203000
2024-04-30,INTERBANK,grandes_empresas,161102.352000,44907.425000,6384600.960000,6590610.737000
2024-04-30,INTERBANK,hipotecario,312419.030000,30357.062000,9725801.371000,10068577.463000
2024-04-30,INTERBANK,medianas_empresas,327952.311000,42217.463000,3258495.845000,3628665.619000
2024-04-30,INTERBANK,microempresas,4208.756000,241.265000,53168.047000,57618.068000
2024-04-30,INTERBANK,pequenas_empresas,136723.323000,22942.365000,701685.464000,861351.152000
2024-04-30,MIBANCO,consumo,14589.950180,4884.163760,372592.801210,392066.915150
2024-04-30,MIBANCO,hipotecario,26939.185000,1219.711000,423582.990000,451741.886000
2024-04-30,MIBANCO,medianas_empresas,61497.767000,1536.116000,430637.831000,493671.714000
2024-04-30,MIBANCO,microempresas,95822.370000,10382.310000,2469740.259000,2575944.939000
2024-04-30,MIBANCO,pequenas_empresas,665114.932000,84236.178000,8228587.246000,8977938.356000
2024-04-30,PICHINCHA,consumo,226323.155400,187396.187780,3901335.045680,4315054.388860
2024-04-30,PICHINCHA,corporativo,0.000000,0.000000,747699.463000,747699.463000
2024-04-30,PICHINCHA,grandes_empresas,74689.576000,35356.421000,1132681.553000,1242727.550000
2024-04-30,PICHINCHA,hipotecario,72585.457000,1842.856000,1449839.599000,1524267.912000
2024-04-30,PICHINCHA,medianas_empresas,234786.604000,70547.472000,352995.313000,658329.389000
2024-04-30,PICHINCHA,microempresas,2633.219420,798.915110,8141.938770,11574.073300
2024-04-30,PICHINCHA,pequenas_empresas,37693.665000,7479.656000,143192.881000,188366.202000
2024-04-30,RIPLEY,consumo,82271.909730,28686.158110,1322313.907810,1433271.975650
2024-04-30,SANTANDER,consumo,48.526070,0.000000,19899.211450,19947.737520
2024-04-30,SANTANDER,corporativo,89356.754000,0.000000,3027093.550000,3116450.304000
2024-04-30,SANTANDER,grandes_empresas,118723.939000,43526.781000,2020838.055000,2183088.775000
2024-04-30,SANTANDER,medianas_empresas,33101.477000,9663.026000,753765.101000,796529.604000
2024-04-30,SANTANDER,pequenas_empresas,8.057000,0.000000,1342.153000,1350.210000
2024-04-30,SCOTIABANK,consumo,379646.997980,432904.540900,9695036.189180,10507587.728060
2024-04-30,SCOTIABANK,corporativo,272772.329000,0.000000,14183676.031000,14456448.360000
2024-04-30,SCOTIABANK,grandes_empresas,145192.033000,92829.046000,6819538.258000,7057559.337000
2024-04-30,SCOTIABANK,hipotecario,331959.682000,448832.129000,10459116.755000,11239908.566000
2024-04-30,SCOTIABANK,medianas_empresas,1060643.766000,569070.431000,5323364.886000,6953079.083000
2024-04-30,SCOTIABANK,microempresas,2740.982000,1434.635000,75618.956000,79794.573000
2024-04-30,SCOTIABANK,pequenas_empresas,287392.109000,214330.524000,1306741.516000,1808464.149000
2024-05-31,ALFIN,consumo,51577.996470,37321.708870,576884.660860,665784.366200
2024-05-31,ALFIN,grandes_empresas,0.000000,0.000000,39493.910000,39493.910000
2024-05-31,ALFIN,hipotecario,0.000000,0.000000,136.442000,136.442000
2024-05-31,ALFIN,medianas_empresas,0.000000,0.000000,49707.051000,49707.051000
2024-05-31,ALFIN,microempresas,688.270000,0.000000,1086.896000,1775.166000
2024-05-31,ALFIN,pequenas_empresas,1680.644000,0.000000,5365.006000,7045.650000
2024-05-31,BANCOM,consumo,45119.687760,52591.867340,1372724.952260,1470436.507360
2024-05-31,BANCOM,corporativo,0.074000,0.000000,60548.242000,60548.316000
2024-05-31,BANCOM,grandes_empresas,9478.087000,8401.938000,113147.620000,131027.645000
2024-05-31,BANCOM,hipotecario,6052.906000,297.829000,97399.863000,103750.598000
2024-05-31,BANCOM,medianas_empresas,24361.951000,877.097000,47708.826000,72947.874000
2024-05-31,BANCOM,microempresas,9.004000,0.000000,0.236000,9.240000
2024-05-31,BANCOM,pequenas_empresas,564.068000,0.000000,3725.907000,4289.975000
2024-05-31,BANK_OF_CHINA,corporativo,0.000000,0.000000,183044.000000,183044.000000
2024-05-31,BANK_OF_CHINA,grandes_empresas,0.000000,0.000000,4088.369000,4088.369000
2024-05-31,BBVA,consumo,426357.496870,133298.677240,12292453.106060,12852109.280170
2024-05-31,BBVA,corporativo,2818.134000,0.000000,15318686.847000,15321504.981000
2024-05-31,BBVA,grandes_empresas,272804.743000,304826.158000,11604115.150000,12181746.051000
2024-05-31,BBVA,hipotecario,370286.170000,321075.178000,15359523.298000,16050884.646000
2024-05-31,BBVA,medianas_empresas,2063073.251000,968633.638000,12671134.383000,15702841.272000
2024-05-31,BBVA,microempresas,5429.197000,346.497000,92206.296000,97981.990000
2024-05-31,BBVA,pequenas_empresas,497434.089000,122126.782000,2559918.710000,3179479.581000
2024-05-31,BCI,corporativo,28631.024000,0.000000,790989.000000,819620.024000
2024-05-31,BCI,grandes_empresas,15285.259000,747.600000,195008.674000,211041.533000
2024-05-31,BCP,consumo,794256.096610,531629.417000,16916766.216970,18242651.730580
2024-05-31,BCP,corporativo,69312.856000,203742.423000,35102665.526000,35375720.805000
2024-05-31,BCP,grandes_empresas,231491.609000,332357.773000,16911621.591000,17475470.973000
2024-05-31,BCP,hipotecario,629431.415000,224083.126000,20466155.713000,21319670.254000
2024-05-31,BCP,medianas_empresas,2622392.809000,969174.779000,15991486.967000,19583054.555000
2024-05-31,BCP,microempresas,25267.664000,1386.138000,555818.543000,582472.345000
2024-05-31,BCP,pequenas_empresas,565928.590000,138026.280000,6047350.909000,6751305.779000
2024-05-31,BIF,consumo,77981.030420,15243.172800,2005332.052720,2098556.255940
2024-05-31,BIF,corporativo,2.342000,0.000000,3971635.656000,3971637.998000
2024-05-31,BIF,grandes_empresas,144711.139000,69128.600000,2921882.314000,3135722.053000
2024-05-31,BIF,hipotecario,98536.199000,49598.816000,3101609.037000,3249744.052000
2024-05-31,BIF,medianas_empresas,280899.905000,39013.475000,1431429.428000,1751342.808000
2024-05-31,BIF,microempresas,1317.805000,0.000000,10247.375000,11565.180000
2024-05-31,BIF,pequenas_empresas,3379.710000,264.460000,27216.251000,30860.421000
2024-05-31,CITIBANK,corporativo,0.000000,0.000000,1238134.774000,1238134.774000
2024-05-31,CITIBANK,grandes_empresas,0.000000,0.000000,744335.616000,744335.616000
2024-05-31,CITIBANK,medianas_empresas,0.000000,0.000000,150701.223000,150701.223000
2024-05-31,CITIBANK,microempresas,0.000000,0.000000,244.742000,244.742000
2024-05-31,CITIBANK,pequenas_empresas,0.000000,0.000000,661.811000,661.811000
2024-05-31,FALABELLA,consumo,224947.129150,71442.513450,3207166.845840,3503556.488440
2024-05-31,FALABELLA,hipotecario,0.000000,0.000000,55.557000,55.557000
2024-05-31,FALABELLA,medianas_empresas,0.000000,0.000000,150.000000,150.000000
2024-05-31,FALABELLA,microempresas,339.718000,0.000000,1176.538000,1516.256000
2024-05-31,FALABELLA,pequenas_empresas,564.672000,0.000000,1725.396000,2290.068000
2024-05-31,GNB,consumo,23757.043040,4104.349360,1569468.508130,1597329.900530
2024-05-31,GNB,corporativo,0.000000,0.000000,862475.886000,862475.886000
2024-05-31,GNB,grandes_empresas,1623.107000,1160.007000,498057.820000,500840.934000
2024-05-31,GNB,hipotecario,45280.590000,13362.520000,535217.909000,593861.019000
2024-05-31,GNB,medianas_empresas,51382.640000,60052.430000,24279.780000,135714.850000
2024-05-31,GNB,pequenas_empresas,790.712000,130.620000,108.048000,1029.380000
2024-05-31,ICBC,corporativo,17185.481000,0.000000,801761.703000,818947.184000
2024-05-31,ICBC,grandes_empresas,0.000000,0.000000,142367.558000,142367.558000
2024-05-31,ICBC,medianas_empresas,0.000000,0.000000,3738.000000,3738.000000
2024-05-31,INTERBANK,consumo,752702.015220,340412.499130,14757261.082750,15850375.597100
2024-05-31,INTERBANK,corporativo,156.776000,0.000000,9693452.043000,9693608.819000
2024-05-31,INTERBANK,grandes_empresas,149742.419000,44660.400000,6640567.584000,6834970.403000
2024-05-31,INTERBANK,hipotecario,319072.716000,29152.840000,9762275.434000,10110500.990000
2024-05-31,INTERBANK,medianas_empresas,313272.017000,36302.031000,3076013.921000,3425587.969000
2024-05-31,INTERBANK,microempresas,3754.976000,269.815000,59972.872000,63997.663000
2024-05-31,INTERBANK,pequenas_empresas,121289.258000,20798.220000,747347.294000,889434.772000
2024-05-31,MIBANCO,consumo,17909.626920,4771.464710,363465.782460,386146.874090
2024-05-31,MIBANCO,hipotecario,27849.093000,1204.354000,420160.707000,449214.154000
2024-05-31,MIBANCO,medianas_empresas,62736.404000,1537.759000,421715.251000,485989.414000
2024-05-31,MIBANCO,microempresas,105405.986000,10145.391000,2433327.517000,2548878.894000
2024-05-31,MIBANCO,pequenas_empresas,722395.970000,84728.607000,8145946.855000,8953071.432000
2024-05-31,PICHINCHA,consumo,180303.093980,194607.567060,3792324.365580,4167235.026620
2024-05-31,PICHINCHA,corporativo,0.000000,0.000000,266904.832000,266904.832000
2024-05-31,PICHINCHA,grandes_empresas,55313.111000,41834.474000,1608326.836000,1705474.421000
2024-05-31,PICHINCHA,hipotecario,75039.734000,2224.479000,1454275.146000,1531539.359000
2024-05-31,PICHINCHA,medianas_empresas,261710.389000,59288.544000,435685.568000,756684.501000
2024-05-31,PICHINCHA,microempresas,2661.280000,719.611000,8501.948000,11882.839000
2024-05-31,PICHINCHA,pequenas_empresas,42310.693000,7147.232000,125219.649000,174677.574000
2024-05-31,RIPLEY,consumo,87183.887180,28699.661910,1305167.363670,1421050.912760
2024-05-31,SANTANDER,consumo,51.851870,0.000000,19455.143110,19506.994980
2024-05-31,SANTANDER,corporativo,96472.911000,0.000000,3010999.422000,3107472.333000
2024-05-31,SANTANDER,grandes_empresas,118353.596000,42151.187000,1906686.312000,2067191.095000
2024-05-31,SANTANDER,medianas_empresas,33083.847000,9320.740000,783076.250000,825480.837000
2024-05-31,SANTANDER,pequenas_empresas,6.101000,0.000000,80.326000,86.427000
2024-05-31,SCOTIABANK,consumo,397591.178420,440528.366130,9638869.211050,10476988.755600
2024-05-31,SCOTIABANK,corporativo,259903.242000,0.000000,14454306.931000,14714210.173000
2024-05-31,SCOTIABANK,grandes_empresas,161309.224000,76051.319000,6783421.846000,7020782.389000
2024-05-31,SCOTIABANK,hipotecario,332862.378000,458383.443000,10461634.440000,11252880.261000
2024-05-31,SCOTIABANK,medianas_empresas,1052502.339000,589753.684000,5308884.153000,6951140.176000
2024-05-31,SCOTIABANK,microempresas,2712.909000,1426.393000,39746.545000,43885.847000
2024-05-31,SCOTIABANK,pequenas_empresas,286644.959000,221448.442000,1334989.530000,1843082.931000
2024-06-30,ALFIN,consumo,32266.135070,34331.995550,558675.294930,625273.425550
2024-06-30,ALFIN,grandes_empresas,0.000000,0.000000,39832.676000,39832.676000
2024-06-30,ALFIN,hipotecario,0.000000,0.000000,135.860000,135.860000
2024-06-30,ALFIN,medianas_empresas,0.000000,0.000000,58662.172000,58662.172000
2024-06-30,ALFIN,microempresas,896.993000,0.000000,1277.392000,2174.385000
2024-06-30,ALFIN,pequenas_empresas,1637.077000,0.000000,5922.216000,7559.293000
2024-06-30,BANCOM,consumo,46678.323020,52296.913800,1355531.276650,1454506.513470
2024-06-30,BANCOM,corporativo,0.074000,0.000000,44365.142000,44365.216000
2024-06-30,BANCOM,grandes_empresas,9088.226000,8621.787000,109959.574000,127669.587000
2024-06-30,BANCOM,hipotecario,6430.834000,297.124000,97125.847000,103853.805000
2024-06-30,BANCOM,medianas_empresas,25535.905000,717.910000,49175.823000,75429.638000
2024-06-30,BANCOM,microempresas,9.253000,0.000000,0.223000,9.476000
2024-06-30,BANCOM,pequenas_empresas,532.459000,0.000000,3818.966000,4351.425000
2024-06-30,BANK_OF_CHINA,corporativo,0.000000,0.000000,186578.000000,186578.000000
2024-06-30,BBVA,consumo,382370.356510,151010.648240,12320268.768270,12853649.773020
2024-06-30,BBVA,corporativo,2512.112000,37226.878000,16453013.142000,16492752.132000
2024-06-30,BBVA,grandes_empresas,265855.324000,297955.811000,11836388.071000,12400199.206000
2024-06-30,BBVA,hipotecario,346308.034000,334140.119000,15596546.449000,16276994.602000
2024-06-30,BBVA,medianas_empresas,2002554.940000,964072.907000,13079080.366000,16045708.213000
2024-06-30,BBVA,microempresas,5977.848000,543.428000,110553.564000,117074.840000
2024-06-30,BBVA,pequenas_empresas,503317.433000,130141.375000,2490412.140000,3123870.948000
2024-06-30,BCI,corporativo,29343.352000,0.000000,860509.250000,889852.602000
2024-06-30,BCI,grandes_empresas,15665.550000,0.000000,260717.696000,276383.246000
2024-06-30,BCP,consumo,781482.802270,523830.711400,16625397.066980,17930710.580650
2024-06-30,BCP,corporativo,73903.348000,206483.040000,35006184.247000,35286570.635000
2024-06-30,BCP,grandes_empresas,239714.058000,315089.716000,17218749.039000,17773552.813000
2024-06-30,BCP,hipotecario,641422.072000,226069.882000,20702207.887000,21569699.841000
2024-06-30,BCP,medianas_empresas,2598590.372000,966441.792000,16724923.924000,20289956.088000
2024-06-30,BCP,microempresas,24607.906000,1287.482000,520350.146000,546245.534000
2024-06-30,BCP,pequenas_empresas,561572.212000,139712.133000,6119272.115000,6820556.460000
2024-06-30,BIF,consumo,75044.169810,15016.020280,1981037.849460,2071098.039550
2024-06-30,BIF,corporativo,0.000000,0.000000,4054267.881000,4054267.881000
2024-06-30,BIF,grandes_empresas,152638.482000,69796.105000,2951535.275000,3173969.862000
2024-06-30,BIF,hipotecario,102900.715000,49971.075000,3117532.719000,3270404.509000
2024-06-30,BIF,medianas_empresas,284526.529000,37628.086000,1554280.357000,1876434.972000
2024-06-30,BIF,microempresas,2050.770000,0.000000,7941.598000,9992.368000
2024-06-30,BIF,pequenas_empresas,3533.230000,240.855000,29077.973000,32852.058000
2024-06-30,CITIBANK,corporativo,0.000000,0.000000,1118982.945000,1118982.945000
2024-06-30,CITIBANK,grandes_empresas,0.000000,0.000000,764803.947000,764803.947000
2024-06-30,CITIBANK,medianas_empresas,0.000000,0.000000,144660.024000,144660.024000
2024-06-30,CITIBANK,microempresas,0.000000,0.000000,133.130000,133.130000
2024-06-30,CITIBANK,pequenas_empresas,0.000000,0.000000,701.169000,701.169000
2024-06-30,FALABELLA,consumo,219863.300540,69245.130220,3161128.193210,3450236.623970
2024-06-30,FALABELLA,hipotecario,0.000000,0.000000,52.317000,52.317000
2024-06-30,FALABELLA,medianas_empresas,0.000000,0.000000,150.000000,150.000000
2024-06-30,FALABELLA,microempresas,353.872000,0.000000,1114.706000,1468.578000
2024-06-30,FALABELLA,pequenas_empresas,642.370000,0.000000,2095.271000,2737.641000
2024-06-30,GNB,consumo,25351.836780,3912.670670,1553986.324960,1583250.832410
2024-06-30,GNB,corporativo,0.000000,0.000000,910577.725000,910577.725000
2024-06-30,GNB,grandes_empresas,1573.146000,1175.729000,531072.651000,533821.526000
2024-06-30,GNB,hipotecario,46343.876000,13229.998000,531399.877000,590973.751000
2024-06-30,GNB,medianas_empresas,50520.436000,59829.475000,24684.320000,135034.231000
2024-06-30,GNB,pequenas_empresas,821.503000,130.620000,95.775000,1047.898000
2024-06-30,ICBC,corporativo,17613.049000,0.000000,820819.421000,838432.470000
2024-06-30,ICBC,grandes_empresas,0.000000,0.000000,180502.395000,180502.395000
2024-06-30,ICBC,medianas_empresas,0.000000,0.000000,3831.000000,3831.000000
2024-06-30,INTERBANK,consumo,710382.518760,340546.746170,14630803.852040,15681733.116970
2024-06-30,INTERBANK,corporativo,19386.590000,0.000000,10463141.443000,10482528.033000
2024-06-30,INTERBANK,grandes_empresas,149208.814000,40567.867000,6940124.631000,7129901.312000
2024-06-30,INTERBANK,hipotecario,312177.683000,29026.323000,9827622.968000,10168826.974000
2024-06-30,INTERBANK,medianas_empresas,302573.082000,39659.230000,3166565.306000,3508797.618000
2024-06-30,INTERBANK,microempresas,3851.376000,263.259000,65862.771000,69977.406000
2024-06-30,INTERBANK,pequenas_empresas,118545.946000,18819.226000,801224.839000,938590.011000
2024-06-30,MIBANCO,consumo,16098.858620,4703.001740,353602.115250,374403.975610
2024-06-30,MIBANCO,hipotecario,28758.650000,1156.195000,415525.890000,445440.735000
2024-06-30,MIBANCO,medianas_empresas,62932.877000,1379.927000,410013.925000,474326.729000
2024-06-30,MIBANCO,microempresas,101227.953000,9730.448000,2381856.168000,2492814.569000
2024-06-30,MIBANCO,pequenas_empresas,727620.481000,82293.038000,8003806.155000,8813719.674000
2024-06-30,PICHINCHA,consumo,206958.062670,191274.121740,3691994.597090,4090226.781500
2024-06-30,PICHINCHA,corporativo,0.000000,0.000000,549726.444000,549726.444000
2024-06-30,PICHINCHA,grandes_empresas,57922.374000,38224.019000,1429015.895000,1525162.288000
2024-06-30,PICHINCHA,hipotecario,76225.617000,2225.105000,1463669.176000,1542119.898000
2024-06-30,PICHINCHA,medianas_empresas,259107.139000,56486.160000,419580.082000,735173.381000
2024-06-30,PICHINCHA,microempresas,3219.143000,666.248000,7898.422000,11783.813000
2024-06-30,PICHINCHA,pequenas_empresas,46791.356000,6416.903000,112857.126000,166065.385000
2024-06-30,RIPLEY,consumo,78293.172990,26875.134180,1277779.221810,1382947.528980
2024-06-30,SANTANDER,consumo,236.411630,0.000000,81604.634210,81841.045840
2024-06-30,SANTANDER,corporativo,98696.095000,0.000000,3159019.358000,3257715.453000
2024-06-30,SANTANDER,grandes_empresas,159289.127000,42493.494000,1893449.830000,2095232.451000
2024-06-30,SANTANDER,medianas_empresas,33196.769000,9178.281000,637804.060000,680179.110000
2024-06-30,SANTANDER,pequenas_empresas,40.502000,0.000000,48.075000,88.577000
2024-06-30,SCOTIABANK,consumo,395123.482480,395535.658770,9640809.083310,10431468.224560
2024-06-30,SCOTIABANK,corporativo,266049.316000,0.000000,14049007.381000,14315056.697000
2024-06-30,SCOTIABANK,grandes_empresas,157280.622000,41806.473000,6633476.360000,6832563.455000
2024-06-30,SCOTIABANK,hipotecario,330349.941000,460733.434000,10490419.817000,11281503.192000
2024-06-30,SCOTIABANK,medianas_empresas,1073375.306000,591057.552000,5356377.333000,7020810.191000
2024-06-30,SCOTIABANK,microempresas,2987.324000,1236.791000,41338.996000,45563.111000
2024-06-30,SCOTIABANK,pequenas_empresas,300633.758000,208614.887000,1294794.692000,1804043.337000
2024-07-31,ALFIN,consumo,33166.729060,30737.628080,534663.366780,598567.723920
2024-07-31,ALFIN,corporativo,0.000000,0.000000,16726.500000,16726.500000
2024-07-31,ALFIN,grandes_empresas,0.000000,0.000000,21392.142000,21392.142000
2024-07-31,ALFIN,hipotecario,0.000000,0.000000,127.893000,127.893000
2024-07-31,ALFIN,medianas_empresas,0.000000,0.000000,57287.971000,57287.971000
2024-07-31,ALFIN,microempresas,1141.257000,0.000000,1023.966000,2165.223000
2024-07-31,ALFIN,pequenas_empresas,2593.442000,0.000000,4992.647000,7586.089000
2024-07-31,BANCOM,consumo,50570.893680,51408.322830,1341176.276130,1443155.492640
2024-07-31,BANCOM,corporativo,0.074000,0.000000,50075.192000,50075.266000
2024-07-31,BANCOM,grandes_empresas,7636.239000,8514.935000,106531.214000,122682.388000
2024-07-31,BANCOM,hipotecario,5782.246000,296.313000,100825.248000,106903.807000
2024-07-31,BANCOM,medianas_empresas,26442.491000,715.475000,45885.581000,73043.547000
2024-07-31,BANCOM,microempresas,9.460000,0.000000,1.017000,10.477000
2024-07-31,BANCOM,pequenas_empresas,352.182000,0.000000,4045.163000,4397.345000
2024-07-31,BANK_OF_CHINA,corporativo,0.000000,0.000000,182246.000000,182246.000000
2024-07-31,BBVA,consumo,398259.235420,157496.275380,12103137.285550,12658892.796350
2024-07-31,BBVA,corporativo,4296.363000,36119.108000,16129350.208000,16169765.679000
2024-07-31,BBVA,grandes_empresas,260210.464000,265111.250000,11915551.525000,12440873.239000
2024-07-31,BBVA,hipotecario,363838.205000,346622.038000,15558162.443000,16268622.686000
2024-07-31,BBVA,medianas_empresas,1998581.451000,910540.511000,13047096.717000,15956218.679000
2024-07-31,BBVA,microempresas,5470.982000,314.638000,101541.300000,107326.920000
2024-07-31,BBVA,pequenas_empresas,469616.728000,131238.257000,2361982.360000,2962837.345000
2024-07-31,BCI,corporativo,43338.175000,0.000000,961039.680000,1004377.855000
2024-07-31,BCI,grandes_empresas,15199.387000,0.000000,260574.073000,275773.460000
2024-07-31,BCP,consumo,766281.496870,507044.110440,16305022.621210,17578348.228520
2024-07-31,BCP,corporativo,73226.054000,282386.827000,33338792.405000,33694405.286000
2024-07-31,BCP,grandes_empresas,153109.417000,409146.743000,17725317.276000,18287573.436000
2024-07-31,BCP,hipotecario,650322.884000,222668.990000,20576137.932000,21449129.806000
2024-07-31,BCP,medianas_empresas,2742380.289000,724579.712000,15748466.735000,19215426.736000
2024-07-31,BCP,microempresas,24414.261000,1435.547000,547300.653000,573150.461000
2024-07-31,BCP,pequenas_empresas,569106.792000,136637.882000,6050509.362000,6756254.036000
2024-07-31,BIF,consumo,71506.528440,15282.121910,1952325.174130,2039113.824480
2024-07-31,BIF,corporativo,5.267000,0.000000,4015398.567000,4015403.834000
2024-07-31,BIF,grandes_empresas,137828.871000,62500.134000,2961387.456000,3161716.461000
2024-07-31,BIF,hipotecario,104083.571000,50192.331000,3122153.495000,3276429.397000
2024-07-31,BIF,medianas_empresas,285838.419000,40045.635000,1506540.944000,1832424.998000
2024-07-31,BIF,microempresas,1898.936000,0.000000,1752.012000,3650.948000
2024-07-31,BIF,pequenas_empresas,3598.538000,59.555000,32984.137000,36642.230000
2024-07-31,CITIBANK,corporativo,7090.396000,0.000000,924550.096000,931640.492000
2024-07-31,CITIBANK,grandes_empresas,0.000000,0.000000,755888.425000,755888.425000
2024-07-31,CITIBANK,medianas_empresas,0.000000,0.000000,177553.831000,177553.831000
2024-07-31,CITIBANK,microempresas,0.000000,0.000000,75.808000,75.808000
2024-07-31,CITIBANK,pequenas_empresas,0.000000,0.000000,703.569000,703.569000
2024-07-31,FALABELLA,consumo,205917.090530,67382.737620,3113061.452760,3386361.280910
2024-07-31,FALABELLA,hipotecario,0.000000,0.000000,43.185000,43.185000
2024-07-31,FALABELLA,medianas_empresas,0.000000,0.000000,142.641000,142.641000
2024-07-31,FALABELLA,microempresas,349.217000,0.000000,1045.384000,1394.601000
2024-07-31,FALABELLA,pequenas_empresas,640.424000,0.000000,2152.777000,2793.201000
2024-07-31,GNB,consumo,24017.783240,3821.582600,1540454.234000,1568293.599840
2024-07-31,GNB,corporativo,0.000000,0.000000,915716.089000,915716.089000
2024-07-31,GNB,grandes_empresas,1537.004000,1073.924000,531898.077000,534509.005000
2024-07-31,GNB,hipotecario,42964.930000,13265.578000,529855.056000,586085.564000
2024-07-31,GNB,medianas_empresas,48761.221000,55960.372000,24523.142000,129244.735000
2024-07-31,GNB,pequenas_empresas,940.909000,130.620000,92.925000,1164.454000
2024-07-31,ICBC,corporativo,17088.933000,0.000000,985904.549000,1002993.482000
2024-07-31,ICBC,grandes_empresas,0.000000,0.000000,169228.451000,169228.451000
2024-07-31,INTERBANK,consumo,672342.672370,340832.609130,14460337.089570,15473512.371070
2024-07-31,INTERBANK,corporativo,12973.868000,0.000000,10534248.429000,10547222.297000
2024-07-31,INTERBANK,grandes_empresas,148102.092000,39750.768000,6560684.351000,6748537.211000
2024-07-31,INTERBANK,hipotecario,310697.505000,28489.046000,9891023.826000,10230210.377000
2024-07-31,INTERBANK,medianas_empresas,299902.762000,37225.747000,3106747.115000,3443875.624000
2024-07-31,INTERBANK,microempresas,4055.122000,255.563000,91481.076000,95791.761000
2024-07-31,INTERBANK,pequenas_empresas,116798.371000,16742.767000,830927.315000,964468.453000
2024-07-31,MIBANCO,consumo,13985.353000,4583.530270,340413.778830,358982.662100
2024-07-31,MIBANCO,hipotecario,28127.271000,1272.370000,409234.684000,438634.325000
2024-07-31,MIBANCO,medianas_empresas,61171.184000,1478.609000,401256.931000,463906.724000
2024-07-31,MIBANCO,microempresas,96412.157000,9642.998000,2335109.023000,2441164.178000
2024-07-31,MIBANCO,pequenas_empresas,715248.527000,83049.500000,7777856.362000,8576154.389000
2024-07-31,PICHINCHA,consumo,160580.078530,176975.940240,3628025.229800,3965581.248570
2024-07-31,PICHINCHA,corporativo,0.000000,0.000000,566975.838000,566975.838000
2024-07-31,PICHINCHA,grandes_empresas,58457.614000,41023.981000,1287183.189000,1386664.784000
2024-07-31,PICHINCHA,hipotecario,77596.532000,2005.843000,1465532.982000,1545135.357000
2024-07-31,PICHINCHA,medianas_empresas,259544.678000,56349.259000,379899.651000,695793.588000
2024-07-31,PICHINCHA,microempresas,2542.569000,672.139000,7343.214000,10557.922000
2024-07-31,PICHINCHA,pequenas_empresas,38556.495000,5904.803000,102470.237000,146931.535000
2024-07-31,RIPLEY,consumo,70708.057070,26543.170220,1247407.622550,1344658.849840
2024-07-31,SANTANDER,consumo,280.237100,0.000000,78183.779240,78464.016340
2024-07-31,SANTANDER,corporativo,97228.222000,0.000000,3040782.519000,3138010.741000
2024-07-31,SANTANDER,grandes_empresas,154592.305000,41127.356000,1832516.019000,2028235.680000
2024-07-31,SANTANDER,medianas_empresas,33099.441000,8765.171000,616808.257000,658672.869000
2024-07-31,SANTANDER,pequenas_empresas,16.225000,0.000000,63.649000,79.874000
2024-07-31,SCOTIABANK,consumo,391863.531580,410234.170370,9422704.493090,10224802.195040
2024-07-31,SCOTIABANK,corporativo,21974.074000,0.000000,14286034.606000,14308008.680000
2024-07-31,SCOTIABANK,grandes_empresas,364314.897000,119871.724000,6910061.014000,7394247.635000
2024-07-31,SCOTIABANK,hipotecario,314023.755000,465113.908000,10418447.612000,11197585.275000
2024-07-31,SCOTIABANK,medianas_empresas,1071375.714000,522876.299000,5134755.762000,6729007.775000
2024-07-31,SCOTIABANK,microempresas,2969.943000,1214.470000,40320.696000,44505.109000
2024-07-31,SCOTIABANK,pequenas_empresas,285204.803000,220139.333000,1300626.222000,1805970.358000
2024-08-31,ALFIN,consumo,23779.171590,21927.184360,515722.950180,561429.306130
2024-08-31,ALFIN,corporativo,0.000000,0.000000,17848.000000,17848.000000
2024-08-31,ALFIN,grandes_empresas,0.000000,0.000000,41303.439000,41303.439000
2024-08-31,ALFIN,hipotecario,0.000000,0.000000,124.874000,124.874000
2024-08-31,ALFIN,medianas_empresas,0.000000,0.000000,64919.329000,64919.329000
2024-08-31,ALFIN,microempresas,1453.067000,0.000000,812.319000,2265.386000
2024-08-31,ALFIN,pequenas_empresas,2123.223000,0.000000,4013.028000,6136.251000
2024-08-31,BANCOM,consumo,46969.841550,50681.644680,1325781.832970,1423433.319200
2024-08-31,BANCOM,corporativo,0.074000,0.000000,55535.242000,55535.316000
2024-08-31,BANCOM,grandes_empresas,7626.428000,8419.617000,109041.485000,125087.530000
2024-08-31,BANCOM,hipotecario,5833.233000,295.685000,99844.953000,105973.871000
2024-08-31,BANCOM,medianas_empresas,26044.130000,1274.742000,43146.912000,70465.784000
2024-08-31,BANCOM,microempresas,9.759000,0.000000,0.000000,9.759000
2024-08-31,BANCOM,pequenas_empresas,355.035000,0.000000,4614.849000,4969.884000
2024-08-31,BANK_OF_CHINA,corporativo,0.000000,0.000000,192272.000000,192272.000000
2024-08-31,BBVA,consumo,349680.290160,164407.016880,12146959.498870,12661046.805910
2024-08-31,BBVA,corporativo,4327.214000,36381.475000,16202084.239000,16242792.928000
2024-08-31,BBVA,grandes_empresas,242449.002000,263817.937000,12038348.212000,12544615.151000
2024-08-31,BBVA,hipotecario,359934.293000,361750.751000,15722651.048000,16444336.092000
2024-08-31,BBVA,medianas_empresas,1915211.083000,942743.262000,13379915.364000,16237869.709000
2024-08-31,BBVA,microempresas,4831.394000,275.967000,94437.405000,99544.766000
2024-08-31,BBVA,pequenas_empresas,436213.743000,132793.716000,2335195.558000,2904203.017000
2024-08-31,BCI,corporativo,17444.980000,0.000000,1009155.760000,1026600.740000
2024-08-31,BCI,grandes_empresas,15309.794000,0.000000,210809.038000,226118.832000
2024-08-31,BCP,consumo,737927.209880,506944.098460,16255143.368730,17500014.677070
2024-08-31,BCP,corporativo,64254.982000,333473.177000,33039711.310000,33437439.469000
2024-08-31,BCP,grandes_empresas,151034.415000,387145.190000,17507340.308000,18045519.913000
2024-08-31,BCP,hipotecario,641365.003000,228933.518000,20653978.249000,21524276.770000
2024-08-31,BCP,medianas_empresas,2731677.099000,610371.573000,15715190.857000,19057239.529000
2024-08-31,BCP,microempresas,23894.909000,1591.234000,563656.679000,589142.822000
2024-08-31,BCP,pequenas_empresas,549012.789000,135847.465000,6089808.772000,6774669.026000
2024-08-31,BIF,consumo,68773.009730,14682.044320,1941791.883720,2025246.937770
2024-08-31,BIF,corporativo,5.474000,0.000000,4017833.278000,4017838.752000
2024-08-31,BIF,grandes_empresas,139407.516000,59559.099000,2981919.334000,3180885.949000
2024-08-31,BIF,hipotecario,103611.978000,51276.305000,3137055.645000,3291943.928000
2024-08-31,BIF,medianas_empresas,280466.213000,39921.386000,1472571.060000,1792958.659000
2024-08-31,BIF,microempresas,1895.319000,0.000000,2639.503000,4534.822000
2024-08-31,BIF,pequenas_empresas,3483.635000,40.799000,37702.050000,41226.484000
2024-08-31,CITIBANK,corporativo,0.000000,0.000000,864300.635000,864300.635000
2024-08-31,CITIBANK,grandes_empresas,0.000000,0.000000,782816.261000,782816.261000
2024-08-31,CITIBANK,medianas_empresas,0.000000,0.000000,180582.144000,180582.144000
2024-08-31,CITIBANK,microempresas,0.000000,0.000000,77.877000,77.877000
2024-08-31,CITIBANK,pequenas_empresas,0.000000,0.000000,638.583000,638.583000
2024-08-31,FALABELLA,consumo,155722.693320,64529.357210,3046142.129110,3266394.179640
2024-08-31,FALABELLA,hipotecario,0.000000,0.000000,37.602000,37.602000
2024-08-31,FALABELLA,medianas_empresas,0.000000,0.000000,135.114000,135.114000
2024-08-31,FALABELLA,microempresas,337.760000,0.000000,1026.284000,1364.044000
2024-08-31,FALABELLA,pequenas_empresas,635.343000,0.000000,2162.721000,2798.064000
2024-08-31,GNB,consumo,24834.228280,3764.310910,1526788.629240,1555387.168430
2024-08-31,GNB,corporativo,0.000000,0.000000,1079260.522000,1079260.522000
2024-08-31,GNB,grandes_empresas,1966.298000,598.073000,545715.316000,548279.687000
2024-08-31,GNB,hipotecario,42809.920000,13582.922000,526058.902000,582451.744000
2024-08-31,GNB,medianas_empresas,48947.212000,26171.768000,49376.014000,124494.994000
2024-08-31,GNB,pequenas_empresas,943.088000,126.214000,93.600000,1162.902000
2024-08-31,ICBC,corporativo,13480.657000,0.000000,1011889.431000,1025370.088000
2024-08-31,ICBC,grandes_empresas,2237.066000,0.000000,137610.839000,139847.905000
2024-08-31,INTERBANK,consumo,645021.053840,333759.418510,14399388.789840,15378169.262190
2024-08-31,INTERBANK,corporativo,10000.000000,0.000000,11031721.488000,11041721.488000
2024-08-31,INTERBANK,grandes_empresas,148405.617000,39550.530000,6790841.339000,6978797.486000
2024-08-31,INTERBANK,hipotecario,305265.359000,28085.667000,9971943.597000,10305294.623000
2024-08-31,INTERBANK,medianas_empresas,292703.510000,34187.680000,3144495.927000,3471387.117000
2024-08-31,INTERBANK,microempresas,3530.567000,345.347000,96384.981000,100260.895000
2024-08-31,INTERBANK,pequenas_empresas,111576.820000,14464.354000,864140.864000,990182.038000
2024-08-31,MIBANCO,consumo,13384.369320,4497.784150,336567.510930,354449.664400
2024-08-31,MIBANCO,hipotecario,28011.540000,1323.725000,401895.928000,431231.193000
2024-08-31,MIBANCO,medianas_empresas,60773.689000,1439.070000,388194.550000,450407.309000
2024-08-31,MIBANCO,microempresas,91048.669000,9698.390000,2360704.695000,2461451.754000
2024-08-31,MIBANCO,pequenas_empresas,690099.585000,86381.109000,7632477.205000,8408957.899000
2024-08-31,PICHINCHA,consumo,152948.493070,169874.441910,3577467.121250,3900290.056230
2024-08-31,PICHINCHA,corporativo,0.000000,0.000000,676683.263000,676683.263000
2024-08-31,PICHINCHA,grandes_empresas,54007.581000,41463.927000,1282487.479000,1377958.987000
2024-08-31,PICHINCHA,hipotecario,73548.304000,2191.751000,1478099.812000,1553839.867000
2024-08-31,PICHINCHA,medianas_empresas,258176.052000,60722.666000,391341.082000,710239.800000
2024-08-31,PICHINCHA,microempresas,2057.304000,678.255000,6729.364000,9464.923000
2024-08-31,PICHINCHA,pequenas_empresas,27483.807000,5382.405000,93722.734000,126588.946000
2024-08-31,RIPLEY,consumo,61843.339540,26879.977420,1225429.683300,1314153.000260
2024-08-31,SANTANDER,consumo,211.963630,0.000000,75217.867680,75429.831310
2024-08-31,SANTANDER,corporativo,98879.840000,0.000000,2805748.131000,2904627.971000
2024-08-31,SANTANDER,grandes_empresas,158264.968000,38464.502000,1908153.796000,2104883.266000
2024-08-31,SANTANDER,medianas_empresas,33044.946000,9076.483000,541244.620000,583366.049000
2024-08-31,SANTANDER,pequenas_empresas,55.168000,0.000000,19.103000,74.271000
2024-08-31,SCOTIABANK,consumo,369588.505240,418953.372380,9355183.856020,10143725.733640
2024-08-31,SCOTIABANK,corporativo,22128.291000,16831.526000,14209152.895000,14248112.712000
2024-08-31,SCOTIABANK,grandes_empresas,158942.721000,118820.877000,7031527.820000,7309291.418000
2024-08-31,SCOTIABANK,hipotecario,313690.718000,465223.354000,10387610.065000,11166524.137000
2024-08-31,SCOTIABANK,medianas_empresas,1034736.185000,530133.209000,5354039.313000,6918908.707000
2024-08-31,SCOTIABANK,microempresas,2975.228000,1130.005000,40217.882000,44323.115000
2024-08-31,SCOTIABANK,pequenas_empresas,289827.600000,223507.095000,1291917.691000,1805252.386000
2024-09-30,ALFIN,consumo,24357.914340,19492.497330,511730.388510,555580.800180
2024-09-30,ALFIN,corporativo,0.000000,0.000000,27690.500000,27690.500000
2024-09-30,ALFIN,grandes_empresas,0.000000,0.000000,40395.560000,40395.560000
2024-09-30,ALFIN,hipotecario,0.000000,0.000000,119.764000,119.764000
2024-09-30,ALFIN,medianas_empresas,742.352000,0.000000,68552.507000,69294.859000
2024-09-30,ALFIN,microempresas,1481.302000,0.000000,773.653000,2254.955000
2024-09-30,ALFIN,pequenas_empresas,2082.787000,0.000000,3975.439000,6058.226000
2024-09-30,BANCOM,consumo,46258.043460,51321.296780,1317971.709130,1415551.049370
2024-09-30,BANCOM,corporativo,0.074000,0.000000,77335.593000,77335.667000
2024-09-30,BANCOM,grandes_empresas,7579.415000,8222.076000,98407.870000,114209.361000
2024-09-30,BANCOM,hipotecario,5603.489000,294.908000,99627.227000,105525.624000
2024-09-30,BANCOM,medianas_empresas,23562.709000,1978.603000,45446.863000,70988.175000
2024-09-30,BANCOM,microempresas,9.754000,0.000000,0.000000,9.754000
2024-09-30,BANCOM,pequenas_empresas,371.105000,0.000000,2598.749000,2969.854000
2024-09-30,BANK_OF_CHINA,corporativo,0.000000,0.000000,230942.000000,230942.000000
2024-09-30,BANK_OF_CHINA,grandes_empresas,0.000000,0.000000,2781.240000,2781.240000
2024-09-30,BBVA,consumo,337176.199650,167495.134910,12066511.902590,12571183.237150
2024-09-30,BBVA,corporativo,40328.229000,-0.003000,16529284.979000,16569613.205000
2024-09-30,BBVA,grandes_empresas,243326.770000,261434.726000,12289321.805000,12794083.301000
2024-09-30,BBVA,hipotecario,354951.485000,366144.207000,15868288.640000,16589384.332000
2024-09-30,BBVA,medianas_empresas,1801402.656000,933529.591000,13188308.604000,15923240.851000
2024-09-30,BBVA,microempresas,5165.606000,1468.020000,165499.211000,172132.837000
2024-09-30,BBVA,pequenas_empresas,417153.641000,127862.544000,2259675.888000,2804692.073000
2024-09-30,BCI,corporativo,17281.900000,0.000000,1025299.600000,1042581.500000
2024-09-30,BCI,grandes_empresas,15166.674000,0.000000,200369.587000,215536.261000
2024-09-30,BCP,consumo,699493.234560,504809.309380,16328634.460520,17532937.004460
2024-09-30,BCP,corporativo,65841.263000,323757.772000,33072801.943000,33462400.978000
2024-09-30,BCP,grandes_empresas,160311.155000,353155.755000,17161201.475000,17674668.385000
2024-09-30,BCP,hipotecario,651109.808000,230468.741000,20747034.437000,21628612.986000
2024-09-30,BCP,medianas_empresas,2683689.463000,601186.073000,15790239.944000,19075115.480000
2024-09-30,BCP,microempresas,21919.582000,1519.132000,586093.283000,609531.997000
2024-09-30,BCP,pequenas_empresas,535236.462000,132748.015000,6119298.569000,6787283.046000
2024-09-30,BIF,consumo,67632.333520,14180.614390,1936754.642760,2018567.590670
2024-09-30,BIF,corporativo,5.940000,0.000000,3966712.352000,3966718.292000
2024-09-30,BIF,grandes_empresas,127937.205000,58231.439000,2968880.424000,3155049.068000
2024-09-30,BIF,hipotecario,106230.357000,51267.533000,3135636.259000,3293134.149000
2024-09-30,BIF,medianas_empresas,280306.343000,35274.163000,1422797.164000,1738377.670000
2024-09-30,BIF,microempresas,1874.352000,0.000000,3831.497000,5705.849000
2024-09-30,BIF,pequenas_empresas,3480.057000,0.000000,34373.534000,37853.591000
2024-09-30,CITIBANK,corporativo,0.000000,0.000000,704090.165000,704090.165000
2024-09-30,CITIBANK,grandes_empresas,0.000000,0.000000,813792.283000,813792.283000
2024-09-30,CITIBANK,medianas_empresas,0.000000,0.000000,184153.274000,184153.274000
2024-09-30,CITIBANK,microempresas,0.000000,0.000000,91.350000,91.350000
2024-09-30,CITIBANK,pequenas_empresas,0.000000,0.000000,666.454000,666.454000
2024-09-30,FALABELLA,consumo,141076.997250,61800.331700,3054992.119300,3257869.448250
2024-09-30,FALABELLA,hipotecario,0.000000,0.000000,33.255000,33.255000
2024-09-30,FALABELLA,medianas_empresas,0.000000,0.000000,127.545000,127.545000
2024-09-30,FALABELLA,microempresas,311.120000,0.000000,1043.957000,1355.077000
2024-09-30,FALABELLA,pequenas_empresas,633.180000,0.000000,1997.382000,2630.562000
2024-09-30,GNB,consumo,23928.923800,3577.553860,1541941.418770,1569447.896430
2024-09-30,GNB,corporativo,0.000000,0.000000,1077499.645000,1077499.645000
2024-09-30,GNB,grandes_empresas,1950.585000,540.026000,523913.001000,526403.612000
2024-09-30,GNB,hipotecario,42120.514000,13363.176000,542567.548000,598051.238000
2024-09-30,GNB,medianas_empresas,49388.701000,15673.286000,41923.691000,106985.678000
2024-09-30,GNB,pequenas_empresas,932.844000,0.000000,92.725000,1025.569000
2024-09-30,ICBC,corporativo,13354.636000,0.000000,932164.359000,945518.995000
2024-09-30,ICBC,grandes_empresas,2216.153000,0.000000,139820.140000,142036.293000
2024-09-30,INTERBANK,consumo,607297.856870,325466.762060,14335322.409670,15268087.028600
2024-09-30,INTERBANK,corporativo,10028.320000,0.000000,10792717.498000,10802745.818000
2024-09-30,INTERBANK,grandes_empresas,144207.329000,16059.180000,6942341.865000,7102608.374000
2024-09-30,INTERBANK,hipotecario,307615.223000,28011.333000,10047889.851000,10383516.407000
2024-09-30,INTERBANK,medianas_empresas,290975.632000,32765.210000,3122153.161000,3445894.003000
2024-09-30,INTERBANK,microempresas,3354.476000,241.456000,102062.712000,105658.644000
2024-09-30,INTERBANK,pequenas_empresas,108259.968000,12748.728000,890980.880000,1011989.576000
2024-09-30,MIBANCO,consumo,12728.008860,4271.767670,336567.443180,353567.219710
2024-09-30,MIBANCO,hipotecario,28574.722000,1305.442000,394318.738000,424198.902000
2024-09-30,MIBANCO,medianas_empresas,57432.192000,1670.231000,384323.825000,443426.248000
2024-09-30,MIBANCO,microempresas,84506.902000,9775.685000,2394037.597000,2488320.184000
2024-09-30,MIBANCO,pequenas_empresas,665397.830000,88236.726000,7559467.109000,8313101.665000
2024-09-30,PICHINCHA,consumo,158963.897610,160777.075450,3561831.293110,3881572.266170
2024-09-30,PICHINCHA,corporativo,0.000000,0.000000,812709.701000,812709.701000
2024-09-30,PICHINCHA,grandes_empresas,65785.157000,28191.416000,1181787.383000,1275763.956000
2024-09-30,PICHINCHA,hipotecario,73548.084000,2175.863000,1486293.285000,1562017.232000
2024-09-30,PICHINCHA,medianas_empresas,256495.116000,64032.618000,354890.137000,675417.871000
2024-09-30,PICHINCHA,microempresas,1946.314000,585.564000,8064.793000,10596.671000
2024-09-30,PICHINCHA,pequenas_empresas,23259.059000,5196.036000,84862.554000,113317.649000
2024-09-30,RIPLEY,consumo,56275.646830,26453.575090,1207536.711680,1290265.933600
2024-09-30,SANTANDER,consumo,396.374670,0.000000,73496.141480,73892.516150
2024-09-30,SANTANDER,corporativo,97955.483000,0.000000,2815167.549000,2913123.032000
2024-09-30,SANTANDER,grandes_empresas,157051.860000,38027.533000,1857073.258000,2052152.651000
2024-09-30,SANTANDER,medianas_empresas,32924.182000,8064.762000,547820.954000,588809.898000
2024-09-30,SANTANDER,pequenas_empresas,54.670000,0.000000,15.817000,70.487000
2024-09-30,SCOTIABANK,consumo,346562.868390,425806.494780,9270236.465950,10042605.829120
2024-09-30,SCOTIABANK,corporativo,21922.818000,16408.938000,13564847.102000,13603178.858000
2024-09-30,SCOTIABANK,grandes_empresas,152639.923000,118277.069000,7113474.042000,7384391.034000
2024-09-30,SCOTIABANK,hipotecario,310442.121000,468334.130000,10362056.966000,11140833.217000
2024-09-30,SCOTIABANK,medianas_empresas,1082520.574000,541311.988000,5118342.802000,6742175.364000
2024-09-30,SCOTIABANK,microempresas,2756.596000,1107.853000,43992.297000,47856.746000
2024-09-30,SCOTIABANK,pequenas_empresas,294829.640000,224303.393000,1287939.817000,1807072.850000
2024-10-31,ALFIN,consumo,26368.073730,18048.509830,516199.626500,560616.210060
2024-10-31,ALFIN,corporativo,0.000000,0.000000,35136.000000,35136.000000
2024-10-31,ALFIN,grandes_empresas,0.000000,0.000000,26560.381000,26560.381000
2024-10-31,ALFIN,medianas_empresas,0.000000,0.000000,28231.165000,28231.165000
2024-10-31,ALFIN,microempresas,1743.954000,0.000000,435.334000,2179.288000
2024-10-31,ALFIN,pequenas_empresas,1475.504000,0.000000,49668.987000,51144.491000
2024-10-31,BANCOM,consumo,50707.229970,50837.692520,1325220.268760,1426765.191250
2024-10-31,BANCOM,corporativo,0.074000,0.000000,84130.473000,84130.547000
2024-10-31,BANCOM,grandes_empresas,2016.706000,8036.636000,106478.006000,116531.348000
2024-10-31,BANCOM,hipotecario,7376.540000,294.257000,99514.638000,107185.435000
2024-10-31,BANCOM,medianas_empresas,3956.030000,1973.499000,35285.342000,41214.871000
2024-10-31,BANCOM,microempresas,9.669000,0.000000,0.000000,9.669000
2024-10-31,BANCOM,pequenas_empresas,26429.283000,4.545000,8293.340000,34727.168000
2024-10-31,BANK_OF_CHINA,corporativo,0.000000,0.000000,215548.111000,215548.111000
2024-10-31,BBVA,consumo,371074.572060,183977.304720,12483040.739610,13038092.616390
2024-10-31,BBVA,corporativo,20054.352000,41570.430000,20550866.997000,20612491.779000
2024-10-31,BBVA,grandes_empresas,233742.748000,301340.759000,10145924.870000,10681008.377000
2024-10-31,BBVA,hipotecario,362855.888000,379333.906000,16102898.271000,16845088.065000
2024-10-31,BBVA,medianas_empresas,1553305.714000,483603.428000,5803198.171000,7840107.313000
2024-10-31,BBVA,microempresas,4240.220000,269.962000,56907.028000,61417.210000
2024-10-31,BBVA,pequenas_empresas,616501.493000,522583.385000,7502585.394000,8641670.272000
2024-10-31,BCI,corporativo,17556.807000,0.000000,1113622.358000,1131179.165000
2024-10-31,BCI,grandes_empresas,15407.934000,0.000000,176806.026000,192213.960000
2024-10-31,BCP,consumo,747147.952090,512485.031120,17261876.202410,18521509.185620
2024-10-31,BCP,corporativo,85531.921000,346789.036000,40627983.112000,41060304.069000
2024-10-31,BCP,grandes_empresas,281444.930000,340350.669000,12175413.569000,12797209.168000
2024-10-31,BCP,hipotecario,646501.503000,229214.293000,20906015.087000,21781730.883000
2024-10-31,BCP,medianas_empresas,220223.960000,51240.183000,1771229.579000,2042693.722000
2024-10-31,BCP,microempresas,23051.424000,1431.795000,612672.315000,637155.534000
2024-10-31,BCP,pequenas_empresas,2705964.031000,596357.559000,17313503.723000,20615825.313000
2024-10-31,BIF,consumo,66421.194670,14016.185700,1941533.186600,2021970.566970
2024-10-31,BIF,corporativo,32076.556000,0.000000,4143794.548000,4175871.104000
2024-10-31,BIF,grandes_empresas,17433.040000,54442.938000,1984636.451000,2056512.429000
2024-10-31,BIF,hipotecario,108482.470000,51006.446000,3160688.981000,3320177.897000
2024-10-31,BIF,medianas_empresas,35243.679000,13593.998000,1073141.017000,1121978.694000
2024-10-31,BIF,microempresas,203.339000,0.000000,1251.057000,1454.396000
2024-10-31,BIF,pequenas_empresas,327944.633000,26782.138000,1233470.862000,1588197.633000
2024-10-31,CITIBANK,corporativo,0.000000,0.000000,780404.343000,780404.343000
2024-10-31,CITIBANK,grandes_empresas,0.000000,0.000000,786979.274000,786979.274000
2024-10-31,CITIBANK,medianas_empresas,0.000000,0.000000,84856.277000,84856.277000
2024-10-31,CITIBANK,microempresas,0.000000,0.000000,75.418000,75.418000
2024-10-31,CITIBANK,pequenas_empresas,0.000000,0.000000,676.641000,676.641000
2024-10-31,FALABELLA,consumo,116241.499970,59823.697610,3083497.727840,3259562.925420
2024-10-31,FALABELLA,hipotecario,0.000000,0.000000,29.688000,29.688000
2024-10-31,FALABELLA,medianas_empresas,0.000000,0.000000,58.687000,58.687000
2024-10-31,FALABELLA,microempresas,122.824000,0.000000,270.451000,393.275000
2024-10-31,FALABELLA,pequenas_empresas,809.470000,0.000000,3000.759000,3810.229000
2024-10-31,GNB,consumo,20825.636690,3490.286280,1561528.064930,1585843.987900
2024-10-31,GNB,corporativo,0.000000,0.000000,1154290.729000,1154290.729000
2024-10-31,GNB,grandes_empresas,1017.360000,2721.878000,432966.326000,436705.564000
2024-10-31,GNB,hipotecario,41698.495000,14319.549000,539593.285000,595611.329000
2024-10-31,GNB,medianas_empresas,45879.999000,11916.610000,15581.309000,73377.918000
2024-10-31,GNB,pequenas_empresas,914.320000,1452.373000,3243.794000,5610.487000
2024-10-31,ICBC,corporativo,13567.071000,0.000000,946404.268000,959971.339000
2024-10-31,ICBC,grandes_empresas,2251.406000,0.000000,116899.066000,119150.472000
2024-10-31,INTERBANK,consumo,570784.717610,322374.791160,14364828.341190,15257987.849960
2024-10-31,INTERBANK,corporativo,10023.207000,0.000000,13890775.046000,13900798.253000
2024-10-31,INTERBANK,grandes_empresas,153107.703000,2757.876000,3808268.335000,3964133.914000
2024-10-31,INTERBANK,hipotecario,317811.584000,28460.762000,10121721.739000,10467994.085000
2024-10-31,INTERBANK,medianas_empresas,238943.319000,30164.017000,2152823.609000,2421930.945000
2024-10-31,INTERBANK,microempresas,2650.819000,185.958000,9449.777000,12286.554000
2024-10-31,INTERBANK,pequenas_empresas,138539.414000,26627.343000,1705921.663000,1871088.420000
2024-10-31,MIBANCO,consumo,11754.564240,4050.410820,342373.148200,358178.123260
2024-10-31,MIBANCO,hipotecario,28629.728000,1287.717000,390174.909000,420092.354000
2024-10-31,MIBANCO,medianas_empresas,0.000000,0.000000,3409.094000,3409.094000
2024-10-31,MIBANCO,microempresas,83806.679000,9681.885000,2464977.762000,2558466.326000
2024-10-31,MIBANCO,pequenas_empresas,717346.241000,91101.629000,7922809.889000,8731257.759000
2024-10-31,PICHINCHA,consumo,148364.998130,153375.232090,3569602.623560,3871342.853780
2024-10-31,PICHINCHA,corporativo,0.210000,0.000000,1213385.821000,1213386.031000
2024-10-31,PICHINCHA,grandes_empresas,12660.249000,20592.992000,735330.209000,768583.450000
2024-10-31,PICHINCHA,hipotecario,76029.808000,1974.121000,1496870.446000,1574874.375000
2024-10-31,PICHINCHA,medianas_empresas,75393.637000,14273.888000,279166.512000,368834.037000
2024-10-31,PICHINCHA,microempresas,1284.978000,581.545000,3697.049000,5563.572000
2024-10-31,PICHINCHA,pequenas_empresas,258316.984000,57583.837000,129770.468000,445671.289000
2024-10-31,RIPLEY,consumo,53170.973710,25639.055370,1207364.797680,1286174.826760
2024-10-31,SANTANDER,consumo,382.128140,0.000000,70852.772760,71234.900900
2024-10-31,SANTANDER,corporativo,99513.685000,0.000000,3710989.333000,3810503.018000
2024-10-31,SANTANDER,grandes_empresas,166427.121000,30738.495000,1404825.125000,1601990.741000
2024-10-31,SANTANDER,medianas_empresas,33325.454000,7446.173000,222337.770000,263109.397000
2024-10-31,SANTANDER,pequenas_empresas,50.461000,0.000000,12.892000,63.353000
2024-10-31,SCOTIABANK,consumo,337986.185560,433809.625650,9400301.068700,10172096.879910
2024-10-31,SCOTIABANK,corporativo,22272.723000,32286.824000,16660724.915000,16715284.462000
2024-10-31,SCOTIABANK,grandes_empresas,148156.313000,92823.208000,3720410.462000,3961389.983000
2024-10-31,SCOTIABANK,hipotecario,309575.316000,471876.977000,10348574.119000,11130026.412000
2024-10-31,SCOTIABANK,medianas_empresas,507912.974000,114012.352000,1401263.358000,2023188.684000
2024-10-31,SCOTIABANK,microempresas,2555.958000,1146.627000,6219.033000,9921.618000
2024-10-31,SCOTIABANK,pequenas_empresas,801712.420000,701946.339000,4338267.153000,5841925.912000
2024-11-30,ALFIN,consumo,27681.522050,12687.725100,506494.593920,546863.841070
2024-11-30,ALFIN,corporativo,0.000000,0.000000,30839.000000,30839.000000
2024-11-30,ALFIN,grandes_empresas,0.000000,0.000000,49765.188000,49765.188000
2024-11-30,ALFIN,medianas_empresas,1000.000000,0.000000,19750.384000,20750.384000
2024-11-30,ALFIN,microempresas,977.230000,0.000000,198.654000,1175.884000
2024-11-30,ALFIN,pequenas_empresas,1329.961000,0.000000,45585.073000,46915.034000
2024-11-30,BANCOM,consumo,54402.012450,50342.019310,1326069.853080,1430813.884840
2024-11-30,BANCOM,corporativo,0.074000,0.000000,72981.133000,72981.207000
2024-11-30,BANCOM,grandes_empresas,2812.319000,7955.914000,115986.027000,126754.260000
2024-11-30,BANCOM,hipotecario,7106.496000,293.969000,99685.007000,107085.472000
2024-11-30,BANCOM,medianas_empresas,3947.849000,1958.795000,36634.973000,42541.617000
2024-11-30,BANCOM,microempresas,11.579000,0.000000,0.000000,11.579000
2024-11-30,BANCOM,pequenas_empresas,25461.649000,4.656000,12447.813000,37914.118000
2024-11-30,BANK_OF_CHINA,corporativo,0.000000,0.000000,220269.137000,220269.137000
2024-11-30,BBVA,consumo,349209.755860,199675.796840,12622372.576490,13171258.129190
2024-11-30,BBVA,corporativo,17436.236000,41283.585000,21144498.760000,21203218.581000
2024-11-30,BBVA,grandes_empresas,264897.397000,268297.348000,10578339.107000,11111533.852000
2024-11-30,BBVA,hipotecario,354539.909000,379865.193000,16296958.548000,17031363.650000
2024-11-30,BBVA,medianas_empresas,1529443.557000,465408.009000,5523935.322000,7518786.888000
2024-11-30,BBVA,microempresas,4313.525000,378.056000,38673.172000,43364.753000
2024-11-30,BBVA,pequenas_empresas,566723.924000,524129.723000,7355532.987000,8446386.634000
2024-11-30,BCI,corporativo,17435.661000,0.000000,1227706.689000,1245142.350000
2024-11-30,BCI,grandes_empresas,15301.616000,0.000000,179598.401000,194900.017000
2024-11-30,BCP,consumo,635017.875970,514351.569480,17387365.229860,18536734.675310
2024-11-30,BCP,corporativo,90106.434000,320439.137000,40342046.406000,40752591.977000
2024-11-30,BCP,grandes_empresas,136905.159000,287744.667000,12798285.460000,13222935.286000
2024-11-30,BCP,hipotecario,643773.779000,224758.258000,20965326.134000,21833858.171000
2024-11-30,BCP,medianas_empresas,157870.278000,55626.409000,3894975.834000,4108472.521000
2024-11-30,BCP,microempresas,16068.798000,1220.986000,150775.706000,168065.490000
2024-11-30,BCP,pequenas_empresas,2786882.024000,689195.361000,16876432.549000,20352509.934000
2024-11-30,BIF,consumo,65513.069230,13772.246030,1943827.325530,2023112.640790
2024-11-30,BIF,corporativo,38198.073000,4250.510000,4808586.036000,4851034.619000
2024-11-30,BIF,grandes_empresas,17299.987000,54383.186000,2398563.377000,2470246.550000
2024-11-30,BIF,hipotecario,108811.818000,50478.562000,3184303.071000,3343593.451000
2024-11-30,BIF,medianas_empresas,68218.765000,13463.169000,878767.819000,960449.753000
2024-11-30,BIF,microempresas,198.257000,0.000000,920.037000,1118.294000
2024-11-30,BIF,pequenas_empresas,272333.682000,24973.343000,458722.452000,756029.477000
2024-11-30,CITIBANK,corporativo,0.000000,0.000000,1113820.357000,1113820.357000
2024-11-30,CITIBANK,grandes_empresas,0.000000,0.000000,554584.954000,554584.954000
2024-11-30,CITIBANK,medianas_empresas,0.000000,0.000000,48553.676000,48553.676000
2024-11-30,CITIBANK,microempresas,0.000000,0.000000,267.505000,267.505000
2024-11-30,CITIBANK,pequenas_empresas,0.000000,0.000000,439.141000,439.141000
2024-11-30,FALABELLA,consumo,114562.560420,58465.225070,3209814.974070,3382842.759560
2024-11-30,FALABELLA,hipotecario,0.000000,0.000000,25.384000,25.384000
2024-11-30,FALABELLA,medianas_empresas,0.000000,0.000000,51.847000,51.847000
2024-11-30,FALABELLA,microempresas,124.295000,0.000000,300.445000,424.740000
2024-11-30,FALABELLA,pequenas_empresas,809.318000,0.000000,3191.995000,4001.313000
2024-11-30,GNB,consumo,19570.001340,3452.798100,1556946.386890,1579969.186330
2024-11-30,GNB,corporativo,7484.000000,0.000000,1256181.576000,1263665.576000
2024-11-30,GNB,grandes_empresas,1114.222000,2664.794000,369869.766000,373648.782000
2024-11-30,GNB,hipotecario,42034.133000,13908.870000,536571.364000,592514.367000
2024-11-30,GNB,medianas_empresas,45652.417000,11799.193000,31155.610000,88607.220000
2024-11-30,GNB,pequenas_empresas,778.251000,1433.397000,2693.550000,4905.198000
2024-11-30,ICBC,corporativo,10927.892000,0.000000,928326.596000,939254.488000
2024-11-30,ICBC,grandes_empresas,2235.871000,0.000000,125182.875000,127418.746000
2024-11-30,INTERBANK,consumo,500805.460540,321559.524430,14247741.745680,15070106.730650
2024-11-30,INTERBANK,corporativo,5005.254000,0.000000,14037238.837000,14042244.091000
2024-11-30,INTERBANK,grandes_empresas,182512.959000,27035.768000,3920849.282000,4130398.009000
2024-11-30,INTERBANK,hipotecario,319892.264000,28728.045000,10173191.330000,10521811.639000
2024-11-30,INTERBANK,medianas_empresas,230669.816000,29807.929000,1711285.067000,1971762.812000
2024-11-30,INTERBANK,microempresas,2605.845000,139.889000,14095.852000,16841.586000
2024-11-30,INTERBANK,pequenas_empresas,135229.547000,24168.738000,1743731.096000,1903129.381000
2024-11-30,MIBANCO,consumo,11183.823760,4029.218230,343876.198770,359089.240760
2024-11-30,MIBANCO,hipotecario,28771.088000,1269.690000,386800.957000,416841.735000
2024-11-30,MIBANCO,medianas_empresas,0.000000,0.000000,3375.491000,3375.491000
2024-11-30,MIBANCO,microempresas,79735.731000,9709.871000,2543513.585000,2632959.187000
2024-11-30,MIBANCO,pequenas_empresas,695212.763000,93421.455000,7949103.604000,8737737.822000
2024-11-30,PICHINCHA,consumo,136637.682620,154388.935550,3575164.299350,3866190.917520
2024-11-30,PICHINCHA,corporativo,0.270000,0.000000,1213931.700000,1213931.970000
2024-11-30,PICHINCHA,grandes_empresas,13161.916000,24118.505000,714780.366000,752060.787000
2024-11-30,PICHINCHA,hipotecario,75975.361000,2155.387000,1502675.485000,1580806.233000
2024-11-30,PICHINCHA,medianas_empresas,80699.996000,46051.584000,238830.226000,365581.806000
2024-11-30,PICHINCHA,microempresas,1272.537000,528.252000,3421.111000,5221.900000
2024-11-30,PICHINCHA,pequenas_empresas,251582.767000,52170.919000,131201.344000,434955.030000
2024-11-30,RIPLEY,consumo,49303.972850,25915.008570,1239422.028210,1314641.009630
2024-11-30,SANTANDER,consumo,307.685350,0.000000,68113.454000,68421.139350
2024-11-30,SANTANDER,corporativo,74803.043000,0.000000,3748697.233000,3823500.276000
2024-11-30,SANTANDER,grandes_empresas,138981.515000,28549.353000,1396906.728000,1564437.596000
2024-11-30,SANTANDER,medianas_empresas,61214.377000,7388.127000,234572.371000,303174.875000
2024-11-30,SANTANDER,pequenas_empresas,53.286000,0.000000,9.630000,62.916000
2024-11-30,SCOTIABANK,consumo,322781.630870,436585.623780,9450643.448530,10210010.703180
2024-11-30,SCOTIABANK,corporativo,22118.722000,31409.573000,15918993.925000,15972522.220000
2024-11-30,SCOTIABANK,grandes_empresas,148373.841000,84496.252000,3542576.358000,3775446.451000
2024-11-30,SCOTIABANK,hipotecario,307568.273000,474923.803000,10340247.268000,11122739.344000
2024-11-30,SCOTIABANK,medianas_empresas,507294.844000,112577.613000,1699457.321000,2319329.778000
2024-11-30,SCOTIABANK,microempresas,2569.563000,1209.239000,11907.012000,15685.814000
2024-11-30,SCOTIABANK,pequenas_empresas,803831.775000,694987.511000,4070885.475000,5569704.761000
2024-12-31,ALFIN,consumo,29133.800020,10568.850440,498816.239610,538518.890070
2024-12-31,ALFIN,corporativo,0.000000,0.000000,39938.000000,39938.000000
2024-12-31,ALFIN,grandes_empresas,0.000000,0.000000,85815.514000,85815.514000
2024-12-31,ALFIN,medianas_empresas,1975.000000,0.000000,26395.833000,28370.833000
2024-12-31,ALFIN,microempresas,13.820000,0.000000,27.713000,41.533000
2024-12-31,ALFIN,pequenas_empresas,779.041000,0.000000,36677.988000,37457.029000
2024-12-31,BANCOM,consumo,39615.317070,49808.593990,1314444.968840,1403868.879900
2024-12-31,BANCOM,corporativo,0.074000,0.000000,69323.313000,69323.387000
2024-12-31,BANCOM,grandes_empresas,2954.363000,7772.000000,110640.045000,121366.408000
2024-12-31,BANCOM,hipotecario,5625.492000,292.436000,100484.528000,106402.456000
2024-12-31,BANCOM,medianas_empresas,5052.095000,699.178000,31448.444000,37199.717000
2024-12-31,BANCOM,microempresas,11.582000,0.000000,16.885000,28.467000
2024-12-31,BANCOM,pequenas_empresas,16319.626000,4.524000,14448.235000,30772.385000
2024-12-31,BANK_OF_CHINA,corporativo,0.000000,0.000000,213392.000000,213392.000000
2024-12-31,BBVA,consumo,378468.387160,198401.165150,12658320.155930,13235189.708240
2024-12-31,BBVA,corporativo,17531.617000,41526.300000,20307668.040000,20366725.957000
2024-12-31,BBVA,grandes_empresas,265441.166000,266831.165000,10815966.303000,11348238.634000
2024-12-31,BBVA,hipotecario,350259.461000,383438.694000,16389250.846000,17122949.001000
2024-12-31,BBVA,medianas_empresas,1367049.586000,455318.482000,5494643.894000,7317011.962000
2024-12-31,BBVA,microempresas,3611.778000,266.771000,45957.525000,49836.074000
2024-12-31,BBVA,pequenas_empresas,510794.342000,503233.734000,7220649.828000,8234677.904000
2024-12-31,BCI,corporativo,17538.169000,0.000000,1258997.635000,1276535.804000
2024-12-31,BCI,grandes_empresas,335.577000,0.000000,171295.466000,171631.043000
2024-12-31,BCP,consumo,621565.963430,503854.053890,17510558.031550,18635978.048870
2024-12-31,BCP,corporativo,95946.752000,305376.075000,40521686.617000,40923009.444000
2024-12-31,BCP,grandes_empresas,147182.381000,264952.426000,13072839.007000,13484973.814000
2024-12-31,BCP,hipotecario,602145.012000,221151.286000,21020643.542000,21843939.840000
2024-12-31,BCP,medianas_empresas,186288.845000,62340.814000,4889218.177000,5137847.836000
2024-12-31,BCP,microempresas,15421.540000,1210.544000,102708.763000,119340.847000
2024-12-31,BCP,pequenas_empresas,2592556.156000,679417.036000,16150615.340000,19422588.532000
2024-12-31,BIF,consumo,64922.996310,13777.297940,1940438.430090,2019138.724340
2024-12-31,BIF,corporativo,38357.701000,4275.499000,5009844.418000,5052477.618000
2024-12-31,BIF,grandes_empresas,17929.949000,54275.262000,2359242.354000,2431447.565000
2024-12-31,BIF,hipotecario,109791.762000,51466.737000,3192523.991000,3353782.490000
2024-12-31,BIF,medianas_empresas,67002.940000,12659.967000,974294.509000,1053957.416000
2024-12-31,BIF,microempresas,204.823000,0.000000,30147.116000,30351.939000
2024-12-31,BIF,pequenas_empresas,260772.659000,24348.824000,315873.105000,600994.588000
2024-12-31,CITIBANK,corporativo,0.000000,0.000000,1029053.979000,1029053.979000
2024-12-31,CITIBANK,grandes_empresas,0.000000,0.000000,480032.096000,480032.096000
2024-12-31,CITIBANK,medianas_empresas,0.000000,0.000000,45331.964000,45331.964000
2024-12-31,CITIBANK,microempresas,0.000000,0.000000,40.132000,40.132000
2024-12-31,CITIBANK,pequenas_empresas,0.000000,0.000000,38142.687000,38142.687000
2024-12-31,FALABELLA,consumo,113014.260130,56122.218320,3317436.486530,3486572.964980
2024-12-31,FALABELLA,hipotecario,0.000000,0.000000,21.372000,21.372000
2024-12-31,FALABELLA,medianas_empresas,0.000000,0.000000,44.842000,44.842000
2024-12-31,FALABELLA,microempresas,118.497000,0.000000,295.840000,414.337000
2024-12-31,FALABELLA,pequenas_empresas,779.000000,0.000000,3445.062000,4224.062000
2024-12-31,GNB,consumo,20257.549560,3401.306780,1536689.292650,1560348.148990
2024-12-31,GNB,corporativo,0.000000,0.000000,1303532.632000,1303532.632000
2024-12-31,GNB,grandes_empresas,1016.280000,2561.779000,373724.463000,377302.522000
2024-12-31,GNB,hipotecario,39553.440000,14200.588000,544984.601000,598738.629000
2024-12-31,GNB,medianas_empresas,43676.078000,11886.369000,15936.962000,71499.409000
2024-12-31,GNB,pequenas_empresas,678.935000,1420.048000,2562.100000,4661.083000
2024-12-31,ICBC,corporativo,7528.000000,0.000000,874385.556000,881913.556000
2024-12-31,ICBC,grandes_empresas,2249.016000,0.000000,116367.175000,118616.191000
2024-12-31,INTERBANK,consumo,531182.097240,317697.272770,14190785.066810,15039664.436820
2024-12-31,INTERBANK,corporativo,244.912000,0.000000,14803369.103000,14803614.015000
2024-12-31,INTERBANK,grandes_empresas,133741.972000,42210.783000,4186625.279000,4362578.034000
2024-12-31,INTERBANK,hipotecario,326510.481000,28796.763000,10233773.206000,10589080.450000
2024-12-31,INTERBANK,medianas_empresas,200814.632000,27019.308000,1790842.587000,2018676.527000
2024-12-31,INTERBANK,microempresas,1732.587000,128.369000,10078.532000,11939.488000
2024-12-31,INTERBANK,pequenas_empresas,128978.214000,33585.321000,1860346.309000,2022909.844000
2024-12-31,MIBANCO,consumo,11510.501870,3888.588810,346643.541080,362042.631760
2024-12-31,MIBANCO,hipotecario,28853.209000,1251.763000,380772.287000,410877.259000
2024-12-31,MIBANCO,medianas_empresas,0.000000,0.000000,3191.738000,3191.738000
2024-12-31,MIBANCO,microempresas,71877.062000,9651.502000,2613859.307000,2695387.871000
2024-12-31,MIBANCO,pequenas_empresas,692251.629000,93661.619000,7874250.267000,8660163.515000
2024-12-31,PICHINCHA,consumo,141066.042480,152877.652810,3578291.890130,3872235.585420
2024-12-31,PICHINCHA,corporativo,0.000000,0.000000,1423048.119000,1423048.119000
2024-12-31,PICHINCHA,grandes_empresas,14463.080000,22296.146000,664534.469000,701293.695000
2024-12-31,PICHINCHA,hipotecario,76784.537000,2147.709000,1506711.319000,1585643.565000
2024-12-31,PICHINCHA,medianas_empresas,80631.638000,43790.763000,249931.574000,374353.975000
2024-12-31,PICHINCHA,microempresas,1236.676000,509.078000,3146.695000,4892.449000
2024-12-31,PICHINCHA,pequenas_empresas,251064.392000,48262.850000,119243.806000,418571.048000
2024-12-31,RIPLEY,consumo,49876.219200,26113.521610,1284428.413850,1360418.154660
2024-12-31,SANTANDER,consumo,268.886630,0.000000,65531.776760,65800.663390
2024-12-31,SANTANDER,corporativo,75244.011000,0.000000,3570236.578000,3645480.589000
2024-12-31,SANTANDER,grandes_empresas,120924.132000,25836.369000,1439925.595000,1586686.096000
2024-12-31,SANTANDER,medianas_empresas,80240.228000,5451.266000,280244.410000,365935.904000
2024-12-31,SANTANDER,pequenas_empresas,48.514000,0.000000,18.692000,67.206000
2024-12-31,SCOTIABANK,consumo,312765.773530,433657.879820,9421662.950620,10168086.603970
2024-12-31,SCOTIABANK,corporativo,8144.937000,44843.447000,16078891.570000,16131879.954000
2024-12-31,SCOTIABANK,grandes_empresas,152811.431000,81643.252000,3590318.420000,3824773.103000
2024-12-31,SCOTIABANK,hipotecario,309370.979000,482061.619000,10297074.527000,11088507.125000
2024-12-31,SCOTIABANK,medianas_empresas,501838.058000,115395.161000,1759496.710000,2376729.929000
2024-12-31,SCOTIABANK,microempresas,2477.722000,1129.437000,13389.864000,16997.023000
2024-12-31,SCOTIABANK,pequenas_empresas,804517.162000,698231.930000,4051522.148000,5554271.240000
2025-01-31,ALFIN,consumo,25587.472140,9790.426010,503639.725800,539017.623950
2025-01-31,ALFIN,corporativo,0.000000,0.000000,39749.000000,39749.000000
2025-01-31,ALFIN,grandes_empresas,0.000000,0.000000,85378.387000,85378.387000
2025-01-31,ALFIN,medianas_empresas,4980.037000,0.000000,40111.422000,45091.459000
2025-01-31,ALFIN,microempresas,0.000000,0.000000,42.436000,42.436000
2025-01-31,ALFIN,pequenas_empresas,931.448000,0.000000,19697.961000,20629.409000
2025-01-31,BANCOM,consumo,44300.781730,49218.837400,1297152.477030,1390672.096160
2025-01-31,BANCOM,corporativo,0.074000,0.000000,78063.333000,78063.407000
2025-01-31,BANCOM,grandes_empresas,2865.623000,7692.000000,106519.713000,117077.336000
2025-01-31,BANCOM,hipotecario,6011.425000,292.026000,100100.015000,106403.466000
2025-01-31,BANCOM,medianas_empresas,5001.451000,696.858000,31338.160000,37036.469000
2025-01-31,BANCOM,microempresas,12.697000,0.000000,0.000000,12.697000
2025-01-31,BANCOM,pequenas_empresas,15948.755000,4.257000,16565.796000,32518.808000
2025-01-31,BANK_OF_CHINA,corporativo,0.000000,0.000000,189884.000000,189884.000000
2025-01-31,BBVA,consumo,352626.200330,213291.501880,12769191.955320,13335109.657530
2025-01-31,BBVA,corporativo,17902.118000,41062.935000,18675112.629000,18734077.682000
2025-01-31,BBVA,grandes_empresas,275241.974000,261181.201000,10784197.962000,11320621.137000
2025-01-31,BBVA,hipotecario,358714.195000,393038.479000,16515422.173000,17267174.847000
2025-01-31,BBVA,medianas_empresas,1335802.478000,428243.392000,5325726.988000,7089772.858000
2025-01-31,BBVA,microempresas,3489.456000,278.699000,38642.728000,42410.883000
2025-01-31,BBVA,pequenas_empresas,507194.141000,494184.674000,7258555.662000,8259934.477000
2025-01-31,BCI,corporativo,17342.472000,0.000000,1307727.959000,1325070.431000
2025-01-31,BCI,grandes_empresas,331.833000,0.000000,186036.254000,186368.087000
2025-01-31,BCP,consumo,625755.622630,497052.714440,17581728.498750,18704536.835820
2025-01-31,BCP,corporativo,20316.220000,302844.620000,40542678.010000,40865838.850000
2025-01-31,BCP,grandes_empresas,143782.266000,277003.316000,12874523.520000,13295309.102000
2025-01-31,BCP,hipotecario,594183.297000,222682.466000,21086232.852000,21903098.615000
2025-01-31,BCP,medianas_empresas,211099.274000,38473.657000,4795434.242000,5045007.173000
2025-01-31,BCP,microempresas,15764.880000,1194.181000,94278.997000,111238.058000
2025-01-31,BCP,pequenas_empresas,2561898.100000,677175.208000,15928879.532000,19167952.840000
2025-01-31,BIF,consumo,65714.296170,13309.158060,1994934.907410,2073958.361640
2025-01-31,BIF,corporativo,37926.455000,4227.792000,5051309.921000,5093464.168000
2025-01-31,BIF,grandes_empresas,17050.745000,54444.031000,2332584.554000,2404079.330000
2025-01-31,BIF,hipotecario,113628.032000,51829.315000,3208475.341000,3373932.688000
2025-01-31,BIF,medianas_empresas,69356.572000,10822.575000,903886.966000,984066.113000
2025-01-31,BIF,microempresas,200.876000,0.000000,249.619000,450.495000
2025-01-31,BIF,pequenas_empresas,259133.734000,22220.325000,305950.515000,587304.574000
2025-01-31,CITIBANK,corporativo,0.000000,0.000000,909257.212000,909257.212000
2025-01-31,CITIBANK,grandes_empresas,0.000000,0.000000,432634.115000,432634.115000
2025-01-31,CITIBANK,medianas_empresas,0.000000,0.000000,87678.414000,87678.414000
2025-01-31,CITIBANK,microempresas,0.000000,0.000000,34.357000,34.357000
2025-01-31,CITIBANK,pequenas_empresas,0.000000,0.000000,37532.675000,37532.675000
2025-01-31,COMPARTAMOS,consumo,23008.435810,490.980100,621903.726160,645403.142070
2025-01-31,COMPARTAMOS,microempresas,77155.912000,897.842000,1585216.803000,1663270.557000
2025-01-31,COMPARTAMOS,pequenas_empresas,161064.546000,5620.865000,1707741.204000,1874426.615000
2025-01-31,FALABELLA,consumo,117435.236520,54806.943470,3254928.114660,3427170.294650
2025-01-31,FALABELLA,medianas_empresas,0.000000,0.000000,30.487000,30.487000
2025-01-31,FALABELLA,microempresas,120.547000,0.000000,282.088000,402.635000
2025-01-31,FALABELLA,pequenas_empresas,770.413000,0.000000,3541.275000,4311.688000
2025-01-31,GNB,consumo,20012.754400,3638.794640,1522999.613510,1546651.162550
2025-01-31,GNB,corporativo,7444.000000,0.000000,1301326.690000,1308770.690000
2025-01-31,GNB,grandes_empresas,1004.940000,2477.736000,364461.839000,367944.515000
2025-01-31,GNB,hipotecario,38802.439000,13789.840000,542504.417000,595096.696000
2025-01-31,GNB,medianas_empresas,48204.919000,6977.230000,15901.565000,71083.714000
2025-01-31,GNB,pequenas_empresas,676.674000,1398.963000,2072.050000,4147.687000
2025-01-31,ICBC,corporativo,11166.000000,0.000000,781429.583000,792595.583000
2025-01-31,ICBC,grandes_empresas,2223.920000,0.000000,115095.618000,117319.538000
2025-01-31,INTERBANK,consumo,537856.229040,312784.123490,14092196.121430,14942836.473960
2025-01-31,INTERBANK,corporativo,14.185000,0.000000,14360839.258000,14360853.443000
2025-01-31,INTERBANK,grandes_empresas,133469.235000,41108.274000,3931865.505000,4106443.014000
2025-01-31,INTERBANK,hipotecario,324369.777000,28919.093000,10266405.146000,10619694.016000
2025-01-31,INTERBANK,medianas_empresas,202729.651000,19540.377000,1709468.375000,1931738.403000
2025-01-31,INTERBANK,microempresas,1720.841000,159.882000,8227.513000,10108.236000
2025-01-31,INTERBANK,pequenas_empresas,138765.591000,31351.707000,1899017.726000,2069135.024000
2025-01-31,MIBANCO,consumo,10166.034070,4004.428650,355517.891240,369688.353960
2025-01-31,MIBANCO,hipotecario,29184.431000,1230.530000,378878.939000,409293.900000
2025-01-31,MIBANCO,medianas_empresas,0.000000,0.000000,3258.992000,3258.992000
2025-01-31,MIBANCO,microempresas,65704.477000,9712.091000,2691422.025000,2766838.593000
2025-01-31,MIBANCO,pequenas_empresas,638834.302000,93711.784000,7851551.024000,8584097.110000
2025-01-31,PICHINCHA,consumo,134575.567090,155299.445970,3552706.721810,3842581.734870
2025-01-31,PICHINCHA,corporativo,0.000000,0.000000,1398599.132000,1398599.132000
2025-01-31,PICHINCHA,grandes_empresas,13799.939000,20623.393000,623067.053000,657490.385000
2025-01-31,PICHINCHA,hipotecario,74270.367000,2020.801000,1516731.223000,1593022.391000
2025-01-31,PICHINCHA,medianas_empresas,85759.124000,40374.868000,264648.842000,390782.834000
2025-01-31,PICHINCHA,microempresas,1312.414000,450.687000,2839.761000,4602.862000
2025-01-31,PICHINCHA,pequenas_empresas,263929.535000,29941.123000,89579.572000,383450.230000
2025-01-31,RIPLEY,consumo,50441.229630,26363.418550,1263916.065720,1340720.713900
2025-01-31,SANTANDER,consumo,431.047260,0.000000,62389.389480,62820.436740
2025-01-31,SANTANDER,corporativo,74961.540000,0.000000,3618553.589000,3693515.129000
2025-01-31,SANTANDER,grandes_empresas,119688.176000,25185.309000,1378515.444000,1523388.929000
2025-01-31,SANTANDER,medianas_empresas,79636.575000,5320.429000,93772.940000,178729.944000
2025-01-31,SANTANDER,pequenas_empresas,48.010000,0.000000,3.211000,51.221000
2025-01-31,SCOTIABANK,consumo,293971.213320,433430.307460,9426814.016810,10154215.537590
2025-01-31,SCOTIABANK,corporativo,8055.372000,43741.765000,16308479.830000,16360276.967000
2025-01-31,SCOTIABANK,grandes_empresas,147414.563000,74243.549000,3695404.216000,3917062.328000
2025-01-31,SCOTIABANK,hipotecario,301281.941000,488639.657000,10279026.888000,11068948.486000
2025-01-31,SCOTIABANK,medianas_empresas,504591.524000,107806.618000,1871032.220000,2483430.362000
2025-01-31,SCOTIABANK,microempresas,2469.325000,1148.657000,9360.188000,12978.170000
2025-01-31,SCOTIABANK,pequenas_empresas,782880.647000,711613.164000,3956186.355000,5450680.166000
2025-02-28,ALFIN,consumo,25384.282560,8683.563800,512753.545870,546821.392230
2025-02-28,ALFIN,corporativo,0.000000,0.000000,56931.500000,56931.500000
2025-02-28,ALFIN,grandes_empresas,0.000000,0.000000,103860.471000,103860.471000
2025-02-28,ALFIN,medianas_empresas,2367.000000,0.000000,38177.894000,40544.894000
2025-02-28,ALFIN,microempresas,0.000000,0.000000,40.637000,40.637000
2025-02-28,ALFIN,pequenas_empresas,544.114000,0.000000,10525.485000,11069.599000
2025-02-28,BANCOM,consumo,49806.398890,48588.467840,1298706.625490,1397101.492220
2025-02-28,BANCOM,corporativo,0.074000,0.000000,90079.403000,90079.477000
2025-02-28,BANCOM,grandes_empresas,2830.977000,7612.000000,100911.990000,111354.967000
2025-02-28,BANCOM,hipotecario,6392.143000,291.765000,99223.267000,105907.175000
2025-02-28,BANCOM,medianas_empresas,4963.131000,656.590000,36332.176000,41951.897000
2025-02-28,BANCOM,microempresas,12.691000,0.000000,0.000000,12.691000
2025-02-28,BANCOM,pequenas_empresas,15868.880000,4.119000,18302.347000,34175.346000
2025-02-28,BANK_OF_CHINA,corporativo,0.000000,0.000000,190571.000000,190571.000000
2025-02-28,BBVA,consumo,345089.694030,218915.134520,12891741.713820,13455746.542370
2025-02-28,BBVA,corporativo,17699.976000,39924.191000,18637977.558000,18695601.725000
2025-02-28,BBVA,grandes_empresas,278913.296000,293049.665000,10716784.265000,11288747.226000
2025-02-28,BBVA,hipotecario,343325.695000,398919.535000,16741306.098000,17483551.328000
2025-02-28,BBVA,medianas_empresas,1304232.018000,419316.687000,5224055.068000,6947603.773000
2025-02-28,BBVA,microempresas,4303.468000,281.979000,78007.988000,82593.435000
2025-02-28,BBVA,pequenas_empresas,481420.853000,468457.937000,7234821.592000,8184700.382000
2025-02-28,BCI,corporativo,17132.797000,0.000000,1378508.784000,1395641.581000
2025-02-28,BCI,grandes_empresas,327.821000,0.000000,184691.172000,185018.993000
2025-02-28,BCP,consumo,619729.242940,489928.787790,17781780.753590,18891438.784320
2025-02-28,BCP,corporativo,20016.035000,301614.558000,41931956.232000,42253586.825000
2025-02-28,BCP,grandes_empresas,145559.108000,299446.594000,12480111.250000,12925116.952000
2025-02-28,BCP,hipotecario,599284.868000,220919.457000,21181829.676000,22002034.001000
2025-02-28,BCP,medianas_empresas,217614.101000,36759.498000,4918817.644000,5173191.243000
2025-02-28,BCP,microempresas,15696.309000,1187.842000,120234.023000,137118.174000
2025-02-28,BCP,pequenas_empresas,2459347.612000,663762.571000,15792255.321000,18915365.504000
2025-02-28,BIF,consumo,65734.322150,13261.891830,2003287.451670,2082283.665650
2025-02-28,BIF,corporativo,37466.015000,3836.191000,4985182.475000,5026484.681000
2025-02-28,BIF,grandes_empresas,26914.498000,54427.130000,2300120.527000,2381462.155000
2025-02-28,BIF,hipotecario,116153.012000,51962.185000,3238951.412000,3407066.609000
2025-02-28,BIF,medianas_empresas,76331.692000,6872.380000,821552.329000,904756.401000
2025-02-28,BIF,microempresas,187.249000,0.000000,353.302000,540.551000
2025-02-28,BIF,pequenas_empresas,250402.451000,21639.849000,315456.925000,587499.225000
2025-02-28,CITIBANK,corporativo,0.000000,0.000000,870878.477000,870878.477000
2025-02-28,CITIBANK,grandes_empresas,0.000000,0.000000,405987.516000,405987.516000
2025-02-28,CITIBANK,medianas_empresas,0.000000,0.000000,159310.932000,159310.932000
2025-02-28,CITIBANK,microempresas,0.000000,0.000000,78.554000,78.554000
2025-02-28,CITIBANK,pequenas_empresas,0.000000,0.000000,37572.250000,37572.250000
2025-02-28,COMPARTAMOS,consumo,21187.752530,456.858930,619930.580180,641575.191640
2025-02-28,COMPARTAMOS,microempresas,76776.874000,894.953000,1597996.374000,1675668.201000
2025-02-28,COMPARTAMOS,pequenas_empresas,154703.862000,6643.552000,1692612.468000,1853959.882000
2025-02-28,FALABELLA,consumo,119664.146550,54375.020630,3237911.142540,3411950.309720
2025-02-28,FALABELLA,medianas_empresas,0.000000,0.000000,167.259000,167.259000
2025-02-28,FALABELLA,microempresas,120.485000,0.000000,270.934000,391.419000
2025-02-28,FALABELLA,pequenas_empresas,795.038000,0.000000,3386.723000,4181.761000
2025-02-28,GNB,consumo,19107.602140,3632.514760,1522417.518450,1545157.635350
2025-02-28,GNB,corporativo,7354.000000,0.000000,1294576.243000,1301930.243000
2025-02-28,GNB,grandes_empresas,992.790000,2419.806000,375290.881000,378703.477000
2025-02-28,GNB,hipotecario,37284.749000,13959.093000,538383.674000,589627.516000
2025-02-28,GNB,medianas_empresas,45108.100000,9719.177000,29779.609000,84606.886000
2025-02-28,GNB,pequenas_empresas,674.251000,1376.068000,2193.625000,4243.944000
2025-02-28,ICBC,corporativo,11031.000000,0.000000,828801.620000,839832.620000
2025-02-28,ICBC,grandes_empresas,2197.033000,0.000000,110060.268000,112257.301000
2025-02-28,INTERBANK,consumo,486331.843470,309594.955360,14097868.180910,14893794.979740
2025-02-28,INTERBANK,corporativo,132.602000,0.000000,14503305.500000,14503438.102000
2025-02-28,INTERBANK,grandes_empresas,149651.010000,23477.146000,3602700.430000,3775828.586000
2025-02-28,INTERBANK,hipotecario,318996.657000,27852.506000,10332177.139000,10679026.302000
2025-02-28,INTERBANK,medianas_empresas,197665.232000,17902.121000,1947576.840000,2163144.193000
2025-02-28,INTERBANK,microempresas,1559.498000,162.942000,8198.287000,9920.727000
2025-02-28,INTERBANK,pequenas_empresas,137735.364000,29875.808000,1958455.300000,2126066.472000
2025-02-28,MIBANCO,consumo,9628.271950,3904.508950,361974.764560,375507.545460
2025-02-28,MIBANCO,hipotecario,29308.470000,1210.927000,376581.363000,407100.760000
2025-02-28,MIBANCO,medianas_empresas,0.000000,0.000000,3323.397000,3323.397000
2025-02-28,MIBANCO,microempresas,64841.825000,9934.249000,2755972.016000,2830748.090000
2025-02-28,MIBANCO,pequenas_empresas,605238.590000,93703.944000,7910252.150000,8609194.684000
2025-02-28,PICHINCHA,consumo,146675.048730,158609.436700,3517698.776500,3822983.261930
2025-02-28,PICHINCHA,corporativo,6.849000,0.000000,1358024.464000,1358031.313000
2025-02-28,PICHINCHA,grandes_empresas,11470.822000,11143.318000,650133.059000,672747.199000
2025-02-28,PICHINCHA,hipotecario,73750.175000,2140.956000,1519052.486000,1594943.617000
2025-02-28,PICHINCHA,medianas_empresas,87392.039000,52708.477000,245426.903000,385527.419000
2025-02-28,PICHINCHA,microempresas,1378.453000,366.287000,2597.191000,4341.931000
2025-02-28,PICHINCHA,pequenas_empresas,245486.013000,28667.951000,70629.310000,344783.274000
2025-02-28,RIPLEY,consumo,46719.305050,26172.393750,1259252.998140,1332144.696940
2025-02-28,SANTANDER,consumo,462.361730,0.000000,58202.130580,58664.492310
2025-02-28,SANTANDER,corporativo,183.850000,0.000000,3401546.470000,3401730.320000
2025-02-28,SANTANDER,grandes_empresas,192931.428000,24562.500000,1393131.871000,1610625.799000
2025-02-28,SANTANDER,medianas_empresas,82708.805000,3505.147000,168124.843000,254338.795000
2025-02-28,SANTANDER,pequenas_empresas,50.602000,0.000000,0.000000,50.602000
2025-02-28,SCOTIABANK,consumo,289140.379160,432414.555180,9476330.657740,10197885.592080
2025-02-28,SCOTIABANK,corporativo,15313.203000,42607.170000,16451370.953000,16509291.326000
2025-02-28,SCOTIABANK,grandes_empresas,136518.436000,70783.533000,3546277.641000,3753579.610000
2025-02-28,SCOTIABANK,hipotecario,309311.622000,490808.818000,10245956.707000,11046077.147000
2025-02-28,SCOTIABANK,medianas_empresas,501128.853000,107697.586000,1854383.704000,2463210.143000
2025-02-28,SCOTIABANK,microempresas,2594.192000,1323.893000,6828.372000,10746.457000
2025-02-28,SCOTIABANK,pequenas_empresas,790210.401000,702577.832000,3968087.980000,5460876.213000
2025-03-31,ALFIN,consumo,24433.068660,7988.548580,519682.015780,552103.633020
2025-03-31,ALFIN,corporativo,0.000000,0.000000,56846.000000,56846.000000
2025-03-31,ALFIN,grandes_empresas,0.000000,0.000000,105168.747000,105168.747000
2025-03-31,ALFIN,medianas_empresas,1953.046000,0.000000,33641.769000,35594.815000
2025-03-31,ALFIN,microempresas,0.000000,0.000000,38.772000,38.772000
2025-03-31,ALFIN,pequenas_empresas,405.217000,0.000000,10463.145000,10868.362000
2025-03-31,BANCOM,consumo,46409.175790,49169.654460,1293477.946620,1389056.776870
2025-03-31,BANCOM,corporativo,0.074000,0.000000,83995.593000,83995.667000
2025-03-31,BANCOM,grandes_empresas,2824.048000,7532.000000,101432.544000,111788.592000
2025-03-31,BANCOM,hipotecario,6152.049000,290.385000,99289.148000,105731.582000
2025-03-31,BANCOM,medianas_empresas,7555.793000,612.012000,37051.181000,45218.986000
2025-03-31,BANCOM,microempresas,12.689000,0.000000,0.000000,12.689000
2025-03-31,BANCOM,pequenas_empresas,14442.515000,8.512000,18650.839000,33101.866000
2025-03-31,BANK_OF_CHINA,corporativo,0.000000,0.000000,162364.000000,162364.000000
2025-03-31,BBVA,consumo,367816.851650,229196.927360,13012516.662110,13609530.441120
2025-03-31,BBVA,corporativo,29732.612000,34846.000000,19486196.862000,19550775.474000
2025-03-31,BBVA,grandes_empresas,282104.393000,288945.135000,10756425.738000,11327475.266000
2025-03-31,BBVA,hipotecario,356713.483000,407872.420000,16948407.728000,17712993.631000
2025-03-31,BBVA,medianas_empresas,1230857.819000,388077.286000,4931734.780000,6550669.885000
2025-03-31,BBVA,microempresas,3667.826000,286.329000,48852.031000,52806.186000
2025-03-31,BBVA,pequenas_empresas,498152.615000,444065.292000,7467860.992000,8410078.899000
2025-03-31,BCI,corporativo,17090.862000,0.000000,1375230.760000,1392321.622000
2025-03-31,BCI,grandes_empresas,327.018000,0.000000,183812.154000,184139.172000
2025-03-31,BCP,consumo,640706.113590,482018.857130,17828971.927020,18951696.897740
2025-03-31,BCP,corporativo,19894.965000,130428.473000,40082098.027000,40232421.465000
2025-03-31,BCP,grandes_empresas,146089.808000,314701.135000,12478498.114000,12939289.057000
2025-03-31,BCP,hipotecario,617885.336000,216113.143000,21286150.629000,22120149.108000
2025-03-31,BCP,medianas_empresas,201635.927000,41281.862000,4963797.808000,5206715.597000
2025-03-31,BCP,microempresas,16373.487000,1064.846000,119314.963000,136753.296000
2025-03-31,BCP,pequenas_empresas,2559717.262000,616734.815000,15664625.411000,18841077.488000
2025-03-31,BIF,consumo,64700.098250,12624.290090,2041710.793960,2119035.182300
2025-03-31,BIF,corporativo,37379.119000,3412.894000,4973933.939000,5014725.952000
2025-03-31,BIF,grandes_empresas,26821.766000,56164.702000,2229419.765000,2312406.233000
2025-03-31,BIF,hipotecario,117816.342000,53410.231000,3259222.760000,3430449.333000
2025-03-31,BIF,medianas_empresas,72734.260000,8447.133000,829955.058000,911136.451000
2025-03-31,BIF,microempresas,220.904000,0.000000,155.607000,376.511000
2025-03-31,BIF,pequenas_empresas,243647.253000,21245.998000,317027.885000,581921.136000
2025-03-31,CITIBANK,corporativo,0.000000,0.000000,853220.679000,853220.679000
2025-03-31,CITIBANK,grandes_empresas,0.000000,0.000000,408566.368000,408566.368000
2025-03-31,CITIBANK,medianas_empresas,0.000000,0.000000,252753.810000,252753.810000
2025-03-31,CITIBANK,microempresas,0.000000,0.000000,38.404000,38.404000
2025-03-31,CITIBANK,pequenas_empresas,0.000000,0.000000,37457.950000,37457.950000
2025-03-31,COMPARTAMOS,consumo,19473.447070,425.684270,621173.011430,641072.142770
2025-03-31,COMPARTAMOS,microempresas,83229.627000,984.900000,1618788.844000,1703003.371000
2025-03-31,COMPARTAMOS,pequenas_empresas,146153.537000,7014.045000,1691974.039000,1845141.621000
2025-03-31,FALABELLA,consumo,118394.109640,54540.873020,3248360.168230,3421295.150890
2025-03-31,FALABELLA,medianas_empresas,0.000000,0.000000,152.407000,152.407000
2025-03-31,FALABELLA,microempresas,166.162000,0.000000,257.586000,423.748000
2025-03-31,FALABELLA,pequenas_empresas,772.872000,0.000000,3589.335000,4362.207000
2025-03-31,GNB,consumo,16864.701920,3238.541590,1529252.526580,1549355.770090
2025-03-31,GNB,corporativo,7336.000000,0.000000,1337551.224000,1344887.224000
2025-03-31,GNB,grandes_empresas,990.360000,2337.726000,374114.925000,377443.011000
2025-03-31,GNB,hipotecario,38641.614000,13755.965000,534870.498000,587268.077000
2025-03-31,GNB,medianas_empresas,44178.061000,10443.634000,29477.926000,84099.621000
2025-03-31,GNB,pequenas_empresas,673.766000,1348.390000,2918.476000,4940.632000
2025-03-31,ICBC,corporativo,11004.000000,0.000000,892211.279000,903215.279000
2025-03-31,ICBC,grandes_empresas,2191.655000,0.000000,111891.671000,114083.326000
2025-03-31,INTERBANK,consumo,505751.699650,305816.393780,14130535.344800,14942103.438230
2025-03-31,INTERBANK,corporativo,0.000000,0.000000,15436643.680000,15436643.680000
2025-03-31,INTERBANK,grandes_empresas,148999.992000,22816.149000,3879144.411000,4050960.552000
2025-03-31,INTERBANK,hipotecario,335263.016000,28671.955000,10352890.350000,10716825.321000
2025-03-31,INTERBANK,medianas_empresas,202212.833000,111724.139000,1494537.948000,1808474.920000
2025-03-31,INTERBANK,microempresas,1451.894000,158.736000,32817.582000,34428.212000
2025-03-31,INTERBANK,pequenas_empresas,141171.509000,28403.139000,1773767.299000,1943341.947000
2025-03-31,MIBANCO,consumo,9259.334630,3865.107880,367814.985280,380939.427790
2025-03-31,MIBANCO,hipotecario,30612.160000,1061.947000,366213.359000,397887.466000
2025-03-31,MIBANCO,medianas_empresas,0.000000,0.000000,2995.930000,2995.930000
2025-03-31,MIBANCO,microempresas,66487.468000,10000.022000,2809918.749000,2886406.239000
2025-03-31,MIBANCO,pequenas_empresas,594661.236000,94023.073000,8054003.018000,8742687.327000
2025-03-31,PICHINCHA,consumo,154428.726030,161121.482320,3459154.840150,3774705.048500
2025-03-31,PICHINCHA,corporativo,78.628000,0.000000,1269737.495000,1269816.123000
2025-03-31,PICHINCHA,grandes_empresas,11943.664000,9516.814000,632355.399000,653815.877000
2025-03-31,PICHINCHA,hipotecario,77787.887000,2127.688000,1517262.263000,1597177.838000
2025-03-31,PICHINCHA,medianas_empresas,84503.783000,52270.181000,226808.536000,363582.500000
2025-03-31,PICHINCHA,microempresas,1538.390000,392.356000,2224.394000,4155.140000
2025-03-31,PICHINCHA,pequenas_empresas,245008.439000,27866.770000,62082.733000,334957.942000
2025-03-31,RIPLEY,consumo,47016.591710,25197.842470,1281211.405380,1353425.839560
2025-03-31,SANTANDER,consumo,558.829070,0.000000,55799.412030,56358.241100
2025-03-31,SANTANDER,corporativo,0.000000,0.000000,3339642.833000,3339642.833000
2025-03-31,SANTANDER,grandes_empresas,91028.308000,24261.045000,1426073.684000,1541363.037000
2025-03-31,SANTANDER,medianas_empresas,185918.130000,3423.430000,252676.933000,442018.493000
2025-03-31,SANTANDER,pequenas_empresas,50.478000,0.000000,0.000000,50.478000
2025-03-31,SCOTIABANK,consumo,287880.869250,428025.265730,9526686.304670,10242592.439650
2025-03-31,SCOTIABANK,corporativo,29542.945000,28042.291000,16534668.268000,16592253.504000
2025-03-31,SCOTIABANK,grandes_empresas,130980.771000,72966.442000,3672420.942000,3876368.155000
2025-03-31,SCOTIABANK,hipotecario,320897.700000,492171.160000,10236339.113000,11049407.973000
2025-03-31,SCOTIABANK,medianas_empresas,503539.513000,103372.922000,1852882.171000,2459794.606000
2025-03-31,SCOTIABANK,microempresas,2481.186000,1048.385000,13388.777000,16918.348000
2025-03-31,SCOTIABANK,pequenas_empresas,801805.063000,691093.333000,4027839.123000,5520737.519000
2025-04-30,ALFIN,consumo,27300.681140,8590.628570,620347.199620,656238.509330
2025-04-30,ALFIN,corporativo,0.000000,0.000000,58912.500000,58912.500000
2025-04-30,ALFIN,grandes_empresas,0.000000,0.000000,122314.564000,122314.564000
2025-04-30,ALFIN,medianas_empresas,2359.837000,0.000000,28033.907000,30393.744000
2025-04-30,ALFIN,microempresas,0.000000,0.000000,36.942000,36.942000
2025-04-30,ALFIN,pequenas_empresas,851.308000,0.000000,7338.298000,8189.606000
2025-04-30,BANCOM,consumo,50581.879280,49298.341940,1283929.475870,1383809.697090
2025-04-30,BANCOM,corporativo,0.074000,0.000000,80155.194000,80155.268000
2025-04-30,BANCOM,grandes_empresas,2394.464000,7452.000000,105369.615000,115216.079000
2025-04-30,BANCOM,hipotecario,6572.452000,290.085000,98751.338000,105613.875000
2025-04-30,BANCOM,medianas_empresas,7397.094000,566.790000,39530.974000,47494.858000
2025-04-30,BANCOM,microempresas,12.690000,0.000000,0.049000,12.739000
2025-04-30,BANCOM,pequenas_empresas,14454.353000,8.132000,15177.304000,29639.789000
2025-04-30,BANK_OF_CHINA,corporativo,0.000000,0.000000,149457.500000,149457.500000
2025-04-30,BBVA,consumo,364684.173690,237828.252090,13134670.258400,13737182.684180
2025-04-30,BBVA,corporativo,29758.920000,34912.500000,20065584.616000,20130256.036000
2025-04-30,BBVA,grandes_empresas,312350.974000,255609.458000,10899744.064000,11467704.496000
2025-04-30,BBVA,hipotecario,339435.625000,406926.555000,17095937.379000,17842299.559000
2025-04-30,BBVA,medianas_empresas,1209331.280000,370883.259000,4853372.838000,6433587.377000
2025-04-30,BBVA,microempresas,3566.369000,279.236000,59996.189000,63841.794000
2025-04-30,BBVA,pequenas_empresas,483164.924000,447785.661000,7424927.617000,8355878.202000
2025-04-30,BCI,corporativo,17123.478000,0.000000,1480093.234000,1497216.712000
2025-04-30,BCI,grandes_empresas,327.642000,0.000000,183296.238000,183623.880000
2025-04-30,BCP,consumo,640881.331620,471010.538970,17967092.371430,19078984.242020
2025-04-30,BCP,corporativo,9781.254000,116173.906000,41493447.500000,41619402.660000
2025-04-30,BCP,grandes_empresas,150349.872000,294511.873000,12557304.786000,13002166.531000
2025-04-30,BCP,hipotecario,610224.855000,216312.875000,21648865.322000,22475403.052000
2025-04-30,BCP,medianas_empresas,170332.878000,34326.507000,4649326.658000,4853986.043000
2025-04-30,BCP,microempresas,15920.803000,986.421000,111475.464000,128382.688000
2025-04-30,BCP,pequenas_empresas,2585959.447000,616579.041000,16182445.589000,19384984.077000
2025-04-30,BIF,consumo,61295.761300,12360.957360,2033917.189790,2107573.908450
2025-04-30,BIF,corporativo,37452.809000,3004.361000,4984415.486000,5024872.656000
2025-04-30,BIF,grandes_empresas,27329.811000,53560.514000,2255723.711000,2336614.036000
2025-04-30,BIF,hipotecario,115225.001000,54754.968000,3273711.081000,3443691.050000
2025-04-30,BIF,medianas_empresas,73677.976000,7238.494000,861368.195000,942284.665000
2025-04-30,BIF,microempresas,227.213000,0.000000,403.419000,630.632000
2025-04-30,BIF,pequenas_empresas,241694.111000,20739.004000,331230.432000,593663.547000
2025-04-30,CITIBANK,corporativo,0.000000,0.000000,888979.891000,888979.891000
2025-04-30,CITIBANK,grandes_empresas,0.000000,0.000000,429207.587000,429207.587000
2025-04-30,CITIBANK,medianas_empresas,0.000000,0.000000,274547.910000,274547.910000
2025-04-30,CITIBANK,microempresas,0.000000,0.000000,39.805000,39.805000
2025-04-30,CITIBANK,pequenas_empresas,0.000000,0.000000,22351.477000,22351.477000
2025-04-30,COMPARTAMOS,consumo,18761.567190,407.121780,624349.952340,643518.641310
2025-04-30,COMPARTAMOS,microempresas,87823.657000,934.148000,1635146.335000,1723904.140000
2025-04-30,COMPARTAMOS,pequenas_empresas,146491.787000,6813.734000,1693515.441000,1846820.962000
2025-04-30,FALABELLA,consumo,119948.077590,54104.820390,3288198.864170,3462251.762150
2025-04-30,FALABELLA,medianas_empresas,0.000000,0.000000,137.548000,137.548000
2025-04-30,FALABELLA,microempresas,159.943000,0.000000,248.446000,408.389000
2025-04-30,FALABELLA,pequenas_empresas,809.014000,0.000000,3530.747000,4339.761000
2025-04-30,GNB,consumo,17333.772990,3377.696730,1528438.831070,1549150.300790
2025-04-30,GNB,corporativo,7350.000000,0.000000,1518207.504000,1525557.504000
2025-04-30,GNB,grandes_empresas,0.000000,2231.114000,380459.667000,382690.781000
2025-04-30,GNB,hipotecario,38401.328000,13353.851000,531747.191000,583502.370000
2025-04-30,GNB,medianas_empresas,43639.681000,10361.708000,13611.276000,67612.665000
2025-04-30,GNB,pequenas_empresas,559.641000,1320.670000,3187.750000,5068.061000
2025-04-30,ICBC,corporativo,11025.000000,0.000000,883919.334000,894944.334000
2025-04-30,ICBC,grandes_empresas,2195.838000,0.000000,111764.015000,113959.853000
2025-04-30,ICBC,medianas_empresas,0.000000,0.000000,611.474000,611.474000
2025-04-30,INTERBANK,consumo,513327.688940,302621.159620,14183172.207000,14999121.055560
2025-04-30,INTERBANK,corporativo,58.778000,0.000000,15592439.409000,15592498.187000
2025-04-30,INTERBANK,grandes_empresas,146352.152000,22284.381000,3870947.807000,4039584.340000
2025-04-30,INTERBANK,hipotecario,331081.275000,28421.991000,10411587.279000,10771090.545000
2025-04-30,INTERBANK,medianas_empresas,196519.695000,111955.578000,1570730.070000,1879205.343000
2025-04-30,INTERBANK,microempresas,1186.852000,182.192000,6310.039000,7679.083000
2025-04-30,INTERBANK,pequenas_empresas,130505.408000,27768.088000,1713643.372000,1871916.868000
2025-04-30,MIBANCO,consumo,8826.459780,3975.950160,369534.267790,382336.677730
2025-04-30,MIBANCO,hipotecario,31522.351000,1605.937000,356264.379000,389392.667000
2025-04-30,MIBANCO,medianas_empresas,43.987000,0.000000,3042.929000,3086.916000
2025-04-30,MIBANCO,microempresas,66514.911000,10338.381000,2821043.127000,2897896.419000
2025-04-30,MIBANCO,pequenas_empresas,576192.691000,98024.800000,8194941.389000,8869158.880000
2025-04-30,PICHINCHA,consumo,149687.568570,159299.215500,3325276.857420,3634263.641490
2025-04-30,PICHINCHA,corporativo,0.094000,0.000000,1430779.712000,1430779.806000
2025-04-30,PICHINCHA,grandes_empresas,12534.592000,8230.911000,657141.748000,677907.251000
2025-04-30,PICHINCHA,hipotecario,67250.594000,2310.912000,1519116.252000,1588677.758000
2025-04-30,PICHINCHA,medianas_empresas,84940.784000,51167.236000,216315.426000,352423.446000
2025-04-30,PICHINCHA,microempresas,1379.962000,368.132000,1921.262000,3669.356000
2025-04-30,PICHINCHA,pequenas_empresas,240151.528000,23954.248000,53195.441000,317301.217000
2025-04-30,RIPLEY,consumo,47662.555160,25601.663680,1301881.962560,1375146.181400
2025-04-30,SANTANDER,consumo,633.925710,0.000000,52885.737290,53519.663000
2025-04-30,SANTANDER,corporativo,0.000000,0.000000,3496339.401000,3496339.401000
2025-04-30,SANTANDER,grandes_empresas,88513.050000,16817.734000,1357829.245000,1463160.029000
2025-04-30,SANTANDER,medianas_empresas,184528.614000,4999.750000,98156.930000,287685.294000
2025-04-30,SANTANDER,pequenas_empresas,47.440000,0.000000,0.000000,47.440000
2025-04-30,SCOTIABANK,consumo,283970.171610,425570.432130,9554100.669580,10263641.273320
2025-04-30,SCOTIABANK,corporativo,29596.839000,14281.979000,16532162.933000,16576041.751000
2025-04-30,SCOTIABANK,grandes_empresas,132203.620000,71647.874000,3643619.643000,3847471.137000
2025-04-30,SCOTIABANK,hipotecario,322723.393000,493355.162000,10235715.743000,11051794.298000
2025-04-30,SCOTIABANK,medianas_empresas,499475.963000,101687.058000,1910493.996000,2511657.017000
2025-04-30,SCOTIABANK,microempresas,2697.468000,957.891000,3484.508000,7139.867000
2025-04-30,SCOTIABANK,pequenas_empresas,798418.611000,689202.612000,4093214.718000,5580835.941000
2025-05-31,ALFIN,consumo,28496.059870,8029.169680,620000.260380,656525.489930
2025-05-31,ALFIN,corporativo,0.000000,0.000000,60047.000000,60047.000000
2025-05-31,ALFIN,grandes_empresas,0.000000,0.000000,124165.648000,124165.648000
2025-05-31,ALFIN,medianas_empresas,2421.551000,0.000000,28987.822000,31409.373000
2025-05-31,ALFIN,microempresas,0.000000,0.000000,36.340000,36.340000
2025-05-31,ALFIN,pequenas_empresas,660.990000,0.000000,7972.414000,8633.404000
2025-05-31,BANCOM,consumo,54698.986350,48717.139370,1277164.019120,1380580.144840
2025-05-31,BANCOM,corporativo,0.074000,0.000000,96644.676000,96644.750000
2025-05-31,BANCOM,grandes_empresas,725.403000,0.000000,81308.274000,82033.677000
2025-05-31,BANCOM,hipotecario,7246.020000,288.837000,98640.038000,106174.895000
2025-05-31,BANCOM,medianas_empresas,144.786000,0.000000,29898.299000,30043.085000
2025-05-31,BANCOM,microempresas,12.683000,0.000000,0.100000,12.783000
2025-05-31,BANCOM,pequenas_empresas,20822.331000,7943.015000,45683.780000,74449.126000
2025-05-31,BANK_OF_CHINA,corporativo,0.000000,0.000000,164898.000000,164898.000000
2025-05-31,BBVA,consumo,376844.783750,247933.717530,13198100.365400,13822878.866680
2025-05-31,BBVA,corporativo,30595.764000,34447.000000,20196059.637000,20261102.401000
2025-05-31,BBVA,grandes_empresas,310461.672000,254777.762000,11026370.718000,11591610.152000
2025-05-31,BBVA,hipotecario,344178.773000,407041.458000,17040255.189000,17791475.420000
2025-05-31,BBVA,medianas_empresas,1149865.219000,365327.193000,4858965.527000,6374157.939000
2025-05-31,BBVA,microempresas,3619.999000,294.706000,42685.323000,46600.028000
2025-05-31,BBVA,pequenas_empresas,505218.787000,439746.172000,7334056.162000,8279021.121000
2025-05-31,BCI,corporativo,16895.165000,0.000000,1632263.216000,1649158.381000
2025-05-31,BCI,grandes_empresas,323.274000,0.000000,177171.626000,177494.900000
2025-05-31,BCP,consumo,665900.827910,461766.399450,18056347.638850,19184014.866210
2025-05-31,BCP,corporativo,9661.070000,114997.537000,41931954.135000,42056612.742000
2025-05-31,BCP,grandes_empresas,140074.142000,291383.674000,12026272.528000,12457730.344000
2025-05-31,BCP,hipotecario,635147.371000,213782.507000,21817640.908000,22666570.786000
2025-05-31,BCP,medianas_empresas,145733.283000,34279.750000,4783141.945000,4963154.978000
2025-05-31,BCP,microempresas,16086.411000,890.208000,140743.369000,157719.988000
2025-05-31,BCP,pequenas_empresas,2574767.433000,621223.097000,16133412.003000,19329402.533000
2025-05-31,BIF,consumo,61977.479170,11970.391860,2038058.253980,2112006.125010
2025-05-31,BIF,corporativo,37214.877000,2550.625000,5327957.635000,5367723.137000
2025-05-31,BIF,grandes_empresas,29012.645000,53913.024000,2233939.164000,2316864.833000
2025-05-31,BIF,hipotecario,116272.014000,55533.892000,3281510.561000,3453316.467000
2025-05-31,BIF,medianas_empresas,79466.481000,4504.299000,812310.038000,896280.818000
2025-05-31,BIF,microempresas,239.264000,0.000000,166.542000,405.806000
2025-05-31,BIF,pequenas_empresas,233255.122000,20343.811000,364393.128000,617992.061000
2025-05-31,CITIBANK,corporativo,0.000000,0.000000,915071.336000,915071.336000
2025-05-31,CITIBANK,grandes_empresas,0.000000,0.000000,419147.210000,419147.210000
2025-05-31,CITIBANK,medianas_empresas,0.000000,0.000000,314490.858000,314490.858000
2025-05-31,CITIBANK,microempresas,0.000000,0.000000,43.081000,43.081000
2025-05-31,CITIBANK,pequenas_empresas,0.000000,0.000000,36100.530000,36100.530000
2025-05-31,COMPARTAMOS,consumo,18333.225620,422.161760,632159.980750,650915.368130
2025-05-31,COMPARTAMOS,microempresas,93860.772000,867.273000,1644082.386000,1738810.431000
2025-05-31,COMPARTAMOS,pequenas_empresas,143127.758000,6544.741000,1700308.842000,1849981.341000
2025-05-31,FALABELLA,consumo,126492.879440,56365.763260,3324319.096350,3507177.739050
2025-05-31,FALABELLA,medianas_empresas,0.000000,0.000000,130.120000,130.120000
2025-05-31,FALABELLA,microempresas,159.586000,0.000000,237.475000,397.061000
2025-05-31,FALABELLA,pequenas_empresas,762.533000,0.000000,3518.197000,4280.730000
2025-05-31,GNB,consumo,16574.656110,3036.085780,1527464.362650,1547075.104540
2025-05-31,GNB,corporativo,7252.000000,0.000000,1561669.245000,1568921.245000
2025-05-31,GNB,grandes_empresas,1305.359000,2562.764000,397628.770000,401496.893000
2025-05-31,GNB,hipotecario,36899.443000,13371.262000,529262.703000,579533.408000
2025-05-31,GNB,medianas_empresas,43380.513000,9816.670000,7290.714000,60487.897000
2025-05-31,GNB,pequenas_empresas,542.899000,1308.716000,3140.111000,4991.726000
2025-05-31,ICBC,corporativo,10878.000000,0.000000,937395.715000,948273.715000
2025-05-31,ICBC,grandes_empresas,2166.560000,0.000000,132774.996000,134941.556000
2025-05-31,ICBC,medianas_empresas,0.000000,0.000000,3821.033000,3821.033000
2025-05-31,INTERBANK,consumo,526133.950900,296359.999370,14202920.462340,15025414.412610
2025-05-31,INTERBANK,corporativo,14.540000,0.000000,15422655.661000,15422670.201000
2025-05-31,INTERBANK,grandes_empresas,146800.235000,21445.090000,3984590.135000,4152835.460000
2025-05-31,INTERBANK,hipotecario,354700.897000,27915.953000,10448349.284000,10830966.134000
2025-05-31,INTERBANK,medianas_empresas,189933.441000,106564.539000,1472515.229000,1769013.209000
2025-05-31,INTERBANK,microempresas,1119.718000,230.096000,6445.338000,7795.152000
2025-05-31,INTERBANK,pequenas_empresas,124428.053000,26655.898000,1733179.174000,1884263.125000
2025-05-31,MIBANCO,consumo,8620.458860,4065.197510,371123.416390,383809.072760
2025-05-31,MIBANCO,hipotecario,30164.641000,1587.148000,354580.184000,386331.973000
2025-05-31,MIBANCO,medianas_empresas,7.769000,0.000000,3339.418000,3347.187000
2025-05-31,MIBANCO,microempresas,66505.466000,10485.298000,2831391.193000,2908381.957000
2025-05-31,MIBANCO,pequenas_empresas,564428.921000,102628.771000,8294643.219000,8961700.911000
2025-05-31,PICHINCHA,consumo,149354.212930,160503.460410,3242766.854060,3552624.527400
2025-05-31,PICHINCHA,corporativo,4.283000,0.000000,1590522.409000,1590526.692000
2025-05-31,PICHINCHA,grandes_empresas,10913.699000,8430.431000,662373.358000,681717.488000
2025-05-31,PICHINCHA,hipotecario,72365.846000,1902.241000,1515010.745000,1589278.832000
2025-05-31,PICHINCHA,medianas_empresas,85428.278000,47852.488000,184159.478000,317440.244000
2025-05-31,PICHINCHA,microempresas,1289.938000,327.465000,1611.790000,3229.193000
2025-05-31,PICHINCHA,pequenas_empresas,235160.907000,23466.354000,54863.089000,313490.350000
2025-05-31,RIPLEY,consumo,52618.495340,26051.542120,1307642.177360,1386312.214820
2025-05-31,SANTANDER,consumo,580.148990,0.000000,50910.773980,51490.922970
2025-05-31,SANTANDER,corporativo,0.000000,0.000000,3849793.306000,3849793.306000
2025-05-31,SANTANDER,grandes_empresas,43869.579000,17268.163000,1342647.897000,1403785.639000
2025-05-31,SANTANDER,medianas_empresas,182434.530000,4859.214000,129241.156000,316534.900000
2025-05-31,SANTANDER,pequenas_empresas,46.808000,0.000000,0.000000,46.808000
2025-05-31,SCOTIABANK,consumo,284054.560650,423879.660760,9588480.998200,10296415.219610
2025-05-31,SCOTIABANK,corporativo,15588.031000,27251.548000,16313269.066000,16356108.645000
2025-05-31,SCOTIABANK,grandes_empresas,110061.631000,70137.465000,3991343.810000,4171542.906000
2025-05-31,SCOTIABANK,hipotecario,316679.984000,502829.291000,10252357.516000,11071866.791000
2025-05-31,SCOTIABANK,medianas_empresas,496613.075000,96898.463000,1927614.803000,2521126.341000
2025-05-31,SCOTIABANK,microempresas,2638.538000,936.980000,1783.077000,5358.595000
2025-05-31,SCOTIABANK,pequenas_empresas,799240.430000,694374.026000,4060546.577000,5554161.033000
2025-06-30,ALFIN,consumo,28951.775430,7954.016600,627700.978330,664606.770360
2025-06-30,ALFIN,corporativo,0.000000,0.000000,54499.000000,54499.000000
2025-06-30,ALFIN,grandes_empresas,0.000000,0.000000,125678.366000,125678.366000
2025-06-30,ALFIN,medianas_empresas,3201.674000,0.000000,27474.187000,30675.861000
2025-06-30,ALFIN,microempresas,0.000000,0.000000,34.476000,34.476000
2025-06-30,ALFIN,pequenas_empresas,1905.619000,0.000000,6554.841000,8460.460000
2025-06-30,BANCOM,consumo,47712.411660,49292.416200,1267934.682410,1364939.510270
2025-06-30,BANCOM,corporativo,0.074000,0.000000,113773.785000,113773.859000
2025-06-30,BANCOM,grandes_empresas,2061.314000,7292.000000,90736.957000,100090.271000
2025-06-30,BANCOM,hipotecario,7595.387000,288.016000,98009.499000,105892.902000
2025-06-30,BANCOM,medianas_empresas,1497.435000,559.543000,34954.246000,37011.224000
2025-06-30,BANCOM,microempresas,10.847000,0.000000,34.934000,45.781000
2025-06-30,BANCOM,pequenas_empresas,14246.537000,7.364000,39402.096000,53655.997000
2025-06-30,BANK_OF_CHINA,corporativo,0.000000,0.000000,217928.000000,217928.000000
2025-06-30,BBVA,consumo,375542.412640,251103.336230,13452158.992350,14078804.741220
2025-06-30,BBVA,corporativo,25367.195000,33649.000000,19343527.030000,19402543.225000
2025-06-30,BBVA,grandes_empresas,314285.718000,237867.721000,11195630.205000,11747783.644000
2025-06-30,BBVA,hipotecario,329982.007000,415628.187000,17147155.114000,17892765.308000
2025-06-30,BBVA,medianas_empresas,1055444.968000,311976.214000,4908958.727000,6276379.909000
2025-06-30,BBVA,microempresas,4504.582000,290.261000,54465.957000,59260.800000
2025-06-30,BBVA,pequenas_empresas,527384.075000,473782.131000,7386930.418000,8388096.624000
2025-06-30,BCI,corporativo,16503.771000,0.000000,1820444.154000,1836947.925000
2025-06-30,BCI,grandes_empresas,315.785000,0.000000,164995.609000,165311.394000
2025-06-30,BCP,consumo,655304.614980,455827.042900,18360690.619180,19471822.277060
2025-06-30,BCP,corporativo,9505.980000,113440.827000,40924015.134000,41046961.941000
2025-06-30,BCP,grandes_empresas,148456.316000,295799.712000,11748664.051000,12192920.079000
2025-06-30,BCP,hipotecario,636318.181000,212831.702000,21980343.743000,22829493.626000
2025-06-30,BCP,medianas_empresas,139944.981000,33117.985000,4963715.392000,5136778.358000
2025-06-30,BCP,microempresas,16049.632000,873.698000,123829.394000,140752.724000
2025-06-30,BCP,pequenas_empresas,2529547.715000,627572.643000,16134681.085000,19291801.443000
2025-06-30,BIF,consumo,62938.509430,12752.891350,2046539.173450,2122230.574230
2025-06-30,BIF,corporativo,11340.565000,2491.537000,5545630.895000,5559462.997000
2025-06-30,BIF,grandes_empresas,28410.425000,54276.997000,2232896.489000,2315583.911000
2025-06-30,BIF,hipotecario,117070.346000,55186.189000,3294438.646000,3466695.181000
2025-06-30,BIF,medianas_empresas,82465.248000,12385.689000,823355.128000,918206.065000
2025-06-30,BIF,microempresas,244.871000,0.000000,208.920000,453.791000
2025-06-30,BIF,pequenas_empresas,224712.475000,9290.952000,341599.556000,575602.983000
2025-06-30,CITIBANK,corporativo,0.000000,0.000000,894909.428000,894909.428000
2025-06-30,CITIBANK,grandes_empresas,0.000000,0.000000,479180.675000,479180.675000
2025-06-30,CITIBANK,medianas_empresas,0.000000,0.000000,325921.393000,325921.393000
2025-06-30,CITIBANK,microempresas,0.000000,0.000000,58.254000,58.254000
2025-06-30,CITIBANK,pequenas_empresas,0.000000,0.000000,36167.659000,36167.659000
2025-06-30,COMPARTAMOS,consumo,17594.141340,407.279300,637805.136540,655806.557180
2025-06-30,COMPARTAMOS,microempresas,97666.683000,849.906000,1660026.896000,1758543.485000
2025-06-30,COMPARTAMOS,pequenas_empresas,133455.286000,6337.971000,1720150.245000,1859943.502000
2025-06-30,FALABELLA,consumo,119475.720200,57896.094180,3370282.534200,3547654.348580
2025-06-30,FALABELLA,medianas_empresas,0.000000,0.000000,114.793000,114.793000
2025-06-30,FALABELLA,microempresas,160.748000,0.000000,248.711000,409.459000
2025-06-30,FALABELLA,pequenas_empresas,790.858000,0.000000,3563.607000,4354.465000
2025-06-30,GNB,consumo,17163.056200,2938.661390,1528083.974530,1548185.692120
2025-06-30,GNB,corporativo,7084.000000,0.000000,1489222.938000,1496306.938000
2025-06-30,GNB,grandes_empresas,1275.119000,2480.585000,422850.088000,426605.792000
2025-06-30,GNB,hipotecario,34591.017000,13727.491000,527793.878000,576112.386000
2025-06-30,GNB,medianas_empresas,42822.609000,9596.646000,10567.305000,62986.560000
2025-06-30,GNB,pequenas_empresas,1500.622000,326.670000,3148.633000,4975.925000
2025-06-30,ICBC,corporativo,10626.000000,0.000000,981319.372000,991945.372000
2025-06-30,ICBC,grandes_empresas,2116.369000,0.000000,126505.618000,128621.987000
2025-06-30,ICBC,medianas_empresas,0.000000,0.000000,3732.515000,3732.515000
2025-06-30,INTERBANK,consumo,513473.690130,290971.030860,14210234.956020,15014679.677010
2025-06-30,INTERBANK,corporativo,27.027000,0.000000,16260561.824000,16260588.851000
2025-06-30,INTERBANK,grandes_empresas,148467.830000,20509.900000,4048154.941000,4217132.671000
2025-06-30,INTERBANK,hipotecario,353015.354000,28093.899000,10531520.812000,10912630.065000
2025-06-30,INTERBANK,medianas_empresas,162629.517000,107259.691000,1367410.267000,1637299.475000
2025-06-30,INTERBANK,microempresas,1154.217000,215.514000,6653.044000,8022.775000
2025-06-30,INTERBANK,pequenas_empresas,126413.916000,23981.879000,1872013.329000,2022409.124000
2025-06-30,MIBANCO,consumo,8996.798540,4011.764730,380266.280130,393274.843400
2025-06-30,MIBANCO,hipotecario,30649.096000,1566.975000,347017.619000,379233.690000
2025-06-30,MIBANCO,medianas_empresas,0.000000,0.000000,2970.864000,2970.864000
2025-06-30,MIBANCO,microempresas,66215.347000,10997.359000,2819713.728000,2896926.434000
2025-06-30,MIBANCO,pequenas_empresas,556138.819000,107603.404000,8333209.260000,8996951.483000
2025-06-30,PICHINCHA,consumo,145829.532650,157171.356320,3169468.174830,3472469.063800
2025-06-30,PICHINCHA,corporativo,298.958000,0.000000,1596890.049000,1597189.007000
2025-06-30,PICHINCHA,grandes_empresas,583.623000,10481.896000,613136.084000,624201.603000
2025-06-30,PICHINCHA,hipotecario,75187.712000,1888.517000,1507012.472000,1584088.701000
2025-06-30,PICHINCHA,medianas_empresas,38012.629000,42185.034000,362242.348000,442440.011000
2025-06-30,PICHINCHA,microempresas,1106.198000,285.251000,1404.980000,2796.429000
2025-06-30,PICHINCHA,pequenas_empresas,269771.069000,22952.355000,47068.402000,339791.826000
2025-06-30,RIPLEY,consumo,50434.692500,25819.542090,1316314.899120,1392569.133710
2025-06-30,SANTANDER,consumo,525.569780,0.000000,48225.587200,48751.156980
2025-06-30,SANTANDER,corporativo,0.000000,0.000000,3844279.654000,3844279.654000
2025-06-30,SANTANDER,grandes_empresas,39298.958000,15583.344000,1346846.042000,1401728.344000
2025-06-30,SANTANDER,medianas_empresas,115961.049000,2980.263000,223213.932000,342155.244000
2025-06-30,SANTANDER,pequenas_empresas,45.724000,0.000000,0.000000,45.724000
2025-06-30,SANTANDER_CONSUMER,consumo,97742.093390,169269.117780,1990453.081120,2257464.292290
2025-06-30,SANTANDER_CONSUMER,hipotecario,871.600000,0.000000,40210.022000,41081.622000
2025-06-30,SANTANDER_CONSUMER,microempresas,1761.432000,998.682000,757.469000,3517.583000
2025-06-30,SANTANDER_CONSUMER,pequenas_empresas,1171.141000,1509.977000,1429.787000,4110.905000
2025-06-30,SCOTIABANK,consumo,284149.895700,422135.908290,9596545.568690,10302831.372680
2025-06-30,SCOTIABANK,corporativo,15097.137000,26301.335000,16742849.341000,16784247.813000
2025-06-30,SCOTIABANK,grandes_empresas,107739.740000,66972.756000,3949470.764000,4124183.260000
2025-06-30,SCOTIABANK,hipotecario,313527.063000,501330.778000,10282717.909000,11097575.750000
2025-06-30,SCOTIABANK,medianas_empresas,500562.477000,89235.571000,1854275.500000,2444073.548000
2025-06-30,SCOTIABANK,microempresas,2626.276000,854.834000,1905.786000,5386.896000
2025-06-30,SCOTIABANK,pequenas_empresas,788686.581000,691978.900000,4140421.631000,5621087.112000
2025-07-31,ALFIN,consumo,29475.006310,7872.600990,636111.180740,673458.788040
2025-07-31,ALFIN,corporativo,0.000000,0.000000,69069.500000,69069.500000
2025-07-31,ALFIN,grandes_empresas,0.000000,0.000000,111136.933000,111136.933000
2025-07-31,ALFIN,medianas_empresas,2956.494000,0.000000,26254.859000,29211.353000
2025-07-31,ALFIN,microempresas,0.000000,0.000000,31.013000,31.013000
2025-07-31,ALFIN,pequenas_empresas,1448.702000,0.000000,6903.250000,8351.952000
2025-07-31,BANCOM,consumo,54144.929740,48161.353110,1255401.261020,1357707.543870
2025-07-31,BANCOM,corporativo,0.074000,0.000000,109048.714000,109048.788000
2025-07-31,BANCOM,grandes_empresas,3306.183000,7212.000000,90603.420000,101121.603000
2025-07-31,BANCOM,hipotecario,7894.106000,287.264000,97606.992000,105788.362000
2025-07-31,BANCOM,medianas_empresas,1912.786000,555.941000,38506.126000,40974.853000
2025-07-31,BANCOM,microempresas,15.741000,0.000000,239.320000,255.061000
2025-07-31,BANCOM,pequenas_empresas,16042.130000,6.976000,37012.439000,53061.545000
2025-07-31,BANK_OF_CHINA,corporativo,0.000000,0.000000,203571.900000,203571.900000
2025-07-31,BBVA,consumo,392699.003670,253466.913120,13596337.298440,14242503.215230
2025-07-31,BBVA,corporativo,25633.726000,34019.500000,19683970.066000,19743623.292000
2025-07-31,BBVA,grandes_empresas,323716.589000,239869.693000,11065765.357000,11629351.639000
2025-07-31,BBVA,hipotecario,330863.214000,420202.355000,17189712.898000,17940778.467000
2025-07-31,BBVA,medianas_empresas,1068760.977000,266900.982000,4665901.654000,6001563.613000
2025-07-31,BBVA,microempresas,4748.472000,303.120000,46425.302000,51476.894000
2025-07-31,BBVA,pequenas_empresas,553202.207000,480545.331000,7591212.247000,8624959.785000
2025-07-31,BCI,corporativo,16685.490000,0.000000,1857339.641000,1874025.131000
2025-07-31,BCI,grandes_empresas,319.262000,0.000000,162751.904000,163071.166000
2025-07-31,BCP,consumo,657850.997050,445844.728960,18475307.837240,19579003.563250
2025-07-31,BCP,corporativo,9525.552000,112979.826000,42361372.661000,42483878.039000
2025-07-31,BCP,grandes_empresas,150487.261000,311788.096000,11977636.238000,12439911.595000
2025-07-31,BCP,hipotecario,630183.175000,209909.067000,22133358.139000,22973450.381000
2025-07-31,BCP,medianas_empresas,210140.828000,93833.991000,5117087.860000,5421062.679000
2025-07-31,BCP,microempresas,16487.464000,909.541000,139223.773000,156620.778000
2025-07-31,BCP,pequenas_empresas,2541696.157000,589646.324000,16126260.373000,19257602.854000
2025-07-31,BIF,consumo,60286.090280,12646.303660,2065665.463100,2138597.857040
2025-07-31,BIF,corporativo,11466.342000,2107.842000,5709445.280000,5723019.464000
2025-07-31,BIF,grandes_empresas,34264.315000,53418.096000,2213315.742000,2300998.153000
2025-07-31,BIF,hipotecario,117827.156000,53476.006000,3300697.924000,3472001.086000
2025-07-31,BIF,medianas_empresas,81511.520000,12267.178000,734356.356000,828135.054000
2025-07-31,BIF,microempresas,261.841000,0.000000,284.085000,545.926000
2025-07-31,BIF,pequenas_empresas,227676.106000,9026.502000,359636.460000,596339.068000
2025-07-31,CITIBANK,corporativo,0.000000,0.000000,865930.171000,865930.171000
2025-07-31,CITIBANK,grandes_empresas,0.000000,0.000000,528486.925000,528486.925000
2025-07-31,CITIBANK,medianas_empresas,0.000000,0.000000,356485.734000,356485.734000
2025-07-31,CITIBANK,microempresas,0.000000,0.000000,47.826000,47.826000
2025-07-31,CITIBANK,pequenas_empresas,0.000000,0.000000,70487.577000,70487.577000
2025-07-31,COMPARTAMOS,consumo,17728.876200,425.566160,645114.631010,663269.073370
2025-07-31,COMPARTAMOS,microempresas,96546.489000,717.578000,1670738.320000,1768002.387000
2025-07-31,COMPARTAMOS,pequenas_empresas,132673.113000,6212.639000,1720283.359000,1859169.111000
2025-07-31,FALABELLA,consumo,116530.916480,58088.817680,3414834.772300,3589454.506460
2025-07-31,FALABELLA,medianas_empresas,0.000000,0.000000,107.040000,107.040000
2025-07-31,FALABELLA,microempresas,174.570000,0.000000,247.549000,422.119000
2025-07-31,FALABELLA,pequenas_empresas,798.213000,0.000000,3447.765000,4245.978000
2025-07-31,GNB,consumo,16535.488460,3048.864010,1535451.136180,1555035.488650
2025-07-31,GNB,corporativo,7162.000000,0.000000,1536333.054000,1543495.054000
2025-07-31,GNB,grandes_empresas,1289.159000,2406.289000,420530.455000,424225.903000
2025-07-31,GNB,hipotecario,34650.955000,13929.425000,524154.804000,572735.184000
2025-07-31,GNB,medianas_empresas,43459.836000,8911.720000,24916.914000,77288.470000
2025-07-31,GNB,pequenas_empresas,542.603000,1265.491000,3201.861000,5009.955000
2025-07-31,ICBC,corporativo,10743.000000,0.000000,1039750.519000,1050493.519000
2025-07-31,ICBC,grandes_empresas,2139.672000,0.000000,89094.598000,91234.270000
2025-07-31,ICBC,medianas_empresas,0.000000,0.000000,3972.224000,3972.224000
2025-07-31,INTERBANK,consumo,505882.499810,284534.002510,14260821.569490,15051238.071810
2025-07-31,INTERBANK,corporativo,0.003000,0.000000,16681579.437000,16681579.440000
2025-07-31,INTERBANK,grandes_empresas,191312.521000,6800.416000,4104257.891000,4302370.828000
2025-07-31,INTERBANK,hipotecario,359069.821000,28518.259000,10590746.292000,10978334.372000
2025-07-31,INTERBANK,medianas_empresas,155011.878000,109685.726000,1287021.109000,1551718.713000
2025-07-31,INTERBANK,microempresas,1173.347000,200.757000,5465.994000,6840.098000
2025-07-31,INTERBANK,pequenas_empresas,125408.798000,19525.336000,1938594.944000,2083529.078000
2025-07-31,MIBANCO,consumo,8844.593350,4280.633830,385143.798100,398269.025280
2025-07-31,MIBANCO,hipotecario,30686.295000,1634.006000,341809.462000,374129.763000
2025-07-31,MIBANCO,medianas_empresas,0.000000,0.000000,3367.015000,3367.015000
2025-07-31,MIBANCO,microempresas,67657.701000,11165.863000,2815819.446000,2894643.010000
2025-07-31,MIBANCO,pequenas_empresas,540595.580000,112117.679000,8348780.041000,9001493.300000
2025-07-31,PICHINCHA,consumo,132619.381780,155111.560350,3102408.967790,3390139.909920
2025-07-31,PICHINCHA,corporativo,2660.053000,10118.680000,1687287.442000,1700066.175000
2025-07-31,PICHINCHA,grandes_empresas,3217.710000,10158.519000,617517.636000,630893.865000
2025-07-31,PICHINCHA,hipotecario,74019.664000,1879.909000,1506273.433000,1582173.006000
2025-07-31,PICHINCHA,medianas_empresas,30959.639000,41721.564000,277661.494000,350342.697000
2025-07-31,PICHINCHA,microempresas,937.382000,288.436000,1231.351000,2457.169000
2025-07-31,PICHINCHA,pequenas_empresas,264561.713000,22418.446000,40714.930000,327695.089000
2025-07-31,RIPLEY,consumo,50514.254140,26227.804710,1324011.167190,1400753.226040
2025-07-31,SANTANDER,consumo,674.600800,0.000000,46111.438130,46786.038930
2025-07-31,SANTANDER,corporativo,0.000000,0.000000,3988965.533000,3988965.533000
2025-07-31,SANTANDER,grandes_empresas,39731.173000,15346.845000,1416528.327000,1471606.345000
2025-07-31,SANTANDER,medianas_empresas,117093.969000,2951.592000,157063.103000,277108.664000
2025-07-31,SANTANDER,pequenas_empresas,43.155000,0.000000,0.000000,43.155000
2025-07-31,SANTANDER_CONSUMER,consumo,101192.242960,163087.322100,1987526.331080,2251805.896140
2025-07-31,SANTANDER_CONSUMER,hipotecario,1043.660000,0.000000,41949.605000,42993.265000
2025-07-31,SANTANDER_CONSUMER,microempresas,1746.272000,960.576000,714.096000,3420.944000
2025-07-31,SANTANDER_CONSUMER,pequenas_empresas,1090.372000,1495.308000,1340.853000,3926.533000
2025-07-31,SCOTIABANK,consumo,285507.778540,416940.389400,9643606.244650,10346054.412590
2025-07-31,SCOTIABANK,corporativo,28595.479000,89516.489000,15950192.449000,16068304.417000
2025-07-31,SCOTIABANK,grandes_empresas,105313.393000,73726.318000,3843642.569000,4022682.280000
2025-07-31,SCOTIABANK,hipotecario,314323.818000,497537.325000,10276695.371000,11088556.514000
2025-07-31,SCOTIABANK,medianas_empresas,495336.926000,81413.668000,1836226.932000,2412977.526000
2025-07-31,SCOTIABANK,microempresas,2618.100000,883.757000,2619.695000,6121.552000
2025-07-31,SCOTIABANK,pequenas_empresas,804448.822000,701533.797000,4774406.846000,6280389.465000
2025-08-31,ALFIN,consumo,30798.049010,8110.153390,643104.165130,682012.367530
2025-08-31,ALFIN,corporativo,0.000000,0.000000,101705.928000,101705.928000
2025-08-31,ALFIN,grandes_empresas,0.000000,0.000000,98352.774000,98352.774000
2025-08-31,ALFIN,medianas_empresas,2967.995000,0.000000,34795.730000,37763.725000
2025-08-31,ALFIN,microempresas,8.538000,0.000000,30.658000,39.196000
2025-08-31,ALFIN,pequenas_empresas,1316.175000,0.000000,6881.053000,8197.228000
2025-08-31,BANCOM,consumo,57528.568950,47695.791560,1264010.268620,1369234.629130
2025-08-31,BANCOM,corporativo,0.074000,0.000000,97599.485000,97599.559000
2025-08-31,BANCOM,grandes_empresas,3578.656000,7132.000000,108151.231000,118861.887000
2025-08-31,BANCOM,hipotecario,7540.900000,286.474000,98113.287000,105940.661000
2025-08-31,BANCOM,medianas_empresas,2618.048000,552.303000,37694.891000,40865.242000
2025-08-31,BANCOM,microempresas,15.595000,0.000000,97.108000,112.703000
2025-08-31,BANCOM,pequenas_empresas,15733.981000,2.156000,23321.375000,39057.512000
2025-08-31,BANK_OF_CHINA,corporativo,0.000000,0.000000,198681.499000,198681.499000
2025-08-31,BBVA,consumo,382258.762450,254404.210550,13833864.649950,14470527.622950
2025-08-31,BBVA,corporativo,25036.495000,33582.500000,19695833.232000,19754452.227000
2025-08-31,BBVA,grandes_empresas,347307.141000,212617.888000,11066349.132000,11626274.161000
2025-08-31,BBVA,hipotecario,329723.606000,417030.365000,17325775.854000,18072529.825000
2025-08-31,BBVA,medianas_empresas,1042546.796000,273746.816000,4817164.198000,6133457.810000
2025-08-31,BBVA,microempresas,4737.955000,311.374000,59154.564000,64203.893000
2025-08-31,BBVA,pequenas_empresas,504354.722000,475274.129000,7633768.663000,8613397.514000
2025-08-31,BCI,corporativo,16471.155000,0.000000,1852142.988000,1868614.143000
2025-08-31,BCI,grandes_empresas,0.000000,0.000000,143847.171000,143847.171000
2025-08-31,BCP,consumo,625277.931430,440551.089420,18691203.937740,19757032.958590
2025-08-31,BCP,corporativo,9624.521000,109676.098000,42003008.383000,42122309.002000
2025-08-31,BCP,grandes_empresas,145589.385000,322261.957000,11788108.650000,12255959.992000
2025-08-31,BCP,hipotecario,628329.262000,209179.472000,22329995.116000,23167503.850000
2025-08-31,BCP,medianas_empresas,206950.923000,101454.684000,5394923.101000,5703328.708000
2025-08-31,BCP,microempresas,16650.444000,1012.565000,144940.190000,162603.199000
2025-08-31,BCP,pequenas_empresas,2511717.929000,589170.737000,16442381.827000,19543270.493000
2025-08-31,BIF,consumo,58441.703990,12607.118210,2096248.209430,2167297.031630
2025-08-31,BIF,corporativo,11315.391000,1671.017000,5725489.780000,5738476.188000
2025-08-31,BIF,grandes_empresas,35616.254000,52493.807000,2145167.751000,2233277.812000
2025-08-31,BIF,hipotecario,119928.036000,54603.504000,3321927.158000,3496458.698000
2025-08-31,BIF,medianas_empresas,78512.652000,12266.848000,729173.806000,819953.306000
2025-08-31,BIF,microempresas,225.589000,0.000000,973.092000,1198.681000
2025-08-31,BIF,pequenas_empresas,222452.887000,8673.451000,354052.247000,585178.585000
2025-08-31,CITIBANK,corporativo,0.000000,0.000000,939224.076000,939224.076000
2025-08-31,CITIBANK,grandes_empresas,0.000000,0.000000,425004.191000,425004.191000
2025-08-31,CITIBANK,medianas_empresas,0.000000,0.000000,334803.363000,334803.363000
2025-08-31,CITIBANK,microempresas,0.000000,0.000000,34.003000,34.003000
2025-08-31,CITIBANK,pequenas_empresas,0.000000,0.000000,70440.876000,70440.876000
2025-08-31,COMPARTAMOS,consumo,17616.537970,405.780560,659725.324160,677747.642690
2025-08-31,COMPARTAMOS,microempresas,93963.856000,697.984000,1735292.992000,1829954.832000
2025-08-31,COMPARTAMOS,pequenas_empresas,129282.288000,6522.201000,1703100.209000,1838904.698000
2025-08-31,FALABELLA,consumo,115054.009830,57729.919150,3419326.109210,3592110.038190
2025-08-31,FALABELLA,medianas_empresas,0.000000,0.000000,99.194000,99.194000
2025-08-31,FALABELLA,microempresas,181.827000,0.000000,224.357000,406.184000
2025-08-31,FALABELLA,pequenas_empresas,883.524000,0.000000,3011.799000,3895.323000
2025-08-31,GNB,consumo,15802.360760,2969.349230,1560907.194520,1579678.904510
2025-08-31,GNB,corporativo,7070.000000,0.000000,1482967.975000,1490037.975000
2025-08-31,GNB,grandes_empresas,1272.599000,2378.674000,452686.926000,456338.199000
2025-08-31,GNB,hipotecario,34315.112000,14139.003000,522532.737000,570986.852000
2025-08-31,GNB,medianas_empresas,43217.757000,8813.202000,32615.620000,84646.579000
2025-08-31,GNB,pequenas_empresas,540.126000,1245.452000,3134.010000,4919.588000
2025-08-31,ICBC,corporativo,10605.000000,0.000000,1021383.679000,1031988.679000
2025-08-31,ICBC,grandes_empresas,2112.187000,0.000000,116669.472000,118781.659000
2025-08-31,ICBC,medianas_empresas,0.000000,0.000000,3604.744000,3604.744000
2025-08-31,INTERBANK,consumo,493794.001320,280245.159210,14370257.097340,15144296.257870
2025-08-31,INTERBANK,corporativo,4.839000,0.000000,16148068.729000,16148073.568000
2025-08-31,INTERBANK,grandes_empresas,163170.997000,6499.965000,3996901.348000,4166572.310000
2025-08-31,INTERBANK,hipotecario,360891.764000,28401.426000,10684462.899000,11073756.089000
2025-08-31,INTERBANK,medianas_empresas,155187.425000,108302.711000,1356681.494000,1620171.630000
2025-08-31,INTERBANK,microempresas,1212.085000,187.353000,5629.665000,7029.103000
2025-08-31,INTERBANK,pequenas_empresas,117522.201000,18800.520000,1897017.839000,2033340.560000
2025-08-31,MIBANCO,consumo,8602.182130,4310.245840,394213.733320,407126.161290
2025-08-31,MIBANCO,hipotecario,30595.916000,1602.743000,334706.681000,366905.340000
2025-08-31,MIBANCO,medianas_empresas,0.000000,0.000000,3691.329000,3691.329000
2025-08-31,MIBANCO,microempresas,96933.460000,19758.328000,2262373.129000,2379064.917000
2025-08-31,MIBANCO,pequenas_empresas,497881.695000,105805.233000,9046346.709000,9650033.637000
2025-08-31,PICHINCHA,consumo,120405.813210,153608.156630,3015353.249680,3289367.219520
2025-08-31,PICHINCHA,corporativo,2979.611000,10118.680000,1677830.831000,1690929.122000
2025-08-31,PICHINCHA,grandes_empresas,5135.481000,9830.719000,614896.374000,629862.574000
2025-08-31,PICHINCHA,hipotecario,73745.432000,1976.836000,1504906.928000,1580629.196000
2025-08-31,PICHINCHA,medianas_empresas,30593.112000,39318.392000,211361.189000,281272.693000
2025-08-31,PICHINCHA,microempresas,809.548000,280.299000,998.266000,2088.113000
2025-08-31,PICHINCHA,pequenas_empresas,261853.115000,22092.831000,45567.901000,329513.847000
2025-08-31,RIPLEY,consumo,48582.096010,26446.933500,1324254.889390,1399283.918900
2025-08-31,SANTANDER,consumo,708.064210,0.000000,44008.914160,44716.978370
2025-08-31,SANTANDER,corporativo,0.000000,0.000000,4084581.769000,4084581.769000
2025-08-31,SANTANDER,grandes_empresas,33146.028000,9940.646000,1452148.492000,1495235.166000
2025-08-31,SANTANDER,medianas_empresas,121775.242000,17030.855000,119696.353000,258502.450000
2025-08-31,SANTANDER,pequenas_empresas,42.601000,0.000000,0.000000,42.601000
2025-08-31,SANTANDER_CONSUMER,consumo,99328.185690,158401.075790,2014210.554480,2271939.815960
2025-08-31,SANTANDER_CONSUMER,hipotecario,1034.700000,0.000000,44055.942000,45090.642000
2025-08-31,SANTANDER_CONSUMER,microempresas,1775.077000,870.901000,723.995000,3369.973000
2025-08-31,SANTANDER_CONSUMER,pequenas_empresas,975.832000,1456.976000,1278.378000,3711.186000
2025-08-31,SCOTIABANK,consumo,286543.222400,413189.547520,9696638.058610,10396370.828530
2025-08-31,SCOTIABANK,corporativo,14711.539000,89464.673000,16141157.035000,16245333.247000
2025-08-31,SCOTIABANK,grandes_empresas,108242.143000,74573.600000,4092769.302000,4275585.045000
2025-08-31,SCOTIABANK,hipotecario,324652.416000,492567.685000,10281043.699000,11098263.800000
2025-08-31,SCOTIABANK,medianas_empresas,496147.878000,80330.130000,1834262.170000,2410740.178000
2025-08-31,SCOTIABANK,microempresas,2635.520000,914.950000,4151.674000,7702.144000
2025-08-31,SCOTIABANK,pequenas_empresas,834445.747000,666533.021000,4367081.143000,5868059.911000
2025-09-30,ALFIN,consumo,26837.795660,8139.869220,650661.479010,685639.143890
2025-09-30,ALFIN,corporativo,0.000000,0.000000,112401.933000,112401.933000
2025-09-30,ALFIN,grandes_empresas,1489.337000,0.000000,100587.191000,102076.528000
2025-09-30,ALFIN,medianas_empresas,494.062000,0.000000,33623.594000,34117.656000
2025-09-30,ALFIN,microempresas,8.538000,0.000000,35.592000,44.130000
2025-09-30,ALFIN,pequenas_empresas,2591.836000,0.000000,6627.485000,9219.321000
2025-09-30,BANCOM,consumo,47389.359870,47197.340950,1273440.647440,1368027.348260
2025-09-30,BANCOM,corporativo,0.074000,0.000000,91163.887000,91163.961000
2025-09-30,BANCOM,grandes_empresas,3513.098000,7052.000000,105199.107000,115764.205000
2025-09-30,BANCOM,hipotecario,8160.065000,285.623000,96490.431000,104936.119000
2025-09-30,BANCOM,medianas_empresas,2647.456000,548.469000,44065.537000,47261.462000
2025-09-30,BANCOM,microempresas,18.549000,0.000000,70.588000,89.137000
2025-09-30,BANCOM,pequenas_empresas,15223.463000,5.174000,22572.365000,37801.002000
2025-09-30,BANK_OF_CHINA,corporativo,0.000000,0.000000,162520.000000,162520.000000
2025-09-30,BBVA,consumo,378902.513780,246220.194030,14164449.162360,14789571.870170
2025-09-30,BBVA,corporativo,24875.839000,1778.605000,20240207.724000,20266862.168000
2025-09-30,BBVA,grandes_empresas,350620.215000,213542.533000,11009758.609000,11573921.357000
2025-09-30,BBVA,hipotecario,323292.807000,425780.814000,17444902.474000,18193976.095000
2025-09-30,BBVA,medianas_empresas,1034901.513000,265859.614000,4775549.642000,6076310.769000
2025-09-30,BBVA,microempresas,3712.230000,370.528000,105016.833000,109099.591000
2025-09-30,BBVA,pequenas_empresas,517847.787000,458811.145000,7717009.303000,8693668.235000
2025-09-30,BCI,corporativo,16168.291000,0.000000,1810237.258000,1826405.549000
2025-09-30,BCI,grandes_empresas,0.000000,0.000000,142677.524000,142677.524000
2025-09-30,BCP,consumo,625396.871920,437125.295610,18895640.819850,19958162.987380
2025-09-30,BCP,corporativo,9295.484000,108370.006000,40565951.751000,40683617.241000
2025-09-30,BCP,grandes_empresas,147013.374000,311994.892000,12306290.475000,12765298.741000
2025-09-30,BCP,hipotecario,635250.733000,205313.480000,22540696.709000,23381260.922000
2025-09-30,BCP,medianas_empresas,143558.355000,123680.886000,5617181.964000,5884421.205000
2025-09-30,BCP,microempresas,16908.301000,884.923000,168004.005000,185797.229000
2025-09-30,BCP,pequenas_empresas,2486071.954000,573450.292000,16221347.677000,19280869.923000
2025-09-30,BIF,consumo,58512.145050,12698.339250,2128071.646350,2199282.130650
2025-09-30,BIF,corporativo,11109.320000,826.987000,5656175.097000,5668111.404000
2025-09-30,BIF,grandes_empresas,34777.962000,50944.964000,2194454.377000,2280177.303000
2025-09-30,BIF,hipotecario,122509.469000,55453.036000,3339282.976000,3517245.481000
2025-09-30,BIF,medianas_empresas,84766.826000,12056.253000,708808.416000,805631.495000
2025-09-30,BIF,microempresas,224.927000,0.000000,184.334000,409.261000
2025-09-30,BIF,pequenas_empresas,218190.237000,8240.656000,355442.614000,581873.507000
2025-09-30,CITIBANK,corporativo,0.000000,0.000000,893957.847000,893957.847000
2025-09-30,CITIBANK,grandes_empresas,0.000000,0.000000,428299.716000,428299.716000
2025-09-30,CITIBANK,medianas_empresas,0.000000,0.000000,346632.184000,346632.184000
2025-09-30,CITIBANK,microempresas,0.000000,0.000000,39.262000,39.262000
2025-09-30,CITIBANK,pequenas_empresas,0.000000,0.000000,70262.592000,70262.592000
2025-09-30,COMPARTAMOS,consumo,15454.944180,427.399050,683323.211470,699205.554700
2025-09-30,COMPARTAMOS,microempresas,87094.306000,689.007000,1718128.743000,1805912.056000
2025-09-30,COMPARTAMOS,pequenas_empresas,121959.946000,6251.308000,1754601.680000,1882812.934000
2025-09-30,FALABELLA,consumo,108984.771550,56619.487420,3424417.538290,3590021.797260
2025-09-30,FALABELLA,medianas_empresas,0.000000,0.000000,91.172000,91.172000
2025-09-30,FALABELLA,microempresas,206.475000,0.000000,200.437000,406.912000
2025-09-30,FALABELLA,pequenas_empresas,925.415000,0.000000,2890.514000,3815.929000
2025-09-30,GNB,consumo,13600.087360,2955.311310,1605812.311470,1622367.710140
2025-09-30,GNB,corporativo,6940.000000,0.000000,1495444.693000,1502384.693000
2025-09-30,GNB,grandes_empresas,1249.199000,2352.156000,453670.336000,457271.691000
2025-09-30,GNB,hipotecario,33071.741000,14025.994000,521718.159000,568815.894000
2025-09-30,GNB,medianas_empresas,41357.464000,8648.548000,43429.661000,93435.673000
2025-09-30,GNB,pequenas_empresas,1477.756000,284.486000,3259.570000,5021.812000
2025-09-30,ICBC,corporativo,10410.000000,0.000000,1015666.774000,1026076.774000
2025-09-30,ICBC,grandes_empresas,2073.349000,0.000000,112793.766000,114867.115000
2025-09-30,ICBC,medianas_empresas,0.000000,0.000000,3226.020000,3226.020000
2025-09-30,INTERBANK,consumo,489218.861980,275087.993750,14447259.630830,15211566.486560
2025-09-30,INTERBANK,corporativo,7.076000,60309.874000,15851628.080000,15911945.030000
2025-09-30,INTERBANK,grandes_empresas,163066.921000,6174.334000,3930140.151000,4099381.406000
2025-09-30,INTERBANK,hipotecario,348784.950000,28734.256000,10778572.630000,11156091.836000
2025-09-30,INTERBANK,medianas_empresas,157973.855000,99854.580000,1405522.754000,1663351.189000
2025-09-30,INTERBANK,microempresas,1226.517000,189.065000,5228.996000,6644.578000
2025-09-30,INTERBANK,pequenas_empresas,116210.503000,18198.227000,1917522.246000,2051930.976000
2025-09-30,MIBANCO,consumo,8516.764100,4144.548600,399800.572140,412461.884840
2025-09-30,MIBANCO,hipotecario,30058.898000,1570.264000,330462.549000,362091.711000
2025-09-30,MIBANCO,medianas_empresas,0.000000,0.000000,4194.435000,4194.435000
2025-09-30,MIBANCO,microempresas,93626.381000,19810.584000,2319633.186000,2433070.151000
2025-09-30,MIBANCO,pequenas_empresas,485658.498000,108152.848000,9169940.768000,9763752.114000
2025-09-30,PICHINCHA,consumo,129574.025810,152047.528940,2944976.858190,3226598.412940
2025-09-30,PICHINCHA,corporativo,2561.530000,10118.680000,1690264.355000,1702944.565000
2025-09-30,PICHINCHA,grandes_empresas,5511.137000,9015.685000,599252.092000,613778.914000
2025-09-30,PICHINCHA,hipotecario,74174.207000,1962.371000,1510050.591000,1586187.169000
2025-09-30,PICHINCHA,medianas_empresas,33352.499000,38304.719000,235284.096000,306941.314000
2025-09-30,PICHINCHA,microempresas,682.927000,233.532000,846.421000,1762.880000
2025-09-30,PICHINCHA,pequenas_empresas,261550.909000,17577.085000,37471.315000,316599.309000
2025-09-30,RIPLEY,consumo,46890.390120,26816.586960,1319601.547610,1393308.524690
2025-09-30,SANTANDER,consumo,776.780040,0.000000,42046.583440,42823.363480
2025-09-30,SANTANDER,corporativo,0.000000,0.000000,4002176.790000,4002176.790000
2025-09-30,SANTANDER,grandes_empresas,32536.554000,9595.269000,1238554.410000,1280686.233000
2025-09-30,SANTANDER,medianas_empresas,134849.493000,6525.415000,152187.212000,293562.120000
2025-09-30,SANTANDER,pequenas_empresas,38.823000,0.000000,0.000000,38.823000
2025-09-30,SANTANDER_CONSUMER,consumo,96065.604330,155299.421300,2022856.356810,2274221.382440
2025-09-30,SANTANDER_CONSUMER,hipotecario,1035.111000,0.000000,46219.999000,47255.110000
2025-09-30,SANTANDER_CONSUMER,microempresas,1781.069000,811.266000,682.612000,3274.947000
2025-09-30,SANTANDER_CONSUMER,pequenas_empresas,914.027000,1461.602000,1191.860000,3567.489000
2025-09-30,SCOTIABANK,consumo,283266.294340,412214.686530,9699936.213620,10395417.194490
2025-09-30,SCOTIABANK,corporativo,27204.184000,76464.727000,15917468.016000,16021136.927000
2025-09-30,SCOTIABANK,grandes_empresas,106182.696000,73553.488000,3890381.529000,4070117.713000
2025-09-30,SCOTIABANK,hipotecario,321406.861000,492047.795000,10295219.785000,11108674.441000
2025-09-30,SCOTIABANK,medianas_empresas,459937.489000,109720.535000,1781329.360000,2350987.384000
2025-09-30,SCOTIABANK,microempresas,2593.602000,821.508000,4468.438000,7883.548000
2025-09-30,SCOTIABANK,pequenas_empresas,786343.411000,671970.800000,4246822.956000,5705137.167000
2025-10-31,ALFIN,consumo,26606.800230,8320.741930,658406.428100,693333.970260
2025-10-31,ALFIN,corporativo,0.000000,0.000000,114092.269000,114092.269000
2025-10-31,ALFIN,grandes_empresas,4906.837000,0.000000,97822.045000,102728.882000
2025-10-31,ALFIN,medianas_empresas,3207.670000,0.000000,28402.649000,31610.319000
2025-10-31,ALFIN,microempresas,8.538000,0.000000,22.059000,30.597000
2025-10-31,ALFIN,pequenas_empresas,420.699000,0.000000,6441.692000,6862.391000
2025-10-31,BANCOM,consumo,51408.192620,46563.382430,1285729.912940,1383701.487990
2025-10-31,BANCOM,corporativo,0.074000,0.000000,48707.896000,48707.970000
2025-10-31,BANCOM,grandes_empresas,3025.059000,6972.000000,93234.122000,103231.181000
2025-10-31,BANCOM,hipotecario,8307.888000,284.895000,95890.120000,104482.903000
2025-10-31,BANCOM,medianas_empresas,2627.343000,544.753000,38708.941000,41881.037000
2025-10-31,BANCOM,microempresas,18.448000,0.000000,90.000000,108.448000
2025-10-31,BANCOM,pequenas_empresas,14782.830000,4.768000,28180.972000,42968.570000
2025-10-31,BANK_OF_CHINA,corporativo,0.000000,0.000000,171125.000000,171125.000000
2025-10-31,BBVA,consumo,370632.784720,247363.122830,14472339.499690,15090335.407240
2025-10-31,BBVA,corporativo,24225.278000,5785.315000,20495821.143000,20525831.736000
2025-10-31,BBVA,grandes_empresas,345377.060000,212045.674000,10805341.099000,11362763.833000
2025-10-31,BBVA,hipotecario,325734.135000,423126.441000,17586785.380000,18335645.956000
2025-10-31,BBVA,medianas_empresas,1016403.932000,259938.538000,4889043.104000,6165385.574000
2025-10-31,BBVA,microempresas,3878.678000,306.190000,153239.456000,157424.324000
2025-10-31,BBVA,pequenas_empresas,531842.904000,454246.643000,7842807.778000,8828897.325000
2025-10-31,BCI,corporativo,15725.643000,0.000000,1943042.665000,1958768.308000
2025-10-31,BCI,grandes_empresas,0.000000,0.000000,138682.693000,138682.693000
2025-10-31,BCP,consumo,623351.832770,430713.412380,19169524.403020,20223589.648170
2025-10-31,BCP,corporativo,9135.193000,79124.637000,40018732.295000,40106992.125000
2025-10-31,BCP,grandes_empresas,144395.928000,319870.734000,12290185.383000,12754452.045000
2025-10-31,BCP,hipotecario,640333.762000,203954.580000,22701093.796000,23545382.138000
2025-10-31,BCP,medianas_empresas,143024.258000,116651.685000,5501372.306000,5761048.249000
2025-10-31,BCP,microempresas,17053.523000,842.982000,134707.118000,152603.623000
2025-10-31,BCP,pequenas_empresas,2431994.155000,589170.487000,16276300.408000,19297465.050000
2025-10-31,BIF,consumo,54996.131420,12840.735140,2164431.205500,2232268.072060
2025-10-31,BIF,corporativo,9339.730000,403.716000,5192678.329000,5202421.775000
2025-10-31,BIF,grandes_empresas,33670.309000,47425.422000,2093608.425000,2174704.156000
2025-10-31,BIF,hipotecario,118525.086000,58816.954000,3368611.927000,3545953.967000
2025-10-31,BIF,medianas_empresas,83139.312000,12944.791000,738288.023000,834372.126000
2025-10-31,BIF,microempresas,232.896000,0.000000,927.304000,1160.200000
2025-10-31,BIF,pequenas_empresas,215910.610000,5972.058000,371224.512000,593107.180000
2025-10-31,CITIBANK,corporativo,0.000000,0.000000,827528.850000,827528.850000
2025-10-31,CITIBANK,grandes_empresas,0.000000,0.000000,426317.502000,426317.502000
2025-10-31,CITIBANK,medianas_empresas,0.000000,0.000000,325481.499000,325481.499000
2025-10-31,CITIBANK,microempresas,0.000000,0.000000,36.978000,36.978000
2025-10-31,CITIBANK,pequenas_empresas,0.000000,0.000000,67767.981000,67767.981000
2025-10-31,COMPARTAMOS,consumo,16153.222100,484.270080,713622.441990,730259.934170
2025-10-31,COMPARTAMOS,microempresas,82683.746000,666.958000,1753001.204000,1836351.908000
2025-10-31,COMPARTAMOS,pequenas_empresas,119897.693000,6087.828000,1784315.599000,1910301.120000
2025-10-31,FALABELLA,consumo,108453.264740,54340.495830,3460721.559200,3623515.319770
2025-10-31,FALABELLA,medianas_empresas,0.000000,0.000000,82.902000,82.902000
2025-10-31,FALABELLA,microempresas,205.707000,0.000000,174.360000,380.067000
2025-10-31,FALABELLA,pequenas_empresas,836.794000,0.000000,2647.755000,3484.549000
2025-10-31,GNB,consumo,13922.187770,2623.826920,1680235.575500,1696781.590190
2025-10-31,GNB,corporativo,6750.000000,0.000000,1276200.575000,1282950.575000
2025-10-31,GNB,grandes_empresas,1214.999000,2292.901000,443920.701000,447428.601000
2025-10-31,GNB,hipotecario,34890.704000,13966.744000,519936.167000,568793.615000
2025-10-31,GNB,medianas_empresas,40893.460000,8448.518000,52292.953000,101634.931000
2025-10-31,GNB,pequenas_empresas,531.511000,273.572000,2966.300000,3771.383000
2025-10-31,ICBC,corporativo,10125.000000,0.000000,966130.786000,976255.786000
2025-10-31,ICBC,grandes_empresas,2016.586000,0.000000,113309.683000,115326.269000
2025-10-31,ICBC,medianas_empresas,0.000000,0.000000,2832.047000,2832.047000
2025-10-31,INTERBANK,consumo,493270.370230,270276.660480,14556014.500040,15319561.530750
2025-10-31,INTERBANK,corporativo,48.682000,60309.874000,15371088.517000,15431447.073000
2025-10-31,INTERBANK,grandes_empresas,168159.888000,12560.219000,4049457.961000,4230178.068000
2025-10-31,INTERBANK,hipotecario,355993.963000,28404.316000,10866761.153000,11251159.432000
2025-10-31,INTERBANK,medianas_empresas,157688.618000,87292.768000,1263929.403000,1508910.789000
2025-10-31,INTERBANK,microempresas,1020.156000,164.512000,9500.469000,10685.137000
2025-10-31,INTERBANK,pequenas_empresas,113370.082000,17593.491000,1919030.442000,2049994.015000
2025-10-31,MIBANCO,consumo,8418.322760,4244.555410,404033.620030,416696.498200
2025-10-31,MIBANCO,hipotecario,29218.007000,1536.545000,332166.787000,362921.339000
2025-10-31,MIBANCO,medianas_empresas,0.000000,0.000000,3736.566000,3736.566000
2025-10-31,MIBANCO,microempresas,58093.069000,11771.017000,1596970.742000,1666834.828000
2025-10-31,MIBANCO,pequenas_empresas,511061.568000,118575.155000,10094115.294000,10723752.017000
2025-10-31,PICHINCHA,consumo,120442.690360,152141.094020,2864959.263630,3137543.048010
2025-10-31,PICHINCHA,corporativo,2460.441000,10118.680000,1694600.440000,1707179.561000
2025-10-31,PICHINCHA,grandes_empresas,6356.621000,8665.746000,561445.267000,576467.634000
2025-10-31,PICHINCHA,hipotecario,74705.852000,1947.653000,1512373.333000,1589026.838000
2025-10-31,PICHINCHA,medianas_empresas,40309.155000,29652.322000,228033.602000,297995.079000
2025-10-31,PICHINCHA,microempresas,693.635000,238.451000,725.119000,1657.205000
2025-10-31,PICHINCHA,pequenas_empresas,263943.581000,12633.772000,33799.172000,310376.525000
2025-10-31,RIPLEY,consumo,46729.390340,26518.866670,1326255.935620,1399504.192630
2025-10-31,SANTANDER,consumo,1005.730660,0.000000,40131.360150,41137.090810
2025-10-31,SANTANDER,corporativo,0.000000,0.000000,3770518.265000,3770518.265000
2025-10-31,SANTANDER,grandes_empresas,34678.605000,5996.833000,1300466.519000,1341141.957000
2025-10-31,SANTANDER,medianas_empresas,135261.081000,3254.452000,171668.081000,310183.614000
2025-10-31,SANTANDER,pequenas_empresas,37.760000,0.000000,0.000000,37.760000
2025-10-31,SANTANDER_CONSUMER,consumo,94803.145500,152547.131780,2020621.466050,2267971.743330
2025-10-31,SANTANDER_CONSUMER,hipotecario,1045.044000,0.000000,48180.945000,49225.989000
2025-10-31,SANTANDER_CONSUMER,microempresas,1732.021000,799.937000,668.034000,3199.992000
2025-10-31,SANTANDER_CONSUMER,pequenas_empresas,931.577000,1392.456000,1134.426000,3458.459000
2025-10-31,SCOTIABANK,consumo,274234.398870,408306.590680,9731333.819580,10413874.809130
2025-10-31,SCOTIABANK,corporativo,26813.284000,76464.727000,15521405.293000,15624683.304000
2025-10-31,SCOTIABANK,grandes_empresas,101555.859000,71424.153000,3783671.210000,3956651.222000
2025-10-31,SCOTIABANK,hipotecario,334587.161000,485503.167000,10299468.501000,11119558.829000
2025-10-31,SCOTIABANK,medianas_empresas,459087.966000,94158.374000,1760857.221000,2314103.561000
2025-10-31,SCOTIABANK,microempresas,2597.157000,874.589000,1303.834000,4775.580000
2025-10-31,SCOTIABANK,pequenas_empresas,771107.088000,679380.381000,4442995.465000,5893482.934000
2025-11-30,ALFIN,consumo,26273.210590,8197.065630,662176.877400,696647.153620
2025-11-30,ALFIN,corporativo,0.000000,0.000000,128424.459000,128424.459000
2025-11-30,ALFIN,grandes_empresas,417.500000,1000.000000,102914.710000,104332.210000
2025-11-30,ALFIN,medianas_empresas,1829.004000,0.000000,28404.269000,30233.273000
2025-11-30,ALFIN,microempresas,8.538000,0.000000,20.432000,28.970000
2025-11-30,ALFIN,pequenas_empresas,388.504000,0.000000,6135.781000,6524.285000
2025-11-30,BANCOM,consumo,54968.424850,46953.184820,1300896.766960,1402818.376630
2025-11-30,BANCOM,corporativo,0.074000,0.000000,53079.949000,53080.023000
2025-11-30,BANCOM,grandes_empresas,2908.735000,6892.000000,92201.269000,102002.004000
2025-11-30,BANCOM,hipotecario,8254.741000,284.580000,95710.552000,104249.873000
2025-11-30,BANCOM,medianas_empresas,3124.546000,635.859000,38092.092000,41852.497000
2025-11-30,BANCOM,microempresas,18.434000,0.000000,60.000000,78.434000
2025-11-30,BANCOM,pequenas_empresas,14780.212000,1.372000,34066.051000,48847.635000
2025-11-30,BANK_OF_CHINA,corporativo,0.000000,0.000000,176326.000000,176326.000000
2025-11-30,BBVA,consumo,380014.792060,254290.322350,14771045.601480,15405350.715890
2025-11-30,BBVA,corporativo,23706.582000,5603.680000,20078670.891000,20107981.153000
2025-11-30,BBVA,grandes_empresas,314139.013000,203996.030000,11126949.546000,11645084.589000
2025-11-30,BBVA,hipotecario,312877.657000,426276.969000,17778528.724000,18517683.350000
2025-11-30,BBVA,medianas_empresas,944795.208000,253339.273000,4977844.563000,6175979.044000
2025-11-30,BBVA,microempresas,2961.781000,564.474000,110177.347000,113703.602000
2025-11-30,BBVA,pequenas_empresas,512178.658000,445791.129000,8074515.114000,9032484.901000
2025-11-30,BCI,corporativo,15665.070000,0.000000,2110041.761000,2125706.831000
2025-11-30,BCI,grandes_empresas,0.000000,0.000000,142215.462000,142215.462000
2025-11-30,BCP,consumo,637022.699050,425425.459000,19336557.850770,20399006.008820
2025-11-30,BCP,corporativo,9022.746000,78454.748000,39419726.733000,39507204.227000
2025-11-30,BCP,grandes_empresas,137119.723000,315545.055000,12248229.156000,12700893.934000
2025-11-30,BCP,hipotecario,638707.150000,206291.369000,22841590.581000,23686589.100000
2025-11-30,BCP,medianas_empresas,152937.957000,113558.315000,5572901.549000,5839397.821000
2025-11-30,BCP,microempresas,17141.169000,842.793000,162089.041000,180073.003000
2025-11-30,BCP,pequenas_empresas,2343621.109000,596348.421000,16610678.161000,19550647.691000
2025-11-30,BIF,consumo,52048.480470,12972.430430,2187461.827050,2252482.737950
2025-11-30,BIF,corporativo,9306.002000,402.161000,5169938.114000,5179646.277000
2025-11-30,BIF,grandes_empresas,35968.661000,45081.787000,2046956.238000,2128006.686000
2025-11-30,BIF,hipotecario,119133.941000,58808.954000,3389466.735000,3567409.630000
2025-11-30,BIF,medianas_empresas,81691.200000,12254.997000,724486.267000,818432.464000
2025-11-30,BIF,microempresas,226.225000,0.000000,900.201000,1126.426000
2025-11-30,BIF,pequenas_empresas,205973.092000,5733.229000,366661.504000,578367.825000
2025-11-30,CITIBANK,corporativo,0.000000,0.000000,791732.552000,791732.552000
2025-11-30,CITIBANK,grandes_empresas,0.000000,0.000000,452217.097000,452217.097000
2025-11-30,CITIBANK,medianas_empresas,0.000000,0.000000,351437.605000,351437.605000
2025-11-30,CITIBANK,microempresas,0.000000,0.000000,34.216000,34.216000
2025-11-30,CITIBANK,pequenas_empresas,0.000000,0.000000,67661.729000,67661.729000
2025-11-30,COMPARTAMOS,consumo,14524.695190,500.126490,748906.671010,763931.492690
2025-11-30,COMPARTAMOS,microempresas,76553.244000,618.752000,1813994.400000,1891166.396000
2025-11-30,COMPARTAMOS,pequenas_empresas,112798.101000,6097.088000,1808423.011000,1927318.200000
2025-11-30,FALABELLA,consumo,113900.485590,51190.408850,3590166.516610,3755257.411050
2025-11-30,FALABELLA,medianas_empresas,0.000000,0.000000,74.513000,74.513000
2025-11-30,FALABELLA,microempresas,196.371000,0.000000,165.192000,361.563000
2025-11-30,FALABELLA,pequenas_empresas,874.332000,0.000000,2296.781000,3171.113000
2025-11-30,GNB,consumo,15103.372610,2567.760320,1734934.665510,1752605.798440
2025-11-30,GNB,corporativo,6724.000000,0.000000,1300958.677000,1307682.677000
2025-11-30,GNB,grandes_empresas,1210.319000,2292.901000,446980.854000,450484.074000
2025-11-30,GNB,hipotecario,34671.237000,13909.435000,523516.165000,572096.837000
2025-11-30,GNB,medianas_empresas,40811.133000,8389.667000,52288.197000,101488.997000
2025-11-30,GNB,pequenas_empresas,595.207000,252.016000,3012.227000,3859.450000
2025-11-30,ICBC,corporativo,10086.000000,0.000000,1051907.273000,1061993.273000
2025-11-30,ICBC,grandes_empresas,2008.818000,0.000000,121533.568000,123542.386000
2025-11-30,ICBC,medianas_empresas,0.000000,0.000000,2514.894000,2514.894000
2025-11-30,INTERBANK,consumo,456682.949520,268218.837020,14535277.613500,15260179.400040
2025-11-30,INTERBANK,corporativo,516.305000,60284.099000,15736490.263000,15797290.667000
2025-11-30,INTERBANK,grandes_empresas,169634.045000,19896.830000,4043948.859000,4233479.734000
2025-11-30,INTERBANK,hipotecario,347778.771000,28802.710000,10975480.938000,11352062.419000
2025-11-30,INTERBANK,medianas_empresas,151454.396000,92251.951000,1267496.485000,1511202.832000
2025-11-30,INTERBANK,microempresas,998.903000,175.428000,5527.166000,6701.497000
2025-11-30,INTERBANK,pequenas_empresas,81714.763000,7181.930000,1889446.438000,1978343.131000
2025-11-30,MIBANCO,consumo,7721.453170,4407.684350,406313.271570,418442.409090
2025-11-30,MIBANCO,hipotecario,29143.157000,1506.248000,327254.132000,357903.537000
2025-11-30,MIBANCO,medianas_empresas,57.831000,0.000000,3884.761000,3942.592000
2025-11-30,MIBANCO,microempresas,59759.247000,13294.638000,1772659.224000,1845713.109000
2025-11-30,MIBANCO,pequenas_empresas,491797.328000,116993.921000,10152343.134000,10761134.383000
2025-11-30,PICHINCHA,consumo,86682.730880,151574.535990,2791927.988480,3030185.255350
2025-11-30,PICHINCHA,corporativo,2458.968000,10118.680000,1740875.661000,1753453.309000
2025-11-30,PICHINCHA,grandes_empresas,17614.066000,8535.818000,546479.142000,572629.026000
2025-11-30,PICHINCHA,hipotecario,75206.875000,1937.046000,1515897.055000,1593040.976000
2025-11-30,PICHINCHA,medianas_empresas,32821.035000,31662.869000,234934.220000,299418.124000
2025-11-30,PICHINCHA,microempresas,618.074000,223.307000,662.169000,1503.550000
2025-11-30,PICHINCHA,pequenas_empresas,233373.723000,12168.313000,32113.181000,277655.217000
2025-11-30,RIPLEY,consumo,44655.103580,26533.106630,1365954.034410,1437142.244620
2025-11-30,SANTANDER,consumo,901.870840,0.000000,38473.602350,39375.473190
2025-11-30,SANTANDER,corporativo,0.000000,0.000000,4042319.333000,4042319.333000
2025-11-30,SANTANDER,grandes_empresas,32173.739000,5745.667000,1409598.527000,1447517.933000
2025-11-30,SANTANDER,medianas_empresas,134978.358000,3144.921000,140367.144000,278490.423000
2025-11-30,SANTANDER,pequenas_empresas,37.614000,0.000000,0.000000,37.614000
2025-11-30,SANTANDER_CONSUMER,consumo,89496.504950,151551.856020,2033540.326680,2274588.687650
2025-11-30,SANTANDER_CONSUMER,hipotecario,1185.627000,0.000000,50461.515000,51647.142000
2025-11-30,SANTANDER_CONSUMER,microempresas,1738.637000,744.377000,645.528000,3128.542000
2025-11-30,SANTANDER_CONSUMER,pequenas_empresas,815.612000,1384.942000,1072.841000,3273.395000
2025-11-30,SCOTIABANK,consumo,265164.368980,405794.626560,9831973.632810,10502932.628350
2025-11-30,SCOTIABANK,corporativo,26361.356000,276464.727000,15416366.725000,15719192.808000
2025-11-30,SCOTIABANK,grandes_empresas,105340.777000,67221.985000,3822135.878000,3994698.640000
2025-11-30,SCOTIABANK,hipotecario,329110.079000,481450.530000,10346128.991000,11156689.600000
2025-11-30,SCOTIABANK,medianas_empresas,458621.979000,94926.904000,1841919.319000,2395468.202000
2025-11-30,SCOTIABANK,microempresas,2662.191000,882.356000,926.886000,4471.433000
2025-11-30,SCOTIABANK,pequenas_empresas,768594.504000,679486.870000,4451848.604000,5899929.978000
2025-12-31,ALFIN,consumo,26090.622150,7865.916210,678210.771000,712167.309360
2025-12-31,ALFIN,corporativo,0.000000,0.000000,122132.348000,122132.348000
2025-12-31,ALFIN,grandes_empresas,3417.500000,963.593000,101753.911000,106135.004000
2025-12-31,ALFIN,medianas_empresas,2129.004000,0.000000,28248.009000,30377.013000
2025-12-31,ALFIN,microempresas,8.538000,0.000000,18.782000,27.320000
2025-12-31,ALFIN,pequenas_empresas,278.624000,0.000000,6286.896000,6565.520000
2025-12-31,BANCOM,consumo,47889.832320,46239.896240,1305580.862030,1399710.590590
2025-12-31,BANCOM,corporativo,0.074000,0.000000,51976.293000,51976.367000
2025-12-31,BANCOM,grandes_empresas,2909.335000,6812.000000,81868.272000,91589.607000
2025-12-31,BANCOM,hipotecario,8216.522000,283.174000,95815.942000,104315.638000
2025-12-31,BANCOM,medianas_empresas,3279.977000,622.917000,37404.461000,41307.355000
2025-12-31,BANCOM,microempresas,18.435000,0.000000,100.000000,118.435000
2025-12-31,BANCOM,pequenas_empresas,14563.628000,3.795000,34605.444000,49172.867000
2025-12-31,BANK_OF_CHINA,corporativo,0.000000,0.000000,119130.440000,119130.440000
2025-12-31,BBVA,consumo,463915.836700,238944.648680,14875997.861650,15578858.347030
2025-12-31,BBVA,corporativo,23713.195000,5442.103000,21200334.923000,21229490.221000
2025-12-31,BBVA,grandes_empresas,350477.682000,209541.981000,10650247.554000,11210267.217000
2025-12-31,BBVA,hipotecario,313928.433000,426127.291000,17785996.223000,18526051.947000
2025-12-31,BBVA,medianas_empresas,975749.873000,237280.407000,4917002.991000,6130033.271000
2025-12-31,BBVA,microempresas,3108.843000,308.493000,87141.196000,90558.532000
2025-12-31,BBVA,pequenas_empresas,508955.243000,429939.220000,8009457.583000,8948352.046000
2025-12-31,BCI,corporativo,15669.730000,0.000000,2358634.022000,2374303.752000
2025-12-31,BCI,grandes_empresas,0.000000,0.000000,151733.153000,151733.153000
2025-12-31,BCP,consumo,624596.065220,423234.441360,19404898.610660,20452729.117240
2025-12-31,BCP,corporativo,9008.051000,78430.468000,41417554.934000,41504993.453000
2025-12-31,BCP,grandes_empresas,130121.431000,302350.628000,12332450.236000,12764922.295000
2025-12-31,BCP,hipotecario,628120.655000,204935.715000,22990821.331000,23823877.701000
2025-12-31,BCP,medianas_empresas,154589.565000,114918.551000,5930988.401000,6200496.517000
2025-12-31,BCP,microempresas,15072.364000,786.424000,121268.839000,137127.627000
2025-12-31,BCP,pequenas_empresas,2337110.150000,590921.723000,16449792.892000,19377824.765000
2025-12-31,BIF,consumo,49694.808370,13038.787350,2185460.074980,2248193.670700
2025-12-31,BIF,corporativo,9309.468000,30000.000000,5052531.480000,5091840.948000
2025-12-31,BIF,grandes_empresas,46656.069000,79414.402000,1956433.679000,2082504.150000
2025-12-31,BIF,hipotecario,119893.654000,59978.720000,3397742.855000,3577615.229000
2025-12-31,BIF,medianas_empresas,73444.569000,11601.559000,807488.980000,892535.108000
2025-12-31,BIF,microempresas,204.502000,0.000000,243.887000,448.389000
2025-12-31,BIF,pequenas_empresas,206794.636000,5245.499000,402045.915000,614086.050000
2025-12-31,CITIBANK,corporativo,0.000000,0.000000,608524.528000,608524.528000
2025-12-31,CITIBANK,grandes_empresas,0.000000,0.000000,362871.556000,362871.556000
2025-12-31,CITIBANK,medianas_empresas,0.000000,0.000000,129797.538000,129797.538000
2025-12-31,CITIBANK,microempresas,0.000000,0.000000,25.303000,25.303000
2025-12-31,CITIBANK,pequenas_empresas,0.000000,0.000000,67524.094000,67524.094000
2025-12-31,COMPARTAMOS,consumo,15939.321250,456.758700,769179.166900,785575.246850
2025-12-31,COMPARTAMOS,microempresas,75019.208000,649.833000,1901252.884000,1976921.925000
2025-12-31,COMPARTAMOS,pequenas_empresas,110890.242000,5763.464000,1809731.678000,1926385.384000
2025-12-31,FALABELLA,consumo,108593.388750,47795.060160,3618683.870220,3775072.319130
2025-12-31,FALABELLA,medianas_empresas,0.000000,0.000000,65.879000,65.879000
2025-12-31,FALABELLA,microempresas,211.135000,0.000000,121.367000,332.502000
2025-12-31,FALABELLA,pequenas_empresas,902.545000,0.000000,1982.759000,2885.304000
2025-12-31,GNB,consumo,13188.300160,2756.032280,1760373.069330,1776317.401770
2025-12-31,GNB,corporativo,6726.000000,0.000000,1215065.614000,1221791.614000
2025-12-31,GNB,grandes_empresas,1210.679000,2237.693000,454196.034000,457644.406000
2025-12-31,GNB,hipotecario,33132.058000,13841.221000,524577.285000,571550.564000
2025-12-31,GNB,medianas_empresas,40781.626000,8344.289000,50915.553000,100041.468000
2025-12-31,GNB,pequenas_empresas,595.280000,222.473000,3394.298000,4212.051000
2025-12-31,ICBC,corporativo,10089.000000,0.000000,945364.945000,955453.945000
2025-12-31,ICBC,grandes_empresas,2009.415000,0.000000,108751.600000,110761.015000
2025-12-31,ICBC,medianas_empresas,0.000000,0.000000,2207.526000,2207.526000
2025-12-31,INTERBANK,consumo,485013.482180,266236.790390,14497903.860000,15249154.132570
2025-12-31,INTERBANK,corporativo,668.513000,60284.099000,15403015.379000,15463967.991000
2025-12-31,INTERBANK,grandes_empresas,156730.692000,19671.887000,3736744.619000,3913147.198000
2025-12-31,INTERBANK,hipotecario,348990.764000,29603.074000,11039257.308000,11417851.146000
2025-12-31,INTERBANK,medianas_empresas,160240.366000,84690.550000,1819051.204000,2063982.120000
2025-12-31,INTERBANK,microempresas,940.203000,177.608000,18153.581000,19271.392000
2025-12-31,INTERBANK,pequenas_empresas,82087.835000,7004.976000,2174119.706000,2263212.517000
2025-12-31,MIBANCO,consumo,7810.356880,4282.187380,411402.047480,423494.591740
2025-12-31,MIBANCO,hipotecario,28494.596000,1439.045000,323909.019000,353842.660000
2025-12-31,MIBANCO,medianas_empresas,54.045000,0.000000,3420.855000,3474.900000
2025-12-31,MIBANCO,microempresas,60996.988000,13080.843000,1818327.037000,1892404.868000
2025-12-31,MIBANCO,pequenas_empresas,491406.135000,115205.778000,10195302.647000,10801914.560000
2025-12-31,PICHINCHA,consumo,89490.338420,143090.225000,2718279.348940,2950859.912360
2025-12-31,PICHINCHA,corporativo,2451.693000,10118.680000,1525572.436000,1538142.809000
2025-12-31,PICHINCHA,grandes_empresas,17680.860000,8339.455000,535205.889000,561226.204000
2025-12-31,PICHINCHA,hipotecario,73632.133000,1922.168000,1511401.733000,1586956.034000
2025-12-31,PICHINCHA,medianas_empresas,55211.136000,7415.580000,252642.849000,315269.565000
2025-12-31,PICHINCHA,microempresas,595.651000,193.043000,532.622000,1321.316000
2025-12-31,PICHINCHA,pequenas_empresas,231461.546000,11804.933000,118568.167000,361834.646000
2025-12-31,RIPLEY,consumo,46707.002810,26289.291610,1384831.850810,1457828.145230
2025-12-31,SANTANDER,consumo,927.483380,0.000000,36409.491910,37336.975290
2025-12-31,SANTANDER,corporativo,0.000000,121130.000000,3867811.134000,3988941.134000
2025-12-31,SANTANDER,grandes_empresas,32039.711000,5442.522000,1574777.330000,1612259.563000
2025-12-31,SANTANDER,medianas_empresas,108159.463000,3064.738000,341668.129000,452892.330000
2025-12-31,SANTANDER,pequenas_empresas,976.260000,0.000000,950.629000,1926.889000
2025-12-31,SANTANDER_CONSUMER,consumo,92345.388280,143972.367800,2066556.300490,2302874.056570
2025-12-31,SANTANDER_CONSUMER,hipotecario,656.953000,0.000000,53813.208000,54470.161000
2025-12-31,SANTANDER_CONSUMER,microempresas,1747.891000,676.844000,598.589000,3023.324000
2025-12-31,SANTANDER_CONSUMER,pequenas_empresas,784.149000,1372.609000,1035.770000,3192.528000
2025-12-31,SCOTIABANK,consumo,260597.357100,401380.308690,9847937.319410,10509914.985200
2025-12-31,SCOTIABANK,corporativo,14032.135000,288686.227000,14547202.386000,14849920.748000
2025-12-31,SCOTIABANK,grandes_empresas,104862.452000,64690.320000,3562543.540000,3732096.312000
2025-12-31,SCOTIABANK,hipotecario,322899.182000,480737.654000,10354490.145000,11158126.981000
2025-12-31,SCOTIABANK,medianas_empresas,453082.355000,98577.385000,1902028.532000,2453688.272000
2025-12-31,SCOTIABANK,microempresas,2702.896000,818.737000,1192.353000,4713.986000
2025-12-31,SCOTIABANK,pequenas_empresas,758000.536000,682936.301000,4513642.864000,5954579.701000
2026-01-31,ALFIN,consumo,24166.092050,7748.253230,697069.710800,728984.056080
2026-01-31,ALFIN,corporativo,0.000000,0.000000,124575.684000,124575.684000
2026-01-31,ALFIN,grandes_empresas,5453.047000,927.138000,97811.922000,104192.107000
2026-01-31,ALFIN,medianas_empresas,2129.004000,0.000000,31174.521000,33303.525000
2026-01-31,ALFIN,microempresas,8.538000,0.000000,17.126000,25.664000
2026-01-31,ALFIN,pequenas_empresas,343.753000,0.000000,5539.468000,5883.221000
2026-01-31,BANCOM,consumo,51060.559200,45986.419910,1330573.414140,1427620.393250
2026-01-31,BANCOM,corporativo,0.074000,0.000000,50122.910000,50122.984000
2026-01-31,BANCOM,grandes_empresas,2902.733000,6732.000000,79056.921000,88691.654000
2026-01-31,BANCOM,hipotecario,7879.853000,480.748000,95068.086000,103428.687000
2026-01-31,BANCOM,medianas_empresas,2862.286000,610.012000,38082.322000,41554.620000
2026-01-31,BANCOM,microempresas,16.118000,0.000000,20.000000,36.118000
2026-01-31,BANCOM,pequenas_empresas,14481.510000,2.004000,37429.495000,51913.009000
2026-01-31,BANK_OF_CHINA,corporativo,0.000000,0.000000,124637.760000,124637.760000
2026-01-31,BBVA,consumo,376160.627600,243953.915030,15047093.854940,15667208.397570
2026-01-31,BBVA,corporativo,23014.557000,5261.802000,20442146.988000,20470423.347000
2026-01-31,BBVA,grandes_empresas,374314.041000,207958.249000,10778159.536000,11360431.826000
2026-01-31,BBVA,hipotecario,322741.014000,424905.398000,17895840.634000,18643487.046000
2026-01-31,BBVA,medianas_empresas,946971.399000,232042.374000,4866182.592000,6045196.365000
2026-01-31,BBVA,microempresas,3268.679000,335.180000,141858.558000,145462.417000
2026-01-31,BBVA,pequenas_empresas,504966.951000,419969.594000,8153935.218000,9078871.763000
2026-01-31,BCI,corporativo,15618.476000,0.000000,2293671.785000,2309290.261000
2026-01-31,BCI,grandes_empresas,0.000000,0.000000,160019.700000,160019.700000
2026-01-31,BCP,consumo,568826.843380,419958.144830,19506870.480580,20495655.468790
2026-01-31,BCP,corporativo,9031.259000,267564.262000,40194298.667000,40470894.188000
2026-01-31,BCP,grandes_empresas,124545.028000,247306.538000,11715523.537000,12087375.103000
2026-01-31,BCP,hipotecario,611132.697000,206447.961000,23161689.679000,23979270.337000
2026-01-31,BCP,medianas_empresas,140053.688000,99033.306000,6102065.826000,6341152.820000
2026-01-31,BCP,microempresas,14656.330000,735.888000,160110.563000,175502.781000
2026-01-31,BCP,pequenas_empresas,2258174.421000,587209.837000,16428276.792000,19273661.050000
2026-01-31,BIF,consumo,49641.926790,12872.232650,2220315.269800,2282829.429240
2026-01-31,BIF,corporativo,9283.435000,30000.000000,5056081.163000,5095364.598000
2026-01-31,BIF,grandes_empresas,50054.828000,78488.181000,1978681.684000,2107224.693000
2026-01-31,BIF,hipotecario,118723.311000,60042.192000,3410787.024000,3589552.527000
2026-01-31,BIF,medianas_empresas,73979.693000,11994.728000,849063.019000,935037.440000
2026-01-31,BIF,microempresas,219.679000,0.000000,379.019000,598.698000
2026-01-31,BIF,pequenas_empresas,202681.142000,4755.051000,379451.982000,586888.175000
2026-01-31,CITIBANK,corporativo,0.000000,0.000000,570270.849000,570270.849000
2026-01-31,CITIBANK,grandes_empresas,0.000000,0.000000,317053.537000,317053.537000
2026-01-31,CITIBANK,medianas_empresas,0.000000,0.000000,118568.956000,118568.956000
2026-01-31,CITIBANK,microempresas,0.000000,0.000000,18.283000,18.283000
2026-01-31,CITIBANK,pequenas_empresas,0.000000,0.000000,67064.233000,67064.233000
2026-01-31,COMPARTAMOS,consumo,16305.895530,441.802900,800035.864030,816783.562460
2026-01-31,COMPARTAMOS,microempresas,75849.889000,641.259000,1811436.113000,1887927.261000
2026-01-31,COMPARTAMOS,pequenas_empresas,110392.071000,5427.409000,1837128.990000,1952948.470000
2026-01-31,FALABELLA,consumo,105767.439560,44788.358630,3525404.940630,3675960.738820
2026-01-31,FALABELLA,medianas_empresas,0.000000,0.000000,57.105000,57.105000
2026-01-31,FALABELLA,microempresas,201.948000,0.000000,130.763000,332.711000
2026-01-31,FALABELLA,pequenas_empresas,881.043000,0.000000,1722.016000,2603.059000
2026-01-31,GNB,consumo,13556.596900,2674.587590,1801645.578330,1817876.762820
2026-01-31,GNB,corporativo,6704.000000,0.000000,1324379.645000,1331083.645000
2026-01-31,GNB,grandes_empresas,1206.719000,2209.628000,435991.037000,439407.384000
2026-01-31,GNB,hipotecario,32381.334000,13743.179000,525333.852000,571458.365000
2026-01-31,GNB,medianas_empresas,39756.004000,8271.515000,38312.637000,86340.156000
2026-01-31,GNB,pequenas_empresas,594.477000,222.473000,3405.074000,4222.024000
2026-01-31,ICBC,corporativo,10056.000000,0.000000,1005126.660000,1015182.660000
2026-01-31,ICBC,grandes_empresas,2002.843000,0.000000,109925.399000,111928.242000
2026-01-31,ICBC,medianas_empresas,0.000000,0.000000,1891.413000,1891.413000
2026-01-31,INTERBANK,consumo,480767.742120,260890.840350,14457150.366410,15198808.948880
2026-01-31,INTERBANK,corporativo,1.128000,60000.000000,15026415.105000,15086416.233000
2026-01-31,INTERBANK,grandes_empresas,157574.009000,19385.180000,3569298.937000,3746258.126000
2026-01-31,INTERBANK,hipotecario,345070.021000,30640.947000,11099171.682000,11474882.650000
2026-01-31,INTERBANK,medianas_empresas,151786.091000,83811.131000,1551378.463000,1786975.685000
2026-01-31,INTERBANK,microempresas,940.026000,148.313000,5443.704000,6532.043000
2026-01-31,INTERBANK,pequenas_empresas,84516.671000,6904.021000,2139647.537000,2231068.229000
2026-01-31,MIBANCO,consumo,7253.126490,4394.078950,425827.981100,437475.186540
2026-01-31,MIBANCO,hipotecario,27936.530000,1498.374000,320692.361000,350127.265000
2026-01-31,MIBANCO,medianas_empresas,0.000000,0.000000,3232.486000,3232.486000
2026-01-31,MIBANCO,microempresas,55859.336000,12621.297000,1663968.028000,1732448.661000
2026-01-31,MIBANCO,pequenas_empresas,468906.934000,116982.390000,10486463.527000,11072352.851000
2026-01-31,PICHINCHA,consumo,84628.513420,137280.045680,2622830.030510,2844738.589610
2026-01-31,PICHINCHA,corporativo,2443.674000,10118.680000,1428396.850000,1440959.204000
2026-01-31,PICHINCHA,grandes_empresas,17631.856000,8046.718000,544242.424000,569920.998000
2026-01-31,PICHINCHA,hipotecario,74151.428000,1911.375000,1504743.780000,1580806.583000
2026-01-31,PICHINCHA,medianas_empresas,61203.990000,7155.293000,282321.361000,350680.644000
2026-01-31,PICHINCHA,microempresas,490.351000,208.780000,456.718000,1155.849000
2026-01-31,PICHINCHA,pequenas_empresas,229185.198000,11298.568000,27203.247000,267687.013000
2026-01-31,RIPLEY,consumo,45508.906380,26678.595990,1352378.165320,1424565.667690
2026-01-31,SANTANDER,consumo,861.209010,0.000000,34700.571180,35561.780190
2026-01-31,SANTANDER,corporativo,0.000000,87500.000000,3966304.524000,4053804.524000
2026-01-31,SANTANDER,grandes_empresas,35839.993000,36638.565000,1441294.406000,1513772.964000
2026-01-31,SANTANDER,medianas_empresas,107913.703000,3004.555000,167389.614000,278307.872000
2026-01-31,SANTANDER,pequenas_empresas,976.137000,0.000000,1129.162000,2105.299000
2026-01-31,SANTANDER_CONSUMER,consumo,81742.110960,144219.292910,2088143.418360,2314104.822230
2026-01-31,SANTANDER_CONSUMER,hipotecario,677.254000,0.000000,55857.743000,56534.997000
2026-01-31,SANTANDER_CONSUMER,microempresas,1708.308000,674.847000,574.756000,2957.911000
2026-01-31,SANTANDER_CONSUMER,pequenas_empresas,769.966000,1346.472000,1007.056000,3123.494000
2026-01-31,SCOTIABANK,consumo,251209.783460,393852.498620,9885265.152280,10530327.434360
2026-01-31,SCOTIABANK,corporativo,26317.684000,294164.727000,15299435.889000,15619918.300000
2026-01-31,SCOTIABANK,grandes_empresas,106612.691000,69416.378000,3581758.709000,3757787.778000
2026-01-31,SCOTIABANK,hipotecario,318187.741000,478505.755000,10410697.782000,11207391.278000
2026-01-31,SCOTIABANK,medianas_empresas,442648.730000,96774.555000,1732723.721000,2272147.006000
2026-01-31,SCOTIABANK,microempresas,2558.188000,852.068000,1848.728000,5258.984000
2026-01-31,SCOTIABANK,pequenas_empresas,775495.108000,670157.442000,4769387.287000,6215039.837000
2026-02-28,ALFIN,consumo,22911.800830,7608.103340,708654.200390,739174.104560
2026-02-28,ALFIN,corporativo,0.000000,0.000000,122248.231000,122248.231000
2026-02-28,ALFIN,grandes_empresas,4865.735000,927.138000,99357.617000,105150.490000
2026-02-28,ALFIN,medianas_empresas,2953.317000,0.000000,30408.539000,33361.856000
2026-02-28,ALFIN,microempresas,8.538000,0.000000,15.449000,23.987000
2026-02-28,ALFIN,pequenas_empresas,490.973000,0.000000,5637.915000,6128.888000
2026-02-28,BANCOM,consumo,54713.272870,46335.713340,1353897.629820,1454946.616030
2026-02-28,BANCOM,corporativo,0.074000,0.000000,61562.795000,61562.869000
2026-02-28,BANCOM,grandes_empresas,2904.533000,6652.000000,75583.724000,85140.257000
2026-02-28,BANCOM,hipotecario,8006.994000,321.907000,94682.053000,103010.954000
2026-02-28,BANCOM,medianas_empresas,2665.514000,596.988000,39186.392000,42448.894000
2026-02-28,BANCOM,microempresas,16.121000,0.000000,75.000000,91.121000
2026-02-28,BANCOM,pequenas_empresas,14581.512000,1.734000,40173.518000,54756.764000
2026-02-28,BANK_OF_CHINA,corporativo,0.000000,0.000000,169117.400000,169117.400000
2026-02-28,BBVA,consumo,365163.106630,242450.753570,15255316.421440,15862930.281640
2026-02-28,BBVA,corporativo,23034.790000,5102.032000,19765308.826000,19793445.648000
2026-02-28,BBVA,grandes_empresas,397510.602000,185913.714000,10762807.667000,11346231.983000
2026-02-28,BBVA,hipotecario,309219.745000,426178.806000,18032476.785000,18767875.336000
2026-02-28,BBVA,medianas_empresas,937781.375000,220001.197000,4935073.235000,6092855.807000
2026-02-28,BBVA,microempresas,3224.748000,452.206000,63731.494000,67408.448000
2026-02-28,BBVA,pequenas_empresas,493145.180000,418270.890000,8322884.814000,9234300.884000
2026-02-28,BCI,corporativo,15632.454000,0.000000,2236314.680000,2251947.134000
2026-02-28,BCI,grandes_empresas,0.000000,0.000000,142843.130000,142843.130000
2026-02-28,BCP,consumo,523101.760240,424453.264530,19786070.353090,20733625.377860
2026-02-28,BCP,corporativo,15470.822000,259600.960000,40512613.874000,40787685.656000
2026-02-28,BCP,grandes_empresas,142553.612000,171380.258000,11782015.095000,12095948.965000
2026-02-28,BCP,hipotecario,584109.937000,208769.257000,23353219.861000,24146099.055000
2026-02-28,BCP,medianas_empresas,143839.670000,99054.014000,6314735.802000,6557629.486000
2026-02-28,BCP,microempresas,14406.666000,697.882000,160747.325000,175851.873000
2026-02-28,BCP,pequenas_empresas,2163886.000000,589265.303000,16589793.291000,19342944.594000
2026-02-28,BIF,consumo,49278.727620,12834.317800,2244152.924310,2306265.969730
2026-02-28,BIF,corporativo,9292.249000,30000.000000,5049532.636000,5088824.885000
2026-02-28,BIF,grandes_empresas,48215.840000,79456.435000,1959460.579000,2087132.854000
2026-02-28,BIF,hipotecario,119322.565000,59480.553000,3438952.072000,3617755.190000
2026-02-28,BIF,medianas_empresas,81692.797000,5708.401000,805732.709000,893133.907000
2026-02-28,BIF,microempresas,178.833000,0.000000,276.780000,455.613000
2026-02-28,BIF,pequenas_empresas,202793.559000,4342.226000,388934.827000,596070.612000
2026-02-28,CITIBANK,corporativo,0.000000,0.000000,637702.893000,637702.893000
2026-02-28,CITIBANK,grandes_empresas,0.000000,0.000000,261097.322000,261097.322000
2026-02-28,CITIBANK,medianas_empresas,0.000000,0.000000,123633.320000,123633.320000
2026-02-28,CITIBANK,microempresas,0.000000,0.000000,1100.897000,1100.897000
2026-02-28,CITIBANK,pequenas_empresas,0.000000,0.000000,67168.358000,67168.358000
2026-02-28,COMPARTAMOS,consumo,15832.048180,401.274180,823757.658140,839990.980500
2026-02-28,COMPARTAMOS,microempresas,75798.059000,688.268000,1819789.031000,1896275.358000
2026-02-28,COMPARTAMOS,pequenas_empresas,110285.948000,5001.952000,1843177.194000,1958465.094000
2026-02-28,FALABELLA,consumo,98829.094010,42338.343300,3475079.129760,3616246.567070
2026-02-28,FALABELLA,grandes_empresas,0.000000,0.000000,48.133000,48.133000
2026-02-28,FALABELLA,microempresas,219.516000,0.000000,102.139000,321.655000
2026-02-28,FALABELLA,pequenas_empresas,868.283000,0.000000,1440.297000,2308.580000
2026-02-28,GNB,consumo,13767.598120,2653.288310,1845081.541640,1861502.428070
2026-02-28,GNB,corporativo,0.000000,0.000000,1433155.384000,1433155.384000
2026-02-28,GNB,grandes_empresas,1207.799000,2180.597000,443035.001000,446423.397000
2026-02-28,GNB,hipotecario,30966.737000,13729.388000,527845.191000,572541.316000
2026-02-28,GNB,medianas_empresas,38647.563000,8726.016000,38986.171000,86359.750000
2026-02-28,GNB,pequenas_empresas,594.696000,201.701000,3244.330000,4040.727000
2026-02-28,ICBC,corporativo,10065.000000,0.000000,983254.381000,993319.381000
2026-02-28,ICBC,grandes_empresas,2004.635000,0.000000,87282.000000,89286.635000
2026-02-28,ICBC,medianas_empresas,0.000000,0.000000,1582.141000,1582.141000
2026-02-28,INTERBANK,consumo,464933.544910,256173.274890,14409758.914060,15130865.733860
2026-02-28,INTERBANK,corporativo,1.042000,60000.000000,15651147.040000,15711148.082000
2026-02-28,INTERBANK,grandes_empresas,146967.834000,19356.167000,3658237.649000,3824561.650000
2026-02-28,INTERBANK,hipotecario,331379.521000,30753.236000,11189093.742000,11551226.499000
2026-02-28,INTERBANK,medianas_empresas,147826.157000,79753.988000,1527307.680000,1754887.825000
2026-02-28,INTERBANK,microempresas,979.414000,142.592000,5984.361000,7106.367000
2026-02-28,INTERBANK,pequenas_empresas,78580.440000,6230.331000,2168334.458000,2253145.229000
2026-02-28,MIBANCO,consumo,7520.167820,4292.692310,436237.102220,448049.962350
2026-02-28,MIBANCO,hipotecario,27807.865000,1480.000000,316784.542000,346072.407000
2026-02-28,MIBANCO,medianas_empresas,0.000000,0.000000,3141.222000,3141.222000
2026-02-28,MIBANCO,microempresas,57806.252000,12771.967000,1699311.975000,1769890.194000
2026-02-28,MIBANCO,pequenas_empresas,458385.398000,116777.663000,10595863.435000,11171026.496000
2026-02-28,PICHINCHA,consumo,86315.848470,131887.771780,2529132.292480,2747335.912730
2026-02-28,PICHINCHA,corporativo,2445.861000,10118.680000,1499787.091000,1512351.632000
2026-02-28,PICHINCHA,grandes_empresas,17583.788000,7986.725000,563737.922000,589308.435000
2026-02-28,PICHINCHA,hipotecario,72033.655000,1902.056000,1501092.602000,1575028.313000
2026-02-28,PICHINCHA,medianas_empresas,51443.606000,10871.818000,278511.259000,340826.683000
2026-02-28,PICHINCHA,microempresas,524.003000,152.686000,430.657000,1107.346000
2026-02-28,PICHINCHA,pequenas_empresas,232065.178000,7276.332000,26657.707000,265999.217000
2026-02-28,RIPLEY,consumo,42135.391450,26300.383710,1347498.658840,1415934.434000
2026-02-28,SANTANDER,consumo,933.057210,0.000000,31057.047990,31990.105200
2026-02-28,SANTANDER,corporativo,0.000000,87500.000000,3802236.674000,3889736.674000
2026-02-28,SANTANDER,grandes_empresas,33190.564000,30375.808000,1385299.596000,1448865.968000
2026-02-28,SANTANDER,medianas_empresas,107992.741000,2912.670000,170084.277000,280989.688000
2026-02-28,SANTANDER,pequenas_empresas,976.170000,0.000000,1167.827000,2143.997000
2026-02-28,SANTANDER_CONSUMER,consumo,77441.148320,140638.996900,2112353.842660,2330433.987880
2026-02-28,SANTANDER_CONSUMER,hipotecario,625.685000,0.000000,58682.784000,59308.469000
2026-02-28,SANTANDER_CONSUMER,microempresas,1661.290000,660.215000,532.940000,2854.445000
2026-02-28,SANTANDER_CONSUMER,pequenas_empresas,797.811000,1320.704000,941.170000,3059.685000
2026-02-28,SCOTIABANK,consumo,241975.521420,389134.945040,9951919.019740,10583029.486200
2026-02-28,SCOTIABANK,corporativo,13972.265000,398667.144000,15359692.271000,15772331.680000
2026-02-28,SCOTIABANK,grandes_empresas,105077.270000,76186.098000,3558984.807000,3740248.175000
2026-02-28,SCOTIABANK,hipotecario,313256.357000,479388.520000,10435495.651000,11228140.528000
2026-02-28,SCOTIABANK,medianas_empresas,449657.914000,88122.769000,1759975.197000,2297755.880000
2026-02-28,SCOTIABANK,microempresas,2469.733000,877.309000,1781.844000,5128.886000
2026-02-28,SCOTIABANK,pequenas_empresas,772767.145000,656163.340000,4712285.705000,6141216.190000
2026-03-31,ALFIN,consumo,23869.180810,7971.865980,724389.975120,756231.021910
2026-03-31,ALFIN,corporativo,0.000000,0.000000,130407.938000,130407.938000
2026-03-31,ALFIN,grandes_empresas,283.235000,890.243000,90414.737000,91588.215000
2026-03-31,ALFIN,medianas_empresas,2129.004000,0.000000,31920.004000,34049.008000
2026-03-31,ALFIN,microempresas,8.538000,0.000000,13.733000,22.271000
2026-03-31,ALFIN,pequenas_empresas,454.776000,0.000000,5439.618000,5894.394000
2026-03-31,BANCOM,consumo,44319.527000,46481.618010,1362520.039400,1453321.184410
2026-03-31,BANCOM,corporativo,0.074000,0.000000,56091.396000,56091.470000
2026-03-31,BANCOM,grandes_empresas,2590.793000,6572.000000,86023.221000,95186.014000
2026-03-31,BANCOM,hipotecario,7175.225000,478.597000,95050.117000,102703.939000
2026-03-31,BANCOM,medianas_empresas,2880.063000,484.200000,41638.449000,45002.712000
2026-03-31,BANCOM,microempresas,11.273000,0.000000,120.000000,131.273000
2026-03-31,BANCOM,pequenas_empresas,14828.998000,1.260000,42078.501000,56908.759000
2026-03-31,BANK_OF_CHINA,corporativo,0.000000,0.000000,140946.080000,140946.080000
2026-03-31,BBVA,consumo,366820.185960,240020.860610,15481270.291700,16088111.338270
2026-03-31,BBVA,corporativo,23945.498000,5129.955000,20286962.549000,20316038.002000
2026-03-31,BBVA,grandes_empresas,369507.638000,223182.276000,11286322.462000,11879012.376000
2026-03-31,BBVA,hipotecario,307895.542000,430291.685000,18152436.295000,18890623.522000
2026-03-31,BBVA,medianas_empresas,858272.005000,214308.425000,5077629.760000,6150210.190000
2026-03-31,BBVA,microempresas,2430.069000,295.133000,53608.609000,56333.811000
2026-03-31,BBVA,pequenas_empresas,498747.979000,411879.693000,8435306.968000,9345934.640000
2026-03-31,BCI,corporativo,16266.139000,0.000000,2128446.799000,2144712.938000
2026-03-31,BCI,grandes_empresas,0.000000,0.000000,158513.914000,158513.914000
2026-03-31,BCP,consumo,520292.733230,424243.306950,20310061.069300,21254597.109480
2026-03-31,BCP,corporativo,9649.553000,258858.011000,42440158.382000,42708665.946000
2026-03-31,BCP,grandes_empresas,148946.765000,175266.807000,11990852.080000,12315065.652000
2026-03-31,BCP,hipotecario,571191.249000,210138.822000,23616974.412000,24398304.483000
2026-03-31,BCP,medianas_empresas,145312.574000,95504.194000,6258778.072000,6499594.840000
2026-03-31,BCP,microempresas,14830.559000,747.876000,164213.550000,179791.985000
2026-03-31,BCP,pequenas_empresas,2179924.823000,583368.925000,17035641.453000,19798935.201000
2026-03-31,BIF,consumo,47983.017910,12783.598220,2267919.837960,2328686.454090
2026-03-31,BIF,corporativo,9670.009000,24046.885000,5367315.608000,5401032.502000
2026-03-31,BIF,grandes_empresas,37088.724000,93227.182000,2023588.231000,2153904.137000
2026-03-31,BIF,hipotecario,122541.860000,57244.492000,3450686.132000,3630472.484000
2026-03-31,BIF,medianas_empresas,76833.738000,6162.035000,847433.550000,930429.323000
2026-03-31,BIF,microempresas,204.178000,0.000000,287.071000,491.249000
2026-03-31,BIF,pequenas_empresas,204864.978000,6091.671000,423490.951000,634447.600000
2026-03-31,CITIBANK,corporativo,0.000000,0.000000,598534.075000,598534.075000
2026-03-31,CITIBANK,grandes_empresas,0.000000,0.000000,258817.425000,258817.425000
2026-03-31,CITIBANK,medianas_empresas,0.000000,0.000000,173289.557000,173289.557000
2026-03-31,CITIBANK,microempresas,0.000000,0.000000,39.022000,39.022000
2026-03-31,CITIBANK,pequenas_empresas,0.000000,0.000000,67244.788000,67244.788000
2026-03-31,COMPARTAMOS,consumo,17322.392450,391.849040,841504.911950,859219.153440
2026-03-31,COMPARTAMOS,microempresas,82592.032000,645.795000,1880776.399000,1964014.226000
2026-03-31,COMPARTAMOS,pequenas_empresas,109022.587000,4736.868000,1885088.560000,1998848.015000
2026-03-31,FALABELLA,consumo,89561.755950,40267.884480,3534347.755090,3664177.395520
2026-03-31,FALABELLA,grandes_empresas,0.000000,0.000000,38.854000,38.854000
2026-03-31,FALABELLA,microempresas,227.733000,0.000000,70.187000,297.920000
2026-03-31,FALABELLA,pequenas_empresas,933.089000,0.000000,1182.579000,2115.668000
2026-03-31,GNB,consumo,14030.042310,2214.877040,1887470.953590,1903715.872940
2026-03-31,GNB,corporativo,0.000000,0.000000,1245001.390000,1245001.390000
2026-03-31,GNB,grandes_empresas,1256.759000,2152.940000,465014.855000,468424.554000
2026-03-31,GNB,hipotecario,31016.153000,13578.251000,528470.270000,573064.674000
2026-03-31,GNB,medianas_empresas,41673.390000,6708.272000,39615.571000,87997.233000
2026-03-31,GNB,pequenas_empresas,484.355000,201.701000,3298.142000,3984.198000
2026-03-31,ICBC,corporativo,10473.000000,0.000000,952993.034000,963466.034000
2026-03-31,ICBC,grandes_empresas,2085.896000,0.000000,103130.538000,105216.434000
2026-03-31,ICBC,medianas_empresas,0.000000,0.000000,1320.824000,1320.824000
2026-03-31,INTERBANK,consumo,448529.072440,252830.946060,14467754.705680,15169114.724180
2026-03-31,INTERBANK,corporativo,0.112000,58256.944000,16217902.495000,16276159.551000
2026-03-31,INTERBANK,grandes_empresas,158665.031000,11794.191000,3878720.012000,4049179.234000
2026-03-31,INTERBANK,hipotecario,339908.440000,32115.631000,11229929.938000,11601954.009000
2026-03-31,INTERBANK,medianas_empresas,151213.373000,83091.947000,1690048.340000,1924353.660000
2026-03-31,INTERBANK,microempresas,947.152000,110.944000,19242.420000,20300.516000
2026-03-31,INTERBANK,pequenas_empresas,81264.919000,5823.856000,2219081.942000,2306170.717000
2026-03-31,MIBANCO,consumo,7526.328200,4267.368980,451692.635560,463486.332740
2026-03-31,MIBANCO,hipotecario,27628.531000,1449.872000,315002.012000,344080.415000
2026-03-31,MIBANCO,medianas_empresas,105.340000,0.000000,2594.273000,2699.613000
2026-03-31,MIBANCO,microempresas,60827.866000,13111.148000,1733357.338000,1807296.352000
2026-03-31,MIBANCO,pequenas_empresas,470667.063000,115959.932000,10735460.675000,11322087.670000
2026-03-31,PICHINCHA,consumo,68583.179120,126761.759550,2435981.084990,2631326.023660
2026-03-31,PICHINCHA,corporativo,2545.007000,10118.680000,1671572.581000,1684236.268000
2026-03-31,PICHINCHA,grandes_empresas,6437.752000,7816.918000,618869.689000,633124.359000
2026-03-31,PICHINCHA,hipotecario,71064.076000,1898.655000,1506889.275000,1579852.006000
2026-03-31,PICHINCHA,medianas_empresas,52886.209000,10370.590000,283963.623000,347220.422000
2026-03-31,PICHINCHA,microempresas,503.718000,167.479000,364.317000,1035.514000
2026-03-31,PICHINCHA,pequenas_empresas,141544.733000,6235.584000,24612.127000,172392.444000
2026-03-31,RIPLEY,consumo,41432.088070,25944.091650,1372377.347180,1439753.526900
2026-03-31,SANTANDER,consumo,1257.896810,0.000000,28487.816830,29745.713640
2026-03-31,SANTANDER,corporativo,1.509000,111362.500000,3702288.976000,3813652.985000
2026-03-31,SANTANDER,grandes_empresas,36237.590000,29085.029000,1451011.819000,1516334.438000
2026-03-31,SANTANDER,medianas_empresas,110903.086000,2932.924000,148193.339000,262029.349000
2026-03-31,SANTANDER,pequenas_empresas,977.692000,0.000000,1148.326000,2126.018000
2026-03-31,SANTANDER_CONSUMER,consumo,73090.222180,137265.479470,2182942.998300,2393298.699950
2026-03-31,SANTANDER_CONSUMER,hipotecario,822.513000,0.000000,61516.412000,62338.925000
2026-03-31,SANTANDER_CONSUMER,microempresas,1610.596000,632.507000,531.905000,2775.008000
2026-03-31,SANTANDER_CONSUMER,pequenas_empresas,736.533000,1246.350000,883.775000,2866.658000
2026-03-31,SCOTIABANK,consumo,226991.447420,383996.195390,10091137.390610,10702125.033420
2026-03-31,SCOTIABANK,corporativo,7098.007000,407819.818000,14915408.332000,15330326.157000
2026-03-31,SCOTIABANK,grandes_empresas,122272.020000,72036.871000,3727135.298000,3921444.189000
2026-03-31,SCOTIABANK,hipotecario,315838.536000,478453.487000,10490204.496000,11284496.519000
2026-03-31,SCOTIABANK,medianas_empresas,431632.144000,93488.383000,1859077.315000,2384197.842000
2026-03-31,SCOTIABANK,microempresas,2438.078000,979.294000,819.218000,4236.590000
2026-03-31,SCOTIABANK,pequenas_empresas,756867.299000,656793.357000,4635891.283000,6049551.939000
2026-04-30,ALFIN,consumo,23797.183890,8147.976950,739271.375720,771216.536560
2026-04-30,ALFIN,corporativo,0.000000,0.000000,127937.709000,127937.709000
2026-04-30,ALFIN,grandes_empresas,283.235000,851.851000,92370.082000,93505.168000
2026-04-30,ALFIN,medianas_empresas,3100.094000,0.000000,30826.333000,33926.427000
2026-04-30,ALFIN,microempresas,8.538000,0.000000,13.440000,21.978000
2026-04-30,ALFIN,pequenas_empresas,415.704000,0.000000,5221.164000,5636.868000
2026-04-30,BANCOM,consumo,46907.579820,45805.785590,1359940.604640,1452653.970050
2026-04-30,BANCOM,corporativo,0.074000,0.000000,44317.747000,44317.821000
2026-04-30,BANCOM,grandes_empresas,2606.400000,6492.000000,87908.430000,97006.830000
2026-04-30,BANCOM,hipotecario,6897.524000,478.110000,96036.300000,103411.934000
2026-04-30,BANCOM,medianas_empresas,2788.909000,437.809000,40317.217000,43543.935000
2026-04-30,BANCOM,microempresas,11.300000,0.000000,0.000000,11.300000
2026-04-30,BANCOM,pequenas_empresas,14959.327000,0.897000,47963.630000,62923.854000
2026-04-30,BANK_OF_CHINA,corporativo,0.000000,0.000000,162434.960000,162434.960000
2026-04-30,BBVA,consumo,372354.918350,239897.469120,15710952.575920,16323204.963390
2026-04-30,BBVA,corporativo,24119.631000,4991.765000,22171969.222000,22201080.618000
2026-04-30,BBVA,grandes_empresas,353094.539000,232605.613000,11707655.666000,12293355.818000
2026-04-30,BBVA,hipotecario,297734.936000,430975.009000,18288450.077000,19017160.022000
2026-04-30,BBVA,medianas_empresas,804463.959000,211434.027000,4936842.589000,5952740.575000
2026-04-30,BBVA,microempresas,2583.977000,295.100000,42256.691000,45135.768000
2026-04-30,BBVA,pequenas_empresas,528394.898000,396078.677000,8459978.868000,9384452.443000
2026-04-30,BCI,corporativo,16387.285000,0.000000,2197309.028000,2213696.313000
2026-04-30,BCI,grandes_empresas,0.000000,0.000000,174851.548000,174851.548000
2026-04-30,BCP,consumo,518420.120040,417453.057920,21042223.058870,21978096.236830
2026-04-30,BCP,corporativo,9611.972000,252358.423000,45174793.950000,45436764.345000
2026-04-30,BCP,grandes_empresas,151486.987000,172623.880000,11973802.146000,12297913.013000
2026-04-30,BCP,hipotecario,560741.649000,207935.657000,23878871.086000,24647548.392000
2026-04-30,BCP,medianas_empresas,139459.113000,104601.796000,6393551.953000,6637612.862000
2026-04-30,BCP,microempresas,14880.649000,657.535000,201864.130000,217402.314000
2026-04-30,BCP,pequenas_empresas,2172631.668000,572732.789000,17617490.972000,20362855.429000
2026-04-30,BIF,consumo,47546.174630,13049.836970,2302174.143250,2362770.154850
2026-04-30,BIF,corporativo,10609.821000,23808.084000,5226932.617000,5261350.522000
2026-04-30,BIF,grandes_empresas,39025.068000,83185.274000,2103525.900000,2225736.242000
2026-04-30,BIF,hipotecario,123628.482000,57323.769000,3482481.523000,3663433.774000
2026-04-30,BIF,medianas_empresas,72013.298000,22420.669000,983799.326000,1078233.293000
2026-04-30,BIF,microempresas,208.381000,0.000000,472.559000,680.940000
2026-04-30,BIF,pequenas_empresas,205571.954000,5329.738000,273647.321000,484549.013000
2026-04-30,CITIBANK,corporativo,0.000000,0.000000,877704.267000,877704.267000
2026-04-30,CITIBANK,grandes_empresas,0.000000,0.000000,247857.827000,247857.827000
2026-04-30,CITIBANK,medianas_empresas,0.000000,0.000000,205666.794000,205666.794000
2026-04-30,CITIBANK,microempresas,0.000000,0.000000,30.549000,30.549000
2026-04-30,CITIBANK,pequenas_empresas,0.000000,0.000000,208.713000,208.713000
2026-04-30,COMPARTAMOS,consumo,18009.289980,381.269020,856143.539940,874534.098940
2026-04-30,COMPARTAMOS,microempresas,89602.538000,637.693000,1881160.658000,1971400.889000
2026-04-30,COMPARTAMOS,pequenas_empresas,109535.630000,4761.569000,1898917.647000,2013214.846000
2026-04-30,FALABELLA,consumo,89840.084720,38985.546650,3656482.327700,3785307.959070
2026-04-30,FALABELLA,grandes_empresas,0.000000,0.000000,29.470000,29.470000
2026-04-30,FALABELLA,microempresas,252.722000,0.000000,44.318000,297.040000
2026-04-30,FALABELLA,pequenas_empresas,910.202000,0.000000,954.058000,1864.260000
2026-04-30,GNB,consumo,13699.612090,2148.373910,1930869.627540,1946717.613540
2026-04-30,GNB,corporativo,0.000000,0.000000,1225700.367000,1225700.367000
2026-04-30,GNB,grandes_empresas,1266.119000,2090.308000,512130.837000,515487.264000
2026-04-30,GNB,hipotecario,31441.284000,13519.011000,528285.532000,573245.827000
2026-04-30,GNB,medianas_empresas,41748.959000,6685.220000,37439.823000,85874.002000
2026-04-30,GNB,pequenas_empresas,486.253000,229.156000,4370.300000,5085.709000
2026-04-30,ICBC,corporativo,12065.165000,0.000000,986879.805000,998944.970000
2026-04-30,ICBC,grandes_empresas,2101.432000,0.000000,98460.394000,100561.826000
2026-04-30,ICBC,medianas_empresas,0.000000,0.000000,1000.881000,1000.881000
2026-04-30,INTERBANK,consumo,436757.715610,250971.937570,14638623.035560,15326352.688740
2026-04-30,INTERBANK,corporativo,73.985000,58256.944000,15810437.986000,15868768.915000
2026-04-30,INTERBANK,grandes_empresas,143436.250000,19591.031000,3936206.127000,4099233.408000
2026-04-30,INTERBANK,hipotecario,336228.510000,31864.911000,11277279.058000,11645372.479000
2026-04-30,INTERBANK,medianas_empresas,148986.229000,85693.069000,1718294.836000,1952974.134000
2026-04-30,INTERBANK,microempresas,951.090000,120.155000,5636.306000,6707.551000
2026-04-30,INTERBANK,pequenas_empresas,81596.503000,5087.028000,2258635.709000,2345319.240000
2026-04-30,MIBANCO,consumo,7670.563460,4440.040560,464768.226230,476878.830250
2026-04-30,MIBANCO,hipotecario,27532.434000,1328.357000,311004.707000,339865.498000
2026-04-30,MIBANCO,medianas_empresas,105.340000,0.000000,2412.288000,2517.628000
2026-04-30,MIBANCO,microempresas,64245.175000,13835.984000,1769419.296000,1847500.455000
2026-04-30,MIBANCO,pequenas_empresas,465045.216000,117871.754000,10872489.523000,11455406.493000
2026-04-30,PICHINCHA,consumo,66631.478440,123773.368980,2353813.655770,2544218.503190
2026-04-30,PICHINCHA,corporativo,2563.962000,10118.680000,1745791.389000,1758474.031000
2026-04-30,PICHINCHA,grandes_empresas,10873.968000,5287.230000,588581.802000,604743.000000
2026-04-30,PICHINCHA,hipotecario,69636.467000,1886.524000,1514111.154000,1585634.145000
2026-04-30,PICHINCHA,medianas_empresas,53492.188000,7308.104000,266119.029000,326919.321000
2026-04-30,PICHINCHA,microempresas,464.954000,213.232000,354.276000,1032.462000
2026-04-30,PICHINCHA,pequenas_empresas,129014.283000,6070.873000,22156.596000,157241.752000
2026-04-30,RIPLEY,consumo,42118.235480,26091.244940,1423527.998380,1491737.478800
2026-04-30,SANTANDER,consumo,1328.886110,0.000000,26214.698930,27543.585040
2026-04-30,SANTANDER,corporativo,1.759000,110925.000000,3571600.897000,3682527.656000
2026-04-30,SANTANDER,grandes_empresas,35682.280000,28931.152000,1503311.505000,1567924.937000
2026-04-30,SANTANDER,medianas_empresas,111474.312000,2814.087000,133434.623000,247723.022000
2026-04-30,SANTANDER,pequenas_empresas,938.634000,0.000000,0.000000,938.634000
2026-04-30,SANTANDER_CONSUMER,consumo,74882.890660,133618.507310,2221564.807390,2430066.205360
2026-04-30,SANTANDER_CONSUMER,hipotecario,847.706000,0.000000,63921.215000,64768.921000
2026-04-30,SANTANDER_CONSUMER,microempresas,1606.592000,623.969000,508.679000,2739.240000
2026-04-30,SANTANDER_CONSUMER,pequenas_empresas,710.556000,1203.472000,844.497000,2758.525000
2026-04-30,SCOTIABANK,consumo,230710.014490,376742.907290,10215200.322650,10822653.244430
2026-04-30,SCOTIABANK,corporativo,19917.216000,394401.352000,15128862.852000,15543181.420000
2026-04-30,SCOTIABANK,grandes_empresas,111403.116000,73503.093000,3767122.005000,3952028.214000
2026-04-30,SCOTIABANK,hipotecario,306554.030000,480099.570000,10621497.873000,11408151.473000
2026-04-30,SCOTIABANK,medianas_empresas,439408.605000,94094.264000,1940048.249000,2473551.118000
2026-04-30,SCOTIABANK,microempresas,2292.800000,943.662000,1990.032000,5226.494000
2026-04-30,SCOTIABANK,pequenas_empresas,739977.049000,662322.491000,4725399.767000,6127699.307000
2026-05-31,ALFIN,consumo,25486.827640,8241.758220,747051.994140,780780.580000
2026-05-31,ALFIN,corporativo,0.000000,0.000000,126669.412000,126669.412000
2026-05-31,ALFIN,grandes_empresas,283.235000,814.044000,107751.899000,108849.178000
2026-05-31,ALFIN,medianas_empresas,2129.004000,0.000000,44445.609000,46574.613000
2026-05-31,ALFIN,microempresas,8.538000,0.000000,22.886000,31.424000
2026-05-31,ALFIN,pequenas_empresas,322.563000,0.000000,5004.989000,5327.552000
2026-05-31,BANCOM,consumo,51614.129440,45521.827400,1353715.082090,1450851.038930
2026-05-31,BANCOM,corporativo,0.174000,0.000000,52945.847000,52946.021000
2026-05-31,BANCOM,grandes_empresas,4776.325000,6412.000000,89831.084000,101019.409000
2026-05-31,BANCOM,hipotecario,6902.586000,476.589000,95261.965000,102641.140000
2026-05-31,BANCOM,medianas_empresas,8518.973000,390.804000,38930.402000,47840.179000
2026-05-31,BANCOM,microempresas,2.758000,0.000000,73.596000,76.354000
2026-05-31,BANCOM,pequenas_empresas,7349.774000,0.832000,48039.326000,55389.932000
2026-05-31,BANK_OF_CHINA,corporativo,0.000000,0.000000,124542.320000,124542.320000
2026-05-31,BBVA,consumo,383084.686070,240302.981650,15884528.232080,16507915.899800
2026-05-31,BBVA,corporativo,16601.797000,4670.643000,22625961.009000,22647233.449000
2026-05-31,BBVA,grandes_empresas,275008.541000,209056.627000,11410866.720000,11894931.888000
2026-05-31,BBVA,hipotecario,292261.649000,427659.312000,18407855.358000,19127776.319000
2026-05-31,BBVA,medianas_empresas,727933.931000,200508.009000,5196847.163000,6125289.103000
2026-05-31,BBVA,microempresas,2461.623000,343.289000,40429.307000,43234.219000
2026-05-31,BBVA,pequenas_empresas,512818.797000,388470.115000,8300996.221000,9202285.133000
2026-05-31,BCI,corporativo,15907.362000,0.000000,2282964.717000,2298872.079000
2026-05-31,BCI,grandes_empresas,0.000000,0.000000,185564.123000,185564.123000
2026-05-31,BCP,consumo,534376.394370,410349.638140,21765979.387850,22710705.420360
2026-05-31,BCP,corporativo,74526.709000,215388.583000,43809331.315000,44099246.607000
2026-05-31,BCP,grandes_empresas,83041.090000,167701.075000,12211836.236000,12462578.401000
2026-05-31,BCP,hipotecario,555859.444000,206588.582000,24046156.603000,24808604.629000
2026-05-31,BCP,medianas_empresas,138690.455000,102359.552000,6882893.396000,7123943.403000
2026-05-31,BCP,microempresas,15246.418000,629.660000,227641.542000,243517.620000
2026-05-31,BCP,pequenas_empresas,2159072.539000,564550.526000,17901841.155000,20625464.220000
2026-05-31,BIF,consumo,49308.451270,12931.103280,2337389.842040,2399629.396590
2026-05-31,BIF,corporativo,9491.682000,23568.131000,5537216.449000,5570276.262000
2026-05-31,BIF,grandes_empresas,39310.211000,82772.254000,2094524.782000,2216607.247000
2026-05-31,BIF,hipotecario,124174.780000,57184.398000,3510947.313000,3692306.491000
2026-05-31,BIF,medianas_empresas,70742.044000,22126.509000,1011104.349000,1103972.902000
2026-05-31,BIF,microempresas,203.812000,0.000000,213.573000,417.385000
2026-05-31,BIF,pequenas_empresas,207369.542000,5147.032000,236395.853000,448912.427000
2026-05-31,CITIBANK,corporativo,0.000000,0.000000,946651.874000,946651.874000
2026-05-31,CITIBANK,grandes_empresas,0.000000,0.000000,157033.273000,157033.273000
2026-05-31,CITIBANK,medianas_empresas,0.000000,0.000000,152421.957000,152421.957000
2026-05-31,CITIBANK,microempresas,0.000000,0.000000,38.476000,38.476000
2026-05-31,CITIBANK,pequenas_empresas,0.000000,0.000000,236.700000,236.700000
2026-05-31,COMPARTAMOS,consumo,19555.146980,356.720830,866165.438840,886077.306650
2026-05-31,COMPARTAMOS,microempresas,100880.854000,601.440000,1844083.688000,1945565.982000
2026-05-31,COMPARTAMOS,pequenas_empresas,109854.084000,4496.116000,1923828.562000,2038178.762000
2026-05-31,FALABELLA,consumo,96710.314080,37977.733130,3691825.871450,3826513.918660
2026-05-31,FALABELLA,grandes_empresas,0.000000,0.000000,19.853000,19.853000
2026-05-31,FALABELLA,microempresas,276.494000,0.000000,43.527000,320.021000
2026-05-31,FALABELLA,pequenas_empresas,833.834000,0.000000,763.429000,1597.263000
2026-05-31,GNB,consumo,13946.566440,2087.577870,1960815.754250,1976849.898560
2026-05-31,GNB,corporativo,0.000000,0.000000,1116859.285000,1116859.285000
2026-05-31,GNB,grandes_empresas,1229.039000,2061.140000,476194.519000,479484.698000
2026-05-31,GNB,hipotecario,30371.942000,13800.413000,526063.071000,570235.426000
2026-05-31,GNB,medianas_empresas,41287.614000,6457.842000,38447.823000,86193.279000
2026-05-31,GNB,pequenas_empresas,1702.710000,195.092000,3244.044000,5141.846000
2026-05-31,ICBC,corporativo,10242.000000,0.000000,903892.666000,914134.666000
2026-05-31,ICBC,grandes_empresas,2039.888000,0.000000,105682.705000,107722.593000
2026-05-31,ICBC,medianas_empresas,0.000000,0.000000,649.587000,649.587000
2026-05-31,INTERBANK,consumo,439216.138570,248335.588380,14725906.252980,15413457.979930
2026-05-31,INTERBANK,corporativo,0.000000,58256.944000,16295856.701000,16354113.645000
2026-05-31,INTERBANK,grandes_empresas,145215.841000,19236.598000,4009162.305000,4173614.744000
2026-05-31,INTERBANK,hipotecario,331406.506000,31778.751000,11348232.951000,11711418.208000
2026-05-31,INTERBANK,medianas_empresas,145231.365000,96387.704000,1637742.041000,1879361.110000
2026-05-31,INTERBANK,microempresas,925.394000,106.926000,6924.602000,7956.922000
2026-05-31,INTERBANK,pequenas_empresas,84101.833000,7282.550000,2168954.080000,2260338.463000
2026-05-31,MIBANCO,consumo,8082.112350,4683.923870,473212.804390,485978.840610
2026-05-31,MIBANCO,hipotecario,26919.525000,1294.302000,307943.831000,336157.658000
2026-05-31,MIBANCO,medianas_empresas,105.340000,0.000000,3888.528000,3993.868000
2026-05-31,MIBANCO,microempresas,66112.681000,15901.082000,1785936.205000,1867949.968000
2026-05-31,MIBANCO,pequenas_empresas,461037.207000,123600.060000,11027468.145000,11612105.412000
2026-05-31,PICHINCHA,consumo,65047.230300,120697.093990,2285496.852700,2471241.176990
2026-05-31,PICHINCHA,corporativo,2499.796000,9648.640000,1692816.668000,1704965.104000
2026-05-31,PICHINCHA,grandes_empresas,9794.596000,5953.864000,607404.876000,623153.336000
2026-05-31,PICHINCHA,hipotecario,75404.216000,2077.389000,1514080.413000,1591562.018000
2026-05-31,PICHINCHA,medianas_empresas,52721.259000,7128.361000,270705.952000,330555.572000
2026-05-31,PICHINCHA,microempresas,481.824000,194.640000,351.759000,1028.223000
2026-05-31,PICHINCHA,pequenas_empresas,120409.685000,5752.937000,44146.075000,170308.697000
2026-05-31,RIPLEY,consumo,47161.298130,25131.075060,1433337.516900,1505629.890090
2026-05-31,SANTANDER,consumo,1189.239660,0.000000,24683.928060,25873.167720
2026-05-31,SANTANDER,corporativo,0.732000,110444.647000,3455736.035000,3566181.414000
2026-05-31,SANTANDER,grandes_empresas,34617.445000,32874.068000,1498540.612000,1566032.125000
2026-05-31,SANTANDER,medianas_empresas,106184.076000,3837.802000,176675.651000,286697.529000
2026-05-31,SANTANDER,pequenas_empresas,938.634000,0.000000,6.243000,944.877000
2026-05-31,SANTANDER_CONSUMER,consumo,83796.690310,126575.965710,2249746.542000,2460119.198020
2026-05-31,SANTANDER_CONSUMER,hipotecario,1296.978000,0.000000,64545.355000,65842.333000
2026-05-31,SANTANDER_CONSUMER,microempresas,1618.520000,588.139000,466.843000,2673.502000
2026-05-31,SANTANDER_CONSUMER,pequenas_empresas,676.456000,1170.160000,831.938000,2678.554000
2026-05-31,SCOTIABANK,consumo,230975.725990,371464.466600,10322244.871250,10924685.063840
2026-05-31,SCOTIABANK,corporativo,6941.232000,405891.334000,15308743.813000,15721576.379000
2026-05-31,SCOTIABANK,grandes_empresas,110895.307000,71156.075000,3863079.188000,4045130.570000
2026-05-31,SCOTIABANK,hipotecario,308715.083000,480414.044000,10680115.684000,11469244.811000
2026-05-31,SCOTIABANK,medianas_empresas,447115.139000,85872.459000,1963250.096000,2496237.694000
2026-05-31,SCOTIABANK,microempresas,2215.384000,905.924000,799.303000,3920.611000
2026-05-31,SCOTIABANK,pequenas_empresas,727829.524000,659315.200000,4743257.585000,6130402.309000
2026-06-30,ALFIN,consumo,27463.736390,8343.653850,753922.876600,789730.266840
2026-06-30,ALFIN,corporativo,0.000000,0.000000,125824.410000,125824.410000
2026-06-30,ALFIN,grandes_empresas,1097.279000,0.000000,111718.326000,112815.605000
2026-06-30,ALFIN,medianas_empresas,2889.085000,0.000000,46723.880000,49612.965000
2026-06-30,ALFIN,microempresas,8.538000,0.000000,8.436000,16.974000
2026-06-30,ALFIN,pequenas_empresas,318.816000,0.000000,6284.243000,6603.059000
2026-06-30,BANCOM,consumo,47835.350070,45273.357870,1343759.667470,1436868.375410
2026-06-30,BANCOM,corporativo,0.174000,0.000000,60481.330000,60481.504000
2026-06-30,BANCOM,grandes_empresas,4773.891000,6332.000000,92930.965000,104036.856000
2026-06-30,BANCOM,hipotecario,6554.204000,475.535000,94891.631000,101921.370000
2026-06-30,BANCOM,medianas_empresas,7830.778000,385.427000,39281.662000,47497.867000
2026-06-30,BANCOM,microempresas,2.758000,0.000000,193.526000,196.284000
2026-06-30,BANCOM,pequenas_empresas,7964.375000,0.766000,50380.300000,58345.441000
2026-06-30,BANK_OF_CHINA,corporativo,0.000000,0.000000,233130.800000,233130.800000
2026-06-30,BBVA,consumo,412442.352230,241712.924450,16038667.040180,16692822.316860
2026-06-30,BBVA,corporativo,16576.604000,4490.245000,22197235.413000,22218302.262000
2026-06-30,BBVA,grandes_empresas,291996.775000,203676.904000,11459047.351000,11954721.030000
2026-06-30,BBVA,hipotecario,307804.284000,419089.214000,18514275.361000,19241168.859000
2026-06-30,BBVA,medianas_empresas,739046.422000,192464.686000,5157070.313000,6088581.421000
2026-06-30,BBVA,microempresas,2243.933000,323.055000,43964.927000,46531.915000
2026-06-30,BBVA,pequenas_empresas,525744.428000,379423.829000,8268648.598000,9173816.855000
2026-06-30,BCI,corporativo,0.000000,0.000000,2366073.236000,2366073.236000
2026-06-30,BCI,grandes_empresas,0.000000,0.000000,125846.297000,125846.297000
2026-06-30,BCP,consumo,543406.559870,407061.400060,22679688.315910,23630156.275840
2026-06-30,BCP,corporativo,77083.322000,206871.587000,43637575.289000,43921530.198000
2026-06-30,BCP,grandes_empresas,98416.674000,148853.976000,12524839.569000,12772110.219000
2026-06-30,BCP,hipotecario,562842.658000,206242.795000,24230864.636000,24999950.089000
2026-06-30,BCP,medianas_empresas,140718.727000,119102.047000,6628282.492000,6888103.266000
2026-06-30,BCP,microempresas,17022.094000,716.648000,252036.596000,269775.338000
2026-06-30,BCP,pequenas_empresas,2176873.302000,554880.775000,17989346.351000,20721100.428000
2026-06-30,BIF,consumo,51098.967510,11888.898180,2385024.584510,2448012.450200
2026-06-30,BIF,corporativo,9443.860000,23327.795000,6006355.033000,6039126.688000
2026-06-30,BIF,grandes_empresas,38786.505000,83275.808000,1902634.828000,2024697.141000
2026-06-30,BIF,hipotecario,126701.852000,56590.580000,3532221.837000,3715514.269000
2026-06-30,BIF,medianas_empresas,63475.361000,24133.189000,1000209.576000,1087818.126000
2026-06-30,BIF,microempresas,169.108000,0.000000,504.497000,673.605000
2026-06-30,BIF,pequenas_empresas,202048.712000,5144.989000,243435.133000,450628.834000
2026-06-30,CITIBANK,corporativo,0.000000,0.000000,909020.826000,909020.826000
2026-06-30,CITIBANK,grandes_empresas,0.000000,0.000000,159525.935000,159525.935000
2026-06-30,CITIBANK,medianas_empresas,0.000000,0.000000,152593.111000,152593.111000
2026-06-30,CITIBANK,pequenas_empresas,0.000000,0.000000,225.314000,225.314000
2026-06-30,COMPARTAMOS,consumo,21686.367100,293.175670,877226.168440,899205.711210
2026-06-30,COMPARTAMOS,microempresas,107567.034000,584.021000,1828791.808000,1936942.863000
2026-06-30,COMPARTAMOS,pequenas_empresas,110730.588000,4624.698000,1942189.305000,2057544.591000
2026-06-30,EFECTIVA,consumo,24660.543380,40270.862900,864349.679880,929281.086160
2026-06-30,EFECTIVA,hipotecario,6911.268000,10.524000,289358.208000,296280.000000
2026-06-30,EFECTIVA,microempresas,10154.715000,1009.078000,65251.679000,76415.472000
2026-06-30,EFECTIVA,pequenas_empresas,7320.856000,1413.694000,112411.272000,121145.822000
2026-06-30,FALABELLA,consumo,95664.591060,36909.576350,3732684.314190,3865258.481600
2026-06-30,FALABELLA,grandes_empresas,0.000000,0.000000,10.041000,10.041000
2026-06-30,FALABELLA,microempresas,270.221000,0.000000,33.136000,303.357000
2026-06-30,FALABELLA,pequenas_empresas,831.596000,0.000000,648.025000,1479.621000
2026-06-30,GNB,consumo,14002.743400,2039.151330,2029635.111940,2045677.006670
2026-06-30,GNB,corporativo,0.000000,0.000000,1066473.146000,1066473.146000
2026-06-30,GNB,grandes_empresas,2114.199000,2032.896000,497316.094000,501463.189000
2026-06-30,GNB,hipotecario,30409.583000,13749.906000,529381.817000,573541.306000
2026-06-30,GNB,medianas_empresas,39095.321000,6390.269000,38588.810000,84074.400000
2026-06-30,GNB,pequenas_empresas,1702.418000,191.271000,3109.760000,5003.449000
2026-06-30,ICBC,corporativo,10230.000000,0.000000,1036187.065000,1046417.065000
2026-06-30,ICBC,grandes_empresas,2037.498000,0.000000,106516.408000,108553.906000
2026-06-30,ICBC,medianas_empresas,0.000000,0.000000,325.353000,325.353000
2026-06-30,INTERBANK,consumo,446275.680950,245472.290250,14933993.736980,15625741.708180
2026-06-30,INTERBANK,corporativo,4.232000,55567.369000,16682302.916000,16737874.517000
2026-06-30,INTERBANK,grandes_empresas,132219.260000,12143.969000,4189156.638000,4333519.867000
2026-06-30,INTERBANK,hipotecario,347216.899000,31948.740000,11402574.184000,11781739.823000
2026-06-30,INTERBANK,medianas_empresas,143633.177000,94499.381000,1618004.676000,1856137.234000
2026-06-30,INTERBANK,microempresas,862.106000,93.493000,6809.252000,7764.851000
2026-06-30,INTERBANK,pequenas_empresas,81769.001000,7916.365000,2218823.702000,2308509.068000
2026-06-30,MIBANCO,consumo,8588.931380,4936.588990,484487.939170,498013.459540
2026-06-30,MIBANCO,hipotecario,25957.559000,1278.770000,305556.593000,332792.922000
2026-06-30,MIBANCO,medianas_empresas,105.340000,0.000000,3073.957000,3179.297000
2026-06-30,MIBANCO,microempresas,69931.031000,17173.168000,1812773.465000,1899877.664000
2026-06-30,MIBANCO,pequenas_empresas,461992.864000,127069.229000,11230523.777000,11819585.870000
2026-06-30,PICHINCHA,consumo,66283.429490,117546.760040,2243870.682350,2427700.871880
2026-06-30,PICHINCHA,corporativo,2485.957000,9648.640000,1679541.793000,1691676.390000
2026-06-30,PICHINCHA,grandes_empresas,9720.555000,5593.567000,586410.752000,601724.874000
2026-06-30,PICHINCHA,hipotecario,76530.909000,1852.697000,1514694.001000,1593077.607000
2026-06-30,PICHINCHA,medianas_empresas,52676.273000,7188.018000,358123.446000,417987.737000
2026-06-30,PICHINCHA,microempresas,455.961000,139.649000,384.028000,979.638000
2026-06-30,PICHINCHA,pequenas_empresas,119074.457000,5433.220000,44029.503000,168537.180000
2026-06-30,RIPLEY,consumo,45784.668740,24024.996100,1444048.358540,1513858.023380
2026-06-30,SANTANDER,consumo,1362.066590,0.000000,23633.570820,24995.637410
2026-06-30,SANTANDER,corporativo,0.975000,110007.147000,3415050.096000,3525058.218000
2026-06-30,SANTANDER,grandes_empresas,34596.692000,32486.876000,1509145.391000,1576228.959000
2026-06-30,SANTANDER,medianas_empresas,105998.097000,3730.626000,184571.865000,294300.588000
2026-06-30,SANTANDER,pequenas_empresas,938.634000,0.000000,511.500000,1450.134000
2026-06-30,SANTANDER_CONSUMER,consumo,83688.225850,126358.399380,2274256.764830,2484303.390060
2026-06-30,SANTANDER_CONSUMER,hipotecario,1138.070000,0.000000,66865.038000,68003.108000
2026-06-30,SANTANDER_CONSUMER,microempresas,1610.512000,570.379000,407.512000,2588.403000
2026-06-30,SANTANDER_CONSUMER,pequenas_empresas,689.196000,1094.798000,841.613000,2625.607000
2026-06-30,SCOTIABANK,consumo,233228.117070,368377.603700,10423567.178540,11025172.899310
2026-06-30,SCOTIABANK,corporativo,6935.154000,229946.722000,14691184.913000,14928066.789000
2026-06-30,SCOTIABANK,grandes_empresas,99940.937000,24342.276000,3863338.416000,3987621.629000
2026-06-30,SCOTIABANK,hipotecario,304947.363000,480648.477000,10738589.827000,11524185.667000
2026-06-30,SCOTIABANK,medianas_empresas,440204.646000,89436.002000,1977591.094000,2507231.742000
2026-06-30,SCOTIABANK,microempresas,2225.410000,884.846000,808.966000,3919.222000
2026-06-30,SCOTIABANK,pequenas_empresas,723732.953000,662455.280000,4765520.997000,6151709.230000
2026-07-31,ALFIN,consumo,25234.360460,8388.639870,767354.958630,800977.958960
2026-07-31,ALFIN,corporativo,0.000000,0.000000,145243.887000,145243.887000
2026-07-31,ALFIN,grandes_empresas,1097.279000,0.000000,101085.633000,102182.912000
2026-07-31,ALFIN,medianas_empresas,2889.085000,0.000000,45903.670000,48792.755000
2026-07-31,ALFIN,microempresas,8.538000,0.000000,8.436000,16.974000
2026-07-31,ALFIN,pequenas_empresas,318.816000,0.000000,6087.764000,6406.580000
2026-07-31,BANCOM,consumo,52765.289210,44218.278350,1341861.801110,1438845.368670
2026-07-31,BANCOM,corporativo,0.174000,0.000000,86315.623000,86315.797000
2026-07-31,BANCOM,grandes_empresas,4765.370000,6252.000000,95710.662000,106728.032000
2026-07-31,BANCOM,hipotecario,7251.838000,474.605000,93683.982000,101410.425000
2026-07-31,BANCOM,medianas_empresas,8021.771000,377.211000,35332.359000,43731.341000
2026-07-31,BANCOM,microempresas,2.756000,0.000000,77.145000,79.901000
2026-07-31,BANCOM,pequenas_empresas,8642.965000,0.700000,54062.499000,62706.164000
2026-07-31,BANK_OF_CHINA,corporativo,0.000000,0.000000,357308.480000,357308.480000
2026-07-31,BBVA,consumo,434523.819110,240763.955460,16135601.216200,16810888.990770
2026-07-31,BBVA,corporativo,36859.038000,4531.756000,21928440.690000,21969831.484000
2026-07-31,BBVA,grandes_empresas,325380.089000,153383.438000,11539863.641000,12018627.168000
2026-07-31,BBVA,hipotecario,309140.721000,418508.385000,18573293.598000,19300942.704000
2026-07-31,BBVA,medianas_empresas,333302.847000,154511.000000,5224869.244000,5712683.091000
2026-07-31,BBVA,microempresas,2328.711000,286.579000,30015.173000,32630.463000
2026-07-31,BBVA,pequenas_empresas,956518.542000,393961.275000,8344127.023000,9694606.840000
2026-07-31,BCI,corporativo,0.000000,0.000000,2383255.262000,2383255.262000
2026-07-31,BCI,grandes_empresas,0.000000,0.000000,122218.714000,122218.714000
2026-07-31,BCP,consumo,557675.601520,397371.172620,23390873.401540,24345920.175680
2026-07-31,BCP,corporativo,73421.241000,196874.503000,44723656.900000,44993952.644000
2026-07-31,BCP,grandes_empresas,90984.937000,95664.949000,12709638.427000,12896288.313000
2026-07-31,BCP,hipotecario,552668.395000,204975.872000,24403654.711000,25161298.978000
2026-07-31,BCP,medianas_empresas,141815.639000,116309.120000,6904168.070000,7162292.829000
2026-07-31,BCP,microempresas,19477.846000,708.145000,279381.972000,299567.963000
2026-07-31,BCP,pequenas_empresas,2189295.137000,586360.670000,18434909.535000,21210565.342000
2026-07-31,BIF,consumo,51809.269470,11231.924330,2439025.751670,2502066.945470
2026-07-31,BIF,corporativo,9407.828000,21450.000000,5970051.352000,6000909.180000
2026-07-31,BIF,grandes_empresas,37523.216000,81901.999000,1897721.652000,2017146.867000
2026-07-31,BIF,hipotecario,125482.343000,56862.040000,3556187.522000,3738531.905000
2026-07-31,BIF,medianas_empresas,63033.987000,23308.184000,912632.298000,998974.469000
2026-07-31,BIF,microempresas,178.039000,0.000000,389.362000,567.401000
2026-07-31,BIF,pequenas_empresas,198081.893000,4855.491000,231259.728000,434197.112000
2026-07-31,CITIBANK,corporativo,0.000000,0.000000,1321059.373000,1321059.373000
2026-07-31,CITIBANK,grandes_empresas,0.000000,0.000000,45732.668000,45732.668000
2026-07-31,CITIBANK,medianas_empresas,0.000000,0.000000,244063.356000,244063.356000
2026-07-31,CITIBANK,microempresas,0.000000,0.000000,68865.417000,68865.417000
2026-07-31,CITIBANK,pequenas_empresas,0.000000,0.000000,110.654000,110.654000
2026-07-31,COMPARTAMOS,consumo,22650.970430,289.853840,887229.119900,910169.944170
2026-07-31,COMPARTAMOS,microempresas,113683.535000,543.888000,1812214.120000,1926441.543000
2026-07-31,COMPARTAMOS,pequenas_empresas,112673.014000,4637.530000,1953187.498000,2070498.042000
2026-07-31,EFECTIVA,consumo,26177.647920,41484.807030,867639.748340,935302.203290
2026-07-31,EFECTIVA,hipotecario,7002.553000,10.524000,290723.789000,297736.866000
2026-07-31,EFECTIVA,microempresas,9086.688000,1035.444000,65926.018000,76048.150000
2026-07-31,EFECTIVA,pequenas_empresas,6648.230000,1435.564000,115483.668000,123567.462000
2026-07-31,FALABELLA,consumo,92092.293350,36531.596410,3805870.415320,3934494.305080
2026-07-31,FALABELLA,microempresas,283.312000,0.000000,25.809000,309.121000
2026-07-31,FALABELLA,pequenas_empresas,846.546000,0.000000,463.396000,1309.942000
2026-07-31,GNB,consumo,14102.928020,1962.441350,2052583.267760,2068648.637130
2026-07-31,GNB,corporativo,0.000000,0.000000,1121940.595000,1121940.595000
2026-07-31,GNB,grandes_empresas,1222.559000,3248.424000,501136.265000,505607.248000
2026-07-31,GNB,hipotecario,27696.935000,13741.059000,530749.008000,572187.002000
2026-07-31,GNB,medianas_empresas,38498.177000,6343.851000,39754.521000,84596.549000
2026-07-31,GNB,pequenas_empresas,1851.954000,40.713000,3395.566000,5288.233000
2026-07-31,ICBC,corporativo,10188.000000,0.000000,1056915.770000,1067103.770000
2026-07-31,ICBC,grandes_empresas,2029.133000,0.000000,106877.678000,108906.811000
2026-07-31,INTERBANK,consumo,449965.594160,243192.422840,15142013.056350,15835171.073350
2026-07-31,INTERBANK,corporativo,37.901000,55567.369000,16786977.869000,16842583.139000
2026-07-31,INTERBANK,grandes_empresas,142627.569000,4169.828000,4266235.081000,4413032.478000
2026-07-31,INTERBANK,hipotecario,347715.428000,32633.024000,11439044.546000,11819392.998000
2026-07-31,INTERBANK,medianas_empresas,145194.154000,79081.524000,1620157.913000,1844433.591000
2026-07-31,INTERBANK,microempresas,907.189000,95.446000,6728.161000,7730.796000
2026-07-31,INTERBANK,pequenas_empresas,85292.099000,8860.698000,2275042.625000,2369195.422000
2026-07-31,MIBANCO,consumo,9449.157460,4922.295850,502563.070650,516934.523960
2026-07-31,MIBANCO,hipotecario,25580.129000,1253.868000,302048.248000,328882.245000
2026-07-31,MIBANCO,medianas_empresas,0.000000,0.000000,4111.297000,4111.297000
2026-07-31,MIBANCO,microempresas,72638.518000,18034.759000,1837874.939000,1928548.216000
2026-07-31,MIBANCO,pequenas_empresas,465756.633000,130211.626000,11430576.409000,12026544.668000
2026-07-31,PICHINCHA,consumo,66573.126600,113806.412560,2183024.723190,2363404.262350
2026-07-31,PICHINCHA,corporativo,0.242000,9168.915000,1643080.338000,1652249.495000
2026-07-31,PICHINCHA,grandes_empresas,289.000000,2781.877000,638199.491000,641270.368000
2026-07-31,PICHINCHA,hipotecario,76444.594000,1840.762000,1519034.418000,1597319.774000
2026-07-31,PICHINCHA,medianas_empresas,51222.189000,6085.542000,428329.167000,485636.898000
2026-07-31,PICHINCHA,microempresas,400.665000,141.355000,364.472000,906.492000
2026-07-31,PICHINCHA,pequenas_empresas,135302.324000,5697.767000,55926.944000,196927.035000
2026-07-31,RIPLEY,consumo,48570.436260,23144.537760,1443812.936010,1515527.910030
2026-07-31,SANTANDER,consumo,1454.690070,0.000000,22025.021450,23479.711520
2026-07-31,SANTANDER,corporativo,1.222000,109569.647000,3466348.478000,3575919.347000
2026-07-31,SANTANDER,grandes_empresas,34434.934000,32112.573000,1622455.694000,1689003.201000
2026-07-31,SANTANDER,medianas_empresas,101787.808000,2276.980000,171405.994000,275470.782000
2026-07-31,SANTANDER,pequenas_empresas,938.634000,0.000000,509.400000,1448.034000
2026-07-31,SANTANDER_CONSUMER,consumo,97464.266440,119686.718630,2298255.811920,2515406.796990
2026-07-31,SANTANDER_CONSUMER,hipotecario,1105.059000,0.000000,70450.438000,71555.497000
2026-07-31,SANTANDER_CONSUMER,microempresas,1572.601000,544.661000,372.561000,2489.823000
2026-07-31,SANTANDER_CONSUMER,pequenas_empresas,686.968000,1038.438000,826.483000,2551.889000
2026-07-31,SCOTIABANK,consumo,232847.342050,356728.724450,10532286.903270,11121862.969770
2026-07-31,SCOTIABANK,corporativo,6908.169000,229045.411000,15160797.705000,15396751.285000
2026-07-31,SCOTIABANK,grandes_empresas,96069.614000,21864.038000,3913476.816000,4031410.468000
2026-07-31,SCOTIABANK,hipotecario,308629.548000,474959.977000,10761792.756000,11545382.281000
2026-07-31,SCOTIABANK,medianas_empresas,438553.103000,84176.125000,1928495.006000,2451224.234000
2026-07-31,SCOTIABANK,microempresas,2193.217000,923.876000,853.983000,3971.076000
2026-07-31,SCOTIABANK,pequenas_empresas,734254.670000,658061.908000,4852547.506000,6244864.084000
