fecha,entidad_id,tipo_credito,castigos
2016-01-31,ALFIN,consumo,13797.811000
2016-01-31,BCP,consumo,36527.969000
2016-01-31,BCP,medianas_empresas,42.503000
2016-01-31,BCP,microempresas,591.878000
2016-01-31,BCP,pequenas_empresas,1081.066000
2016-01-31,BIF,consumo,3258.173000
2016-01-31,BIF,medianas_empresas,7891.672000
2016-01-31,BIF,microempresas,66.157000
2016-01-31,BIF,pequenas_empresas,729.329000
2016-01-31,CENCOSUD,consumo,5639.709000
2016-01-31,FALABELLA,consumo,21691.057000
2016-01-31,GNB,consumo,5626.939000
2016-01-31,INTERBANK,consumo,55079.866000
2016-01-31,INTERBANK,microempresas,758.065000
2016-01-31,INTERBANK,pequenas_empresas,2086.322000
2016-01-31,MIBANCO,consumo,2317.205000
2016-01-31,MIBANCO,medianas_empresas,272.801000
2016-01-31,MIBANCO,microempresas,7220.365000
2016-01-31,MIBANCO,pequenas_empresas,18452.873000
2016-01-31,PICHINCHA,consumo,5421.383000
2016-01-31,PICHINCHA,medianas_empresas,1459.484000
2016-01-31,PICHINCHA,microempresas,430.823000
2016-01-31,PICHINCHA,pequenas_empresas,2488.579000
2016-01-31,RIPLEY,consumo,11618.084000
2016-01-31,SCOTIABANK,consumo,21797.280000
2016-01-31,SCOTIABANK,medianas_empresas,11152.852000
2016-01-31,SCOTIABANK,microempresas,299.309000
2016-01-31,SCOTIABANK,pequenas_empresas,8540.759000
2016-02-29,ALFIN,consumo,13183.459000
2016-02-29,BANCOM,consumo,4.932000
2016-02-29,BCP,consumo,93891.613000
2016-02-29,BCP,grandes_empresas,3471.054000
2016-02-29,BCP,medianas_empresas,3815.406000
2016-02-29,BCP,microempresas,548.559000
2016-02-29,BCP,pequenas_empresas,55342.621000
2016-02-29,BIF,consumo,3958.127000
2016-02-29,BIF,medianas_empresas,1108.164000
2016-02-29,BIF,microempresas,19.555000
2016-02-29,BIF,pequenas_empresas,564.486000
2016-02-29,CENCOSUD,consumo,6978.805000
2016-02-29,FALABELLA,consumo,26304.074000
2016-02-29,GNB,consumo,4716.247000
2016-02-29,INTERBANK,consumo,54473.378000
2016-02-29,INTERBANK,pequenas_empresas,1856.353000
2016-02-29,MIBANCO,consumo,2199.385000
2016-02-29,MIBANCO,medianas_empresas,552.241000
2016-02-29,MIBANCO,microempresas,7183.503000
2016-02-29,MIBANCO,pequenas_empresas,21671.259000
2016-02-29,PICHINCHA,consumo,5844.081000
2016-02-29,PICHINCHA,medianas_empresas,266.426000
2016-02-29,PICHINCHA,microempresas,215.743000
2016-02-29,PICHINCHA,pequenas_empresas,1814.982000
2016-02-29,RIPLEY,consumo,12519.267000
2016-02-29,SCOTIABANK,consumo,16524.887000
2016-02-29,SCOTIABANK,medianas_empresas,1934.931000
2016-02-29,SCOTIABANK,microempresas,428.379000
2016-02-29,SCOTIABANK,pequenas_empresas,5193.092000
2016-03-31,ALFIN,consumo,12811.317000
2016-03-31,BCP,consumo,65333.461000
2016-03-31,BCP,medianas_empresas,933.318000
2016-03-31,BCP,microempresas,375.701000
2016-03-31,BCP,pequenas_empresas,19858.770000
2016-03-31,BIF,consumo,4121.637000
2016-03-31,BIF,medianas_empresas,5391.622000
2016-03-31,BIF,microempresas,16.084000
2016-03-31,BIF,pequenas_empresas,1005.054000
2016-03-31,CENCOSUD,consumo,7349.430000
2016-03-31,FALABELLA,consumo,21260.261000
2016-03-31,GNB,consumo,3961.251000
2016-03-31,GNB,medianas_empresas,3056.373000
2016-03-31,INTERBANK,consumo,57205.792000
2016-03-31,INTERBANK,pequenas_empresas,2720.406000
2016-03-31,MIBANCO,consumo,1598.255000
2016-03-31,MIBANCO,medianas_empresas,238.897000
2016-03-31,MIBANCO,microempresas,5877.201000
2016-03-31,MIBANCO,pequenas_empresas,15531.330000
2016-03-31,PICHINCHA,consumo,6547.299000
2016-03-31,PICHINCHA,hipotecario,81.007000
2016-03-31,PICHINCHA,medianas_empresas,8841.918000
2016-03-31,PICHINCHA,microempresas,491.724000
2016-03-31,PICHINCHA,pequenas_empresas,3177.777000
2016-03-31,RIPLEY,consumo,13503.105000
2016-03-31,SCOTIABANK,consumo,25496.791000
2016-03-31,SCOTIABANK,medianas_empresas,3956.740000
2016-03-31,SCOTIABANK,microempresas,360.968000
2016-03-31,SCOTIABANK,pequenas_empresas,11937.458000
2016-04-30,ALFIN,consumo,12850.887000
2016-04-30,BCP,consumo,63979.018000
2016-04-30,BCP,medianas_empresas,3367.056000
2016-04-30,BCP,microempresas,464.298000
2016-04-30,BCP,pequenas_empresas,23948.381000
2016-04-30,BIF,consumo,4183.736000
2016-04-30,BIF,grandes_empresas,5769.030000
2016-04-30,BIF,medianas_empresas,2718.504000
2016-04-30,BIF,microempresas,21.195000
2016-04-30,BIF,pequenas_empresas,579.912000
2016-04-30,CENCOSUD,consumo,6719.806000
2016-04-30,CITIBANK,consumo,19177.014000
2016-04-30,FALABELLA,consumo,22094.320000
2016-04-30,GNB,consumo,5158.646000
2016-04-30,INTERBANK,consumo,76457.635000
2016-04-30,INTERBANK,microempresas,2315.413000
2016-04-30,INTERBANK,pequenas_empresas,2208.306000
2016-04-30,MIBANCO,consumo,1979.668000
2016-04-30,MIBANCO,medianas_empresas,419.167000
2016-04-30,MIBANCO,microempresas,6600.343000
2016-04-30,MIBANCO,pequenas_empresas,16069.993000
2016-04-30,PICHINCHA,consumo,3868.144000
2016-04-30,PICHINCHA,medianas_empresas,3589.265000
2016-04-30,PICHINCHA,microempresas,355.785000
2016-04-30,PICHINCHA,pequenas_empresas,1992.861000
2016-04-30,RIPLEY,consumo,12980.166000
2016-04-30,SCOTIABANK,consumo,28895.949000
2016-04-30,SCOTIABANK,hipotecario,43.296000
2016-04-30,SCOTIABANK,medianas_empresas,1880.690000
2016-04-30,SCOTIABANK,microempresas,221.077000
2016-04-30,SCOTIABANK,pequenas_empresas,9106.971000
2016-05-31,ALFIN,consumo,12734.573000
2016-05-31,BANCOM,consumo,2866.307000
2016-05-31,BANCOM,medianas_empresas,1852.036000
2016-05-31,BANCOM,microempresas,200.396000
2016-05-31,BANCOM,pequenas_empresas,369.569000
2016-05-31,BCP,consumo,62829.067000
2016-05-31,BCP,corporativo,8010.599000
2016-05-31,BCP,grandes_empresas,1130.098000
2016-05-31,BCP,hipotecario,54.411000
2016-05-31,BCP,medianas_empresas,5547.187000
2016-05-31,BCP,microempresas,645.038000
2016-05-31,BCP,pequenas_empresas,23735.229000
2016-05-31,BIF,consumo,3297.559000
2016-05-31,BIF,medianas_empresas,6247.019000
2016-05-31,BIF,microempresas,33.788000
2016-05-31,BIF,pequenas_empresas,1510.922000
2016-05-31,CENCOSUD,consumo,6669.485000
2016-05-31,FALABELLA,consumo,22769.732000
2016-05-31,GNB,consumo,4958.274000
2016-05-31,INTERBANK,consumo,45944.660000
2016-05-31,INTERBANK,microempresas,1062.180000
2016-05-31,INTERBANK,pequenas_empresas,2246.141000
2016-05-31,MIBANCO,consumo,1988.899000
2016-05-31,MIBANCO,medianas_empresas,526.470000
2016-05-31,MIBANCO,microempresas,5835.082000
2016-05-31,MIBANCO,pequenas_empresas,14098.923000
2016-05-31,PICHINCHA,consumo,3869.868000
2016-05-31,PICHINCHA,medianas_empresas,3593.994000
2016-05-31,PICHINCHA,microempresas,355.785000
2016-05-31,PICHINCHA,pequenas_empresas,1992.861000
2016-05-31,RIPLEY,consumo,28976.453000
2016-05-31,SCOTIABANK,consumo,22533.931000
2016-05-31,SCOTIABANK,medianas_empresas,5099.914000
2016-05-31,SCOTIABANK,microempresas,345.371000
2016-05-31,SCOTIABANK,pequenas_empresas,6832.189000
2016-06-30,ALFIN,consumo,7337.861000
2016-06-30,BANCOM,consumo,2088.496000
2016-06-30,BANCOM,grandes_empresas,2540.785000
2016-06-30,BANCOM,medianas_empresas,338.529000
2016-06-30,BANCOM,pequenas_empresas,85.032000
2016-06-30,BCP,consumo,77959.161000
2016-06-30,BCP,corporativo,69891.250000
2016-06-30,BCP,medianas_empresas,708.026000
2016-06-30,BCP,microempresas,483.066000
2016-06-30,BCP,pequenas_empresas,32824.473000
2016-06-30,BIF,consumo,3159.711000
2016-06-30,BIF,medianas_empresas,1391.087000
2016-06-30,BIF,pequenas_empresas,391.418000
2016-06-30,CENCOSUD,consumo,8509.550000
2016-06-30,FALABELLA,consumo,22499.179000
2016-06-30,GNB,consumo,4291.638000
2016-06-30,GNB,medianas_empresas,1659.075000
2016-06-30,INTERBANK,consumo,57618.493000
2016-06-30,INTERBANK,microempresas,73.658000
2016-06-30,INTERBANK,pequenas_empresas,2438.333000
2016-06-30,MIBANCO,consumo,2300.870000
2016-06-30,MIBANCO,hipotecario,763.978000
2016-06-30,MIBANCO,medianas_empresas,343.171000
2016-06-30,MIBANCO,microempresas,10850.950000
2016-06-30,MIBANCO,pequenas_empresas,18627.387000
2016-06-30,PICHINCHA,consumo,7781.577000
2016-06-30,PICHINCHA,medianas_empresas,1279.451000
2016-06-30,PICHINCHA,microempresas,677.184000
2016-06-30,PICHINCHA,pequenas_empresas,4953.151000
2016-06-30,RIPLEY,consumo,16246.302000
2016-06-30,SCOTIABANK,consumo,22996.836000
2016-06-30,SCOTIABANK,grandes_empresas,11661.626000
2016-06-30,SCOTIABANK,hipotecario,71.462000
2016-06-30,SCOTIABANK,medianas_empresas,1341.365000
2016-06-30,SCOTIABANK,microempresas,297.340000
2016-06-30,SCOTIABANK,pequenas_empresas,7706.675000
2016-07-31,ALFIN,consumo,8502.268000
2016-07-31,BANCOM,consumo,0.400000
2016-07-31,BCP,consumo,72574.010000
2016-07-31,BCP,grandes_empresas,1124.434000
2016-07-31,BCP,medianas_empresas,3165.228000
2016-07-31,BCP,microempresas,529.079000
2016-07-31,BCP,pequenas_empresas,27659.143000
2016-07-31,BIF,consumo,3955.487000
2016-07-31,BIF,medianas_empresas,1068.021000
2016-07-31,BIF,microempresas,33.231000
2016-07-31,BIF,pequenas_empresas,380.098000
2016-07-31,CENCOSUD,consumo,9637.350000
2016-07-31,FALABELLA,consumo,25583.812000
2016-07-31,GNB,consumo,4913.250000
2016-07-31,INTERBANK,consumo,74382.826000
2016-07-31,INTERBANK,microempresas,95.874000
2016-07-31,INTERBANK,pequenas_empresas,1946.280000
2016-07-31,MIBANCO,consumo,2367.675000
2016-07-31,MIBANCO,hipotecario,220.711000
2016-07-31,MIBANCO,medianas_empresas,323.499000
2016-07-31,MIBANCO,microempresas,6959.219000
2016-07-31,MIBANCO,pequenas_empresas,14804.631000
2016-07-31,PICHINCHA,consumo,6422.678000
2016-07-31,PICHINCHA,medianas_empresas,894.238000
2016-07-31,PICHINCHA,microempresas,482.630000
2016-07-31,PICHINCHA,pequenas_empresas,1937.269000
2016-07-31,RIPLEY,consumo,1441.803000
2016-07-31,SCOTIABANK,consumo,20870.635000
2016-07-31,SCOTIABANK,hipotecario,169.198000
2016-07-31,SCOTIABANK,medianas_empresas,659.644000
2016-07-31,SCOTIABANK,microempresas,322.316000
2016-07-31,SCOTIABANK,pequenas_empresas,9852.553000
2016-08-31,ALFIN,consumo,6506.255000
2016-08-31,BANCOM,consumo,4.016000
2016-08-31,BCP,consumo,65222.637000
2016-08-31,BCP,hipotecario,46.043000
2016-08-31,BCP,medianas_empresas,1684.834000
2016-08-31,BCP,microempresas,427.340000
2016-08-31,BCP,pequenas_empresas,27018.828000
2016-08-31,BIF,consumo,4588.284000
2016-08-31,BIF,medianas_empresas,633.193000
2016-08-31,BIF,microempresas,19.464000
2016-08-31,BIF,pequenas_empresas,183.958000
2016-08-31,CENCOSUD,consumo,9945.453000
2016-08-31,FALABELLA,consumo,25050.827000
2016-08-31,GNB,consumo,3090.643000
2016-08-31,INTERBANK,consumo,59499.508000
2016-08-31,INTERBANK,microempresas,315.744000
2016-08-31,INTERBANK,pequenas_empresas,2347.332000
2016-08-31,MIBANCO,consumo,2381.875000
2016-08-31,MIBANCO,hipotecario,91.409000
2016-08-31,MIBANCO,medianas_empresas,457.615000
2016-08-31,MIBANCO,microempresas,7377.256000
2016-08-31,MIBANCO,pequenas_empresas,15544.548000
2016-08-31,PICHINCHA,consumo,4822.606000
2016-08-31,PICHINCHA,medianas_empresas,2389.413000
2016-08-31,PICHINCHA,microempresas,377.667000
2016-08-31,PICHINCHA,pequenas_empresas,2038.253000
2016-08-31,RIPLEY,consumo,30826.722000
2016-08-31,SCOTIABANK,consumo,34105.961000
2016-08-31,SCOTIABANK,medianas_empresas,5911.786000
2016-08-31,SCOTIABANK,microempresas,471.323000
2016-08-31,SCOTIABANK,pequenas_empresas,10810.794000
2016-09-30,ALFIN,consumo,6027.770000
2016-09-30,BANCOM,consumo,2198.888000
2016-09-30,BANCOM,grandes_empresas,2131.813000
2016-09-30,BANCOM,medianas_empresas,4096.888000
2016-09-30,BANCOM,microempresas,46.811000
2016-09-30,BANCOM,pequenas_empresas,213.164000
2016-09-30,BCP,consumo,75046.105000
2016-09-30,BCP,grandes_empresas,1402.184000
2016-09-30,BCP,medianas_empresas,6780.911000
2016-09-30,BCP,microempresas,390.658000
2016-09-30,BCP,pequenas_empresas,25839.861000
2016-09-30,BIF,consumo,4307.803000
2016-09-30,BIF,medianas_empresas,817.015000
2016-09-30,BIF,microempresas,25.949000
2016-09-30,BIF,pequenas_empresas,385.401000
2016-09-30,CENCOSUD,consumo,9252.637000
2016-09-30,FALABELLA,consumo,27918.517000
2016-09-30,GNB,consumo,4038.407000
2016-09-30,GNB,medianas_empresas,2334.522000
2016-09-30,GNB,microempresas,0.753000
2016-09-30,GNB,pequenas_empresas,8.857000
2016-09-30,INTERBANK,consumo,76036.243000
2016-09-30,INTERBANK,pequenas_empresas,2372.836000
2016-09-30,MIBANCO,consumo,2439.142000
2016-09-30,MIBANCO,hipotecario,823.689000
2016-09-30,MIBANCO,medianas_empresas,387.691000
2016-09-30,MIBANCO,microempresas,7440.144000
2016-09-30,MIBANCO,pequenas_empresas,14955.521000
2016-09-30,PICHINCHA,consumo,4225.198000
2016-09-30,PICHINCHA,medianas_empresas,2609.548000
2016-09-30,PICHINCHA,microempresas,468.543000
2016-09-30,PICHINCHA,pequenas_empresas,1999.336000
2016-09-30,RIPLEY,consumo,20770.877000
2016-09-30,SCOTIABANK,consumo,27850.440000
2016-09-30,SCOTIABANK,hipotecario,28.531000
2016-09-30,SCOTIABANK,medianas_empresas,4317.292000
2016-09-30,SCOTIABANK,microempresas,451.461000
2016-09-30,SCOTIABANK,pequenas_empresas,10478.794000
2016-10-31,ALFIN,consumo,4619.988000
2016-10-31,BANCOM,consumo,3.258000
2016-10-31,BCP,consumo,61624.790000
2016-10-31,BCP,grandes_empresas,245.889000
2016-10-31,BCP,hipotecario,132.415000
2016-10-31,BCP,medianas_empresas,4023.784000
2016-10-31,BCP,microempresas,581.336000
2016-10-31,BCP,pequenas_empresas,24146.269000
2016-10-31,BIF,consumo,4860.937000
2016-10-31,BIF,microempresas,14.926000
2016-10-31,BIF,pequenas_empresas,321.211000
2016-10-31,CENCOSUD,consumo,11061.126000
2016-10-31,FALABELLA,consumo,27974.235000
2016-10-31,GNB,consumo,3636.994000
2016-10-31,GNB,medianas_empresas,308.508000
2016-10-31,GNB,microempresas,44.362000
2016-10-31,GNB,pequenas_empresas,249.445000
2016-10-31,INTERBANK,consumo,48920.168000
2016-10-31,INTERBANK,microempresas,1102.443000
2016-10-31,INTERBANK,pequenas_empresas,3397.185000
2016-10-31,MIBANCO,consumo,1901.113000
2016-10-31,MIBANCO,medianas_empresas,181.138000
2016-10-31,MIBANCO,microempresas,6854.456000
2016-10-31,MIBANCO,pequenas_empresas,15125.172000
2016-10-31,PICHINCHA,consumo,10495.505000
2016-10-31,PICHINCHA,medianas_empresas,3543.636000
2016-10-31,PICHINCHA,microempresas,589.060000
2016-10-31,PICHINCHA,pequenas_empresas,3580.797000
2016-10-31,RIPLEY,consumo,14477.204000
2016-10-31,SCOTIABANK,consumo,23177.444000
2016-10-31,SCOTIABANK,medianas_empresas,1151.345000
2016-10-31,SCOTIABANK,microempresas,212.798000
2016-10-31,SCOTIABANK,pequenas_empresas,5834.458000
2016-11-30,ALFIN,consumo,4288.369000
2016-11-30,BANCOM,consumo,5.154000
2016-11-30,BCP,consumo,58911.402000
2016-11-30,BCP,hipotecario,61.327000
2016-11-30,BCP,medianas_empresas,1574.183000
2016-11-30,BCP,microempresas,415.765000
2016-11-30,BCP,pequenas_empresas,19596.621000
2016-11-30,BIF,consumo,3988.586000
2016-11-30,BIF,grandes_empresas,142.508000
2016-11-30,BIF,medianas_empresas,4279.972000
2016-11-30,BIF,microempresas,2.652000
2016-11-30,BIF,pequenas_empresas,1866.437000
2016-11-30,CENCOSUD,consumo,10130.368000
2016-11-30,FALABELLA,consumo,28368.338000
2016-11-30,GNB,consumo,3931.304000
2016-11-30,INTERBANK,consumo,66032.468000
2016-11-30,INTERBANK,pequenas_empresas,3484.627000
2016-11-30,MIBANCO,consumo,2101.438000
2016-11-30,MIBANCO,medianas_empresas,383.169000
2016-11-30,MIBANCO,microempresas,6423.221000
2016-11-30,MIBANCO,pequenas_empresas,14156.634000
2016-11-30,PICHINCHA,consumo,4727.310000
2016-11-30,PICHINCHA,medianas_empresas,1919.233000
2016-11-30,PICHINCHA,microempresas,361.420000
2016-11-30,PICHINCHA,pequenas_empresas,1655.640000
2016-11-30,RIPLEY,consumo,16589.320000
2016-11-30,SCOTIABANK,consumo,29933.751000
2016-11-30,SCOTIABANK,medianas_empresas,968.512000
2016-11-30,SCOTIABANK,microempresas,418.499000
2016-11-30,SCOTIABANK,pequenas_empresas,11137.865000
2016-12-31,ALFIN,consumo,2698.596000
2016-12-31,BANCOM,consumo,1869.330000
2016-12-31,BANCOM,pequenas_empresas,221.171000
2016-12-31,BCP,consumo,84913.366000
2016-12-31,BCP,hipotecario,82.823000
2016-12-31,BCP,medianas_empresas,2921.127000
2016-12-31,BCP,microempresas,447.731000
2016-12-31,BCP,pequenas_empresas,32939.796000
2016-12-31,BIF,consumo,7474.268000
2016-12-31,BIF,grandes_empresas,1558.460000
2016-12-31,BIF,medianas_empresas,1705.632000
2016-12-31,BIF,microempresas,29.874000
2016-12-31,BIF,pequenas_empresas,218.091000
2016-12-31,CENCOSUD,consumo,8008.091000
2016-12-31,FALABELLA,consumo,27346.192000
2016-12-31,GNB,consumo,4360.975000
2016-12-31,GNB,grandes_empresas,2584.529000
2016-12-31,GNB,hipotecario,451.985000
2016-12-31,GNB,medianas_empresas,2973.389000
2016-12-31,GNB,pequenas_empresas,38.494000
2016-12-31,ICBC,grandes_empresas,4518.000000
2016-12-31,INTERBANK,consumo,52607.284000
2016-12-31,INTERBANK,microempresas,208.238000
2016-12-31,INTERBANK,pequenas_empresas,2595.785000
2016-12-31,MIBANCO,consumo,2523.932000
2016-12-31,MIBANCO,medianas_empresas,705.092000
2016-12-31,MIBANCO,microempresas,7546.406000
2016-12-31,MIBANCO,pequenas_empresas,15912.044000
2016-12-31,PICHINCHA,consumo,10621.784000
2016-12-31,PICHINCHA,medianas_empresas,4952.717000
2016-12-31,PICHINCHA,microempresas,357.873000
2016-12-31,PICHINCHA,pequenas_empresas,1465.031000
2016-12-31,RIPLEY,consumo,524.881000
2016-12-31,SCOTIABANK,consumo,47317.297000
2016-12-31,SCOTIABANK,hipotecario,29.439000
2016-12-31,SCOTIABANK,medianas_empresas,5855.876000
2016-12-31,SCOTIABANK,microempresas,918.954000
2016-12-31,SCOTIABANK,pequenas_empresas,22571.401000
2017-01-31,ALFIN,consumo,5992.063000
2017-01-31,BANCOM,consumo,8.491000
2017-01-31,BCP,consumo,65033.688000
2017-01-31,BCP,hipotecario,1.001000
2017-01-31,BCP,medianas_empresas,4052.061000
2017-01-31,BCP,microempresas,373.207000
2017-01-31,BCP,pequenas_empresas,28724.750000
2017-01-31,BIF,consumo,4648.676000
2017-01-31,BIF,grandes_empresas,2989.970000
2017-01-31,BIF,medianas_empresas,4571.088000
2017-01-31,BIF,microempresas,78.822000
2017-01-31,BIF,pequenas_empresas,941.246000
2017-01-31,CENCOSUD,consumo,8774.185000
2017-01-31,FALABELLA,consumo,23755.221000
2017-01-31,GNB,consumo,3745.463000
2017-01-31,GNB,pequenas_empresas,237.367000
2017-01-31,INTERBANK,consumo,58290.683000
2017-01-31,INTERBANK,microempresas,152.041000
2017-01-31,INTERBANK,pequenas_empresas,5647.418000
2017-01-31,MIBANCO,consumo,2492.018000
2017-01-31,MIBANCO,medianas_empresas,207.902000
2017-01-31,MIBANCO,microempresas,9841.445000
2017-01-31,MIBANCO,pequenas_empresas,16451.392000
2017-01-31,PICHINCHA,consumo,5020.739000
2017-01-31,PICHINCHA,medianas_empresas,3363.652000
2017-01-31,PICHINCHA,microempresas,490.954000
2017-01-31,PICHINCHA,pequenas_empresas,1120.078000
2017-01-31,RIPLEY,consumo,16540.886000
2017-01-31,SCOTIABANK,consumo,24251.267000
2017-01-31,SCOTIABANK,medianas_empresas,1014.257000
2017-01-31,SCOTIABANK,microempresas,219.011000
2017-01-31,SCOTIABANK,pequenas_empresas,3700.585000
2017-02-28,ALFIN,consumo,6522.869000
2017-02-28,BANCOM,consumo,2907.362000
2017-02-28,BANCOM,microempresas,8.747000
2017-02-28,BANCOM,pequenas_empresas,106.528000
2017-02-28,BCP,consumo,69322.586000
2017-02-28,BCP,hipotecario,23.596000
2017-02-28,BCP,medianas_empresas,2013.277000
2017-02-28,BCP,microempresas,631.096000
2017-02-28,BCP,pequenas_empresas,20739.214000
2017-02-28,BIF,consumo,4843.597000
2017-02-28,BIF,grandes_empresas,521.002000
2017-02-28,BIF,medianas_empresas,5153.926000
2017-02-28,BIF,microempresas,14.158000
2017-02-28,BIF,pequenas_empresas,110.188000
2017-02-28,CENCOSUD,consumo,9838.022000
2017-02-28,FALABELLA,consumo,23997.222000
2017-02-28,GNB,consumo,2504.691000
2017-02-28,INTERBANK,consumo,65550.019000
2017-02-28,INTERBANK,microempresas,238.424000
2017-02-28,INTERBANK,pequenas_empresas,2083.376000
2017-02-28,MIBANCO,consumo,2067.792000
2017-02-28,MIBANCO,medianas_empresas,506.794000
2017-02-28,MIBANCO,microempresas,6475.273000
2017-02-28,MIBANCO,pequenas_empresas,12106.326000
2017-02-28,PICHINCHA,consumo,4888.808000
2017-02-28,PICHINCHA,medianas_empresas,12.121000
2017-02-28,PICHINCHA,microempresas,292.892000
2017-02-28,PICHINCHA,pequenas_empresas,1272.054000
2017-02-28,RIPLEY,consumo,17237.860000
2017-02-28,SCOTIABANK,consumo,23392.119000
2017-02-28,SCOTIABANK,medianas_empresas,323.950000
2017-02-28,SCOTIABANK,microempresas,149.107000
2017-02-28,SCOTIABANK,pequenas_empresas,3896.285000
2017-03-31,ALFIN,consumo,7035.247000
2017-03-31,BANCOM,consumo,564.401000
2017-03-31,BANCOM,medianas_empresas,460.827000
2017-03-31,BANCOM,pequenas_empresas,41.972000
2017-03-31,BCP,consumo,57506.910000
2017-03-31,BCP,hipotecario,72.159000
2017-03-31,BCP,medianas_empresas,401.823000
2017-03-31,BCP,microempresas,388.802000
2017-03-31,BCP,pequenas_empresas,15336.687000
2017-03-31,BIF,consumo,6178.998000
2017-03-31,BIF,medianas_empresas,3205.843000
2017-03-31,BIF,microempresas,512.151000
2017-03-31,BIF,pequenas_empresas,413.865000
2017-03-31,CENCOSUD,consumo,9840.771000
2017-03-31,FALABELLA,consumo,30454.340000
2017-03-31,GNB,consumo,4857.126000
2017-03-31,GNB,pequenas_empresas,242.727000
2017-03-31,INTERBANK,consumo,72192.473000
2017-03-31,INTERBANK,microempresas,29.256000
2017-03-31,INTERBANK,pequenas_empresas,2127.699000
2017-03-31,MIBANCO,consumo,2757.723000
2017-03-31,MIBANCO,medianas_empresas,517.894000
2017-03-31,MIBANCO,microempresas,7746.911000
2017-03-31,MIBANCO,pequenas_empresas,14759.746000
2017-03-31,PICHINCHA,consumo,5078.380000
2017-03-31,PICHINCHA,medianas_empresas,1537.550000
2017-03-31,PICHINCHA,microempresas,352.635000
2017-03-31,PICHINCHA,pequenas_empresas,1133.820000
2017-03-31,RIPLEY,consumo,17141.189000
2017-03-31,SCOTIABANK,consumo,34153.994000
2017-03-31,SCOTIABANK,medianas_empresas,895.362000
2017-03-31,SCOTIABANK,microempresas,241.284000
2017-03-31,SCOTIABANK,pequenas_empresas,6080.741000
2017-04-30,ALFIN,consumo,8494.599000
2017-04-30,BANCOM,consumo,4.689000
2017-04-30,BCP,consumo,69491.450000
2017-04-30,BCP,hipotecario,17.681000
2017-04-30,BCP,medianas_empresas,3286.985000
2017-04-30,BCP,microempresas,387.649000
2017-04-30,BCP,pequenas_empresas,21283.374000
2017-04-30,BIF,consumo,2562.388000
2017-04-30,BIF,grandes_empresas,4779.006000
2017-04-30,BIF,medianas_empresas,2461.687000
2017-04-30,BIF,pequenas_empresas,759.097000
2017-04-30,CENCOSUD,consumo,8551.139000
2017-04-30,FALABELLA,consumo,30120.591000
2017-04-30,GNB,consumo,3789.218000
2017-04-30,GNB,pequenas_empresas,72.840000
2017-04-30,INTERBANK,consumo,72066.362000
2017-04-30,INTERBANK,microempresas,1538.296000
2017-04-30,INTERBANK,pequenas_empresas,2240.876000
2017-04-30,MIBANCO,consumo,2749.761000
2017-04-30,MIBANCO,medianas_empresas,524.541000
2017-04-30,MIBANCO,microempresas,8241.053000
2017-04-30,MIBANCO,pequenas_empresas,17549.513000
2017-04-30,PICHINCHA,consumo,4598.279000
2017-04-30,PICHINCHA,medianas_empresas,814.145000
2017-04-30,PICHINCHA,microempresas,689.003000
2017-04-30,PICHINCHA,pequenas_empresas,4368.782000
2017-04-30,RIPLEY,consumo,16702.563000
2017-04-30,SCOTIABANK,consumo,26458.842000
2017-04-30,SCOTIABANK,medianas_empresas,1797.048000
2017-04-30,SCOTIABANK,microempresas,293.124000
2017-04-30,SCOTIABANK,pequenas_empresas,6146.121000
2017-05-31,ALFIN,consumo,8500.954000
2017-05-31,BANCOM,consumo,4.317000
2017-05-31,BCP,consumo,51219.361000
2017-05-31,BCP,hipotecario,12.508000
2017-05-31,BCP,medianas_empresas,2188.757000
2017-05-31,BCP,microempresas,371.796000
2017-05-31,BCP,pequenas_empresas,18322.269000
2017-05-31,BIF,consumo,4061.917000
2017-05-31,BIF,grandes_empresas,486.463000
2017-05-31,BIF,medianas_empresas,5163.501000
2017-05-31,BIF,microempresas,48.329000
2017-05-31,BIF,pequenas_empresas,858.768000
2017-05-31,CENCOSUD,consumo,8403.005000
2017-05-31,FALABELLA,consumo,29431.550000
2017-05-31,GNB,consumo,3766.363000
2017-05-31,GNB,grandes_empresas,654.200000
2017-05-31,GNB,medianas_empresas,2480.469000
2017-05-31,GNB,pequenas_empresas,170.329000
2017-05-31,INTERBANK,consumo,55870.189000
2017-05-31,INTERBANK,microempresas,1704.447000
2017-05-31,INTERBANK,pequenas_empresas,2654.234000
2017-05-31,MIBANCO,consumo,2877.058000
2017-05-31,MIBANCO,medianas_empresas,569.587000
2017-05-31,MIBANCO,microempresas,8141.740000
2017-05-31,MIBANCO,pequenas_empresas,14993.272000
2017-05-31,PICHINCHA,consumo,5050.600000
2017-05-31,PICHINCHA,medianas_empresas,892.595000
2017-05-31,PICHINCHA,microempresas,526.950000
2017-05-31,PICHINCHA,pequenas_empresas,3301.345000
2017-05-31,RIPLEY,consumo,18107.979000
2017-05-31,SCOTIABANK,consumo,25382.279000
2017-05-31,SCOTIABANK,medianas_empresas,637.491000
2017-05-31,SCOTIABANK,microempresas,158.319000
2017-05-31,SCOTIABANK,pequenas_empresas,3781.714000
2017-06-30,ALFIN,consumo,9021.344000
2017-06-30,BANCOM,consumo,3053.937000
2017-06-30,BANCOM,medianas_empresas,3786.132000
2017-06-30,BANCOM,microempresas,60.797000
2017-06-30,BANCOM,pequenas_empresas,374.708000
2017-06-30,BCP,consumo,68864.061000
2017-06-30,BCP,grandes_empresas,3618.842000
2017-06-30,BCP,hipotecario,496.014000
2017-06-30,BCP,medianas_empresas,18284.072000
2017-06-30,BCP,microempresas,498.115000
2017-06-30,BCP,pequenas_empresas,26054.253000
2017-06-30,BIF,consumo,3357.134000
2017-06-30,BIF,medianas_empresas,95.817000
2017-06-30,BIF,pequenas_empresas,612.939000
2017-06-30,CENCOSUD,consumo,10360.531000
2017-06-30,FALABELLA,consumo,30751.227000
2017-06-30,GNB,consumo,8671.116000
2017-06-30,GNB,medianas_empresas,2035.165000
2017-06-30,GNB,pequenas_empresas,116.507000
2017-06-30,INTERBANK,consumo,70272.577000
2017-06-30,INTERBANK,microempresas,332.336000
2017-06-30,INTERBANK,pequenas_empresas,2059.681000
2017-06-30,MIBANCO,consumo,3135.025000
2017-06-30,MIBANCO,hipotecario,46.708000
2017-06-30,MIBANCO,medianas_empresas,1260.207000
2017-06-30,MIBANCO,microempresas,8632.010000
2017-06-30,MIBANCO,pequenas_empresas,17135.400000
2017-06-30,PICHINCHA,consumo,4386.396000
2017-06-30,PICHINCHA,medianas_empresas,2377.060000
2017-06-30,PICHINCHA,microempresas,438.706000
2017-06-30,PICHINCHA,pequenas_empresas,2108.377000
2017-06-30,RIPLEY,consumo,20673.020000
2017-06-30,SCOTIABANK,consumo,57953.358000
2017-06-30,SCOTIABANK,grandes_empresas,1884.709000
2017-06-30,SCOTIABANK,medianas_empresas,7359.780000
2017-06-30,SCOTIABANK,microempresas,323.199000
2017-06-30,SCOTIABANK,pequenas_empresas,11216.013000
2017-07-31,ALFIN,consumo,8478.597000
2017-07-31,BANCOM,consumo,1.811000
2017-07-31,BCP,consumo,66420.167000
2017-07-31,BCP,grandes_empresas,1299.163000
2017-07-31,BCP,hipotecario,113.363000
2017-07-31,BCP,medianas_empresas,4719.796000
2017-07-31,BCP,microempresas,390.434000
2017-07-31,BCP,pequenas_empresas,21629.528000
2017-07-31,BIF,consumo,4634.195000
2017-07-31,BIF,medianas_empresas,918.345000
2017-07-31,CENCOSUD,consumo,9635.032000
2017-07-31,FALABELLA,consumo,33815.508000
2017-07-31,GNB,consumo,3318.732000
2017-07-31,GNB,grandes_empresas,2158.880000
2017-07-31,GNB,medianas_empresas,1898.883000
2017-07-31,GNB,pequenas_empresas,238.815000
2017-07-31,INTERBANK,consumo,72421.980000
2017-07-31,INTERBANK,pequenas_empresas,2793.596000
2017-07-31,MIBANCO,consumo,3432.076000
2017-07-31,MIBANCO,medianas_empresas,311.272000
2017-07-31,MIBANCO,microempresas,10088.240000
2017-07-31,MIBANCO,pequenas_empresas,18016.780000
2017-07-31,PICHINCHA,consumo,6033.525000
2017-07-31,PICHINCHA,medianas_empresas,8492.745000
2017-07-31,PICHINCHA,microempresas,476.596000
2017-07-31,PICHINCHA,pequenas_empresas,3567.410000
2017-07-31,RIPLEY,consumo,16461.490000
2017-07-31,SCOTIABANK,consumo,22128.706000
2017-07-31,SCOTIABANK,medianas_empresas,700.949000
2017-07-31,SCOTIABANK,microempresas,220.325000
2017-07-31,SCOTIABANK,pequenas_empresas,5978.701000
2017-08-31,ALFIN,consumo,8049.601000
2017-08-31,BANCOM,consumo,6.359000
2017-08-31,BCP,consumo,48287.629000
2017-08-31,BCP,medianas_empresas,7464.053000
2017-08-31,BCP,microempresas,328.550000
2017-08-31,BCP,pequenas_empresas,16055.461000
2017-08-31,BIF,consumo,2938.392000
2017-08-31,BIF,medianas_empresas,813.028000
2017-08-31,BIF,pequenas_empresas,238.231000
2017-08-31,CENCOSUD,consumo,10905.384000
2017-08-31,FALABELLA,consumo,34086.209000
2017-08-31,GNB,consumo,2722.651000
2017-08-31,GNB,medianas_empresas,30.808000
2017-08-31,GNB,pequenas_empresas,149.405000
2017-08-31,INTERBANK,consumo,57943.950000
2017-08-31,INTERBANK,pequenas_empresas,2722.447000
2017-08-31,MIBANCO,consumo,2937.400000
2017-08-31,MIBANCO,medianas_empresas,508.436000
2017-08-31,MIBANCO,microempresas,7434.530000
2017-08-31,MIBANCO,pequenas_empresas,11929.787000
2017-08-31,PICHINCHA,consumo,5417.067000
2017-08-31,PICHINCHA,hipotecario,96.463000
2017-08-31,PICHINCHA,medianas_empresas,3435.906000
2017-08-31,PICHINCHA,microempresas,1367.049000
2017-08-31,PICHINCHA,pequenas_empresas,6628.728000
2017-08-31,RIPLEY,consumo,14651.391000
2017-08-31,SCOTIABANK,consumo,34942.943000
2017-08-31,SCOTIABANK,medianas_empresas,2009.054000
2017-08-31,SCOTIABANK,microempresas,241.416000
2017-08-31,SCOTIABANK,pequenas_empresas,10066.752000
2017-09-30,ALFIN,consumo,8510.102000
2017-09-30,BANCOM,consumo,2465.998000
2017-09-30,BANCOM,microempresas,8.421000
2017-09-30,BANCOM,pequenas_empresas,14.083000
2017-09-30,BCP,consumo,48145.451000
2017-09-30,BCP,grandes_empresas,185.391000
2017-09-30,BCP,hipotecario,47.599000
2017-09-30,BCP,medianas_empresas,3988.599000
2017-09-30,BCP,microempresas,433.515000
2017-09-30,BCP,pequenas_empresas,15991.250000
2017-09-30,BIF,consumo,4294.348000
2017-09-30,BIF,medianas_empresas,3686.040000
2017-09-30,BIF,pequenas_empresas,201.131000
2017-09-30,CENCOSUD,consumo,9598.805000
2017-09-30,FALABELLA,consumo,34017.335000
2017-09-30,GNB,consumo,4102.235000
2017-09-30,GNB,medianas_empresas,90.000000
2017-09-30,GNB,pequenas_empresas,264.291000
2017-09-30,INTERBANK,consumo,70514.800000
2017-09-30,INTERBANK,pequenas_empresas,2821.900000
2017-09-30,MIBANCO,consumo,3564.579000
2017-09-30,MIBANCO,hipotecario,216.648000
2017-09-30,MIBANCO,medianas_empresas,223.509000
2017-09-30,MIBANCO,microempresas,9073.685000
2017-09-30,MIBANCO,pequenas_empresas,17633.228000
2017-09-30,PICHINCHA,consumo,7098.107000
2017-09-30,PICHINCHA,medianas_empresas,1085.567000
2017-09-30,PICHINCHA,microempresas,951.254000
2017-09-30,PICHINCHA,pequenas_empresas,4266.818000
2017-09-30,RIPLEY,consumo,15041.785000
2017-09-30,SCOTIABANK,consumo,65717.512000
2017-09-30,SCOTIABANK,hipotecario,251.876000
2017-09-30,SCOTIABANK,medianas_empresas,916.773000
2017-09-30,SCOTIABANK,microempresas,1037.856000
2017-09-30,SCOTIABANK,pequenas_empresas,22163.282000
2017-10-31,ALFIN,consumo,9499.563000
2017-10-31,BANCOM,consumo,0.912000
2017-10-31,BANCOM,pequenas_empresas,0.727000
2017-10-31,BCP,consumo,52622.820000
2017-10-31,BCP,hipotecario,143.266000
2017-10-31,BCP,medianas_empresas,5452.376000
2017-10-31,BCP,microempresas,328.998000
2017-10-31,BCP,pequenas_empresas,15009.115000
2017-10-31,BIF,consumo,4140.363000
2017-10-31,CENCOSUD,consumo,8374.228000
2017-10-31,FALABELLA,consumo,32469.771000
2017-10-31,GNB,consumo,2935.345000
2017-10-31,GNB,pequenas_empresas,127.144000
2017-10-31,INTERBANK,consumo,75988.785000
2017-10-31,INTERBANK,pequenas_empresas,2277.455000
2017-10-31,MIBANCO,consumo,2857.593000
2017-10-31,MIBANCO,medianas_empresas,140.160000
2017-10-31,MIBANCO,microempresas,7413.526000
2017-10-31,MIBANCO,pequenas_empresas,13975.631000
2017-10-31,PICHINCHA,consumo,5889.949000
2017-10-31,PICHINCHA,medianas_empresas,4634.503000
2017-10-31,PICHINCHA,microempresas,538.878000
2017-10-31,PICHINCHA,pequenas_empresas,3343.755000
2017-10-31,RIPLEY,consumo,15184.091000
2017-10-31,SCOTIABANK,consumo,36516.242000
2017-10-31,SCOTIABANK,medianas_empresas,434.660000
2017-10-31,SCOTIABANK,microempresas,159.489000
2017-10-31,SCOTIABANK,pequenas_empresas,3777.231000
2017-11-30,ALFIN,consumo,9550.947000
2017-11-30,BANCOM,consumo,1.921000
2017-11-30,BCP,consumo,60838.110000
2017-11-30,BCP,hipotecario,96.807000
2017-11-30,BCP,medianas_empresas,9867.906000
2017-11-30,BCP,microempresas,278.576000
2017-11-30,BCP,pequenas_empresas,26890.631000
2017-11-30,BIF,consumo,4114.892000
2017-11-30,CENCOSUD,consumo,8625.147000
2017-11-30,FALABELLA,consumo,32175.298000
2017-11-30,GNB,consumo,3315.807000
2017-11-30,GNB,pequenas_empresas,63.739000
2017-11-30,INTERBANK,consumo,71371.696000
2017-11-30,INTERBANK,pequenas_empresas,2344.690000
2017-11-30,MIBANCO,consumo,2890.889000
2017-11-30,MIBANCO,medianas_empresas,158.623000
2017-11-30,MIBANCO,microempresas,9097.430000
2017-11-30,MIBANCO,pequenas_empresas,17766.498000
2017-11-30,PICHINCHA,consumo,5327.796000
2017-11-30,PICHINCHA,medianas_empresas,1620.497000
2017-11-30,PICHINCHA,microempresas,625.206000
2017-11-30,PICHINCHA,pequenas_empresas,4787.133000
2017-11-30,RIPLEY,consumo,14364.381000
2017-11-30,SCOTIABANK,consumo,26427.085000
2017-11-30,SCOTIABANK,medianas_empresas,222.365000
2017-11-30,SCOTIABANK,microempresas,126.927000
2017-11-30,SCOTIABANK,pequenas_empresas,3123.550000
2017-12-31,ALFIN,consumo,9529.272000
2017-12-31,BANCOM,consumo,2938.161000
2017-12-31,BCP,consumo,57064.689000
2017-12-31,BCP,hipotecario,475.446000
2017-12-31,BCP,medianas_empresas,7304.588000
2017-12-31,BCP,microempresas,365.873000
2017-12-31,BCP,pequenas_empresas,27219.997000
2017-12-31,BIF,consumo,4168.444000
2017-12-31,CENCOSUD,consumo,7338.800000
2017-12-31,FALABELLA,consumo,29646.988000
2017-12-31,GNB,consumo,3799.309000
2017-12-31,GNB,pequenas_empresas,141.056000
2017-12-31,INTERBANK,consumo,69348.027000
2017-12-31,INTERBANK,microempresas,2.991000
2017-12-31,INTERBANK,pequenas_empresas,2445.120000
2017-12-31,MIBANCO,consumo,3280.155000
2017-12-31,MIBANCO,medianas_empresas,138.034000
2017-12-31,MIBANCO,microempresas,9217.942000
2017-12-31,MIBANCO,pequenas_empresas,15705.614000
2017-12-31,PICHINCHA,consumo,6301.187000
2017-12-31,PICHINCHA,grandes_empresas,27565.654000
2017-12-31,PICHINCHA,medianas_empresas,1653.500000
2017-12-31,PICHINCHA,microempresas,461.385000
2017-12-31,PICHINCHA,pequenas_empresas,1542.768000
2017-12-31,RIPLEY,consumo,14749.090000
2017-12-31,SCOTIABANK,consumo,51782.796000
2017-12-31,SCOTIABANK,medianas_empresas,1339.486000
2017-12-31,SCOTIABANK,microempresas,146.756000
2017-12-31,SCOTIABANK,pequenas_empresas,13561.694000
2018-01-31,ALFIN,consumo,10034.850000
2018-01-31,BANCOM,consumo,0.471000
2018-01-31,BCP,consumo,53840.546000
2018-01-31,BCP,medianas_empresas,2363.828000
2018-01-31,BCP,microempresas,826.120000
2018-01-31,BCP,pequenas_empresas,23195.273000
2018-01-31,BIF,consumo,5940.205000
2018-01-31,BIF,microempresas,32.035000
2018-01-31,BIF,pequenas_empresas,110.241000
2018-01-31,CENCOSUD,consumo,7690.357000
2018-01-31,FALABELLA,consumo,31687.719000
2018-01-31,GNB,consumo,4382.086000
2018-01-31,GNB,pequenas_empresas,169.417000
2018-01-31,INTERBANK,consumo,68302.292000
2018-01-31,INTERBANK,pequenas_empresas,3451.481000
2018-01-31,MIBANCO,consumo,3387.050000
2018-01-31,MIBANCO,medianas_empresas,5.747000
2018-01-31,MIBANCO,microempresas,9074.372000
2018-01-31,MIBANCO,pequenas_empresas,15768.364000
2018-01-31,PICHINCHA,consumo,4362.904000
2018-01-31,PICHINCHA,medianas_empresas,3918.406000
2018-01-31,PICHINCHA,microempresas,618.751000
2018-01-31,PICHINCHA,pequenas_empresas,2534.841000
2018-01-31,RIPLEY,consumo,16684.637000
2018-01-31,SCOTIABANK,consumo,21709.687000
2018-01-31,SCOTIABANK,medianas_empresas,1297.471000
2018-01-31,SCOTIABANK,microempresas,52.080000
2018-01-31,SCOTIABANK,pequenas_empresas,2179.708000
2018-02-28,ALFIN,consumo,9517.453000
2018-02-28,BANCOM,consumo,1.950000
2018-02-28,BCP,consumo,61227.326000
2018-02-28,BCP,grandes_empresas,2239.017000
2018-02-28,BCP,hipotecario,0.433000
2018-02-28,BCP,medianas_empresas,4778.373000
2018-02-28,BCP,microempresas,391.891000
2018-02-28,BCP,pequenas_empresas,22522.567000
2018-02-28,BIF,consumo,2587.538000
2018-02-28,BIF,medianas_empresas,2377.026000
2018-02-28,BIF,microempresas,45.131000
2018-02-28,BIF,pequenas_empresas,950.643000
2018-02-28,CENCOSUD,consumo,8551.425000
2018-02-28,FALABELLA,consumo,31907.257000
2018-02-28,GNB,consumo,4185.283000
2018-02-28,GNB,pequenas_empresas,181.737000
2018-02-28,INTERBANK,consumo,66477.326000
2018-02-28,INTERBANK,pequenas_empresas,2923.185000
2018-02-28,MIBANCO,consumo,3044.014000
2018-02-28,MIBANCO,medianas_empresas,52.629000
2018-02-28,MIBANCO,microempresas,8787.205000
2018-02-28,MIBANCO,pequenas_empresas,15022.787000
2018-02-28,PICHINCHA,consumo,6413.101000
2018-02-28,PICHINCHA,medianas_empresas,3713.572000
2018-02-28,PICHINCHA,microempresas,125.028000
2018-02-28,PICHINCHA,pequenas_empresas,2463.994000
2018-02-28,RIPLEY,consumo,17182.613000
2018-02-28,SCOTIABANK,consumo,23534.187000
2018-02-28,SCOTIABANK,medianas_empresas,181.390000
2018-02-28,SCOTIABANK,microempresas,125.751000
2018-02-28,SCOTIABANK,pequenas_empresas,1285.276000
2018-03-31,ALFIN,consumo,9511.271000
2018-03-31,BANCOM,consumo,3571.752000
2018-03-31,BANCOM,medianas_empresas,959.005000
2018-03-31,BANCOM,pequenas_empresas,42.537000
2018-03-31,BCP,consumo,59272.204000
2018-03-31,BCP,hipotecario,0.251000
2018-03-31,BCP,medianas_empresas,2984.209000
2018-03-31,BCP,microempresas,506.246000
2018-03-31,BCP,pequenas_empresas,26321.749000
2018-03-31,BIF,consumo,5912.977000
2018-03-31,BIF,grandes_empresas,5588.408000
2018-03-31,BIF,medianas_empresas,8719.669000
2018-03-31,BIF,pequenas_empresas,319.679000
2018-03-31,CENCOSUD,consumo,9602.292000
2018-03-31,FALABELLA,consumo,51549.253000
2018-03-31,GNB,consumo,3851.233000
2018-03-31,GNB,grandes_empresas,487.505000
2018-03-31,GNB,medianas_empresas,2500.183000
2018-03-31,GNB,pequenas_empresas,158.597000
2018-03-31,INTERBANK,consumo,62024.519000
2018-03-31,INTERBANK,microempresas,1889.593000
2018-03-31,INTERBANK,pequenas_empresas,3001.205000
2018-03-31,MIBANCO,consumo,2920.483000
2018-03-31,MIBANCO,medianas_empresas,162.375000
2018-03-31,MIBANCO,microempresas,8853.975000
2018-03-31,MIBANCO,pequenas_empresas,14790.470000
2018-03-31,PICHINCHA,consumo,4650.089000
2018-03-31,PICHINCHA,medianas_empresas,9482.230000
2018-03-31,PICHINCHA,microempresas,61.415000
2018-03-31,PICHINCHA,pequenas_empresas,1955.447000
2018-03-31,RIPLEY,consumo,16991.297000
2018-03-31,SCOTIABANK,consumo,31373.581000
2018-03-31,SCOTIABANK,medianas_empresas,103.494000
2018-03-31,SCOTIABANK,microempresas,98.794000
2018-03-31,SCOTIABANK,pequenas_empresas,1578.347000
2018-04-30,ALFIN,consumo,10522.972000
2018-04-30,BANCOM,consumo,1.520000
2018-04-30,BCP,consumo,43409.002000
2018-04-30,BCP,hipotecario,96.503000
2018-04-30,BCP,medianas_empresas,1238.921000
2018-04-30,BCP,microempresas,416.759000
2018-04-30,BCP,pequenas_empresas,18476.916000
2018-04-30,BIF,consumo,7862.822000
2018-04-30,BIF,grandes_empresas,4.155000
2018-04-30,CENCOSUD,consumo,10570.758000
2018-04-30,FALABELLA,consumo,29585.363000
2018-04-30,GNB,consumo,3323.906000
2018-04-30,GNB,pequenas_empresas,241.260000
2018-04-30,INTERBANK,consumo,61448.931000
2018-04-30,INTERBANK,microempresas,3578.111000
2018-04-30,INTERBANK,pequenas_empresas,3700.050000
2018-04-30,MIBANCO,consumo,3192.590000
2018-04-30,MIBANCO,medianas_empresas,258.922000
2018-04-30,MIBANCO,microempresas,9688.676000
2018-04-30,MIBANCO,pequenas_empresas,16736.749000
2018-04-30,PICHINCHA,consumo,4922.335000
2018-04-30,PICHINCHA,medianas_empresas,1157.309000
2018-04-30,PICHINCHA,microempresas,635.200000
2018-04-30,PICHINCHA,pequenas_empresas,1661.910000
2018-04-30,RIPLEY,consumo,16295.617000
2018-04-30,SCOTIABANK,consumo,24024.315000
2018-04-30,SCOTIABANK,hipotecario,75.411000
2018-04-30,SCOTIABANK,medianas_empresas,5227.401000
2018-04-30,SCOTIABANK,microempresas,170.900000
2018-04-30,SCOTIABANK,pequenas_empresas,3471.679000
2018-05-31,ALFIN,consumo,10471.938000
2018-05-31,BANCOM,consumo,7.995000
2018-05-31,BCP,consumo,47813.337000
2018-05-31,BCP,medianas_empresas,2065.333000
2018-05-31,BCP,microempresas,515.101000
2018-05-31,BCP,pequenas_empresas,23690.612000
2018-05-31,BIF,consumo,6109.698000
2018-05-31,BIF,medianas_empresas,1650.481000
2018-05-31,CENCOSUD,consumo,11917.032000
2018-05-31,FALABELLA,consumo,29002.478000
2018-05-31,GNB,consumo,3382.420000
2018-05-31,GNB,medianas_empresas,12.867000
2018-05-31,GNB,pequenas_empresas,304.232000
2018-05-31,INTERBANK,consumo,55230.005000
2018-05-31,INTERBANK,microempresas,2117.494000
2018-05-31,INTERBANK,pequenas_empresas,3646.307000
2018-05-31,MIBANCO,consumo,2915.566000
2018-05-31,MIBANCO,medianas_empresas,362.170000
2018-05-31,MIBANCO,microempresas,10501.228000
2018-05-31,MIBANCO,pequenas_empresas,17755.786000
2018-05-31,PICHINCHA,consumo,4662.306000
2018-05-31,PICHINCHA,medianas_empresas,1928.977000
2018-05-31,PICHINCHA,microempresas,1146.790000
2018-05-31,PICHINCHA,pequenas_empresas,2024.902000
2018-05-31,RIPLEY,consumo,16319.653000
2018-05-31,SCOTIABANK,consumo,26492.359000
2018-05-31,SCOTIABANK,medianas_empresas,1949.159000
2018-05-31,SCOTIABANK,microempresas,134.641000
2018-05-31,SCOTIABANK,pequenas_empresas,2914.190000
2018-06-30,ALFIN,consumo,10538.953000
2018-06-30,BANCOM,consumo,6321.050000
2018-06-30,BANCOM,medianas_empresas,460.994000
2018-06-30,BCP,consumo,80835.571000
2018-06-30,BCP,medianas_empresas,1698.534000
2018-06-30,BCP,microempresas,391.950000
2018-06-30,BCP,pequenas_empresas,20867.890000
2018-06-30,BIF,consumo,6436.746000
2018-06-30,BIF,hipotecario,49.288000
2018-06-30,BIF,medianas_empresas,1349.175000
2018-06-30,CENCOSUD,consumo,14248.614000
2018-06-30,FALABELLA,consumo,23460.738000
2018-06-30,GNB,consumo,8093.141000
2018-06-30,GNB,grandes_empresas,414.411000
2018-06-30,GNB,medianas_empresas,2530.400000
2018-06-30,GNB,pequenas_empresas,335.019000
2018-06-30,INTERBANK,consumo,48904.505000
2018-06-30,INTERBANK,microempresas,1631.869000
2018-06-30,INTERBANK,pequenas_empresas,3173.877000
2018-06-30,MIBANCO,consumo,2833.525000
2018-06-30,MIBANCO,hipotecario,459.609000
2018-06-30,MIBANCO,medianas_empresas,499.517000
2018-06-30,MIBANCO,microempresas,10032.628000
2018-06-30,MIBANCO,pequenas_empresas,18702.010000
2018-06-30,PICHINCHA,consumo,2791.452000
2018-06-30,PICHINCHA,grandes_empresas,1880.246000
2018-06-30,PICHINCHA,medianas_empresas,5131.952000
2018-06-30,PICHINCHA,microempresas,289.506000
2018-06-30,PICHINCHA,pequenas_empresas,1683.394000
2018-06-30,RIPLEY,consumo,21307.693000
2018-06-30,SCOTIABANK,consumo,43785.861000
2018-06-30,SCOTIABANK,medianas_empresas,2704.573000
2018-06-30,SCOTIABANK,microempresas,199.537000
2018-06-30,SCOTIABANK,pequenas_empresas,11262.682000
2018-07-31,ALFIN,consumo,9987.971000
2018-07-31,BANCOM,consumo,0.952000
2018-07-31,BCP,consumo,58981.768000
2018-07-31,BCP,hipotecario,76.969000
2018-07-31,BCP,medianas_empresas,2463.288000
2018-07-31,BCP,microempresas,365.294000
2018-07-31,BCP,pequenas_empresas,20206.438000
2018-07-31,BIF,consumo,5853.438000
2018-07-31,BIF,medianas_empresas,898.238000
2018-07-31,CENCOSUD,consumo,16749.757000
2018-07-31,FALABELLA,consumo,29550.713000
2018-07-31,GNB,consumo,876.491000
2018-07-31,GNB,pequenas_empresas,122.591000
2018-07-31,INTERBANK,consumo,60315.472000
2018-07-31,INTERBANK,microempresas,10745.873000
2018-07-31,INTERBANK,pequenas_empresas,3760.472000
2018-07-31,MIBANCO,consumo,3723.797000
2018-07-31,MIBANCO,medianas_empresas,783.588000
2018-07-31,MIBANCO,microempresas,14371.669000
2018-07-31,MIBANCO,pequenas_empresas,29791.237000
2018-07-31,PICHINCHA,consumo,4646.623000
2018-07-31,PICHINCHA,medianas_empresas,233.719000
2018-07-31,PICHINCHA,microempresas,409.947000
2018-07-31,PICHINCHA,pequenas_empresas,2241.888000
2018-07-31,RIPLEY,consumo,19973.070000
2018-07-31,SCOTIABANK,consumo,26958.939000
2018-07-31,SCOTIABANK,medianas_empresas,220.603000
2018-07-31,SCOTIABANK,microempresas,65.387000
2018-07-31,SCOTIABANK,pequenas_empresas,2305.583000
2018-08-31,ALFIN,consumo,8007.476000
2018-08-31,BANCOM,consumo,5.423000
2018-08-31,BCP,consumo,47822.004000
2018-08-31,BCP,grandes_empresas,1.358000
2018-08-31,BCP,hipotecario,143.070000
2018-08-31,BCP,medianas_empresas,947.593000
2018-08-31,BCP,microempresas,586.952000
2018-08-31,BCP,pequenas_empresas,21161.709000
2018-08-31,BIF,consumo,7734.969000
2018-08-31,BIF,hipotecario,1142.310000
2018-08-31,CENCOSUD,consumo,16707.485000
2018-08-31,FALABELLA,consumo,28307.720000
2018-08-31,GNB,consumo,3854.263000
2018-08-31,INTERBANK,consumo,53342.035000
2018-08-31,INTERBANK,microempresas,901.596000
2018-08-31,INTERBANK,pequenas_empresas,5728.977000
2018-08-31,MIBANCO,consumo,3196.296000
2018-08-31,MIBANCO,hipotecario,144.904000
2018-08-31,MIBANCO,medianas_empresas,384.071000
2018-08-31,MIBANCO,microempresas,13879.725000
2018-08-31,MIBANCO,pequenas_empresas,24251.520000
2018-08-31,PICHINCHA,consumo,7565.295000
2018-08-31,PICHINCHA,medianas_empresas,495.547000
2018-08-31,PICHINCHA,microempresas,982.899000
2018-08-31,PICHINCHA,pequenas_empresas,1790.780000
2018-08-31,RIPLEY,consumo,18976.296000
2018-08-31,SCOTIABANK,consumo,27652.719000
2018-08-31,SCOTIABANK,hipotecario,88.556000
2018-08-31,SCOTIABANK,medianas_empresas,170.968000
2018-08-31,SCOTIABANK,microempresas,153.807000
2018-08-31,SCOTIABANK,pequenas_empresas,3014.187000
2018-09-30,ALFIN,consumo,7987.098000
2018-09-30,BANCOM,consumo,6257.889000
2018-09-30,BANCOM,microempresas,2.722000
2018-09-30,BANCOM,pequenas_empresas,266.700000
2018-09-30,BBVA,consumo,46.236000
2018-09-30,BCP,consumo,48745.017000
2018-09-30,BCP,hipotecario,180.758000
2018-09-30,BCP,medianas_empresas,3068.890000
2018-09-30,BCP,microempresas,443.148000
2018-09-30,BCP,pequenas_empresas,19574.646000
2018-09-30,BIF,consumo,6296.250000
2018-09-30,BIF,hipotecario,218.604000
2018-09-30,CENCOSUD,consumo,16707.485000
2018-09-30,FALABELLA,consumo,162846.813000
2018-09-30,GNB,consumo,3323.248000
2018-09-30,INTERBANK,consumo,55768.844000
2018-09-30,INTERBANK,microempresas,643.295000
2018-09-30,INTERBANK,pequenas_empresas,3284.595000
2018-09-30,MIBANCO,consumo,3523.226000
2018-09-30,MIBANCO,medianas_empresas,461.591000
2018-09-30,MIBANCO,microempresas,13087.484000
2018-09-30,MIBANCO,pequenas_empresas,24663.278000
2018-09-30,PICHINCHA,consumo,3948.601000
2018-09-30,PICHINCHA,medianas_empresas,1343.091000
2018-09-30,PICHINCHA,microempresas,396.032000
2018-09-30,PICHINCHA,pequenas_empresas,3722.724000
2018-09-30,RIPLEY,consumo,16560.537000
2018-09-30,SCOTIABANK,consumo,59663.744000
2018-09-30,SCOTIABANK,medianas_empresas,6869.541000
2018-09-30,SCOTIABANK,microempresas,432.985000
2018-09-30,SCOTIABANK,pequenas_empresas,17450.924000
2018-10-31,ALFIN,consumo,6808.795000
2018-10-31,BBVA,consumo,41.128000
2018-10-31,BCP,consumo,52924.143000
2018-10-31,BCP,grandes_empresas,34430.616000
2018-10-31,BCP,medianas_empresas,16663.542000
2018-10-31,BCP,microempresas,671.730000
2018-10-31,BCP,pequenas_empresas,18818.627000
2018-10-31,CENCOSUD,consumo,15773.813000
2018-10-31,FALABELLA,consumo,44786.578000
2018-10-31,GNB,consumo,4012.944000
2018-10-31,GNB,medianas_empresas,1230.293000
2018-10-31,GNB,microempresas,8.973000
2018-10-31,GNB,pequenas_empresas,641.248000
2018-10-31,INTERBANK,consumo,54791.978000
2018-10-31,INTERBANK,pequenas_empresas,3903.992000
2018-10-31,MIBANCO,consumo,2964.925000
2018-10-31,MIBANCO,medianas_empresas,496.626000
2018-10-31,MIBANCO,microempresas,11275.772000
2018-10-31,MIBANCO,pequenas_empresas,20724.142000
2018-10-31,PICHINCHA,consumo,5745.957000
2018-10-31,PICHINCHA,medianas_empresas,27.093000
2018-10-31,PICHINCHA,microempresas,430.858000
2018-10-31,PICHINCHA,pequenas_empresas,2060.015000
2018-10-31,RIPLEY,consumo,16066.585000
2018-10-31,SCOTIABANK,consumo,26995.588000
2018-10-31,SCOTIABANK,medianas_empresas,1581.984000
2018-10-31,SCOTIABANK,microempresas,135.040000
2018-10-31,SCOTIABANK,pequenas_empresas,2972.053000
2018-11-30,ALFIN,consumo,7997.738000
2018-11-30,BCP,consumo,62726.319000
2018-11-30,BCP,grandes_empresas,77.030000
2018-11-30,BCP,hipotecario,1361.229000
2018-11-30,BCP,medianas_empresas,9607.951000
2018-11-30,BCP,microempresas,460.694000
2018-11-30,BCP,pequenas_empresas,27247.034000
2018-11-30,BIF,consumo,7697.492000
2018-11-30,BIF,hipotecario,52.764000
2018-11-30,CENCOSUD,consumo,16523.140000
2018-11-30,FALABELLA,consumo,30121.135000
2018-11-30,GNB,consumo,5099.310000
2018-11-30,GNB,medianas_empresas,531.883000
2018-11-30,GNB,pequenas_empresas,335.262000
2018-11-30,INTERBANK,consumo,55968.750000
2018-11-30,INTERBANK,microempresas,24.040000
2018-11-30,INTERBANK,pequenas_empresas,4893.551000
2018-11-30,MIBANCO,consumo,3231.997000
2018-11-30,MIBANCO,medianas_empresas,172.859000
2018-11-30,MIBANCO,microempresas,12669.550000
2018-11-30,MIBANCO,pequenas_empresas,25191.420000
2018-11-30,PICHINCHA,consumo,6397.084000
2018-11-30,PICHINCHA,medianas_empresas,987.149000
2018-11-30,PICHINCHA,microempresas,1135.151000
2018-11-30,PICHINCHA,pequenas_empresas,519.819000
2018-11-30,RIPLEY,consumo,17371.332000
2018-11-30,SCOTIABANK,consumo,25826.256000
2018-11-30,SCOTIABANK,grandes_empresas,1943.355000
2018-11-30,SCOTIABANK,medianas_empresas,5975.151000
2018-11-30,SCOTIABANK,microempresas,111.516000
2018-11-30,SCOTIABANK,pequenas_empresas,5968.011000
2018-12-31,ALFIN,consumo,6991.405000
2018-12-31,BANCOM,consumo,6488.796000
2018-12-31,BANCOM,medianas_empresas,327.671000
2018-12-31,BCP,consumo,76820.621000
2018-12-31,BCP,corporativo,4.951000
2018-12-31,BCP,grandes_empresas,1944.124000
2018-12-31,BCP,hipotecario,7707.688000
2018-12-31,BCP,medianas_empresas,24675.539000
2018-12-31,BCP,microempresas,7580.708000
2018-12-31,BCP,pequenas_empresas,47791.362000
2018-12-31,BIF,consumo,8040.418000
2018-12-31,BIF,medianas_empresas,16606.909000
2018-12-31,BIF,pequenas_empresas,473.047000
2018-12-31,CENCOSUD,consumo,14345.201000
2018-12-31,FALABELLA,consumo,31231.045000
2018-12-31,GNB,consumo,3496.133000
2018-12-31,INTERBANK,consumo,50864.651000
2018-12-31,INTERBANK,microempresas,1066.334000
2018-12-31,INTERBANK,pequenas_empresas,6941.130000
2018-12-31,MIBANCO,consumo,2955.653000
2018-12-31,MIBANCO,medianas_empresas,397.677000
2018-12-31,MIBANCO,microempresas,12542.882000
2018-12-31,MIBANCO,pequenas_empresas,24810.778000
2018-12-31,PICHINCHA,consumo,4970.739000
2018-12-31,PICHINCHA,grandes_empresas,379.462000
2018-12-31,PICHINCHA,medianas_empresas,311.038000
2018-12-31,PICHINCHA,microempresas,388.787000
2018-12-31,PICHINCHA,pequenas_empresas,2817.000000
2018-12-31,RIPLEY,consumo,15970.137000
2018-12-31,SCOTIABANK,consumo,54027.986000
2018-12-31,SCOTIABANK,medianas_empresas,1327.952000
2018-12-31,SCOTIABANK,microempresas,950.888000
2018-12-31,SCOTIABANK,pequenas_empresas,11043.912000
2019-01-31,ALFIN,consumo,8504.334000
2019-01-31,BCP,consumo,64293.733000
2019-01-31,BCP,grandes_empresas,131.851000
2019-01-31,BCP,hipotecario,297.059000
2019-01-31,BCP,medianas_empresas,5918.580000
2019-01-31,BCP,microempresas,253.141000
2019-01-31,BCP,pequenas_empresas,28837.174000
2019-01-31,BIF,consumo,6518.609000
2019-01-31,BIF,hipotecario,26.218000
2019-01-31,BIF,medianas_empresas,3960.630000
2019-01-31,BIF,microempresas,18.305000
2019-01-31,BIF,pequenas_empresas,1409.197000
2019-01-31,CENCOSUD,consumo,16749.757000
2019-01-31,FALABELLA,consumo,28479.197000
2019-01-31,GNB,consumo,3436.617000
2019-01-31,INTERBANK,consumo,54660.894000
2019-01-31,INTERBANK,pequenas_empresas,4472.660000
2019-01-31,MIBANCO,consumo,2722.675000
2019-01-31,MIBANCO,hipotecario,7.365000
2019-01-31,MIBANCO,medianas_empresas,538.848000
2019-01-31,MIBANCO,microempresas,11458.982000
2019-01-31,MIBANCO,pequenas_empresas,19366.764000
2019-01-31,PICHINCHA,consumo,5385.679000
2019-01-31,PICHINCHA,medianas_empresas,155.637000
2019-01-31,PICHINCHA,microempresas,417.810000
2019-01-31,PICHINCHA,pequenas_empresas,1770.020000
2019-01-31,RIPLEY,consumo,15530.018000
2019-01-31,SCOTIABANK,consumo,34670.134000
2019-01-31,SCOTIABANK,grandes_empresas,1882.182000
2019-01-31,SCOTIABANK,medianas_empresas,6578.212000
2019-01-31,SCOTIABANK,microempresas,849.429000
2019-01-31,SCOTIABANK,pequenas_empresas,6665.594000
2019-02-28,ALFIN,consumo,6997.965000
2019-02-28,BBVA,consumo,15471.675000
2019-02-28,BCP,consumo,63540.794000
2019-02-28,BCP,hipotecario,2921.284000
2019-02-28,BCP,medianas_empresas,16905.112000
2019-02-28,BCP,microempresas,372.683000
2019-02-28,BCP,pequenas_empresas,32476.695000
2019-02-28,BIF,consumo,7392.004000
2019-02-28,BIF,grandes_empresas,712.243000
2019-02-28,BIF,hipotecario,15.190000
2019-02-28,BIF,medianas_empresas,6706.269000
2019-02-28,BIF,microempresas,131.210000
2019-02-28,BIF,pequenas_empresas,872.402000
2019-02-28,CENCOSUD,consumo,17422.215000
2019-02-28,FALABELLA,consumo,28632.670000
2019-02-28,GNB,consumo,3860.727000
2019-02-28,INTERBANK,consumo,58493.939000
2019-02-28,INTERBANK,microempresas,12.867000
2019-02-28,INTERBANK,pequenas_empresas,4610.116000
2019-02-28,MIBANCO,consumo,3146.319000
2019-02-28,MIBANCO,hipotecario,19.120000
2019-02-28,MIBANCO,medianas_empresas,275.461000
2019-02-28,MIBANCO,microempresas,14166.921000
2019-02-28,MIBANCO,pequenas_empresas,22341.812000
2019-02-28,PICHINCHA,consumo,4539.196000
2019-02-28,PICHINCHA,medianas_empresas,937.994000
2019-02-28,PICHINCHA,microempresas,597.413000
2019-02-28,PICHINCHA,pequenas_empresas,1627.519000
2019-02-28,RIPLEY,consumo,18196.435000
2019-02-28,SCOTIABANK,consumo,40158.507000
2019-02-28,SCOTIABANK,hipotecario,9.381000
2019-02-28,SCOTIABANK,medianas_empresas,4782.142000
2019-02-28,SCOTIABANK,microempresas,976.635000
2019-02-28,SCOTIABANK,pequenas_empresas,8911.976000
2019-03-31,ALFIN,consumo,7962.531000
2019-03-31,BANCOM,consumo,4980.247000
2019-03-31,BANCOM,medianas_empresas,143.125000
2019-03-31,BBVA,consumo,7827.113000
2019-03-31,BCP,consumo,41367.816000
2019-03-31,BCP,hipotecario,1019.536000
2019-03-31,BCP,medianas_empresas,15872.502000
2019-03-31,BCP,microempresas,1820.264000
2019-03-31,BCP,pequenas_empresas,31873.731000
2019-03-31,BIF,consumo,7513.770000
2019-03-31,BIF,medianas_empresas,7283.310000
2019-03-31,BIF,microempresas,5.478000
2019-03-31,BIF,pequenas_empresas,936.207000
2019-03-31,FALABELLA,consumo,29174.113000
2019-03-31,GNB,consumo,4367.097000
2019-03-31,GNB,medianas_empresas,3244.581000
2019-03-31,GNB,pequenas_empresas,282.550000
2019-03-31,INTERBANK,consumo,61918.666000
2019-03-31,INTERBANK,pequenas_empresas,4518.855000
2019-03-31,MIBANCO,consumo,2842.997000
2019-03-31,MIBANCO,hipotecario,26.367000
2019-03-31,MIBANCO,medianas_empresas,448.706000
2019-03-31,MIBANCO,microempresas,11718.203000
2019-03-31,MIBANCO,pequenas_empresas,25937.173000
2019-03-31,PICHINCHA,consumo,1930.688000
2019-03-31,PICHINCHA,grandes_empresas,1.199000
2019-03-31,PICHINCHA,medianas_empresas,6.220000
2019-03-31,PICHINCHA,microempresas,179.885000
2019-03-31,PICHINCHA,pequenas_empresas,96.878000
2019-03-31,RIPLEY,consumo,23739.052000
2019-03-31,SANTANDER,medianas_empresas,3120.000000
2019-03-31,SANTANDER,pequenas_empresas,88.698000
2019-03-31,SCOTIABANK,consumo,36279.197000
2019-03-31,SCOTIABANK,hipotecario,322.631000
2019-03-31,SCOTIABANK,medianas_empresas,3577.812000
2019-03-31,SCOTIABANK,microempresas,453.219000
2019-03-31,SCOTIABANK,pequenas_empresas,7887.728000
2019-04-30,ALFIN,consumo,8666.724000
2019-04-30,BBVA,consumo,6670.286000
2019-04-30,BCP,consumo,57161.858000
2019-04-30,BCP,hipotecario,730.972000
2019-04-30,BCP,medianas_empresas,6682.425000
2019-04-30,BCP,microempresas,248.358000
2019-04-30,BCP,pequenas_empresas,22236.333000
2019-04-30,BIF,consumo,8134.654000
2019-04-30,BIF,medianas_empresas,4975.379000
2019-04-30,FALABELLA,consumo,25830.413000
2019-04-30,GNB,consumo,3626.391000
2019-04-30,INTERBANK,consumo,57760.113000
2019-04-30,INTERBANK,microempresas,2694.047000
2019-04-30,INTERBANK,pequenas_empresas,4745.935000
2019-04-30,MIBANCO,consumo,2836.863000
2019-04-30,MIBANCO,medianas_empresas,652.851000
2019-04-30,MIBANCO,microempresas,11522.441000
2019-04-30,MIBANCO,pequenas_empresas,25794.873000
2019-04-30,PICHINCHA,consumo,7417.226000
2019-04-30,PICHINCHA,medianas_empresas,1721.350000
2019-04-30,PICHINCHA,microempresas,1561.312000
2019-04-30,PICHINCHA,pequenas_empresas,6400.713000
2019-04-30,RIPLEY,consumo,20792.286000
2019-04-30,SCOTIABANK,consumo,37209.849000
2019-04-30,SCOTIABANK,medianas_empresas,724.455000
2019-04-30,SCOTIABANK,microempresas,384.557000
2019-04-30,SCOTIABANK,pequenas_empresas,5863.134000
2019-05-31,ALFIN,consumo,8167.358000
2019-05-31,BBVA,consumo,7220.310000
2019-05-31,BCP,consumo,45079.264000
2019-05-31,BCP,grandes_empresas,0.343000
2019-05-31,BCP,hipotecario,1053.347000
2019-05-31,BCP,medianas_empresas,14522.617000
2019-05-31,BCP,microempresas,305.467000
2019-05-31,BCP,pequenas_empresas,24683.796000
2019-05-31,BIF,consumo,7473.370000
2019-05-31,BIF,medianas_empresas,1772.469000
2019-05-31,BIF,microempresas,295.261000
2019-05-31,BIF,pequenas_empresas,3177.366000
2019-05-31,FALABELLA,consumo,26052.776000
2019-05-31,GNB,consumo,3995.895000
2019-05-31,GNB,medianas_empresas,3298.932000
2019-05-31,GNB,pequenas_empresas,62.748000
2019-05-31,INTERBANK,consumo,64724.296000
2019-05-31,INTERBANK,pequenas_empresas,6848.667000
2019-05-31,MIBANCO,consumo,3038.839000
2019-05-31,MIBANCO,medianas_empresas,429.648000
2019-05-31,MIBANCO,microempresas,13897.727000
2019-05-31,MIBANCO,pequenas_empresas,24940.069000
2019-05-31,PICHINCHA,consumo,2885.234000
2019-05-31,PICHINCHA,medianas_empresas,5.455000
2019-05-31,PICHINCHA,microempresas,1708.677000
2019-05-31,PICHINCHA,pequenas_empresas,468.540000
2019-05-31,RIPLEY,consumo,16885.226000
2019-05-31,SCOTIABANK,consumo,40355.298000
2019-05-31,SCOTIABANK,medianas_empresas,1247.495000
2019-05-31,SCOTIABANK,microempresas,379.827000
2019-05-31,SCOTIABANK,pequenas_empresas,7108.641000
2019-06-30,ALFIN,consumo,8563.709000
2019-06-30,BANCOM,consumo,2208.293000
2019-06-30,BANCOM,medianas_empresas,1907.282000
2019-06-30,BBVA,consumo,8518.929000
2019-06-30,BCP,consumo,57083.620000
2019-06-30,BCP,grandes_empresas,2441.333000
2019-06-30,BCP,hipotecario,4587.405000
2019-06-30,BCP,medianas_empresas,13561.404000
2019-06-30,BCP,microempresas,415.598000
2019-06-30,BCP,pequenas_empresas,29070.678000
2019-06-30,BIF,consumo,9623.352000
2019-06-30,BIF,hipotecario,17.784000
2019-06-30,BIF,medianas_empresas,6005.648000
2019-06-30,FALABELLA,consumo,25015.755000
2019-06-30,GNB,consumo,3432.758000
2019-06-30,INTERBANK,consumo,61896.529000
2019-06-30,INTERBANK,pequenas_empresas,4991.500000
2019-06-30,MIBANCO,consumo,2864.092000
2019-06-30,MIBANCO,medianas_empresas,199.420000
2019-06-30,MIBANCO,microempresas,12821.695000
2019-06-30,MIBANCO,pequenas_empresas,20824.414000
2019-06-30,PICHINCHA,consumo,6891.786000
2019-06-30,PICHINCHA,hipotecario,7.400000
2019-06-30,PICHINCHA,medianas_empresas,2110.142000
2019-06-30,PICHINCHA,microempresas,957.368000
2019-06-30,PICHINCHA,pequenas_empresas,3397.786000
2019-06-30,RIPLEY,consumo,23136.082000
2019-06-30,SCOTIABANK,consumo,32438.103000
2019-06-30,SCOTIABANK,hipotecario,13.211000
2019-06-30,SCOTIABANK,medianas_empresas,1152.580000
2019-06-30,SCOTIABANK,microempresas,380.443000
2019-06-30,SCOTIABANK,pequenas_empresas,6301.902000
2019-07-31,ALFIN,consumo,8344.466000
2019-07-31,BBVA,consumo,7462.074000
2019-07-31,BCP,consumo,63532.864000
2019-07-31,BCP,hipotecario,1637.440000
2019-07-31,BCP,medianas_empresas,14153.836000
2019-07-31,BCP,microempresas,337.584000
2019-07-31,BCP,pequenas_empresas,23477.805000
2019-07-31,BIF,consumo,9524.502000
2019-07-31,BIF,medianas_empresas,5003.333000
2019-07-31,BIF,microempresas,376.632000
2019-07-31,BIF,pequenas_empresas,1170.467000
2019-07-31,FALABELLA,consumo,30332.430000
2019-07-31,GNB,consumo,4293.304000
2019-07-31,GNB,grandes_empresas,326.900000
2019-07-31,GNB,medianas_empresas,396.071000
2019-07-31,INTERBANK,consumo,63686.119000
2019-07-31,INTERBANK,pequenas_empresas,4818.379000
2019-07-31,MIBANCO,consumo,3144.332000
2019-07-31,MIBANCO,medianas_empresas,249.744000
2019-07-31,MIBANCO,microempresas,13515.271000
2019-07-31,MIBANCO,pequenas_empresas,28200.876000
2019-07-31,PICHINCHA,consumo,4258.255000
2019-07-31,PICHINCHA,medianas_empresas,896.074000
2019-07-31,PICHINCHA,microempresas,981.531000
2019-07-31,PICHINCHA,pequenas_empresas,1677.709000
2019-07-31,RIPLEY,consumo,20248.624000
2019-07-31,SCOTIABANK,consumo,35617.015000
2019-07-31,SCOTIABANK,medianas_empresas,4361.976000
2019-07-31,SCOTIABANK,microempresas,410.534000
2019-07-31,SCOTIABANK,pequenas_empresas,6844.830000
2019-08-31,ALFIN,consumo,8392.944000
2019-08-31,BBVA,consumo,8279.689000
2019-08-31,BCP,consumo,59726.789000
2019-08-31,BCP,corporativo,0.319000
2019-08-31,BCP,hipotecario,857.478000
2019-08-31,BCP,medianas_empresas,10160.254000
2019-08-31,BCP,microempresas,319.489000
2019-08-31,BCP,pequenas_empresas,28468.593000
2019-08-31,BIF,consumo,9514.422000
2019-08-31,BIF,grandes_empresas,183.648000
2019-08-31,BIF,medianas_empresas,2950.973000
2019-08-31,BIF,pequenas_empresas,36.262000
2019-08-31,FALABELLA,consumo,29872.348000
2019-08-31,GNB,consumo,3198.670000
2019-08-31,INTERBANK,consumo,64630.930000
2019-08-31,INTERBANK,pequenas_empresas,4678.517000
2019-08-31,MIBANCO,consumo,2585.370000
2019-08-31,MIBANCO,medianas_empresas,156.010000
2019-08-31,MIBANCO,microempresas,11276.768000
2019-08-31,MIBANCO,pequenas_empresas,17837.006000
2019-08-31,PICHINCHA,consumo,4855.365000
2019-08-31,PICHINCHA,medianas_empresas,1659.285000
2019-08-31,PICHINCHA,microempresas,1594.197000
2019-08-31,PICHINCHA,pequenas_empresas,2930.474000
2019-08-31,RIPLEY,consumo,19330.772000
2019-08-31,SCOTIABANK,consumo,38914.999000
2019-08-31,SCOTIABANK,hipotecario,234.157000
2019-08-31,SCOTIABANK,medianas_empresas,3847.830000
2019-08-31,SCOTIABANK,microempresas,424.881000
2019-08-31,SCOTIABANK,pequenas_empresas,5339.288000
2019-09-30,ALFIN,consumo,8462.948000
2019-09-30,BANCOM,consumo,4294.595000
2019-09-30,BANCOM,medianas_empresas,2775.536000
2019-09-30,BBVA,consumo,7311.930000
2019-09-30,BCP,consumo,60922.915000
2019-09-30,BCP,corporativo,1089.523000
2019-09-30,BCP,grandes_empresas,15714.341000
2019-09-30,BCP,hipotecario,1633.807000
2019-09-30,BCP,medianas_empresas,20881.891000
2019-09-30,BCP,microempresas,512.920000
2019-09-30,BCP,pequenas_empresas,25607.321000
2019-09-30,BIF,consumo,7705.541000
2019-09-30,BIF,hipotecario,0.001000
2019-09-30,BIF,medianas_empresas,5383.213000
2019-09-30,FALABELLA,consumo,28738.656000
2019-09-30,GNB,consumo,4250.023000
2019-09-30,INTERBANK,consumo,65613.124000
2019-09-30,INTERBANK,microempresas,4688.206000
2019-09-30,INTERBANK,pequenas_empresas,4338.956000
2019-09-30,MIBANCO,consumo,3115.449000
2019-09-30,MIBANCO,medianas_empresas,369.079000
2019-09-30,MIBANCO,microempresas,13054.536000
2019-09-30,MIBANCO,pequenas_empresas,20336.576000
2019-09-30,PICHINCHA,consumo,5361.937000
2019-09-30,PICHINCHA,medianas_empresas,4411.095000
2019-09-30,PICHINCHA,microempresas,1644.003000
2019-09-30,PICHINCHA,pequenas_empresas,2630.302000
2019-09-30,RIPLEY,consumo,18301.342000
2019-09-30,SCOTIABANK,consumo,35905.475000
2019-09-30,SCOTIABANK,hipotecario,261.079000
2019-09-30,SCOTIABANK,medianas_empresas,2141.891000
2019-09-30,SCOTIABANK,microempresas,394.138000
2019-09-30,SCOTIABANK,pequenas_empresas,7247.538000
2019-10-31,ALFIN,consumo,8443.263000
2019-10-31,BBVA,consumo,9305.354000
2019-10-31,BCP,consumo,58275.491000
2019-10-31,BCP,hipotecario,5069.657000
2019-10-31,BCP,medianas_empresas,11610.573000
2019-10-31,BCP,microempresas,322.353000
2019-10-31,BCP,pequenas_empresas,30828.794000
2019-10-31,BIF,consumo,8838.981000
2019-10-31,BIF,grandes_empresas,158.022000
2019-10-31,BIF,medianas_empresas,90.493000
2019-10-31,BIF,microempresas,239.490000
2019-10-31,FALABELLA,consumo,27684.403000
2019-10-31,GNB,consumo,2784.662000
2019-10-31,GNB,medianas_empresas,76.725000
2019-10-31,GNB,pequenas_empresas,164.640000
2019-10-31,INTERBANK,consumo,72201.572000
2019-10-31,INTERBANK,microempresas,10275.185000
2019-10-31,INTERBANK,pequenas_empresas,4916.594000
2019-10-31,MIBANCO,consumo,2250.932000
2019-10-31,MIBANCO,hipotecario,159.262000
2019-10-31,MIBANCO,medianas_empresas,173.187000
2019-10-31,MIBANCO,microempresas,11704.424000
2019-10-31,MIBANCO,pequenas_empresas,19712.723000
2019-10-31,PICHINCHA,consumo,4654.024000
2019-10-31,PICHINCHA,grandes_empresas,2738.416000
2019-10-31,PICHINCHA,medianas_empresas,877.647000
2019-10-31,PICHINCHA,microempresas,1221.116000
2019-10-31,PICHINCHA,pequenas_empresas,2757.278000
2019-10-31,RIPLEY,consumo,19573.426000
2019-10-31,SANTANDER,medianas_empresas,1215.504000
2019-10-31,SCOTIABANK,consumo,44120.536000
2019-10-31,SCOTIABANK,hipotecario,0.733000
2019-10-31,SCOTIABANK,medianas_empresas,828.254000
2019-10-31,SCOTIABANK,microempresas,410.610000
2019-10-31,SCOTIABANK,pequenas_empresas,8547.189000
2019-11-30,ALFIN,consumo,9457.085000
2019-11-30,BBVA,consumo,7782.750000
2019-11-30,BCP,consumo,65869.688000
2019-11-30,BCP,hipotecario,11244.116000
2019-11-30,BCP,medianas_empresas,43517.412000
2019-11-30,BCP,microempresas,256.141000
2019-11-30,BCP,pequenas_empresas,42803.809000
2019-11-30,BIF,consumo,10166.697000
2019-11-30,FALABELLA,consumo,28043.634000
2019-11-30,GNB,consumo,3352.905000
2019-11-30,INTERBANK,consumo,70685.980000
2019-11-30,INTERBANK,microempresas,734.051000
2019-11-30,INTERBANK,pequenas_empresas,7808.986000
2019-11-30,MIBANCO,consumo,2813.334000
2019-11-30,MIBANCO,medianas_empresas,132.230000
2019-11-30,MIBANCO,microempresas,12299.877000
2019-11-30,MIBANCO,pequenas_empresas,16952.231000
2019-11-30,PICHINCHA,consumo,5675.967000
2019-11-30,PICHINCHA,grandes_empresas,0.065000
2019-11-30,PICHINCHA,medianas_empresas,274.089000
2019-11-30,PICHINCHA,microempresas,893.469000
2019-11-30,PICHINCHA,pequenas_empresas,2832.894000
2019-11-30,RIPLEY,consumo,19319.438000
2019-11-30,SCOTIABANK,consumo,39681.142000
2019-11-30,SCOTIABANK,grandes_empresas,3180.922000
2019-11-30,SCOTIABANK,hipotecario,39.217000
2019-11-30,SCOTIABANK,medianas_empresas,7574.439000
2019-11-30,SCOTIABANK,microempresas,871.368000
2019-11-30,SCOTIABANK,pequenas_empresas,4747.406000
2019-12-31,ALFIN,consumo,11953.167000
2019-12-31,BANCOM,consumo,5077.317000
2019-12-31,BBVA,consumo,7727.768000
2019-12-31,BCP,consumo,66910.078000
2019-12-31,BCP,hipotecario,7241.499000
2019-12-31,BCP,medianas_empresas,27971.534000
2019-12-31,BCP,microempresas,453.807000
2019-12-31,BCP,pequenas_empresas,31635.933000
2019-12-31,BIF,consumo,10355.575000
2019-12-31,BIF,grandes_empresas,340.900000
2019-12-31,BIF,medianas_empresas,15883.126000
2019-12-31,BIF,microempresas,151.818000
2019-12-31,BIF,pequenas_empresas,2164.387000
2019-12-31,FALABELLA,consumo,27434.155000
2019-12-31,GNB,consumo,3424.722000
2019-12-31,GNB,medianas_empresas,13.159000
2019-12-31,INTERBANK,consumo,70108.227000
2019-12-31,INTERBANK,microempresas,32.830000
2019-12-31,INTERBANK,pequenas_empresas,5507.484000
2019-12-31,MIBANCO,consumo,2521.219000
2019-12-31,MIBANCO,medianas_empresas,288.072000
2019-12-31,MIBANCO,microempresas,11053.500000
2019-12-31,MIBANCO,pequenas_empresas,17277.034000
2019-12-31,PICHINCHA,consumo,5465.267000
2019-12-31,PICHINCHA,medianas_empresas,1043.408000
2019-12-31,PICHINCHA,microempresas,1591.656000
2019-12-31,PICHINCHA,pequenas_empresas,819.971000
2019-12-31,RIPLEY,consumo,18403.091000
2019-12-31,SCOTIABANK,consumo,56788.284000
2019-12-31,SCOTIABANK,corporativo,5146.253000
2019-12-31,SCOTIABANK,grandes_empresas,226.945000
2019-12-31,SCOTIABANK,hipotecario,238.599000
2019-12-31,SCOTIABANK,medianas_empresas,28636.206000
2019-12-31,SCOTIABANK,microempresas,588.645000
2019-12-31,SCOTIABANK,pequenas_empresas,11585.744000
2020-01-31,ALFIN,consumo,15771.224000
2020-01-31,BBVA,consumo,8347.631000
2020-01-31,BCP,consumo,67998.614000
2020-01-31,BCP,hipotecario,2134.868000
2020-01-31,BCP,medianas_empresas,8742.830000
2020-01-31,BCP,microempresas,633.320000
2020-01-31,BCP,pequenas_empresas,28802.576000
2020-01-31,BIF,consumo,9919.181000
2020-01-31,BIF,corporativo,3840.272000
2020-01-31,BIF,grandes_empresas,39.490000
2020-01-31,BIF,hipotecario,472.939000
2020-01-31,BIF,medianas_empresas,6435.897000
2020-01-31,BIF,microempresas,66.718000
2020-01-31,BIF,pequenas_empresas,849.325000
2020-01-31,FALABELLA,consumo,28472.367000
2020-01-31,GNB,consumo,4307.490000
2020-01-31,INTERBANK,consumo,73885.742000
2020-01-31,INTERBANK,pequenas_empresas,5757.813000
2020-01-31,MIBANCO,consumo,2323.402000
2020-01-31,MIBANCO,medianas_empresas,386.412000
2020-01-31,MIBANCO,microempresas,10961.369000
2020-01-31,MIBANCO,pequenas_empresas,21347.347000
2020-01-31,PICHINCHA,consumo,5247.047000
2020-01-31,PICHINCHA,medianas_empresas,435.890000
2020-01-31,PICHINCHA,microempresas,621.234000
2020-01-31,PICHINCHA,pequenas_empresas,3041.512000
2020-01-31,RIPLEY,consumo,18237.806000
2020-01-31,SCOTIABANK,consumo,31843.991000
2020-01-31,SCOTIABANK,medianas_empresas,2745.258000
2020-01-31,SCOTIABANK,microempresas,1094.575000
2020-01-31,SCOTIABANK,pequenas_empresas,8170.404000
2020-02-29,ALFIN,consumo,14763.520000
2020-02-29,BBVA,consumo,8375.040000
2020-02-29,BCP,consumo,97153.101000
2020-02-29,BCP,hipotecario,8145.550000
2020-02-29,BCP,medianas_empresas,26121.726000
2020-02-29,BCP,microempresas,274.062000
2020-02-29,BCP,pequenas_empresas,63026.632000
2020-02-29,BIF,consumo,9142.171000
2020-02-29,BIF,corporativo,-0.190000
2020-02-29,BIF,hipotecario,40.389000
2020-02-29,FALABELLA,consumo,31422.106000
2020-02-29,GNB,consumo,3297.983000
2020-02-29,INTERBANK,consumo,88833.964000
2020-02-29,INTERBANK,microempresas,0.941000
2020-02-29,INTERBANK,pequenas_empresas,4494.967000
2020-02-29,MIBANCO,consumo,2934.353000
2020-02-29,MIBANCO,medianas_empresas,472.555000
2020-02-29,MIBANCO,microempresas,11889.409000
2020-02-29,MIBANCO,pequenas_empresas,23003.900000
2020-02-29,PICHINCHA,consumo,8295.825000
2020-02-29,PICHINCHA,medianas_empresas,8.304000
2020-02-29,PICHINCHA,microempresas,279.319000
2020-02-29,PICHINCHA,pequenas_empresas,1212.737000
2020-02-29,RIPLEY,consumo,20723.526000
2020-02-29,SCOTIABANK,consumo,40139.888000
2020-02-29,SCOTIABANK,hipotecario,238.571000
2020-02-29,SCOTIABANK,medianas_empresas,3614.274000
2020-02-29,SCOTIABANK,microempresas,804.645000
2020-02-29,SCOTIABANK,pequenas_empresas,3623.765000
2020-03-31,BANCOM,consumo,4349.357000
2020-03-31,BBVA,consumo,8020.721000
2020-03-31,BCP,consumo,71887.479000
2020-03-31,BCP,hipotecario,3440.270000
2020-03-31,BCP,medianas_empresas,28123.108000
2020-03-31,BCP,microempresas,546.776000
2020-03-31,BCP,pequenas_empresas,28526.016000
2020-03-31,BIF,consumo,10451.873000
2020-03-31,BIF,medianas_empresas,6405.885000
2020-03-31,BIF,pequenas_empresas,361.759000
2020-03-31,FALABELLA,consumo,31581.188000
2020-03-31,GNB,consumo,3434.857000
2020-03-31,GNB,medianas_empresas,820.946000
2020-03-31,INTERBANK,consumo,73885.742000
2020-03-31,INTERBANK,pequenas_empresas,5757.813000
2020-03-31,PICHINCHA,consumo,5105.379000
2020-03-31,PICHINCHA,medianas_empresas,857.573000
2020-03-31,PICHINCHA,microempresas,1622.356000
2020-03-31,PICHINCHA,pequenas_empresas,555.314000
2020-03-31,SCOTIABANK,consumo,9267.290000
2020-03-31,SCOTIABANK,hipotecario,58.379000
2020-03-31,SCOTIABANK,medianas_empresas,2237.107000
2020-03-31,SCOTIABANK,microempresas,337.848000
2020-03-31,SCOTIABANK,pequenas_empresas,1824.253000
2020-04-30,BBVA,consumo,118.765000
2020-04-30,BCP,consumo,4504.993000
2020-04-30,BCP,hipotecario,1248.862000
2020-04-30,BCP,medianas_empresas,6828.323000
2020-04-30,BCP,microempresas,61.473000
2020-04-30,BCP,pequenas_empresas,5095.701000
2020-04-30,BIF,consumo,158.066000
2020-04-30,BIF,hipotecario,23.164000
2020-04-30,FALABELLA,consumo,29283.185000
2020-04-30,GNB,consumo,3093.308000
2020-04-30,INTERBANK,consumo,34311.559000
2020-04-30,INTERBANK,microempresas,5755.997000
2020-04-30,INTERBANK,pequenas_empresas,2912.487000
2020-04-30,PICHINCHA,consumo,5577.796000
2020-04-30,PICHINCHA,microempresas,569.357000
2020-04-30,PICHINCHA,pequenas_empresas,115.011000
2020-04-30,RIPLEY,consumo,7133.477000
2020-04-30,SCOTIABANK,consumo,1107.649000
2020-04-30,SCOTIABANK,medianas_empresas,2000.144000
2020-04-30,SCOTIABANK,microempresas,313.323000
2020-04-30,SCOTIABANK,pequenas_empresas,1551.313000
2020-05-31,BBVA,consumo,221.337000
2020-05-31,BCP,consumo,3530.261000
2020-05-31,BCP,grandes_empresas,0.384000
2020-05-31,BCP,hipotecario,229.518000
2020-05-31,BCP,medianas_empresas,7331.128000
2020-05-31,BCP,microempresas,35.377000
2020-05-31,BCP,pequenas_empresas,1548.654000
2020-05-31,BIF,grandes_empresas,1583.959000
2020-05-31,BIF,medianas_empresas,4047.678000
2020-05-31,BIF,pequenas_empresas,1.380000
2020-05-31,FALABELLA,consumo,32006.977000
2020-05-31,GNB,consumo,44.417000
2020-05-31,INTERBANK,consumo,8359.616000
2020-05-31,INTERBANK,microempresas,6380.466000
2020-05-31,INTERBANK,pequenas_empresas,627.196000
2020-05-31,PICHINCHA,consumo,2434.234000
2020-05-31,PICHINCHA,medianas_empresas,428.104000
2020-05-31,PICHINCHA,microempresas,10.427000
2020-05-31,PICHINCHA,pequenas_empresas,66.803000
2020-05-31,RIPLEY,consumo,26809.266000
2020-05-31,SCOTIABANK,consumo,1395.442000
2020-05-31,SCOTIABANK,hipotecario,869.712000
2020-05-31,SCOTIABANK,medianas_empresas,2322.753000
2020-05-31,SCOTIABANK,microempresas,347.000000
2020-05-31,SCOTIABANK,pequenas_empresas,760.983000
2020-06-30,ALFIN,consumo,9412.475000
2020-06-30,BCP,consumo,1703.986000
2020-06-30,BCP,hipotecario,1599.063000
2020-06-30,BCP,medianas_empresas,4088.108000
2020-06-30,BCP,microempresas,29.221000
2020-06-30,BCP,pequenas_empresas,526.347000
2020-06-30,BIF,medianas_empresas,1395.890000
2020-06-30,BIF,pequenas_empresas,80.264000
2020-06-30,FALABELLA,consumo,37071.323000
2020-06-30,GNB,consumo,110.572000
2020-06-30,INTERBANK,consumo,7335.909000
2020-06-30,INTERBANK,pequenas_empresas,2054.944000
2020-06-30,PICHINCHA,consumo,2343.176000
2020-06-30,PICHINCHA,microempresas,283.238000
2020-06-30,PICHINCHA,pequenas_empresas,77.565000
2020-06-30,SCOTIABANK,consumo,2115.836000
2020-06-30,SCOTIABANK,hipotecario,51.218000
2020-06-30,SCOTIABANK,medianas_empresas,6634.899000
2020-06-30,SCOTIABANK,microempresas,1532.242000
2020-06-30,SCOTIABANK,pequenas_empresas,2170.639000
2020-07-31,BBVA,consumo,4.132000
2020-07-31,BCP,consumo,1292.307000
2020-07-31,BCP,hipotecario,699.985000
2020-07-31,BCP,medianas_empresas,1652.541000
2020-07-31,BCP,microempresas,22.519000
2020-07-31,BCP,pequenas_empresas,1927.238000
2020-07-31,BIF,consumo,24.400000
2020-07-31,BIF,medianas_empresas,2178.499000
2020-07-31,BIF,microempresas,7.228000
2020-07-31,BIF,pequenas_empresas,46.310000
2020-07-31,FALABELLA,consumo,37408.224000
2020-07-31,GNB,consumo,138.174000
2020-07-31,INTERBANK,consumo,7682.031000
2020-07-31,INTERBANK,pequenas_empresas,725.068000
2020-07-31,PICHINCHA,consumo,427.848000
2020-07-31,PICHINCHA,microempresas,15.493000
2020-07-31,RIPLEY,consumo,7.345000
2020-07-31,SCOTIABANK,consumo,790.156000
2020-07-31,SCOTIABANK,hipotecario,245.242000
2020-07-31,SCOTIABANK,medianas_empresas,3273.141000
2020-07-31,SCOTIABANK,microempresas,1527.568000
2020-07-31,SCOTIABANK,pequenas_empresas,2204.768000
2020-08-31,ALFIN,consumo,8197.321000
2020-08-31,BCP,consumo,118.044000
2020-08-31,BCP,hipotecario,52.473000
2020-08-31,BCP,medianas_empresas,1846.269000
2020-08-31,BCP,microempresas,30.004000
2020-08-31,BCP,pequenas_empresas,458.405000
2020-08-31,BIF,consumo,9802.415000
2020-08-31,BIF,grandes_empresas,3638.263000
2020-08-31,BIF,hipotecario,3.605000
2020-08-31,BIF,medianas_empresas,1392.853000
2020-08-31,FALABELLA,consumo,41860.415000
2020-08-31,GNB,consumo,2324.954000
2020-08-31,GNB,pequenas_empresas,71.867000
2020-08-31,INTERBANK,consumo,47710.688000
2020-08-31,INTERBANK,microempresas,1034.175000
2020-08-31,INTERBANK,pequenas_empresas,849.686000
2020-08-31,PICHINCHA,consumo,299.053000
2020-08-31,PICHINCHA,microempresas,84.346000
2020-08-31,PICHINCHA,pequenas_empresas,15.115000
2020-08-31,RIPLEY,consumo,4.165000
2020-08-31,SCOTIABANK,consumo,1681.999000
2020-08-31,SCOTIABANK,hipotecario,305.105000
2020-08-31,SCOTIABANK,medianas_empresas,2327.118000
2020-08-31,SCOTIABANK,microempresas,818.653000
2020-08-31,SCOTIABANK,pequenas_empresas,1641.428000
2020-09-30,ALFIN,consumo,9191.346000
2020-09-30,BANCOM,consumo,1840.016000
2020-09-30,BCP,hipotecario,107.487000
2020-09-30,BCP,medianas_empresas,646.781000
2020-09-30,BCP,microempresas,3.919000
2020-09-30,BCP,pequenas_empresas,204.655000
2020-09-30,BIF,consumo,1112.355000
2020-09-30,BIF,medianas_empresas,348.679000
2020-09-30,BIF,pequenas_empresas,133.256000
2020-09-30,FALABELLA,consumo,48791.952000
2020-09-30,GNB,consumo,2849.674000
2020-09-30,GNB,medianas_empresas,97.600000
2020-09-30,GNB,microempresas,12.714000
2020-09-30,GNB,pequenas_empresas,74.688000
2020-09-30,INTERBANK,consumo,42826.381000
2020-09-30,INTERBANK,microempresas,1920.214000
2020-09-30,INTERBANK,pequenas_empresas,150.115000
2020-09-30,PICHINCHA,consumo,2475.860000
2020-09-30,PICHINCHA,medianas_empresas,991.834000
2020-09-30,PICHINCHA,microempresas,952.384000
2020-09-30,PICHINCHA,pequenas_empresas,2578.103000
2020-09-30,RIPLEY,consumo,6.701000
2020-09-30,SCOTIABANK,consumo,42455.423000
2020-09-30,SCOTIABANK,medianas_empresas,1715.212000
2020-09-30,SCOTIABANK,microempresas,883.081000
2020-09-30,SCOTIABANK,pequenas_empresas,7186.959000
2020-10-31,ALFIN,consumo,8451.988000
2020-10-31,BBVA,consumo,15300.632000
2020-10-31,BCP,consumo,55263.765000
2020-10-31,BCP,hipotecario,1220.622000
2020-10-31,BCP,medianas_empresas,14345.854000
2020-10-31,BCP,microempresas,187.890000
2020-10-31,BCP,pequenas_empresas,29359.224000
2020-10-31,BIF,consumo,4426.856000
2020-10-31,BIF,grandes_empresas,0.105000
2020-10-31,BIF,medianas_empresas,302.990000
2020-10-31,BIF,microempresas,124.990000
2020-10-31,BIF,pequenas_empresas,7.928000
2020-10-31,FALABELLA,consumo,73798.232000
2020-10-31,GNB,consumo,13888.109000
2020-10-31,INTERBANK,consumo,61442.737000
2020-10-31,INTERBANK,pequenas_empresas,907.841000
2020-10-31,PICHINCHA,consumo,138.444000
2020-10-31,PICHINCHA,medianas_empresas,13.833000
2020-10-31,PICHINCHA,microempresas,5.257000
2020-10-31,PICHINCHA,pequenas_empresas,3.169000
2020-10-31,RIPLEY,consumo,16346.443000
2020-10-31,SANTANDER,medianas_empresas,10034.710000
2020-10-31,SCOTIABANK,consumo,50504.243000
2020-10-31,SCOTIABANK,medianas_empresas,1636.136000
2020-10-31,SCOTIABANK,microempresas,1083.423000
2020-10-31,SCOTIABANK,pequenas_empresas,14371.256000
2020-11-30,ALFIN,consumo,16243.224000
2020-11-30,BBVA,consumo,4921.818000
2020-11-30,BCP,consumo,63878.527000
2020-11-30,BCP,hipotecario,3570.555000
2020-11-30,BCP,medianas_empresas,3382.654000
2020-11-30,BCP,microempresas,389.005000
2020-11-30,BCP,pequenas_empresas,21445.181000
2020-11-30,BIF,consumo,22117.512000
2020-11-30,BIF,grandes_empresas,614.596000
2020-11-30,BIF,medianas_empresas,4861.472000
2020-11-30,BIF,microempresas,303.184000
2020-11-30,BIF,pequenas_empresas,142.931000
2020-11-30,FALABELLA,consumo,41724.620000
2020-11-30,GNB,consumo,2952.949000
2020-11-30,INTERBANK,consumo,174046.489000
2020-11-30,INTERBANK,microempresas,6012.640000
2020-11-30,INTERBANK,pequenas_empresas,1035.828000
2020-11-30,MIBANCO,consumo,4922.379000
2020-11-30,MIBANCO,hipotecario,514.145000
2020-11-30,MIBANCO,medianas_empresas,611.382000
2020-11-30,MIBANCO,microempresas,22056.212000
2020-11-30,MIBANCO,pequenas_empresas,37879.192000
2020-11-30,PICHINCHA,consumo,11805.451000
2020-11-30,PICHINCHA,microempresas,716.557000
2020-11-30,PICHINCHA,pequenas_empresas,242.131000
2020-11-30,RIPLEY,consumo,36574.590000
2020-11-30,SCOTIABANK,consumo,44075.131000
2020-11-30,SCOTIABANK,grandes_empresas,4723.382000
2020-11-30,SCOTIABANK,medianas_empresas,3034.793000
2020-11-30,SCOTIABANK,microempresas,939.056000
2020-11-30,SCOTIABANK,pequenas_empresas,5413.211000
2020-12-31,ALFIN,consumo,18231.841000
2020-12-31,BANCOM,consumo,10155.170000
2020-12-31,BANCOM,medianas_empresas,850.687000
2020-12-31,BBVA,consumo,18702.715000
2020-12-31,BCP,consumo,128737.627000
2020-12-31,BCP,hipotecario,3316.960000
2020-12-31,BCP,medianas_empresas,12953.085000
2020-12-31,BCP,microempresas,561.978000
2020-12-31,BCP,pequenas_empresas,53158.619000
2020-12-31,BIF,consumo,15540.839000
2020-12-31,BIF,grandes_empresas,7853.696000
2020-12-31,BIF,hipotecario,3644.128000
2020-12-31,BIF,medianas_empresas,5706.212000
2020-12-31,BIF,microempresas,232.054000
2020-12-31,BIF,pequenas_empresas,64.848000
2020-12-31,FALABELLA,consumo,38482.406000
2020-12-31,GNB,consumo,8132.233000
2020-12-31,INTERBANK,consumo,229198.238000
2020-12-31,INTERBANK,pequenas_empresas,2995.478000
2020-12-31,MIBANCO,consumo,4123.153000
2020-12-31,MIBANCO,hipotecario,37.227000
2020-12-31,MIBANCO,medianas_empresas,212.529000
2020-12-31,MIBANCO,microempresas,15097.813000
2020-12-31,MIBANCO,pequenas_empresas,25451.936000
2020-12-31,PICHINCHA,consumo,7322.800000
2020-12-31,PICHINCHA,medianas_empresas,12111.573000
2020-12-31,PICHINCHA,microempresas,1663.765000
2020-12-31,PICHINCHA,pequenas_empresas,2479.571000
2020-12-31,RIPLEY,consumo,47305.785000
2020-12-31,SCOTIABANK,consumo,65883.674000
2020-12-31,SCOTIABANK,medianas_empresas,4990.865000
2020-12-31,SCOTIABANK,microempresas,645.990000
2020-12-31,SCOTIABANK,pequenas_empresas,10132.489000
2021-01-31,ALFIN,consumo,17771.950000
2021-01-31,BBVA,consumo,20075.748000
2021-01-31,BCP,consumo,231765.948000
2021-01-31,BCP,grandes_empresas,0.360000
2021-01-31,BCP,hipotecario,1189.999000
2021-01-31,BCP,medianas_empresas,20514.178000
2021-01-31,BCP,microempresas,751.985000
2021-01-31,BCP,pequenas_empresas,46293.863000
2021-01-31,BIF,consumo,33432.486000
2021-01-31,BIF,medianas_empresas,1069.400000
2021-01-31,BIF,microempresas,29.060000
2021-01-31,BIF,pequenas_empresas,135.244000
2021-01-31,FALABELLA,consumo,42460.241000
2021-01-31,GNB,consumo,3670.567000
2021-01-31,GNB,grandes_empresas,741.659000
2021-01-31,GNB,hipotecario,106.339000
2021-01-31,GNB,medianas_empresas,2128.269000
2021-01-31,INTERBANK,consumo,249173.405000
2021-01-31,INTERBANK,pequenas_empresas,1197.107000
2021-01-31,MIBANCO,consumo,3792.831000
2021-01-31,MIBANCO,hipotecario,102.896000
2021-01-31,MIBANCO,medianas_empresas,1.478000
2021-01-31,MIBANCO,microempresas,16307.963000
2021-01-31,MIBANCO,pequenas_empresas,26480.223000
2021-01-31,PICHINCHA,consumo,21970.626000
2021-01-31,PICHINCHA,medianas_empresas,128.227000
2021-01-31,PICHINCHA,microempresas,1577.305000
2021-01-31,PICHINCHA,pequenas_empresas,2966.393000
2021-01-31,RIPLEY,consumo,115815.503000
2021-01-31,SCOTIABANK,consumo,63182.816000
2021-01-31,SCOTIABANK,medianas_empresas,2004.016000
2021-01-31,SCOTIABANK,microempresas,524.458000
2021-01-31,SCOTIABANK,pequenas_empresas,6558.939000
2021-02-28,ALFIN,consumo,6210.918000
2021-02-28,BBVA,consumo,19636.979000
2021-02-28,BCP,consumo,108013.871000
2021-02-28,BCP,hipotecario,994.174000
2021-02-28,BCP,medianas_empresas,8667.359000
2021-02-28,BCP,microempresas,666.508000
2021-02-28,BCP,pequenas_empresas,32844.995000
2021-02-28,BIF,consumo,32294.432000
2021-02-28,BIF,grandes_empresas,29.470000
2021-02-28,BIF,hipotecario,289.361000
2021-02-28,BIF,medianas_empresas,922.963000
2021-02-28,BIF,microempresas,92.948000
2021-02-28,BIF,pequenas_empresas,55.503000
2021-02-28,FALABELLA,consumo,46171.607000
2021-02-28,GNB,consumo,3188.858000
2021-02-28,GNB,medianas_empresas,883.028000
2021-02-28,GNB,pequenas_empresas,72.980000
2021-02-28,INTERBANK,consumo,135457.173000
2021-02-28,INTERBANK,pequenas_empresas,786.265000
2021-02-28,MIBANCO,consumo,4373.911000
2021-02-28,MIBANCO,medianas_empresas,47.612000
2021-02-28,MIBANCO,microempresas,13731.076000
2021-02-28,MIBANCO,pequenas_empresas,14910.964000
2021-02-28,PICHINCHA,consumo,15721.682000
2021-02-28,PICHINCHA,microempresas,265.977000
2021-02-28,PICHINCHA,pequenas_empresas,2254.868000
2021-02-28,RIPLEY,consumo,66161.804000
2021-02-28,SCOTIABANK,consumo,92443.181000
2021-02-28,SCOTIABANK,medianas_empresas,6869.388000
2021-02-28,SCOTIABANK,microempresas,990.573000
2021-02-28,SCOTIABANK,pequenas_empresas,14853.789000
2021-03-31,ALFIN,consumo,6133.639000
2021-03-31,BANCOM,consumo,2790.530000
2021-03-31,BBVA,consumo,23953.235000
2021-03-31,BCP,consumo,145185.079000
2021-03-31,BCP,hipotecario,1241.839000
2021-03-31,BCP,medianas_empresas,12855.693000
2021-03-31,BCP,microempresas,537.924000
2021-03-31,BCP,pequenas_empresas,29430.621000
2021-03-31,BIF,consumo,25961.771000
2021-03-31,BIF,grandes_empresas,0.047000
2021-03-31,BIF,medianas_empresas,17.607000
2021-03-31,BIF,microempresas,65.780000
2021-03-31,BIF,pequenas_empresas,336.288000
2021-03-31,FALABELLA,consumo,36445.335000
2021-03-31,GNB,consumo,3435.567000
2021-03-31,INTERBANK,consumo,144160.129000
2021-03-31,INTERBANK,microempresas,5565.587000
2021-03-31,INTERBANK,pequenas_empresas,9122.083000
2021-03-31,MIBANCO,consumo,3097.518000
2021-03-31,MIBANCO,hipotecario,239.384000
2021-03-31,MIBANCO,medianas_empresas,51.199000
2021-03-31,MIBANCO,microempresas,10977.874000
2021-03-31,MIBANCO,pequenas_empresas,12753.098000
2021-03-31,PICHINCHA,consumo,36967.071000
2021-03-31,PICHINCHA,grandes_empresas,902.677000
2021-03-31,PICHINCHA,medianas_empresas,1586.402000
2021-03-31,PICHINCHA,microempresas,336.865000
2021-03-31,PICHINCHA,pequenas_empresas,1455.710000
2021-03-31,RIPLEY,consumo,51800.942000
2021-03-31,SCOTIABANK,consumo,263516.761000
2021-03-31,SCOTIABANK,medianas_empresas,6167.620000
2021-03-31,SCOTIABANK,microempresas,464.945000
2021-03-31,SCOTIABANK,pequenas_empresas,9329.112000
2021-04-30,ALFIN,consumo,7730.699000
2021-04-30,BBVA,consumo,11146.249000
2021-04-30,BCP,consumo,184917.289000
2021-04-30,BCP,medianas_empresas,6578.788000
2021-04-30,BCP,microempresas,606.059000
2021-04-30,BCP,pequenas_empresas,42101.365000
2021-04-30,BIF,consumo,36260.561000
2021-04-30,BIF,medianas_empresas,6.182000
2021-04-30,BIF,microempresas,17.217000
2021-04-30,FALABELLA,consumo,28881.458000
2021-04-30,GNB,consumo,2469.141000
2021-04-30,INTERBANK,consumo,137713.593000
2021-04-30,INTERBANK,microempresas,3840.456000
2021-04-30,INTERBANK,pequenas_empresas,9775.925000
2021-04-30,MIBANCO,consumo,7702.150000
2021-04-30,MIBANCO,hipotecario,237.160000
2021-04-30,MIBANCO,medianas_empresas,1528.730000
2021-04-30,MIBANCO,microempresas,27918.147000
2021-04-30,MIBANCO,pequenas_empresas,99341.873000
2021-04-30,PICHINCHA,consumo,6833.018000
2021-04-30,PICHINCHA,microempresas,147.455000
2021-04-30,PICHINCHA,pequenas_empresas,49.498000
2021-04-30,RIPLEY,consumo,25079.093000
2021-04-30,SCOTIABANK,consumo,171106.426000
2021-04-30,SCOTIABANK,grandes_empresas,546.868000
2021-04-30,SCOTIABANK,medianas_empresas,4640.870000
2021-04-30,SCOTIABANK,microempresas,528.786000
2021-04-30,SCOTIABANK,pequenas_empresas,15154.342000
2021-05-31,ALFIN,consumo,21890.471000
2021-05-31,BBVA,consumo,8644.150000
2021-05-31,BCP,consumo,57926.795000
2021-05-31,BCP,hipotecario,4720.568000
2021-05-31,BCP,medianas_empresas,16421.935000
2021-05-31,BCP,microempresas,240.058000
2021-05-31,BCP,pequenas_empresas,31141.699000
2021-05-31,BIF,consumo,10024.495000
2021-05-31,BIF,medianas_empresas,44.201000
2021-05-31,BIF,microempresas,71.600000
2021-05-31,BIF,pequenas_empresas,47.390000
2021-05-31,FALABELLA,consumo,22835.403000
2021-05-31,GNB,consumo,2563.650000
2021-05-31,INTERBANK,consumo,99826.778000
2021-05-31,INTERBANK,pequenas_empresas,10310.657000
2021-05-31,MIBANCO,consumo,7722.039000
2021-05-31,MIBANCO,hipotecario,360.134000
2021-05-31,MIBANCO,medianas_empresas,880.513000
2021-05-31,MIBANCO,microempresas,26005.438000
2021-05-31,MIBANCO,pequenas_empresas,85360.513000
2021-05-31,PICHINCHA,consumo,28311.577000
2021-05-31,PICHINCHA,medianas_empresas,5.816000
2021-05-31,PICHINCHA,microempresas,1501.054000
2021-05-31,PICHINCHA,pequenas_empresas,4461.380000
2021-05-31,RIPLEY,consumo,13039.861000
2021-05-31,SCOTIABANK,consumo,104585.459000
2021-05-31,SCOTIABANK,medianas_empresas,5114.525000
2021-05-31,SCOTIABANK,microempresas,620.960000
2021-05-31,SCOTIABANK,pequenas_empresas,18891.541000
2021-06-30,ALFIN,consumo,13354.916000
2021-06-30,BANCOM,consumo,3855.357000
2021-06-30,BBVA,consumo,6069.053000
2021-06-30,BBVA,hipotecario,1934.037000
2021-06-30,BBVA,microempresas,509.696000
2021-06-30,BCP,consumo,67092.434000
2021-06-30,BCP,hipotecario,905.045000
2021-06-30,BCP,medianas_empresas,6180.411000
2021-06-30,BCP,microempresas,224.700000
2021-06-30,BCP,pequenas_empresas,18682.244000
2021-06-30,BIF,consumo,8100.203000
2021-06-30,BIF,grandes_empresas,30.856000
2021-06-30,BIF,medianas_empresas,655.619000
2021-06-30,BIF,microempresas,33.632000
2021-06-30,BIF,pequenas_empresas,168.899000
2021-06-30,FALABELLA,consumo,24975.722000
2021-06-30,GNB,consumo,3001.384000
2021-06-30,GNB,hipotecario,330.556000
2021-06-30,INTERBANK,consumo,99380.772000
2021-06-30,INTERBANK,microempresas,2447.915000
2021-06-30,INTERBANK,pequenas_empresas,7101.934000
2021-06-30,MIBANCO,consumo,5369.761000
2021-06-30,MIBANCO,hipotecario,895.072000
2021-06-30,MIBANCO,medianas_empresas,2281.133000
2021-06-30,MIBANCO,microempresas,22275.433000
2021-06-30,MIBANCO,pequenas_empresas,51500.786000
2021-06-30,PICHINCHA,consumo,7640.555000
2021-06-30,PICHINCHA,medianas_empresas,1600.282000
2021-06-30,PICHINCHA,microempresas,1989.843000
2021-06-30,PICHINCHA,pequenas_empresas,7609.367000
2021-06-30,RIPLEY,consumo,20029.392000
2021-06-30,SCOTIABANK,consumo,39667.743000
2021-06-30,SCOTIABANK,medianas_empresas,2156.140000
2021-06-30,SCOTIABANK,microempresas,973.731000
2021-06-30,SCOTIABANK,pequenas_empresas,4928.739000
2021-07-31,ALFIN,consumo,6337.015000
2021-07-31,BBVA,consumo,5211.990000
2021-07-31,BCP,consumo,65098.268000
2021-07-31,BCP,hipotecario,2208.963000
2021-07-31,BCP,medianas_empresas,11257.773000
2021-07-31,BCP,microempresas,313.537000
2021-07-31,BCP,pequenas_empresas,18958.598000
2021-07-31,BIF,consumo,8204.482000
2021-07-31,BIF,grandes_empresas,1789.720000
2021-07-31,BIF,medianas_empresas,339.879000
2021-07-31,BIF,microempresas,46.470000
2021-07-31,BIF,pequenas_empresas,5.835000
2021-07-31,FALABELLA,consumo,27688.299000
2021-07-31,GNB,consumo,4016.141000
2021-07-31,GNB,corporativo,16359.749000
2021-07-31,INTERBANK,consumo,135681.015000
2021-07-31,INTERBANK,microempresas,0.471000
2021-07-31,INTERBANK,pequenas_empresas,16127.816000
2021-07-31,MIBANCO,consumo,10940.208000
2021-07-31,MIBANCO,hipotecario,335.112000
2021-07-31,MIBANCO,medianas_empresas,36.839000
2021-07-31,MIBANCO,microempresas,22683.222000
2021-07-31,MIBANCO,pequenas_empresas,115276.702000
2021-07-31,PICHINCHA,consumo,26012.237000
2021-07-31,PICHINCHA,grandes_empresas,1992.670000
2021-07-31,PICHINCHA,hipotecario,106.969000
2021-07-31,PICHINCHA,medianas_empresas,8223.102000
2021-07-31,PICHINCHA,microempresas,3175.228000
2021-07-31,PICHINCHA,pequenas_empresas,5616.531000
2021-07-31,RIPLEY,consumo,23217.418000
2021-07-31,SCOTIABANK,consumo,86778.051000
2021-07-31,SCOTIABANK,hipotecario,1454.360000
2021-07-31,SCOTIABANK,medianas_empresas,3702.599000
2021-07-31,SCOTIABANK,microempresas,630.692000
2021-07-31,SCOTIABANK,pequenas_empresas,10206.974000
2021-08-31,ALFIN,consumo,5126.708000
2021-08-31,BBVA,consumo,6011.255000
2021-08-31,BCP,consumo,72861.476000
2021-08-31,BCP,hipotecario,772.005000
2021-08-31,BCP,medianas_empresas,2762.305000
2021-08-31,BCP,microempresas,314.821000
2021-08-31,BCP,pequenas_empresas,17330.208000
2021-08-31,BIF,consumo,6611.423000
2021-08-31,BIF,grandes_empresas,1.144000
2021-08-31,BIF,medianas_empresas,3.665000
2021-08-31,BIF,microempresas,19.217000
2021-08-31,BIF,pequenas_empresas,176.294000
2021-08-31,FALABELLA,consumo,22529.468000
2021-08-31,GNB,consumo,3309.908000
2021-08-31,INTERBANK,consumo,85312.503000
2021-08-31,INTERBANK,pequenas_empresas,9163.934000
2021-08-31,MIBANCO,consumo,9521.059000
2021-08-31,MIBANCO,hipotecario,441.546000
2021-08-31,MIBANCO,medianas_empresas,466.171000
2021-08-31,MIBANCO,microempresas,15299.645000
2021-08-31,MIBANCO,pequenas_empresas,90803.219000
2021-08-31,PICHINCHA,consumo,27535.020000
2021-08-31,PICHINCHA,medianas_empresas,90.000000
2021-08-31,PICHINCHA,microempresas,1348.441000
2021-08-31,PICHINCHA,pequenas_empresas,6877.295000
2021-08-31,RIPLEY,consumo,21358.992000
2021-08-31,SCOTIABANK,consumo,55783.766000
2021-08-31,SCOTIABANK,hipotecario,178.606000
2021-08-31,SCOTIABANK,medianas_empresas,7272.034000
2021-08-31,SCOTIABANK,microempresas,65.260000
2021-08-31,SCOTIABANK,pequenas_empresas,8367.385000
2021-09-30,BANCOM,consumo,8123.322000
2021-09-30,BANCOM,medianas_empresas,1892.965000
2021-09-30,BANCOM,pequenas_empresas,53.664000
2021-09-30,BBVA,consumo,31938.235000
2021-09-30,BBVA,hipotecario,284.932000
2021-09-30,BBVA,microempresas,1107.483000
2021-09-30,BCP,consumo,73033.994000
2021-09-30,BCP,medianas_empresas,18246.144000
2021-09-30,BCP,microempresas,298.983000
2021-09-30,BCP,pequenas_empresas,17955.251000
2021-09-30,BIF,consumo,6766.638000
2021-09-30,BIF,grandes_empresas,1802.060000
2021-09-30,BIF,medianas_empresas,14688.302000
2021-09-30,BIF,microempresas,60.655000
2021-09-30,BIF,pequenas_empresas,302.737000
2021-09-30,FALABELLA,consumo,19663.238000
2021-09-30,GNB,consumo,3342.755000
2021-09-30,GNB,medianas_empresas,3000.265000
2021-09-30,INTERBANK,consumo,76352.516000
2021-09-30,INTERBANK,pequenas_empresas,6099.842000
2021-09-30,MIBANCO,consumo,4111.181000
2021-09-30,MIBANCO,hipotecario,54.332000
2021-09-30,MIBANCO,medianas_empresas,1190.334000
2021-09-30,MIBANCO,microempresas,10140.225000
2021-09-30,MIBANCO,pequenas_empresas,37193.573000
2021-09-30,PICHINCHA,consumo,23740.516000
2021-09-30,PICHINCHA,grandes_empresas,0.065000
2021-09-30,PICHINCHA,medianas_empresas,1371.919000
2021-09-30,PICHINCHA,microempresas,1168.320000
2021-09-30,PICHINCHA,pequenas_empresas,5695.318000
2021-09-30,RIPLEY,consumo,18301.438000
2021-09-30,SCOTIABANK,consumo,69714.253000
2021-09-30,SCOTIABANK,medianas_empresas,3251.900000
2021-09-30,SCOTIABANK,microempresas,175.502000
2021-09-30,SCOTIABANK,pequenas_empresas,9531.716000
2021-10-31,BBVA,consumo,4913.129000
2021-10-31,BCP,consumo,57989.364000
2021-10-31,BCP,grandes_empresas,1.021000
2021-10-31,BCP,hipotecario,1682.374000
2021-10-31,BCP,medianas_empresas,12327.352000
2021-10-31,BCP,microempresas,231.954000
2021-10-31,BCP,pequenas_empresas,22528.140000
2021-10-31,BIF,consumo,20718.678000
2021-10-31,BIF,grandes_empresas,469.790000
2021-10-31,BIF,medianas_empresas,2755.870000
2021-10-31,BIF,microempresas,44.934000
2021-10-31,BIF,pequenas_empresas,24.235000
2021-10-31,FALABELLA,consumo,15551.738000
2021-10-31,GNB,consumo,3604.645000
2021-10-31,INTERBANK,consumo,57220.316000
2021-10-31,INTERBANK,pequenas_empresas,2242.271000
2021-10-31,MIBANCO,consumo,3335.351000
2021-10-31,MIBANCO,hipotecario,159.733000
2021-10-31,MIBANCO,medianas_empresas,715.585000
2021-10-31,MIBANCO,microempresas,12998.875000
2021-10-31,MIBANCO,pequenas_empresas,65793.044000
2021-10-31,PICHINCHA,consumo,17414.893000
2021-10-31,PICHINCHA,medianas_empresas,2155.751000
2021-10-31,PICHINCHA,microempresas,1180.159000
2021-10-31,PICHINCHA,pequenas_empresas,4814.461000
2021-10-31,RIPLEY,consumo,15095.961000
2021-10-31,SCOTIABANK,consumo,69877.078000
2021-10-31,SCOTIABANK,hipotecario,1150.567000
2021-10-31,SCOTIABANK,medianas_empresas,1677.982000
2021-10-31,SCOTIABANK,microempresas,83.649000
2021-10-31,SCOTIABANK,pequenas_empresas,4801.156000
2021-11-30,ALFIN,consumo,18426.278000
2021-11-30,BANCOM,consumo,4653.897000
2021-11-30,BBVA,consumo,19424.145000
2021-11-30,BBVA,hipotecario,2242.264000
2021-11-30,BCP,consumo,57406.541000
2021-11-30,BCP,grandes_empresas,984.555000
2021-11-30,BCP,hipotecario,608.976000
2021-11-30,BCP,medianas_empresas,5308.964000
2021-11-30,BCP,microempresas,276.265000
2021-11-30,BCP,pequenas_empresas,17669.430000
2021-11-30,BIF,consumo,7402.590000
2021-11-30,BIF,grandes_empresas,8331.307000
2021-11-30,BIF,hipotecario,1074.528000
2021-11-30,BIF,medianas_empresas,9201.060000
2021-11-30,BIF,microempresas,7.219000
2021-11-30,BIF,pequenas_empresas,165.679000
2021-11-30,FALABELLA,consumo,14894.362000
2021-11-30,GNB,consumo,3024.072000
2021-11-30,GNB,medianas_empresas,721.331000
2021-11-30,INTERBANK,consumo,52813.624000
2021-11-30,INTERBANK,pequenas_empresas,4138.102000
2021-11-30,MIBANCO,consumo,8697.440000
2021-11-30,MIBANCO,hipotecario,1210.372000
2021-11-30,MIBANCO,medianas_empresas,5513.394000
2021-11-30,MIBANCO,microempresas,34584.821000
2021-11-30,MIBANCO,pequenas_empresas,228239.504000
2021-11-30,PICHINCHA,consumo,5865.888000
2021-11-30,PICHINCHA,medianas_empresas,4.239000
2021-11-30,PICHINCHA,microempresas,861.528000
2021-11-30,PICHINCHA,pequenas_empresas,435.077000
2021-11-30,RIPLEY,consumo,13769.263000
2021-11-30,SCOTIABANK,consumo,26599.524000
2021-11-30,SCOTIABANK,hipotecario,215.903000
2021-11-30,SCOTIABANK,medianas_empresas,606.683000
2021-11-30,SCOTIABANK,microempresas,82.382000
2021-11-30,SCOTIABANK,pequenas_empresas,2522.115000
2021-12-31,ALFIN,consumo,8675.388000
2021-12-31,BANCOM,consumo,7600.828000
2021-12-31,BANCOM,medianas_empresas,428.524000
2021-12-31,BBVA,consumo,15808.732000
2021-12-31,BBVA,hipotecario,1846.784000
2021-12-31,BBVA,microempresas,3692.645000
2021-12-31,BCP,consumo,53308.124000
2021-12-31,BCP,grandes_empresas,158.401000
2021-12-31,BCP,hipotecario,5031.837000
2021-12-31,BCP,medianas_empresas,10923.354000
2021-12-31,BCP,microempresas,300.472000
2021-12-31,BCP,pequenas_empresas,16786.461000
2021-12-31,BIF,consumo,8197.833000
2021-12-31,BIF,medianas_empresas,11112.527000
2021-12-31,BIF,microempresas,8.397000
2021-12-31,BIF,pequenas_empresas,55.861000
2021-12-31,FALABELLA,consumo,12404.719000
2021-12-31,GNB,consumo,3781.944000
2021-12-31,GNB,medianas_empresas,3843.247000
2021-12-31,GNB,microempresas,33.729000
2021-12-31,GNB,pequenas_empresas,1025.168000
2021-12-31,INTERBANK,consumo,41198.524000
2021-12-31,INTERBANK,pequenas_empresas,15743.910000
2021-12-31,MIBANCO,consumo,2463.676000
2021-12-31,MIBANCO,hipotecario,11.638000
2021-12-31,MIBANCO,medianas_empresas,1378.209000
2021-12-31,MIBANCO,microempresas,8671.162000
2021-12-31,MIBANCO,pequenas_empresas,31910.123000
2021-12-31,PICHINCHA,consumo,18356.875000
2021-12-31,PICHINCHA,grandes_empresas,2982.735000
2021-12-31,PICHINCHA,medianas_empresas,37044.122000
2021-12-31,PICHINCHA,microempresas,1428.814000
2021-12-31,PICHINCHA,pequenas_empresas,10992.325000
2021-12-31,RIPLEY,consumo,14426.078000
2021-12-31,SANTANDER,medianas_empresas,3340.495000
2021-12-31,SCOTIABANK,consumo,20182.580000
2021-12-31,SCOTIABANK,hipotecario,52.961000
2021-12-31,SCOTIABANK,medianas_empresas,7399.308000
2021-12-31,SCOTIABANK,microempresas,129.691000
2021-12-31,SCOTIABANK,pequenas_empresas,2978.674000
2022-01-31,ALFIN,consumo,11327.708000
2022-01-31,BBVA,consumo,8511.667000
2022-01-31,BBVA,hipotecario,457.265000
2022-01-31,BBVA,microempresas,2333.076000
2022-01-31,BCP,consumo,50454.419000
2022-01-31,BCP,grandes_empresas,0.241000
2022-01-31,BCP,hipotecario,462.696000
2022-01-31,BCP,medianas_empresas,4149.449000
2022-01-31,BCP,microempresas,237.170000
2022-01-31,BCP,pequenas_empresas,17996.267000
2022-01-31,BIF,consumo,5654.269000
2022-01-31,BIF,medianas_empresas,17.432000
2022-01-31,BIF,microempresas,18.684000
2022-01-31,BIF,pequenas_empresas,99.693000
2022-01-31,FALABELLA,consumo,12820.097000
2022-01-31,GNB,consumo,4161.714000
2022-01-31,INTERBANK,consumo,47395.344000
2022-01-31,INTERBANK,pequenas_empresas,5965.457000
2022-01-31,MIBANCO,consumo,2053.273000
2022-01-31,MIBANCO,hipotecario,95.892000
2022-01-31,MIBANCO,medianas_empresas,942.146000
2022-01-31,MIBANCO,microempresas,7019.757000
2022-01-31,MIBANCO,pequenas_empresas,23927.439000
2022-01-31,PICHINCHA,consumo,10698.011000
2022-01-31,PICHINCHA,medianas_empresas,2968.862000
2022-01-31,PICHINCHA,microempresas,1277.882000
2022-01-31,PICHINCHA,pequenas_empresas,3672.915000
2022-01-31,RIPLEY,consumo,10911.878000
2022-01-31,SCOTIABANK,consumo,64775.559000
2022-01-31,SCOTIABANK,hipotecario,1293.470000
2022-01-31,SCOTIABANK,medianas_empresas,6480.390000
2022-01-31,SCOTIABANK,microempresas,253.826000
2022-01-31,SCOTIABANK,pequenas_empresas,8891.902000
2022-02-28,BANCOM,consumo,5363.313000
2022-02-28,BBVA,consumo,10645.072000
2022-02-28,BBVA,hipotecario,121.871000
2022-02-28,BBVA,microempresas,1645.143000
2022-02-28,BCP,consumo,48088.330000
2022-02-28,BCP,hipotecario,941.640000
2022-02-28,BCP,medianas_empresas,12023.890000
2022-02-28,BCP,microempresas,179.118000
2022-02-28,BCP,pequenas_empresas,13818.958000
2022-02-28,BIF,consumo,6279.410000
2022-02-28,BIF,grandes_empresas,68.659000
2022-02-28,BIF,medianas_empresas,1060.902000
2022-02-28,BIF,microempresas,9.423000
2022-02-28,BIF,pequenas_empresas,68.858000
2022-02-28,FALABELLA,consumo,12631.772000
2022-02-28,GNB,consumo,4776.061000
2022-02-28,INTERBANK,consumo,54213.347000
2022-02-28,INTERBANK,microempresas,13399.262000
2022-02-28,INTERBANK,pequenas_empresas,3122.062000
2022-02-28,MIBANCO,consumo,3303.900000
2022-02-28,MIBANCO,hipotecario,49.164000
2022-02-28,MIBANCO,medianas_empresas,2347.132000
2022-02-28,MIBANCO,microempresas,9918.956000
2022-02-28,MIBANCO,pequenas_empresas,43443.035000
2022-02-28,PICHINCHA,consumo,11684.593000
2022-02-28,PICHINCHA,medianas_empresas,199.265000
2022-02-28,PICHINCHA,microempresas,928.326000
2022-02-28,PICHINCHA,pequenas_empresas,4525.033000
2022-02-28,RIPLEY,consumo,10815.819000
2022-02-28,SCOTIABANK,consumo,19674.594000
2022-02-28,SCOTIABANK,hipotecario,21.330000
2022-02-28,SCOTIABANK,medianas_empresas,3087.500000
2022-02-28,SCOTIABANK,microempresas,123.505000
2022-02-28,SCOTIABANK,pequenas_empresas,4630.344000
2022-03-31,ALFIN,consumo,9621.457000
2022-03-31,BANCOM,consumo,3308.053000
2022-03-31,BBVA,consumo,29104.426000
2022-03-31,BBVA,hipotecario,540.165000
2022-03-31,BBVA,microempresas,674.016000
2022-03-31,BCP,consumo,52927.178000
2022-03-31,BCP,grandes_empresas,2728.698000
2022-03-31,BCP,hipotecario,2126.688000
2022-03-31,BCP,medianas_empresas,8396.554000
2022-03-31,BCP,microempresas,887.207000
2022-03-31,BCP,pequenas_empresas,16674.654000
2022-03-31,BIF,consumo,4868.504000
2022-03-31,BIF,medianas_empresas,165.287000
2022-03-31,BIF,microempresas,6.738000
2022-03-31,BIF,pequenas_empresas,7.286000
2022-03-31,FALABELLA,consumo,15890.069000
2022-03-31,GNB,consumo,5071.513000
2022-03-31,GNB,medianas_empresas,962.334000
2022-03-31,GNB,pequenas_empresas,95.508000
2022-03-31,INTERBANK,consumo,56433.057000
2022-03-31,INTERBANK,pequenas_empresas,6132.938000
2022-03-31,MIBANCO,consumo,2489.034000
2022-03-31,MIBANCO,hipotecario,987.750000
2022-03-31,MIBANCO,medianas_empresas,1928.348000
2022-03-31,MIBANCO,microempresas,7440.972000
2022-03-31,MIBANCO,pequenas_empresas,25719.262000
2022-03-31,PICHINCHA,consumo,8435.201000
2022-03-31,PICHINCHA,grandes_empresas,809.825000
2022-03-31,PICHINCHA,medianas_empresas,15563.508000
2022-03-31,PICHINCHA,microempresas,446.398000
2022-03-31,PICHINCHA,pequenas_empresas,3697.801000
2022-03-31,RIPLEY,consumo,11483.951000
2022-03-31,SCOTIABANK,consumo,28118.517000
2022-03-31,SCOTIABANK,hipotecario,130.381000
2022-03-31,SCOTIABANK,medianas_empresas,8406.973000
2022-03-31,SCOTIABANK,microempresas,392.747000
2022-03-31,SCOTIABANK,pequenas_empresas,4102.680000
2022-04-30,ALFIN,consumo,8694.092000
2022-04-30,BANCOM,consumo,2685.794000
2022-04-30,BBVA,consumo,12206.188000
2022-04-30,BBVA,hipotecario,328.109000
2022-04-30,BBVA,microempresas,2904.880000
2022-04-30,BCP,consumo,63196.250000
2022-04-30,BCP,grandes_empresas,2056.416000
2022-04-30,BCP,hipotecario,841.009000
2022-04-30,BCP,medianas_empresas,14187.516000
2022-04-30,BCP,microempresas,799.358000
2022-04-30,BCP,pequenas_empresas,19346.598000
2022-04-30,BIF,consumo,4363.223000
2022-04-30,BIF,medianas_empresas,578.381000
2022-04-30,BIF,microempresas,3.400000
2022-04-30,BIF,pequenas_empresas,0.391000
2022-04-30,FALABELLA,consumo,16422.732000
2022-04-30,GNB,consumo,3672.743000
2022-04-30,INTERBANK,consumo,51283.321000
2022-04-30,INTERBANK,pequenas_empresas,6959.529000
2022-04-30,MIBANCO,consumo,2208.635000
2022-04-30,MIBANCO,hipotecario,39.802000
2022-04-30,MIBANCO,medianas_empresas,974.468000
2022-04-30,MIBANCO,microempresas,7941.267000
2022-04-30,MIBANCO,pequenas_empresas,17789.624000
2022-04-30,PICHINCHA,consumo,14608.730000
2022-04-30,PICHINCHA,grandes_empresas,412.474000
2022-04-30,PICHINCHA,medianas_empresas,222.707000
2022-04-30,PICHINCHA,microempresas,1066.388000
2022-04-30,PICHINCHA,pequenas_empresas,3405.344000
2022-04-30,RIPLEY,consumo,11540.836000
2022-04-30,SCOTIABANK,consumo,50117.417000
2022-04-30,SCOTIABANK,grandes_empresas,417.687000
2022-04-30,SCOTIABANK,hipotecario,940.388000
2022-04-30,SCOTIABANK,medianas_empresas,5438.774000
2022-04-30,SCOTIABANK,microempresas,527.210000
2022-04-30,SCOTIABANK,pequenas_empresas,17510.929000
2022-05-31,ALFIN,consumo,7809.203000
2022-05-31,BBVA,consumo,22808.083000
2022-05-31,BBVA,hipotecario,1518.756000
2022-05-31,BBVA,microempresas,2923.070000
2022-05-31,BCP,consumo,45207.611000
2022-05-31,BCP,grandes_empresas,1558.061000
2022-05-31,BCP,medianas_empresas,5268.495000
2022-05-31,BCP,microempresas,513.017000
2022-05-31,BCP,pequenas_empresas,16507.274000
2022-05-31,BIF,consumo,3231.309000
2022-05-31,BIF,hipotecario,344.713000
2022-05-31,BIF,medianas_empresas,736.037000
2022-05-31,BIF,microempresas,2.931000
2022-05-31,BIF,pequenas_empresas,0.148000
2022-05-31,FALABELLA,consumo,15526.797000
2022-05-31,GNB,consumo,3670.531000
2022-05-31,INTERBANK,consumo,61243.462000
2022-05-31,INTERBANK,pequenas_empresas,4256.658000
2022-05-31,MIBANCO,consumo,2509.328000
2022-05-31,MIBANCO,medianas_empresas,1210.126000
2022-05-31,MIBANCO,microempresas,8652.936000
2022-05-31,MIBANCO,pequenas_empresas,19823.869000
2022-05-31,PICHINCHA,consumo,11198.716000
2022-05-31,PICHINCHA,medianas_empresas,25.200000
2022-05-31,PICHINCHA,microempresas,831.246000
2022-05-31,PICHINCHA,pequenas_empresas,4623.119000
2022-05-31,RIPLEY,consumo,13393.796000
2022-05-31,SCOTIABANK,consumo,10005.104000
2022-05-31,SCOTIABANK,hipotecario,205.824000
2022-05-31,SCOTIABANK,medianas_empresas,4305.591000
2022-05-31,SCOTIABANK,microempresas,409.183000
2022-05-31,SCOTIABANK,pequenas_empresas,1256.360000
2022-06-30,ALFIN,consumo,7089.878000
2022-06-30,BANCOM,consumo,4459.886000
2022-06-30,BBVA,consumo,12088.531000
2022-06-30,BBVA,hipotecario,731.465000
2022-06-30,BBVA,microempresas,545.926000
2022-06-30,BCP,consumo,67623.252000
2022-06-30,BCP,hipotecario,251.253000
2022-06-30,BCP,medianas_empresas,24131.736000
2022-06-30,BCP,microempresas,1095.133000
2022-06-30,BCP,pequenas_empresas,19268.529000
2022-06-30,BIF,consumo,4487.404000
2022-06-30,BIF,medianas_empresas,6516.812000
2022-06-30,BIF,microempresas,3.432000
2022-06-30,BIF,pequenas_empresas,69.115000
2022-06-30,FALABELLA,consumo,21476.493000
2022-06-30,GNB,consumo,3954.320000
2022-06-30,GNB,hipotecario,261.594000
2022-06-30,INTERBANK,consumo,57576.534000
2022-06-30,INTERBANK,microempresas,16339.755000
2022-06-30,INTERBANK,pequenas_empresas,17463.661000
2022-06-30,MIBANCO,consumo,2707.344000
2022-06-30,MIBANCO,hipotecario,1180.979000
2022-06-30,MIBANCO,medianas_empresas,436.228000
2022-06-30,MIBANCO,microempresas,10025.908000
2022-06-30,MIBANCO,pequenas_empresas,31406.538000
2022-06-30,PICHINCHA,consumo,11149.410000
2022-06-30,PICHINCHA,grandes_empresas,8636.962000
2022-06-30,PICHINCHA,medianas_empresas,779.220000
2022-06-30,PICHINCHA,microempresas,770.238000
2022-06-30,PICHINCHA,pequenas_empresas,4042.592000
2022-06-30,RIPLEY,consumo,16007.758000
2022-06-30,SCOTIABANK,consumo,19454.220000
2022-06-30,SCOTIABANK,hipotecario,250.882000
2022-06-30,SCOTIABANK,medianas_empresas,6634.115000
2022-06-30,SCOTIABANK,microempresas,35.260000
2022-06-30,SCOTIABANK,pequenas_empresas,3010.507000
2022-07-31,ALFIN,consumo,8338.167000
2022-07-31,BBVA,consumo,53435.045000
2022-07-31,BBVA,microempresas,18638.959000
2022-07-31,BCP,consumo,75351.179000
2022-07-31,BCP,hipotecario,4011.454000
2022-07-31,BCP,medianas_empresas,103579.386000
2022-07-31,BCP,microempresas,1408.155000
2022-07-31,BCP,pequenas_empresas,52571.659000
2022-07-31,BIF,consumo,7486.918000
2022-07-31,BIF,grandes_empresas,642.784000
2022-07-31,BIF,medianas_empresas,1700.189000
2022-07-31,BIF,microempresas,9.004000
2022-07-31,BIF,pequenas_empresas,0.423000
2022-07-31,FALABELLA,consumo,21168.939000
2022-07-31,GNB,consumo,4512.188000
2022-07-31,GNB,hipotecario,4.938000
2022-07-31,INTERBANK,consumo,65511.418000
2022-07-31,INTERBANK,pequenas_empresas,12730.763000
2022-07-31,MIBANCO,consumo,4214.790000
2022-07-31,MIBANCO,hipotecario,225.723000
2022-07-31,MIBANCO,medianas_empresas,3514.712000
2022-07-31,MIBANCO,microempresas,13526.241000
2022-07-31,MIBANCO,pequenas_empresas,73124.216000
2022-07-31,PICHINCHA,consumo,11827.979000
2022-07-31,PICHINCHA,grandes_empresas,1580.113000
2022-07-31,PICHINCHA,medianas_empresas,2745.957000
2022-07-31,PICHINCHA,microempresas,1801.856000
2022-07-31,PICHINCHA,pequenas_empresas,5111.924000
2022-07-31,RIPLEY,consumo,16735.179000
2022-07-31,SANTANDER,medianas_empresas,5194.805000
2022-07-31,SCOTIABANK,consumo,52396.203000
2022-07-31,SCOTIABANK,grandes_empresas,3060.961000
2022-07-31,SCOTIABANK,hipotecario,850.123000
2022-07-31,SCOTIABANK,medianas_empresas,8754.015000
2022-07-31,SCOTIABANK,microempresas,224.185000
2022-07-31,SCOTIABANK,pequenas_empresas,4844.024000
2022-08-31,ALFIN,consumo,9325.324000
2022-08-31,BANCOM,consumo,2208.672000
2022-08-31,BBVA,consumo,21801.539000
2022-08-31,BBVA,microempresas,16294.517000
2022-08-31,BCP,consumo,69666.763000
2022-08-31,BCP,hipotecario,1549.426000
2022-08-31,BCP,medianas_empresas,66008.075000
2022-08-31,BCP,microempresas,1695.380000
2022-08-31,BCP,pequenas_empresas,69677.457000
2022-08-31,BIF,consumo,6260.759000
2022-08-31,BIF,grandes_empresas,2574.974000
2022-08-31,BIF,medianas_empresas,429.739000
2022-08-31,BIF,microempresas,11.071000
2022-08-31,BIF,pequenas_empresas,51.472000
2022-08-31,FALABELLA,consumo,29053.977000
2022-08-31,GNB,consumo,3914.381000
2022-08-31,INTERBANK,consumo,65756.571000
2022-08-31,INTERBANK,pequenas_empresas,9469.403000
2022-08-31,MIBANCO,consumo,3588.052000
2022-08-31,MIBANCO,hipotecario,2490.550000
2022-08-31,MIBANCO,medianas_empresas,698.912000
2022-08-31,MIBANCO,microempresas,11670.478000
2022-08-31,MIBANCO,pequenas_empresas,36277.362000
2022-08-31,PICHINCHA,consumo,12682.988000
2022-08-31,PICHINCHA,medianas_empresas,2069.705000
2022-08-31,PICHINCHA,microempresas,896.403000
2022-08-31,PICHINCHA,pequenas_empresas,2836.384000
2022-08-31,RIPLEY,consumo,17745.470000
2022-08-31,SCOTIABANK,consumo,9599.348000
2022-08-31,SCOTIABANK,hipotecario,1022.989000
2022-08-31,SCOTIABANK,medianas_empresas,15151.865000
2022-08-31,SCOTIABANK,microempresas,317.760000
2022-08-31,SCOTIABANK,pequenas_empresas,646.323000
2022-09-30,ALFIN,consumo,9236.984000
2022-09-30,BANCOM,consumo,1484.392000
2022-09-30,BBVA,consumo,43541.660000
2022-09-30,BBVA,hipotecario,825.373000
2022-09-30,BBVA,microempresas,10.484000
2022-09-30,BCP,consumo,82903.169000
2022-09-30,BCP,hipotecario,1050.892000
2022-09-30,BCP,medianas_empresas,36439.583000
2022-09-30,BCP,microempresas,1305.659000
2022-09-30,BCP,pequenas_empresas,42943.161000
2022-09-30,BIF,consumo,10081.582000
2022-09-30,BIF,medianas_empresas,1367.724000
2022-09-30,BIF,microempresas,9.627000
2022-09-30,FALABELLA,consumo,29152.863000
2022-09-30,GNB,consumo,4342.700000
2022-09-30,INTERBANK,consumo,83649.682000
2022-09-30,INTERBANK,pequenas_empresas,8935.875000
2022-09-30,MIBANCO,consumo,3313.229000
2022-09-30,MIBANCO,medianas_empresas,559.272000
2022-09-30,MIBANCO,microempresas,13152.314000
2022-09-30,MIBANCO,pequenas_empresas,26728.050000
2022-09-30,PICHINCHA,consumo,6986.286000
2022-09-30,PICHINCHA,medianas_empresas,58299.324000
2022-09-30,PICHINCHA,microempresas,765.474000
2022-09-30,PICHINCHA,pequenas_empresas,248.194000
2022-09-30,RIPLEY,consumo,19677.344000
2022-09-30,SCOTIABANK,consumo,28461.426000
2022-09-30,SCOTIABANK,hipotecario,483.966000
2022-09-30,SCOTIABANK,medianas_empresas,8771.411000
2022-09-30,SCOTIABANK,microempresas,381.183000
2022-09-30,SCOTIABANK,pequenas_empresas,3455.756000
2022-10-31,BBVA,consumo,29641.725000
2022-10-31,BBVA,hipotecario,3038.093000
2022-10-31,BBVA,microempresas,25379.347000
2022-10-31,BCP,consumo,97740.058000
2022-10-31,BCP,grandes_empresas,346.647000
2022-10-31,BCP,hipotecario,4187.460000
2022-10-31,BCP,medianas_empresas,33685.637000
2022-10-31,BCP,microempresas,1863.917000
2022-10-31,BCP,pequenas_empresas,33840.577000
2022-10-31,BIF,consumo,4655.820000
2022-10-31,BIF,grandes_empresas,347.623000
2022-10-31,BIF,medianas_empresas,3152.793000
2022-10-31,BIF,microempresas,29.368000
2022-10-31,BIF,pequenas_empresas,48.656000
2022-10-31,FALABELLA,consumo,34349.685000
2022-10-31,GNB,consumo,3960.447000
2022-10-31,INTERBANK,consumo,69344.051000
2022-10-31,INTERBANK,pequenas_empresas,8064.979000
2022-10-31,MIBANCO,consumo,4767.470000
2022-10-31,MIBANCO,hipotecario,21.483000
2022-10-31,MIBANCO,medianas_empresas,855.172000
2022-10-31,MIBANCO,microempresas,18258.823000
2022-10-31,MIBANCO,pequenas_empresas,36083.678000
2022-10-31,PICHINCHA,consumo,10822.378000
2022-10-31,PICHINCHA,grandes_empresas,178.076000
2022-10-31,PICHINCHA,medianas_empresas,10715.985000
2022-10-31,PICHINCHA,microempresas,891.230000
2022-10-31,PICHINCHA,pequenas_empresas,4896.403000
2022-10-31,RIPLEY,consumo,17547.650000
2022-10-31,SCOTIABANK,consumo,57453.721000
2022-10-31,SCOTIABANK,hipotecario,343.904000
2022-10-31,SCOTIABANK,medianas_empresas,3406.513000
2022-10-31,SCOTIABANK,microempresas,629.234000
2022-10-31,SCOTIABANK,pequenas_empresas,6003.974000
2022-11-30,ALFIN,consumo,9204.968000
2022-11-30,BBVA,consumo,34840.163000
2022-11-30,BBVA,hipotecario,47.432000
2022-11-30,BBVA,microempresas,27043.523000
2022-11-30,BCP,consumo,88150.477000
2022-11-30,BCP,hipotecario,1015.502000
2022-11-30,BCP,medianas_empresas,16910.160000
2022-11-30,BCP,microempresas,2005.251000
2022-11-30,BCP,pequenas_empresas,29150.919000
2022-11-30,BIF,consumo,6372.948000
2022-11-30,BIF,medianas_empresas,4862.837000
2022-11-30,BIF,microempresas,44.312000
2022-11-30,FALABELLA,consumo,37943.091000
2022-11-30,GNB,consumo,3293.973000
2022-11-30,INTERBANK,consumo,87086.124000
2022-11-30,INTERBANK,pequenas_empresas,7611.651000
2022-11-30,MIBANCO,consumo,3530.833000
2022-11-30,MIBANCO,hipotecario,532.198000
2022-11-30,MIBANCO,medianas_empresas,3357.173000
2022-11-30,MIBANCO,microempresas,31060.592000
2022-11-30,MIBANCO,pequenas_empresas,95495.818000
2022-11-30,PICHINCHA,consumo,17743.378000
2022-11-30,PICHINCHA,grandes_empresas,10249.549000
2022-11-30,PICHINCHA,medianas_empresas,5456.287000
2022-11-30,PICHINCHA,microempresas,1539.882000
2022-11-30,PICHINCHA,pequenas_empresas,8667.204000
2022-11-30,RIPLEY,consumo,18025.147000
2022-11-30,SCOTIABANK,consumo,13381.280000
2022-11-30,SCOTIABANK,hipotecario,449.795000
2022-11-30,SCOTIABANK,medianas_empresas,4951.039000
2022-11-30,SCOTIABANK,microempresas,595.460000
2022-11-30,SCOTIABANK,pequenas_empresas,6042.566000
2022-12-31,ALFIN,consumo,9047.665000
2022-12-31,BANCOM,consumo,8244.749000
2022-12-31,BBVA,consumo,28334.271000
2022-12-31,BBVA,hipotecario,48.930000
2022-12-31,BBVA,microempresas,35646.880000
2022-12-31,BCP,consumo,67990.690000
2022-12-31,BCP,grandes_empresas,7025.937000
2022-12-31,BCP,hipotecario,569.456000
2022-12-31,BCP,medianas_empresas,29851.678000
2022-12-31,BCP,microempresas,3273.655000
2022-12-31,BCP,pequenas_empresas,42498.147000
2022-12-31,BIF,consumo,4741.640000
2022-12-31,FALABELLA,consumo,37360.529000
2022-12-31,GNB,consumo,5420.515000
2022-12-31,INTERBANK,consumo,111890.555000
2022-12-31,INTERBANK,pequenas_empresas,10220.726000
2022-12-31,MIBANCO,consumo,3760.954000
2022-12-31,MIBANCO,hipotecario,5031.291000
2022-12-31,MIBANCO,medianas_empresas,2642.537000
2022-12-31,MIBANCO,microempresas,24390.215000
2022-12-31,MIBANCO,pequenas_empresas,71828.899000
2022-12-31,PICHINCHA,consumo,13057.297000
2022-12-31,PICHINCHA,medianas_empresas,5464.308000
2022-12-31,PICHINCHA,microempresas,1701.605000
2022-12-31,PICHINCHA,pequenas_empresas,5040.125000
2022-12-31,RIPLEY,consumo,16816.487000
2022-12-31,SCOTIABANK,consumo,29979.477000
2022-12-31,SCOTIABANK,hipotecario,1412.907000
2022-12-31,SCOTIABANK,medianas_empresas,4103.388000
2022-12-31,SCOTIABANK,microempresas,29.332000
2022-12-31,SCOTIABANK,pequenas_empresas,1778.053000
2023-01-31,ALFIN,consumo,8814.058000
2023-01-31,BBVA,consumo,17564.405000
2023-01-31,BBVA,hipotecario,312.524000
2023-01-31,BBVA,microempresas,13992.531000
2023-01-31,BCP,consumo,77498.487000
2023-01-31,BCP,hipotecario,938.297000
2023-01-31,BCP,medianas_empresas,24485.080000
2023-01-31,BCP,microempresas,2998.005000
2023-01-31,BCP,pequenas_empresas,39808.237000
2023-01-31,BIF,consumo,7300.482000
2023-01-31,BIF,grandes_empresas,2581.002000
2023-01-31,BIF,medianas_empresas,1723.154000
2023-01-31,BIF,microempresas,12.397000
2023-01-31,BIF,pequenas_empresas,297.350000
2023-01-31,FALABELLA,consumo,38413.346000
2023-01-31,GNB,consumo,1010.573000
2023-01-31,GNB,medianas_empresas,17685.850000
2023-01-31,GNB,pequenas_empresas,4979.595000
2023-01-31,INTERBANK,consumo,81465.404000
2023-01-31,INTERBANK,pequenas_empresas,4127.794000
2023-01-31,MIBANCO,consumo,2839.326000
2023-01-31,MIBANCO,hipotecario,133.067000
2023-01-31,MIBANCO,medianas_empresas,911.020000
2023-01-31,MIBANCO,microempresas,13226.626000
2023-01-31,MIBANCO,pequenas_empresas,30771.541000
2023-01-31,PICHINCHA,consumo,12759.001000
2023-01-31,PICHINCHA,medianas_empresas,3532.611000
2023-01-31,PICHINCHA,microempresas,1184.046000
2023-01-31,PICHINCHA,pequenas_empresas,3177.867000
2023-01-31,RIPLEY,consumo,17411.939000
2023-01-31,SCOTIABANK,consumo,44253.436000
2023-01-31,SCOTIABANK,hipotecario,1121.718000
2023-01-31,SCOTIABANK,medianas_empresas,4479.155000
2023-01-31,SCOTIABANK,microempresas,47.632000
2023-01-31,SCOTIABANK,pequenas_empresas,3349.699000
2023-02-28,ALFIN,consumo,8082.239000
2023-02-28,BANCOM,consumo,2359.532000
2023-02-28,BBVA,consumo,44185.525000
2023-02-28,BBVA,hipotecario,300.261000
2023-02-28,BBVA,microempresas,1376.899000
2023-02-28,BCP,consumo,91650.258000
2023-02-28,BCP,hipotecario,2424.499000
2023-02-28,BCP,medianas_empresas,35320.152000
2023-02-28,BCP,microempresas,2684.513000
2023-02-28,BCP,pequenas_empresas,45257.681000
2023-02-28,BIF,consumo,5489.452000
2023-02-28,BIF,medianas_empresas,676.554000
2023-02-28,BIF,microempresas,0.614000
2023-02-28,BIF,pequenas_empresas,10.642000
2023-02-28,FALABELLA,consumo,47509.614000
2023-02-28,GNB,consumo,4140.303000
2023-02-28,GNB,medianas_empresas,244.187000
2023-02-28,INTERBANK,consumo,89579.517000
2023-02-28,INTERBANK,microempresas,7769.177000
2023-02-28,INTERBANK,pequenas_empresas,6848.650000
2023-02-28,MIBANCO,consumo,3718.749000
2023-02-28,MIBANCO,hipotecario,297.375000
2023-02-28,MIBANCO,medianas_empresas,1750.735000
2023-02-28,MIBANCO,microempresas,19248.258000
2023-02-28,MIBANCO,pequenas_empresas,59631.738000
2023-02-28,PICHINCHA,consumo,13876.534000
2023-02-28,PICHINCHA,medianas_empresas,3955.154000
2023-02-28,PICHINCHA,microempresas,817.504000
2023-02-28,PICHINCHA,pequenas_empresas,3210.755000
2023-02-28,RIPLEY,consumo,18752.831000
2023-02-28,SANTANDER,grandes_empresas,1897.700000
2023-02-28,SANTANDER,medianas_empresas,1108.996000
2023-02-28,SCOTIABANK,consumo,34259.974000
2023-02-28,SCOTIABANK,hipotecario,3.485000
2023-02-28,SCOTIABANK,medianas_empresas,3993.334000
2023-02-28,SCOTIABANK,microempresas,62.953000
2023-02-28,SCOTIABANK,pequenas_empresas,2064.427000
2023-03-31,ALFIN,consumo,8456.213000
2023-03-31,BANCOM,consumo,1479.853000
2023-03-31,BBVA,consumo,29739.636000
2023-03-31,BBVA,hipotecario,2245.821000
2023-03-31,BBVA,microempresas,21091.336000
2023-03-31,BCP,consumo,72127.697000
2023-03-31,BCP,hipotecario,3608.265000
2023-03-31,BCP,medianas_empresas,29175.013000
2023-03-31,BCP,microempresas,2433.186000
2023-03-31,BCP,pequenas_empresas,41557.433000
2023-03-31,BIF,consumo,9264.756000
2023-03-31,BIF,medianas_empresas,1406.068000
2023-03-31,BIF,microempresas,21.757000
2023-03-31,BIF,pequenas_empresas,4.270000
2023-03-31,FALABELLA,consumo,52292.537000
2023-03-31,GNB,consumo,5009.514000
2023-03-31,INTERBANK,consumo,105504.603000
2023-03-31,INTERBANK,pequenas_empresas,8480.422000
2023-03-31,MIBANCO,consumo,3802.703000
2023-03-31,MIBANCO,hipotecario,115.021000
2023-03-31,MIBANCO,medianas_empresas,859.067000
2023-03-31,MIBANCO,microempresas,11515.695000
2023-03-31,MIBANCO,pequenas_empresas,56964.206000
2023-03-31,PICHINCHA,consumo,14061.916000
2023-03-31,PICHINCHA,grandes_empresas,5271.132000
2023-03-31,PICHINCHA,medianas_empresas,14619.652000
2023-03-31,PICHINCHA,microempresas,729.299000
2023-03-31,PICHINCHA,pequenas_empresas,3336.654000
2023-03-31,RIPLEY,consumo,18525.464000
2023-03-31,SCOTIABANK,consumo,38948.549000
2023-03-31,SCOTIABANK,hipotecario,74.120000
2023-03-31,SCOTIABANK,medianas_empresas,3316.570000
2023-03-31,SCOTIABANK,microempresas,46.478000
2023-03-31,SCOTIABANK,pequenas_empresas,4112.075000
2023-04-30,ALFIN,consumo,8473.559000
2023-04-30,BBVA,consumo,21515.705000
2023-04-30,BBVA,hipotecario,5245.488000
2023-04-30,BBVA,medianas_empresas,16640.289000
2023-04-30,BBVA,pequenas_empresas,3399.950000
2023-04-30,BCP,consumo,100014.635000
2023-04-30,BCP,hipotecario,2275.017000
2023-04-30,BCP,medianas_empresas,18945.760000
2023-04-30,BCP,microempresas,2683.073000
2023-04-30,BCP,pequenas_empresas,45813.138000
2023-04-30,BIF,consumo,5870.463000
2023-04-30,BIF,medianas_empresas,1831.989000
2023-04-30,BIF,microempresas,55.823000
2023-04-30,BIF,pequenas_empresas,10.103000
2023-04-30,FALABELLA,consumo,52024.996000
2023-04-30,GNB,consumo,4408.569000
2023-04-30,INTERBANK,consumo,102867.634000
2023-04-30,INTERBANK,pequenas_empresas,10857.597000
2023-04-30,MIBANCO,consumo,2498.094000
2023-04-30,MIBANCO,hipotecario,709.856000
2023-04-30,MIBANCO,medianas_empresas,1281.975000
2023-04-30,MIBANCO,microempresas,9864.442000
2023-04-30,MIBANCO,pequenas_empresas,41494.516000
2023-04-30,PICHINCHA,consumo,7141.320000
2023-04-30,PICHINCHA,medianas_empresas,4.500000
2023-04-30,PICHINCHA,microempresas,691.666000
2023-04-30,PICHINCHA,pequenas_empresas,331.138000
2023-04-30,RIPLEY,consumo,21827.742000
2023-04-30,SCOTIABANK,consumo,38010.586000
2023-04-30,SCOTIABANK,hipotecario,669.311000
2023-04-30,SCOTIABANK,medianas_empresas,5593.407000
2023-04-30,SCOTIABANK,microempresas,9.484000
2023-04-30,SCOTIABANK,pequenas_empresas,3737.744000
2023-05-31,ALFIN,consumo,4220.629000
2023-05-31,BANCOM,consumo,2366.869000
2023-05-31,BBVA,consumo,16193.055000
2023-05-31,BBVA,hipotecario,1266.866000
2023-05-31,BBVA,medianas_empresas,19143.816000
2023-05-31,BBVA,microempresas,80.671000
2023-05-31,BBVA,pequenas_empresas,10277.703000
2023-05-31,BCP,consumo,104410.424000
2023-05-31,BCP,grandes_empresas,3143.481000
2023-05-31,BCP,hipotecario,1763.466000
2023-05-31,BCP,medianas_empresas,24972.308000
2023-05-31,BCP,microempresas,2392.917000
2023-05-31,BCP,pequenas_empresas,37340.179000
2023-05-31,BIF,consumo,4663.751000
2023-05-31,BIF,medianas_empresas,964.595000
2023-05-31,BIF,microempresas,5.370000
2023-05-31,BIF,pequenas_empresas,130.322000
2023-05-31,FALABELLA,consumo,47884.724000
2023-05-31,GNB,consumo,3777.932000
2023-05-31,INTERBANK,consumo,90505.469000
2023-05-31,INTERBANK,pequenas_empresas,13420.534000
2023-05-31,MIBANCO,consumo,2110.929000
2023-05-31,MIBANCO,hipotecario,495.601000
2023-05-31,MIBANCO,medianas_empresas,245.282000
2023-05-31,MIBANCO,microempresas,9291.994000
2023-05-31,MIBANCO,pequenas_empresas,26804.625000
2023-05-31,PICHINCHA,consumo,30418.877000
2023-05-31,PICHINCHA,grandes_empresas,5471.510000
2023-05-31,PICHINCHA,medianas_empresas,3575.076000
2023-05-31,PICHINCHA,microempresas,2551.953000
2023-05-31,PICHINCHA,pequenas_empresas,12315.498000
2023-05-31,RIPLEY,consumo,19907.580000
2023-05-31,SCOTIABANK,consumo,40771.704000
2023-05-31,SCOTIABANK,hipotecario,565.563000
2023-05-31,SCOTIABANK,medianas_empresas,4866.032000
2023-05-31,SCOTIABANK,microempresas,97.271000
2023-05-31,SCOTIABANK,pequenas_empresas,4370.965000
2023-06-30,ALFIN,consumo,5409.689000
2023-06-30,BANCOM,consumo,6746.590000
2023-06-30,BBVA,consumo,19537.386000
2023-06-30,BBVA,hipotecario,3394.238000
2023-06-30,BBVA,medianas_empresas,26255.806000
2023-06-30,BBVA,pequenas_empresas,4785.555000
2023-06-30,BCP,consumo,110717.782000
2023-06-30,BCP,grandes_empresas,238.241000
2023-06-30,BCP,hipotecario,1675.624000
2023-06-30,BCP,medianas_empresas,20534.672000
2023-06-30,BCP,microempresas,1872.430000
2023-06-30,BCP,pequenas_empresas,44839.547000
2023-06-30,BIF,consumo,11140.605000
2023-06-30,BIF,grandes_empresas,728.091000
2023-06-30,BIF,medianas_empresas,722.765000
2023-06-30,BIF,microempresas,16.907000
2023-06-30,BIF,pequenas_empresas,1.047000
2023-06-30,FALABELLA,consumo,58753.536000
2023-06-30,GNB,consumo,3687.830000
2023-06-30,INTERBANK,consumo,133464.945000
2023-06-30,INTERBANK,microempresas,5.448000
2023-06-30,INTERBANK,pequenas_empresas,11488.374000
2023-06-30,MIBANCO,consumo,2780.924000
2023-06-30,MIBANCO,hipotecario,20.753000
2023-06-30,MIBANCO,medianas_empresas,2703.897000
2023-06-30,MIBANCO,microempresas,11111.171000
2023-06-30,MIBANCO,pequenas_empresas,44246.977000
2023-06-30,PICHINCHA,consumo,11102.056000
2023-06-30,PICHINCHA,medianas_empresas,-412.401000
2023-06-30,PICHINCHA,microempresas,795.788000
2023-06-30,PICHINCHA,pequenas_empresas,4572.217000
2023-06-30,RIPLEY,consumo,25517.248000
2023-06-30,SCOTIABANK,consumo,39728.192000
2023-06-30,SCOTIABANK,hipotecario,1040.727000
2023-06-30,SCOTIABANK,medianas_empresas,3906.855000
2023-06-30,SCOTIABANK,microempresas,81.833000
2023-06-30,SCOTIABANK,pequenas_empresas,3554.842000
2023-07-31,ALFIN,consumo,6210.865000
2023-07-31,BBVA,consumo,22814.548000
2023-07-31,BBVA,hipotecario,1702.578000
2023-07-31,BBVA,medianas_empresas,62327.965000
2023-07-31,BBVA,microempresas,26.962000
2023-07-31,BBVA,pequenas_empresas,12773.214000
2023-07-31,BCP,consumo,127537.547000
2023-07-31,BCP,hipotecario,1487.015000
2023-07-31,BCP,medianas_empresas,22323.218000
2023-07-31,BCP,microempresas,2612.824000
2023-07-31,BCP,pequenas_empresas,42463.876000
2023-07-31,BIF,consumo,8684.212000
2023-07-31,BIF,grandes_empresas,1078.114000
2023-07-31,BIF,medianas_empresas,1668.451000
2023-07-31,BIF,microempresas,19.523000
2023-07-31,BIF,pequenas_empresas,21.290000
2023-07-31,FALABELLA,consumo,57592.256000
2023-07-31,GNB,consumo,5937.185000
2023-07-31,INTERBANK,consumo,100024.507000
2023-07-31,INTERBANK,microempresas,1517.806000
2023-07-31,INTERBANK,pequenas_empresas,10032.656000
2023-07-31,MIBANCO,consumo,5814.772000
2023-07-31,MIBANCO,hipotecario,233.554000
2023-07-31,MIBANCO,medianas_empresas,1531.536000
2023-07-31,MIBANCO,microempresas,23671.669000
2023-07-31,MIBANCO,pequenas_empresas,68649.863000
2023-07-31,PICHINCHA,consumo,14065.868000
2023-07-31,PICHINCHA,medianas_empresas,237.798000
2023-07-31,PICHINCHA,microempresas,763.282000
2023-07-31,PICHINCHA,pequenas_empresas,3354.158000
2023-07-31,RIPLEY,consumo,30879.113000
2023-07-31,SCOTIABANK,consumo,45752.537000
2023-07-31,SCOTIABANK,hipotecario,181.800000
2023-07-31,SCOTIABANK,medianas_empresas,3483.052000
2023-07-31,SCOTIABANK,microempresas,70.553000
2023-07-31,SCOTIABANK,pequenas_empresas,2738.584000
2023-08-31,ALFIN,consumo,13414.052000
2023-08-31,BANCOM,consumo,6494.450000
2023-08-31,BANCOM,grandes_empresas,2369.458000
2023-08-31,BANCOM,medianas_empresas,1229.038000
2023-08-31,BBVA,consumo,21559.597000
2023-08-31,BBVA,grandes_empresas,1792.075000
2023-08-31,BBVA,hipotecario,1343.519000
2023-08-31,BBVA,medianas_empresas,10559.787000
2023-08-31,BBVA,microempresas,69.475000
2023-08-31,BBVA,pequenas_empresas,17568.815000
2023-08-31,BCP,consumo,127203.120000
2023-08-31,BCP,hipotecario,519.202000
2023-08-31,BCP,medianas_empresas,53135.967000
2023-08-31,BCP,microempresas,2544.903000
2023-08-31,BCP,pequenas_empresas,91664.241000
2023-08-31,BIF,consumo,10369.323000
2023-08-31,BIF,grandes_empresas,60015.495000
2023-08-31,BIF,medianas_empresas,3615.282000
2023-08-31,BIF,microempresas,26.667000
2023-08-31,BIF,pequenas_empresas,13.191000
2023-08-31,FALABELLA,consumo,73694.791000
2023-08-31,GNB,consumo,13008.351000
2023-08-31,INTERBANK,consumo,121141.662000
2023-08-31,INTERBANK,microempresas,11347.639000
2023-08-31,INTERBANK,pequenas_empresas,9327.108000
2023-08-31,MIBANCO,consumo,2390.790000
2023-08-31,MIBANCO,hipotecario,136.422000
2023-08-31,MIBANCO,medianas_empresas,1360.264000
2023-08-31,MIBANCO,microempresas,5739.337000
2023-08-31,MIBANCO,pequenas_empresas,53531.804000
2023-08-31,PICHINCHA,consumo,14627.908000
2023-08-31,PICHINCHA,medianas_empresas,80.595000
2023-08-31,PICHINCHA,microempresas,752.604000
2023-08-31,PICHINCHA,pequenas_empresas,2730.824000
2023-08-31,RIPLEY,consumo,34277.989000
2023-08-31,SANTANDER,grandes_empresas,13719.495000
2023-08-31,SCOTIABANK,consumo,48975.838000
2023-08-31,SCOTIABANK,medianas_empresas,3276.380000
2023-08-31,SCOTIABANK,microempresas,43.490000
2023-08-31,SCOTIABANK,pequenas_empresas,3777.308000
2023-09-30,BANCOM,consumo,5250.670000
2023-09-30,BBVA,consumo,39894.480000
2023-09-30,BBVA,corporativo,4365.930000
2023-09-30,BBVA,grandes_empresas,15780.403000
2023-09-30,BBVA,hipotecario,1683.527000
2023-09-30,BBVA,medianas_empresas,19101.494000
2023-09-30,BBVA,microempresas,59.030000
2023-09-30,BBVA,pequenas_empresas,20893.886000
2023-09-30,BCP,consumo,138873.984000
2023-09-30,BCP,hipotecario,1277.795000
2023-09-30,BCP,medianas_empresas,38577.488000
2023-09-30,BCP,microempresas,1343.109000
2023-09-30,BCP,pequenas_empresas,47106.177000
2023-09-30,BIF,consumo,10643.040000
2023-09-30,BIF,medianas_empresas,1812.318000
2023-09-30,BIF,microempresas,24.766000
2023-09-30,BIF,pequenas_empresas,2.225000
2023-09-30,FALABELLA,consumo,70110.017000
2023-09-30,GNB,consumo,3271.551000
2023-09-30,INTERBANK,consumo,195774.588000
2023-09-30,INTERBANK,pequenas_empresas,12388.224000
2023-09-30,MIBANCO,consumo,4855.892000
2023-09-30,MIBANCO,hipotecario,22.691000
2023-09-30,MIBANCO,medianas_empresas,743.452000
2023-09-30,MIBANCO,microempresas,18816.829000
2023-09-30,MIBANCO,pequenas_empresas,96694.286000
2023-09-30,PICHINCHA,consumo,12083.328000
2023-09-30,PICHINCHA,medianas_empresas,30.775000
2023-09-30,PICHINCHA,microempresas,860.059000
2023-09-30,PICHINCHA,pequenas_empresas,4278.870000
2023-09-30,RIPLEY,consumo,28678.490000
2023-09-30,SCOTIABANK,consumo,47538.271000
2023-09-30,SCOTIABANK,grandes_empresas,588.298000
2023-09-30,SCOTIABANK,medianas_empresas,1700.462000
2023-09-30,SCOTIABANK,microempresas,44.937000
2023-09-30,SCOTIABANK,pequenas_empresas,3808.426000
2023-10-31,ALFIN,consumo,9202.615000
2023-10-31,BBVA,consumo,23801.604000
2023-10-31,BBVA,grandes_empresas,3571.198000
2023-10-31,BBVA,hipotecario,3072.207000
2023-10-31,BBVA,medianas_empresas,20908.325000
2023-10-31,BBVA,microempresas,132.632000
2023-10-31,BBVA,pequenas_empresas,22960.123000
2023-10-31,BCP,consumo,118346.779000
2023-10-31,BCP,grandes_empresas,1907.866000
2023-10-31,BCP,hipotecario,902.627000
2023-10-31,BCP,medianas_empresas,31455.203000
2023-10-31,BCP,microempresas,1160.999000
2023-10-31,BCP,pequenas_empresas,40571.561000
2023-10-31,BIF,consumo,15408.799000
2023-10-31,BIF,hipotecario,54.591000
2023-10-31,BIF,medianas_empresas,673.778000
2023-10-31,BIF,microempresas,29.569000
2023-10-31,BIF,pequenas_empresas,41.941000
2023-10-31,FALABELLA,consumo,63602.125000
2023-10-31,GNB,consumo,4445.508000
2023-10-31,GNB,hipotecario,1.336000
2023-10-31,GNB,medianas_empresas,5862.628000
2023-10-31,INTERBANK,consumo,132167.024000
2023-10-31,INTERBANK,pequenas_empresas,16607.610000
2023-10-31,MIBANCO,consumo,6259.190000
2023-10-31,MIBANCO,hipotecario,6.466000
2023-10-31,MIBANCO,medianas_empresas,463.388000
2023-10-31,MIBANCO,microempresas,33949.601000
2023-10-31,MIBANCO,pequenas_empresas,50121.040000
2023-10-31,PICHINCHA,consumo,14571.185000
2023-10-31,PICHINCHA,grandes_empresas,1047.711000
2023-10-31,PICHINCHA,medianas_empresas,1809.509000
2023-10-31,PICHINCHA,microempresas,849.930000
2023-10-31,PICHINCHA,pequenas_empresas,6176.288000
2023-10-31,RIPLEY,consumo,29587.764000
2023-10-31,SCOTIABANK,consumo,47969.528000
2023-10-31,SCOTIABANK,hipotecario,128.524000
2023-10-31,SCOTIABANK,medianas_empresas,5541.646000
2023-10-31,SCOTIABANK,microempresas,25.887000
2023-10-31,SCOTIABANK,pequenas_empresas,4258.218000
2023-11-30,ALFIN,consumo,1235.321000
2023-11-30,BBVA,consumo,40705.561000
2023-11-30,BBVA,hipotecario,635.325000
2023-11-30,BBVA,medianas_empresas,37463.128000
2023-11-30,BBVA,microempresas,359.147000
2023-11-30,BBVA,pequenas_empresas,24705.270000
2023-11-30,BCP,consumo,140475.492000
2023-11-30,BCP,grandes_empresas,3999.353000
2023-11-30,BCP,hipotecario,762.049000
2023-11-30,BCP,medianas_empresas,16645.112000
2023-11-30,BCP,microempresas,1551.064000
2023-11-30,BCP,pequenas_empresas,40676.709000
2023-11-30,BIF,consumo,10453.103000
2023-11-30,BIF,hipotecario,831.419000
2023-11-30,BIF,medianas_empresas,1901.815000
2023-11-30,BIF,microempresas,6.073000
2023-11-30,BIF,pequenas_empresas,1.725000
2023-11-30,FALABELLA,consumo,65072.444000
2023-11-30,GNB,consumo,4083.599000
2023-11-30,INTERBANK,consumo,183853.613000
2023-11-30,INTERBANK,pequenas_empresas,14470.296000
2023-11-30,MIBANCO,consumo,4852.325000
2023-11-30,MIBANCO,hipotecario,13.208000
2023-11-30,MIBANCO,medianas_empresas,550.723000
2023-11-30,MIBANCO,microempresas,24301.916000
2023-11-30,MIBANCO,pequenas_empresas,55416.474000
2023-11-30,PICHINCHA,consumo,32710.394000
2023-11-30,PICHINCHA,hipotecario,419.482000
2023-11-30,PICHINCHA,medianas_empresas,219.351000
2023-11-30,PICHINCHA,microempresas,1306.505000
2023-11-30,PICHINCHA,pequenas_empresas,11904.784000
2023-11-30,RIPLEY,consumo,29534.702000
2023-11-30,SCOTIABANK,consumo,57699.144000
2023-11-30,SCOTIABANK,hipotecario,5.451000
2023-11-30,SCOTIABANK,medianas_empresas,3074.920000
2023-11-30,SCOTIABANK,microempresas,51.546000
2023-11-30,SCOTIABANK,pequenas_empresas,3971.692000
2023-12-31,ALFIN,consumo,3499.327000
2023-12-31,BANCOM,consumo,24147.551000
2023-12-31,BANCOM,medianas_empresas,5666.482000
2023-12-31,BANCOM,pequenas_empresas,67.407000
2023-12-31,BBVA,consumo,37584.827000
2023-12-31,BBVA,medianas_empresas,23449.529000
2023-12-31,BBVA,microempresas,136.734000
2023-12-31,BBVA,pequenas_empresas,29057.642000
2023-12-31,BCP,consumo,114477.535000
2023-12-31,BCP,hipotecario,324.990000
2023-12-31,BCP,medianas_empresas,23666.429000
2023-12-31,BCP,microempresas,1297.047000
2023-12-31,BCP,pequenas_empresas,55230.845000
2023-12-31,BIF,consumo,10508.658000
2023-12-31,BIF,grandes_empresas,1057.393000
2023-12-31,BIF,hipotecario,465.236000
2023-12-31,BIF,medianas_empresas,639.668000
2023-12-31,BIF,microempresas,49.948000
2023-12-31,BIF,pequenas_empresas,4.674000
2023-12-31,FALABELLA,consumo,64457.601000
2023-12-31,GNB,consumo,4051.491000
2023-12-31,GNB,hipotecario,1.126000
2023-12-31,INTERBANK,consumo,192162.516000
2023-12-31,INTERBANK,pequenas_empresas,17245.484000
2023-12-31,MIBANCO,consumo,3977.272000
2023-12-31,MIBANCO,hipotecario,37.216000
2023-12-31,MIBANCO,medianas_empresas,803.139000
2023-12-31,MIBANCO,microempresas,17631.872000
2023-12-31,MIBANCO,pequenas_empresas,65090.746000
2023-12-31,PICHINCHA,consumo,15698.545000
2023-12-31,PICHINCHA,medianas_empresas,726.885000
2023-12-31,PICHINCHA,microempresas,484.441000
2023-12-31,PICHINCHA,pequenas_empresas,3267.218000
2023-12-31,RIPLEY,consumo,31155.142000
2023-12-31,SCOTIABANK,consumo,56273.111000
2023-12-31,SCOTIABANK,medianas_empresas,5872.343000
2023-12-31,SCOTIABANK,microempresas,84.130000
2023-12-31,SCOTIABANK,pequenas_empresas,6470.104000
2024-01-31,ALFIN,consumo,761.780000
2024-01-31,BBVA,consumo,38479.159000
2024-01-31,BBVA,hipotecario,5358.635000
2024-01-31,BBVA,medianas_empresas,43993.343000
2024-01-31,BBVA,microempresas,203.943000
2024-01-31,BBVA,pequenas_empresas,62698.169000
2024-01-31,BCP,consumo,128063.698000
2024-01-31,BCP,hipotecario,85.742000
2024-01-31,BCP,medianas_empresas,32168.758000
2024-01-31,BCP,microempresas,1483.648000
2024-01-31,BCP,pequenas_empresas,43662.837000
2024-01-31,BIF,consumo,10967.308000
2024-01-31,BIF,medianas_empresas,616.583000
2024-01-31,BIF,microempresas,29.629000
2024-01-31,BIF,pequenas_empresas,0.603000
2024-01-31,FALABELLA,consumo,92688.109000
2024-01-31,GNB,consumo,4515.822000
2024-01-31,INTERBANK,consumo,200190.859000
2024-01-31,INTERBANK,medianas_empresas,3975.716000
2024-01-31,INTERBANK,microempresas,306.693000
2024-01-31,INTERBANK,pequenas_empresas,10757.328000
2024-01-31,MIBANCO,consumo,4441.093000
2024-01-31,MIBANCO,hipotecario,36.676000
2024-01-31,MIBANCO,medianas_empresas,1194.436000
2024-01-31,MIBANCO,microempresas,21592.761000
2024-01-31,MIBANCO,pequenas_empresas,59602.394000
2024-01-31,PICHINCHA,consumo,27156.517000
2024-01-31,PICHINCHA,grandes_empresas,5168.170000
2024-01-31,PICHINCHA,medianas_empresas,321.875000
2024-01-31,PICHINCHA,microempresas,777.951000
2024-01-31,PICHINCHA,pequenas_empresas,5436.802000
2024-01-31,RIPLEY,consumo,35466.801000
2024-01-31,SCOTIABANK,consumo,54960.570000
2024-01-31,SCOTIABANK,corporativo,21.142000
2024-01-31,SCOTIABANK,medianas_empresas,2906.205000
2024-01-31,SCOTIABANK,microempresas,61.643000
2024-01-31,SCOTIABANK,pequenas_empresas,5848.880000
2024-02-29,ALFIN,consumo,122.785000
2024-02-29,BBVA,consumo,90338.422000
2024-02-29,BBVA,grandes_empresas,147.781000
2024-02-29,BBVA,hipotecario,611.665000
2024-02-29,BBVA,medianas_empresas,19556.548000
2024-02-29,BBVA,microempresas,2912.501000
2024-02-29,BBVA,pequenas_empresas,49346.820000
2024-02-29,BCP,consumo,155153.741000
2024-02-29,BCP,grandes_empresas,6184.262000
2024-02-29,BCP,hipotecario,1027.634000
2024-02-29,BCP,medianas_empresas,74013.942000
2024-02-29,BCP,microempresas,1732.033000
2024-02-29,BCP,pequenas_empresas,79780.211000
2024-02-29,BIF,consumo,12063.448000
2024-02-29,BIF,grandes_empresas,2.044000
2024-02-29,BIF,medianas_empresas,586.851000
2024-02-29,BIF,microempresas,17.387000
2024-02-29,BIF,pequenas_empresas,1.292000
2024-02-29,FALABELLA,consumo,73872.926000
2024-02-29,GNB,consumo,2970.255000
2024-02-29,INTERBANK,consumo,233903.186000
2024-02-29,INTERBANK,medianas_empresas,3076.946000
2024-02-29,INTERBANK,microempresas,214.011000
2024-02-29,INTERBANK,pequenas_empresas,10176.350000
2024-02-29,MIBANCO,consumo,3787.572000
2024-02-29,MIBANCO,hipotecario,18.960000
2024-02-29,MIBANCO,medianas_empresas,1482.495000
2024-02-29,MIBANCO,microempresas,15850.425000
2024-02-29,MIBANCO,pequenas_empresas,50366.979000
2024-02-29,PICHINCHA,consumo,18043.339000
2024-02-29,PICHINCHA,medianas_empresas,1878.518000
2024-02-29,PICHINCHA,microempresas,542.706000
2024-02-29,PICHINCHA,pequenas_empresas,3019.979000
2024-02-29,RIPLEY,consumo,36883.207000
2024-02-29,SCOTIABANK,consumo,66758.010000
2024-02-29,SCOTIABANK,hipotecario,222.941000
2024-02-29,SCOTIABANK,medianas_empresas,3904.839000
2024-02-29,SCOTIABANK,microempresas,54.164000
2024-02-29,SCOTIABANK,pequenas_empresas,3711.975000
2024-03-31,ALFIN,consumo,5237.801000
2024-03-31,BANCOM,consumo,7783.114000
2024-03-31,BBVA,consumo,145595.641000
2024-03-31,BBVA,grandes_empresas,24515.443000
2024-03-31,BBVA,medianas_empresas,71857.301000
2024-03-31,BBVA,microempresas,1593.311000
2024-03-31,BBVA,pequenas_empresas,60356.676000
2024-03-31,BCP,consumo,116628.512000
2024-03-31,BCP,grandes_empresas,2603.431000
2024-03-31,BCP,hipotecario,514.709000
2024-03-31,BCP,medianas_empresas,38560.400000
2024-03-31,BCP,microempresas,1213.383000
2024-03-31,BCP,pequenas_empresas,52317.862000
2024-03-31,BIF,consumo,11911.674000
2024-03-31,BIF,grandes_empresas,753.293000
2024-03-31,BIF,medianas_empresas,4996.001000
2024-03-31,BIF,microempresas,22.711000
2024-03-31,BIF,pequenas_empresas,209.543000
2024-03-31,FALABELLA,consumo,72665.551000
2024-03-31,GNB,consumo,4954.774000
2024-03-31,INTERBANK,consumo,189569.952000
2024-03-31,INTERBANK,medianas_empresas,1099.482000
2024-03-31,INTERBANK,microempresas,140.761000
2024-03-31,INTERBANK,pequenas_empresas,15448.381000
2024-03-31,MIBANCO,consumo,3061.880000
2024-03-31,MIBANCO,medianas_empresas,523.298000
2024-03-31,MIBANCO,microempresas,13202.726000
2024-03-31,MIBANCO,pequenas_empresas,43053.839000
2024-03-31,PICHINCHA,consumo,16774.157000
2024-03-31,PICHINCHA,grandes_empresas,738.367000
2024-03-31,PICHINCHA,microempresas,439.253000
2024-03-31,PICHINCHA,pequenas_empresas,1875.661000
2024-03-31,RIPLEY,consumo,34603.225000
2024-03-31,SANTANDER,medianas_empresas,4664.470000
2024-03-31,SCOTIABANK,consumo,71224.514000
2024-03-31,SCOTIABANK,medianas_empresas,6921.999000
2024-03-31,SCOTIABANK,microempresas,41.071000
2024-03-31,SCOTIABANK,pequenas_empresas,3850.069000
2024-04-30,ALFIN,consumo,5140.761000
2024-04-30,BANCOM,consumo,5345.580000
2024-04-30,BANCOM,medianas_empresas,607.781000
2024-04-30,BANCOM,pequenas_empresas,90.236000
2024-04-30,BBVA,consumo,119978.897000
2024-04-30,BBVA,grandes_empresas,4004.535000
2024-04-30,BBVA,hipotecario,8.655000
2024-04-30,BBVA,medianas_empresas,32120.752000
2024-04-30,BBVA,microempresas,195.979000
2024-04-30,BBVA,pequenas_empresas,37272.751000
2024-04-30,BCP,consumo,122717.153000
2024-04-30,BCP,corporativo,11587.236000
2024-04-30,BCP,grandes_empresas,1235.678000
2024-04-30,BCP,hipotecario,724.928000
2024-04-30,BCP,medianas_empresas,56893.649000
2024-04-30,BCP,microempresas,1403.083000
2024-04-30,BCP,pequenas_empresas,71543.251000
2024-04-30,BIF,consumo,12169.612000
2024-04-30,BIF,grandes_empresas,1124.281000
2024-04-30,BIF,medianas_empresas,915.605000
2024-04-30,BIF,microempresas,5.045000
2024-04-30,BIF,pequenas_empresas,327.404000
2024-04-30,FALABELLA,consumo,57846.585000
2024-04-30,GNB,consumo,4024.303000
2024-04-30,INTERBANK,consumo,211590.797000
2024-04-30,INTERBANK,medianas_empresas,3506.959000
2024-04-30,INTERBANK,microempresas,81.588000
2024-04-30,INTERBANK,pequenas_empresas,10623.461000
2024-04-30,MIBANCO,consumo,4461.106000
2024-04-30,MIBANCO,hipotecario,275.382000
2024-04-30,MIBANCO,medianas_empresas,2049.845000
2024-04-30,MIBANCO,microempresas,16729.608000
2024-04-30,MIBANCO,pequenas_empresas,84184.258000
2024-04-30,PICHINCHA,consumo,21522.143000
2024-04-30,PICHINCHA,medianas_empresas,2309.470000
2024-04-30,PICHINCHA,microempresas,611.391000
2024-04-30,PICHINCHA,pequenas_empresas,3743.937000
2024-04-30,RIPLEY,consumo,30885.855000
2024-04-30,SCOTIABANK,consumo,56388.968000
2024-04-30,SCOTIABANK,medianas_empresas,2064.872000
2024-04-30,SCOTIABANK,microempresas,40.887000
2024-04-30,SCOTIABANK,pequenas_empresas,3828.633000
2024-05-31,ALFIN,consumo,5136.348000
2024-05-31,BBVA,consumo,85244.665000
2024-05-31,BBVA,grandes_empresas,246.188000
2024-05-31,BBVA,hipotecario,784.474000
2024-05-31,BBVA,medianas_empresas,32906.803000
2024-05-31,BBVA,microempresas,160.817000
2024-05-31,BBVA,pequenas_empresas,61012.854000
2024-05-31,BCP,consumo,117968.613000
2024-05-31,BCP,grandes_empresas,535.473000
2024-05-31,BCP,hipotecario,1180.394000
2024-05-31,BCP,medianas_empresas,57330.567000
2024-05-31,BCP,microempresas,1584.765000
2024-05-31,BCP,pequenas_empresas,52769.019000
2024-05-31,BIF,consumo,12259.941000
2024-05-31,BIF,medianas_empresas,1321.493000
2024-05-31,BIF,microempresas,30.509000
2024-05-31,BIF,pequenas_empresas,129.284000
2024-05-31,FALABELLA,consumo,54596.956000
2024-05-31,GNB,consumo,4742.924000
2024-05-31,GNB,hipotecario,942.970000
2024-05-31,INTERBANK,consumo,217956.452000
2024-05-31,INTERBANK,grandes_empresas,14067.341000
2024-05-31,INTERBANK,medianas_empresas,4822.808000
2024-05-31,INTERBANK,microempresas,89.762000
2024-05-31,INTERBANK,pequenas_empresas,12262.593000
2024-05-31,MIBANCO,consumo,1861.705000
2024-05-31,MIBANCO,hipotecario,20.726000
2024-05-31,MIBANCO,medianas_empresas,1027.986000
2024-05-31,MIBANCO,microempresas,7433.224000
2024-05-31,MIBANCO,pequenas_empresas,31590.048000
2024-05-31,PICHINCHA,consumo,23340.088000
2024-05-31,PICHINCHA,medianas_empresas,536.095000
2024-05-31,PICHINCHA,microempresas,480.082000
2024-05-31,PICHINCHA,pequenas_empresas,2537.163000
2024-05-31,RIPLEY,consumo,27544.091000
2024-05-31,SCOTIABANK,consumo,62915.453000
2024-05-31,SCOTIABANK,medianas_empresas,3458.566000
2024-05-31,SCOTIABANK,microempresas,74.794000
2024-05-31,SCOTIABANK,pequenas_empresas,6284.785000
2024-06-30,ALFIN,consumo,6962.817000
2024-06-30,BANCOM,consumo,3266.147000
2024-06-30,BBVA,consumo,94509.973000
2024-06-30,BBVA,grandes_empresas,599.502000
2024-06-30,BBVA,hipotecario,541.048000
2024-06-30,BBVA,medianas_empresas,26938.482000
2024-06-30,BBVA,microempresas,202.533000
2024-06-30,BBVA,pequenas_empresas,26305.554000
2024-06-30,BCP,consumo,127451.376000
2024-06-30,BCP,grandes_empresas,231.302000
2024-06-30,BCP,hipotecario,410.333000
2024-06-30,BCP,medianas_empresas,37736.116000
2024-06-30,BCP,microempresas,1167.446000
2024-06-30,BCP,pequenas_empresas,44870.033000
2024-06-30,BIF,consumo,15735.332000
2024-06-30,BIF,grandes_empresas,0.621000
2024-06-30,BIF,medianas_empresas,1818.333000
2024-06-30,BIF,microempresas,14.626000
2024-06-30,BIF,pequenas_empresas,2.744000
2024-06-30,FALABELLA,consumo,60893.978000
2024-06-30,GNB,consumo,4762.097000
2024-06-30,GNB,hipotecario,237.172000
2024-06-30,INTERBANK,consumo,201383.206000
2024-06-30,INTERBANK,grandes_empresas,3239.300000
2024-06-30,INTERBANK,medianas_empresas,4883.928000
2024-06-30,INTERBANK,microempresas,101.702000
2024-06-30,INTERBANK,pequenas_empresas,11234.003000
2024-06-30,MIBANCO,consumo,5126.036000
2024-06-30,MIBANCO,hipotecario,85.443000
2024-06-30,MIBANCO,medianas_empresas,1882.798000
2024-06-30,MIBANCO,microempresas,19198.664000
2024-06-30,MIBANCO,pequenas_empresas,76138.877000
2024-06-30,PICHINCHA,consumo,23035.767000
2024-06-30,PICHINCHA,medianas_empresas,4741.716000
2024-06-30,PICHINCHA,microempresas,8.276000
2024-06-30,PICHINCHA,pequenas_empresas,473.592000
2024-06-30,RIPLEY,consumo,32147.436000
2024-06-30,SCOTIABANK,consumo,66616.015000
2024-06-30,SCOTIABANK,grandes_empresas,4334.207000
2024-06-30,SCOTIABANK,medianas_empresas,1730.684000
2024-06-30,SCOTIABANK,microempresas,21.731000
2024-06-30,SCOTIABANK,pequenas_empresas,4024.843000
2024-07-31,ALFIN,consumo,5566.757000
2024-07-31,BBVA,consumo,62969.047000
2024-07-31,BBVA,grandes_empresas,44.499000
2024-07-31,BBVA,hipotecario,35.167000
2024-07-31,BBVA,medianas_empresas,49016.071000
2024-07-31,BBVA,microempresas,187.512000
2024-07-31,BBVA,pequenas_empresas,72647.951000
2024-07-31,BCP,consumo,139083.415000
2024-07-31,BCP,corporativo,0.106000
2024-07-31,BCP,grandes_empresas,1240.435000
2024-07-31,BCP,medianas_empresas,23653.417000
2024-07-31,BCP,microempresas,1137.355000
2024-07-31,BCP,pequenas_empresas,51196.835000
2024-07-31,BIF,consumo,15362.342000
2024-07-31,BIF,grandes_empresas,629.394000
2024-07-31,BIF,medianas_empresas,1720.901000
2024-07-31,BIF,microempresas,184.593000
2024-07-31,BIF,pequenas_empresas,0.460000
2024-07-31,FALABELLA,consumo,58040.510000
2024-07-31,GNB,consumo,6082.626000
2024-07-31,INTERBANK,consumo,189205.307000
2024-07-31,INTERBANK,medianas_empresas,4721.012000
2024-07-31,INTERBANK,microempresas,88.880000
2024-07-31,INTERBANK,pequenas_empresas,11279.342000
2024-07-31,MIBANCO,consumo,4920.950000
2024-07-31,MIBANCO,medianas_empresas,1370.194000
2024-07-31,MIBANCO,microempresas,15665.177000
2024-07-31,MIBANCO,pequenas_empresas,69424.469000
2024-07-31,PICHINCHA,consumo,53952.749000
2024-07-31,PICHINCHA,medianas_empresas,113.301000
2024-07-31,PICHINCHA,microempresas,616.656000
2024-07-31,PICHINCHA,pequenas_empresas,4244.475000
2024-07-31,RIPLEY,consumo,31394.231000
2024-07-31,SCOTIABANK,consumo,50263.976000
2024-07-31,SCOTIABANK,medianas_empresas,5663.323000
2024-07-31,SCOTIABANK,microempresas,70.746000
2024-07-31,SCOTIABANK,pequenas_empresas,5419.168000
2024-08-31,ALFIN,consumo,5315.704000
2024-08-31,BANCOM,consumo,7475.115000
2024-08-31,BBVA,consumo,37619.410000
2024-08-31,BBVA,grandes_empresas,5082.670000
2024-08-31,BBVA,hipotecario,336.110000
2024-08-31,BBVA,medianas_empresas,46597.091000
2024-08-31,BBVA,microempresas,139.899000
2024-08-31,BBVA,pequenas_empresas,59812.988000
2024-08-31,BCP,consumo,118072.378000
2024-08-31,BCP,grandes_empresas,30.518000
2024-08-31,BCP,hipotecario,2548.520000
2024-08-31,BCP,medianas_empresas,40928.795000
2024-08-31,BCP,microempresas,1458.342000
2024-08-31,BCP,pequenas_empresas,55353.285000
2024-08-31,BIF,consumo,15587.704000
2024-08-31,BIF,grandes_empresas,1288.384000
2024-08-31,BIF,medianas_empresas,2157.058000
2024-08-31,BIF,microempresas,20.544000
2024-08-31,BIF,pequenas_empresas,252.256000
2024-08-31,FALABELLA,consumo,90577.255000
2024-08-31,GNB,consumo,4117.385000
2024-08-31,INTERBANK,consumo,171289.189000
2024-08-31,INTERBANK,medianas_empresas,4283.277000
2024-08-31,INTERBANK,microempresas,626.445000
2024-08-31,INTERBANK,pequenas_empresas,9744.814000
2024-08-31,MIBANCO,consumo,3414.423000
2024-08-31,MIBANCO,hipotecario,86.504000
2024-08-31,MIBANCO,medianas_empresas,1217.415000
2024-08-31,MIBANCO,microempresas,15533.997000
2024-08-31,MIBANCO,pequenas_empresas,62662.314000
2024-08-31,PICHINCHA,consumo,48879.617000
2024-08-31,PICHINCHA,medianas_empresas,271.774000
2024-08-31,PICHINCHA,microempresas,256.240000
2024-08-31,PICHINCHA,pequenas_empresas,2089.464000
2024-08-31,RIPLEY,consumo,27014.819000
2024-08-31,SCOTIABANK,consumo,66270.641000
2024-08-31,SCOTIABANK,medianas_empresas,7028.985000
2024-08-31,SCOTIABANK,microempresas,70.890000
2024-08-31,SCOTIABANK,pequenas_empresas,1805.825000
2024-09-30,ALFIN,consumo,6122.077000
2024-09-30,BANCOM,consumo,3946.996000
2024-09-30,BBVA,consumo,36423.043000
2024-09-30,BBVA,medianas_empresas,81451.633000
2024-09-30,BBVA,microempresas,75.709000
2024-09-30,BBVA,pequenas_empresas,45776.873000
2024-09-30,BCP,consumo,130325.803000
2024-09-30,BCP,grandes_empresas,218.800000
2024-09-30,BCP,hipotecario,200.705000
2024-09-30,BCP,medianas_empresas,35959.767000
2024-09-30,BCP,microempresas,1683.109000
2024-09-30,BCP,pequenas_empresas,48007.903000
2024-09-30,BIF,consumo,12728.832000
2024-09-30,BIF,grandes_empresas,10255.484000
2024-09-30,BIF,medianas_empresas,3042.780000
2024-09-30,BIF,microempresas,45.907000
2024-09-30,BIF,pequenas_empresas,3.821000
2024-09-30,FALABELLA,consumo,51472.585000
2024-09-30,FALABELLA,microempresas,16.800000
2024-09-30,GNB,consumo,6796.623000
2024-09-30,GNB,medianas_empresas,10251.593000
2024-09-30,INTERBANK,consumo,162626.539000
2024-09-30,INTERBANK,medianas_empresas,3100.066000
2024-09-30,INTERBANK,microempresas,252.439000
2024-09-30,INTERBANK,pequenas_empresas,10430.934000
2024-09-30,MIBANCO,consumo,3235.922000
2024-09-30,MIBANCO,hipotecario,9.167000
2024-09-30,MIBANCO,medianas_empresas,2343.810000
2024-09-30,MIBANCO,microempresas,14937.225000
2024-09-30,MIBANCO,pequenas_empresas,64384.263000
2024-09-30,PICHINCHA,consumo,29961.636000
2024-09-30,RIPLEY,consumo,22480.933000
2024-09-30,SCOTIABANK,consumo,63905.764000
2024-09-30,SCOTIABANK,medianas_empresas,4733.087000
2024-09-30,SCOTIABANK,microempresas,54.730000
2024-09-30,SCOTIABANK,pequenas_empresas,2602.686000
2024-10-31,ALFIN,consumo,4147.187000
2024-10-31,BBVA,consumo,27006.479000
2024-10-31,BBVA,medianas_empresas,25493.784000
2024-10-31,BBVA,microempresas,103.060000
2024-10-31,BBVA,pequenas_empresas,49226.325000
2024-10-31,BCP,consumo,108406.945000
2024-10-31,BCP,grandes_empresas,340.094000
2024-10-31,BCP,hipotecario,3157.751000
2024-10-31,BCP,medianas_empresas,26348.063000
2024-10-31,BCP,microempresas,916.437000
2024-10-31,BCP,pequenas_empresas,49542.192000
2024-10-31,BIF,consumo,12751.072000
2024-10-31,FALABELLA,consumo,59914.321000
2024-10-31,GNB,consumo,5355.257000
2024-10-31,GNB,medianas_empresas,1488.756000
2024-10-31,GNB,pequenas_empresas,10.868000
2024-10-31,INTERBANK,consumo,139893.629000
2024-10-31,INTERBANK,medianas_empresas,4461.897000
2024-10-31,INTERBANK,microempresas,36.227000
2024-10-31,INTERBANK,pequenas_empresas,10559.138000
2024-10-31,MIBANCO,consumo,2934.544000
2024-10-31,MIBANCO,hipotecario,63.501000
2024-10-31,MIBANCO,medianas_empresas,1997.696000
2024-10-31,MIBANCO,microempresas,11227.086000
2024-10-31,MIBANCO,pequenas_empresas,54480.645000
2024-10-31,PICHINCHA,consumo,41667.277000
2024-10-31,PICHINCHA,medianas_empresas,103.325000
2024-10-31,PICHINCHA,microempresas,339.261000
2024-10-31,PICHINCHA,pequenas_empresas,2545.424000
2024-10-31,RIPLEY,consumo,19277.098000
2024-10-31,SCOTIABANK,consumo,63266.577000
2024-10-31,SCOTIABANK,hipotecario,575.992000
2024-10-31,SCOTIABANK,medianas_empresas,3682.351000
2024-10-31,SCOTIABANK,microempresas,25.501000
2024-10-31,SCOTIABANK,pequenas_empresas,7692.925000
2024-11-30,ALFIN,consumo,6750.663000
2024-11-30,BBVA,consumo,33663.560000
2024-11-30,BBVA,medianas_empresas,13312.769000
2024-11-30,BBVA,microempresas,82.188000
2024-11-30,BBVA,pequenas_empresas,59411.783000
2024-11-30,BCP,consumo,180218.916000
2024-11-30,BCP,grandes_empresas,61.865000
2024-11-30,BCP,hipotecario,1676.012000
2024-11-30,BCP,medianas_empresas,371.206000
2024-11-30,BCP,microempresas,1583.005000
2024-11-30,BCP,pequenas_empresas,146521.018000
2024-11-30,BIF,consumo,11438.488000
2024-11-30,BIF,pequenas_empresas,20952.478000
2024-11-30,FALABELLA,consumo,38743.793000
2024-11-30,GNB,consumo,5011.041000
2024-11-30,INTERBANK,consumo,157463.736000
2024-11-30,INTERBANK,medianas_empresas,4788.757000
2024-11-30,INTERBANK,microempresas,93.774000
2024-11-30,INTERBANK,pequenas_empresas,8758.320000
2024-11-30,MIBANCO,consumo,2577.725000
2024-11-30,MIBANCO,hipotecario,36.777000
2024-11-30,MIBANCO,microempresas,12308.094000
2024-11-30,MIBANCO,pequenas_empresas,52500.253000
2024-11-30,PICHINCHA,consumo,40235.898000
2024-11-30,PICHINCHA,microempresas,191.772000
2024-11-30,PICHINCHA,pequenas_empresas,4288.307000
2024-11-30,RIPLEY,consumo,17517.071000
2024-11-30,SCOTIABANK,consumo,56192.833000
2024-11-30,SCOTIABANK,hipotecario,94.880000
2024-11-30,SCOTIABANK,medianas_empresas,13.262000
2024-11-30,SCOTIABANK,microempresas,29.919000
2024-11-30,SCOTIABANK,pequenas_empresas,13532.533000
2024-12-31,ALFIN,consumo,10633.349000
2024-12-31,BANCOM,consumo,2220.866000
2024-12-31,BANCOM,pequenas_empresas,8589.057000
2024-12-31,BBVA,consumo,20725.633000
2024-12-31,BBVA,hipotecario,225.437000
2024-12-31,BBVA,medianas_empresas,13405.509000
2024-12-31,BBVA,microempresas,147.611000
2024-12-31,BBVA,pequenas_empresas,41881.970000
2024-12-31,BCP,consumo,93382.142000
2024-12-31,BCP,hipotecario,459.443000
2024-12-31,BCP,microempresas,741.978000
2024-12-31,BCP,pequenas_empresas,81045.897000
2024-12-31,BIF,consumo,11454.163000
2024-12-31,BIF,medianas_empresas,928.147000
2024-12-31,BIF,microempresas,18.042000
2024-12-31,BIF,pequenas_empresas,11107.194000
2024-12-31,FALABELLA,consumo,39517.921000
2024-12-31,GNB,consumo,4893.374000
2024-12-31,INTERBANK,consumo,86695.920000
2024-12-31,INTERBANK,medianas_empresas,16610.992000
2024-12-31,INTERBANK,microempresas,325.508000
2024-12-31,INTERBANK,pequenas_empresas,9188.862000
2024-12-31,MIBANCO,consumo,1998.120000
2024-12-31,MIBANCO,hipotecario,115.700000
2024-12-31,MIBANCO,medianas_empresas,1158.001000
2024-12-31,MIBANCO,microempresas,53524.782000
2024-12-31,MIBANCO,pequenas_empresas,30329.004000
2024-12-31,PICHINCHA,consumo,30724.483000
2024-12-31,PICHINCHA,microempresas,118.794000
2024-12-31,PICHINCHA,pequenas_empresas,1022.141000
2024-12-31,RIPLEY,consumo,17003.183000
2024-12-31,SCOTIABANK,consumo,59471.378000
2024-12-31,SCOTIABANK,medianas_empresas,98.509000
2024-12-31,SCOTIABANK,microempresas,40.480000
2024-12-31,SCOTIABANK,pequenas_empresas,7789.746000
2025-01-31,ALFIN,consumo,11107.115000
2025-01-31,BBVA,consumo,35047.361000
2025-01-31,BBVA,hipotecario,131.240000
2025-01-31,BBVA,medianas_empresas,31015.784000
2025-01-31,BBVA,microempresas,78.188000
2025-01-31,BBVA,pequenas_empresas,43231.394000
2025-01-31,BCP,consumo,86465.096000
2025-01-31,BCP,hipotecario,2270.626000
2025-01-31,BCP,microempresas,513.472000
2025-01-31,BCP,pequenas_empresas,58582.762000
2025-01-31,BIF,consumo,9761.749000
2025-01-31,BIF,medianas_empresas,1.590000
2025-01-31,BIF,microempresas,12.942000
2025-01-31,BIF,pequenas_empresas,15.115000
2025-01-31,COMPARTAMOS,consumo,5871.353000
2025-01-31,COMPARTAMOS,microempresas,16196.159000
2025-01-31,COMPARTAMOS,pequenas_empresas,14419.313000
2025-01-31,FALABELLA,consumo,34705.958000
2025-01-31,GNB,consumo,4928.914000
2025-01-31,INTERBANK,consumo,103249.278000
2025-01-31,INTERBANK,medianas_empresas,2743.091000
2025-01-31,INTERBANK,microempresas,158.243000
2025-01-31,INTERBANK,pequenas_empresas,6878.268000
2025-01-31,MIBANCO,consumo,3122.877000
2025-01-31,MIBANCO,hipotecario,15.815000
2025-01-31,MIBANCO,medianas_empresas,24.380000
2025-01-31,MIBANCO,microempresas,15170.572000
2025-01-31,MIBANCO,pequenas_empresas,86908.235000
2025-01-31,PICHINCHA,consumo,38972.373000
2025-01-31,PICHINCHA,pequenas_empresas,239.150000
2025-01-31,RIPLEY,consumo,16038.555000
2025-01-31,SCOTIABANK,consumo,61961.412000
2025-01-31,SCOTIABANK,medianas_empresas,5.327000
2025-01-31,SCOTIABANK,pequenas_empresas,6173.745000
2025-02-28,ALFIN,consumo,8358.584000
2025-02-28,ALFIN,pequenas_empresas,23.401000
2025-02-28,BBVA,consumo,37861.230000
2025-02-28,BBVA,grandes_empresas,1118.831000
2025-02-28,BBVA,hipotecario,1390.793000
2025-02-28,BBVA,medianas_empresas,30730.620000
2025-02-28,BBVA,microempresas,65.898000
2025-02-28,BBVA,pequenas_empresas,30790.578000
2025-02-28,BCP,consumo,89861.556000
2025-02-28,BCP,hipotecario,769.767000
2025-02-28,BCP,medianas_empresas,123.289000
2025-02-28,BCP,microempresas,722.238000
2025-02-28,BCP,pequenas_empresas,96965.035000
2025-02-28,BIF,consumo,11005.842000
2025-02-28,BIF,medianas_empresas,13.481000
2025-02-28,BIF,microempresas,17.639000
2025-02-28,BIF,pequenas_empresas,13.932000
2025-02-28,COMPARTAMOS,consumo,8995.227000
2025-02-28,COMPARTAMOS,microempresas,15490.732000
2025-02-28,COMPARTAMOS,pequenas_empresas,18282.263000
2025-02-28,FALABELLA,consumo,33376.089000
2025-02-28,GNB,consumo,5549.456000
2025-02-28,INTERBANK,consumo,157025.727000
2025-02-28,INTERBANK,medianas_empresas,2766.639000
2025-02-28,INTERBANK,microempresas,32.710000
2025-02-28,INTERBANK,pequenas_empresas,7192.644000
2025-02-28,MIBANCO,consumo,2345.563000
2025-02-28,MIBANCO,hipotecario,78.976000
2025-02-28,MIBANCO,microempresas,9298.447000
2025-02-28,MIBANCO,pequenas_empresas,62045.861000
2025-02-28,PICHINCHA,consumo,20643.242000
2025-02-28,PICHINCHA,microempresas,133.835000
2025-02-28,PICHINCHA,pequenas_empresas,1221.129000
2025-02-28,RIPLEY,consumo,17004.585000
2025-02-28,SCOTIABANK,consumo,45105.379000
2025-02-28,SCOTIABANK,medianas_empresas,6.374000
2025-02-28,SCOTIABANK,microempresas,28.090000
2025-02-28,SCOTIABANK,pequenas_empresas,8104.530000
2025-03-31,ALFIN,consumo,8191.476000
2025-03-31,BANCOM,consumo,7223.881000
2025-03-31,BANCOM,pequenas_empresas,1345.452000
2025-03-31,BBVA,consumo,23854.946000
2025-03-31,BBVA,grandes_empresas,2125.690000
2025-03-31,BBVA,medianas_empresas,19413.099000
2025-03-31,BBVA,microempresas,338.749000
2025-03-31,BBVA,pequenas_empresas,41273.833000
2025-03-31,BCP,consumo,81669.976000
2025-03-31,BCP,hipotecario,858.931000
2025-03-31,BCP,medianas_empresas,107.436000
2025-03-31,BCP,microempresas,561.297000
2025-03-31,BCP,pequenas_empresas,50175.405000
2025-03-31,BIF,consumo,10588.175000
2025-03-31,BIF,medianas_empresas,3.781000
2025-03-31,BIF,microempresas,10.766000
2025-03-31,BIF,pequenas_empresas,6157.249000
2025-03-31,COMPARTAMOS,consumo,8030.541000
2025-03-31,COMPARTAMOS,microempresas,11861.693000
2025-03-31,COMPARTAMOS,pequenas_empresas,18244.450000
2025-03-31,FALABELLA,consumo,41137.976000
2025-03-31,GNB,consumo,6856.275000
2025-03-31,INTERBANK,consumo,79882.783000
2025-03-31,INTERBANK,medianas_empresas,3289.282000
2025-03-31,INTERBANK,microempresas,127.096000
2025-03-31,INTERBANK,pequenas_empresas,5919.620000
2025-03-31,MIBANCO,consumo,2153.151000
2025-03-31,MIBANCO,hipotecario,17.981000
2025-03-31,MIBANCO,microempresas,8832.107000
2025-03-31,MIBANCO,pequenas_empresas,49553.586000
2025-03-31,PICHINCHA,consumo,20040.730000
2025-03-31,PICHINCHA,microempresas,35.332000
2025-03-31,PICHINCHA,pequenas_empresas,293.455000
2025-03-31,RIPLEY,consumo,16572.300000
2025-03-31,SCOTIABANK,consumo,47372.576000
2025-03-31,SCOTIABANK,medianas_empresas,2499.864000
2025-03-31,SCOTIABANK,microempresas,104.521000
2025-03-31,SCOTIABANK,pequenas_empresas,8791.137000
2025-04-30,ALFIN,consumo,7028.898000
2025-04-30,BBVA,consumo,20831.119000
2025-04-30,BBVA,medianas_empresas,15894.281000
2025-04-30,BBVA,microempresas,263.781000
2025-04-30,BBVA,pequenas_empresas,30532.689000
2025-04-30,BCP,consumo,92750.581000
2025-04-30,BCP,hipotecario,6.110000
2025-04-30,BCP,medianas_empresas,304.727000
2025-04-30,BCP,microempresas,708.410000
2025-04-30,BCP,pequenas_empresas,60265.848000
2025-04-30,BIF,consumo,13191.007000
2025-04-30,BIF,hipotecario,1815.640000
2025-04-30,BIF,microempresas,11.905000
2025-04-30,BIF,pequenas_empresas,1292.147000
2025-04-30,COMPARTAMOS,consumo,7263.452000
2025-04-30,COMPARTAMOS,microempresas,14910.088000
2025-04-30,COMPARTAMOS,pequenas_empresas,13873.031000
2025-04-30,FALABELLA,consumo,39096.891000
2025-04-30,GNB,consumo,4027.323000
2025-04-30,GNB,grandes_empresas,992.250000
2025-04-30,GNB,pequenas_empresas,118.019000
2025-04-30,INTERBANK,consumo,92919.253000
2025-04-30,INTERBANK,medianas_empresas,2940.105000
2025-04-30,INTERBANK,microempresas,99.545000
2025-04-30,INTERBANK,pequenas_empresas,5650.602000
2025-04-30,MIBANCO,consumo,1891.773000
2025-04-30,MIBANCO,hipotecario,7.120000
2025-04-30,MIBANCO,microempresas,9036.537000
2025-04-30,MIBANCO,pequenas_empresas,44319.421000
2025-04-30,PICHINCHA,consumo,37563.900000
2025-04-30,PICHINCHA,microempresas,94.885000
2025-04-30,PICHINCHA,pequenas_empresas,339.828000
2025-04-30,RIPLEY,consumo,16931.876000
2025-04-30,SCOTIABANK,consumo,44516.921000
2025-04-30,SCOTIABANK,medianas_empresas,6.748000
2025-04-30,SCOTIABANK,microempresas,14.120000
2025-04-30,SCOTIABANK,pequenas_empresas,6923.190000
2025-05-31,ALFIN,consumo,8346.140000
2025-05-31,BBVA,consumo,16863.933000
2025-05-31,BBVA,grandes_empresas,4584.064000
2025-05-31,BBVA,hipotecario,3035.952000
2025-05-31,BBVA,medianas_empresas,28019.561000
2025-05-31,BBVA,microempresas,61.712000
2025-05-31,BBVA,pequenas_empresas,23323.015000
2025-05-31,BCP,consumo,80317.120000
2025-05-31,BCP,hipotecario,168.017000
2025-05-31,BCP,medianas_empresas,142.779000
2025-05-31,BCP,microempresas,665.821000
2025-05-31,BCP,pequenas_empresas,42530.565000
2025-05-31,BIF,consumo,10407.383000
2025-05-31,BIF,medianas_empresas,110.885000
2025-05-31,BIF,microempresas,18.105000
2025-05-31,BIF,pequenas_empresas,4572.137000
2025-05-31,COMPARTAMOS,consumo,6067.888000
2025-05-31,COMPARTAMOS,microempresas,14388.577000
2025-05-31,COMPARTAMOS,pequenas_empresas,14990.078000
2025-05-31,FALABELLA,consumo,33510.258000
2025-05-31,GNB,consumo,4733.509000
2025-05-31,INTERBANK,consumo,96655.706000
2025-05-31,INTERBANK,medianas_empresas,2486.520000
2025-05-31,INTERBANK,microempresas,24.468000
2025-05-31,INTERBANK,pequenas_empresas,5353.976000
2025-05-31,MIBANCO,consumo,2234.503000
2025-05-31,MIBANCO,hipotecario,1086.938000
2025-05-31,MIBANCO,microempresas,10034.711000
2025-05-31,MIBANCO,pequenas_empresas,50485.602000
2025-05-31,PICHINCHA,consumo,30958.035000
2025-05-31,PICHINCHA,microempresas,96.304000
2025-05-31,PICHINCHA,pequenas_empresas,612.374000
2025-05-31,RIPLEY,consumo,15472.286000
2025-05-31,SCOTIABANK,consumo,50476.733000
2025-05-31,SCOTIABANK,hipotecario,498.999000
2025-05-31,SCOTIABANK,medianas_empresas,878.292000
2025-05-31,SCOTIABANK,microempresas,90.382000
2025-05-31,SCOTIABANK,pequenas_empresas,5442.608000
2025-06-30,ALFIN,consumo,6972.072000
2025-06-30,BANCOM,consumo,10420.068000
2025-06-30,BANCOM,pequenas_empresas,4273.500000
2025-06-30,BBVA,consumo,18207.155000
2025-06-30,BBVA,grandes_empresas,13040.457000
2025-06-30,BBVA,hipotecario,57.071000
2025-06-30,BBVA,medianas_empresas,14007.552000
2025-06-30,BBVA,microempresas,123.513000
2025-06-30,BBVA,pequenas_empresas,13804.733000
2025-06-30,BCP,consumo,89498.994000
2025-06-30,BCP,hipotecario,319.062000
2025-06-30,BCP,medianas_empresas,2102.282000
2025-06-30,BCP,microempresas,625.183000
2025-06-30,BCP,pequenas_empresas,44696.983000
2025-06-30,BIF,consumo,8706.766000
2025-06-30,BIF,medianas_empresas,130.119000
2025-06-30,BIF,microempresas,5.333000
2025-06-30,BIF,pequenas_empresas,4.776000
2025-06-30,COMPARTAMOS,consumo,7009.075000
2025-06-30,COMPARTAMOS,microempresas,15428.253000
2025-06-30,COMPARTAMOS,pequenas_empresas,19962.582000
2025-06-30,FALABELLA,consumo,44663.272000
2025-06-30,GNB,consumo,4859.141000
2025-06-30,INTERBANK,consumo,108774.135000
2025-06-30,INTERBANK,grandes_empresas,2163.214000
2025-06-30,INTERBANK,medianas_empresas,4955.172000
2025-06-30,INTERBANK,microempresas,37.249000
2025-06-30,INTERBANK,pequenas_empresas,3603.349000
2025-06-30,MIBANCO,consumo,1626.658000
2025-06-30,MIBANCO,hipotecario,182.540000
2025-06-30,MIBANCO,microempresas,8897.205000
2025-06-30,MIBANCO,pequenas_empresas,37484.485000
2025-06-30,PICHINCHA,consumo,33722.305000
2025-06-30,PICHINCHA,grandes_empresas,266.284000
2025-06-30,PICHINCHA,hipotecario,47.630000
2025-06-30,PICHINCHA,medianas_empresas,11877.504000
2025-06-30,PICHINCHA,microempresas,121.133000
2025-06-30,PICHINCHA,pequenas_empresas,7966.553000
2025-06-30,RIPLEY,consumo,17533.113000
2025-06-30,SANTANDER_CONSUMER,consumo,24167.557000
2025-06-30,SANTANDER_CONSUMER,microempresas,22.807000
2025-06-30,SANTANDER_CONSUMER,pequenas_empresas,154.895000
2025-06-30,SCOTIABANK,consumo,40156.571000
2025-06-30,SCOTIABANK,hipotecario,296.014000
2025-06-30,SCOTIABANK,medianas_empresas,657.582000
2025-06-30,SCOTIABANK,microempresas,49.111000
2025-06-30,SCOTIABANK,pequenas_empresas,7814.644000
2025-07-31,ALFIN,consumo,7808.096000
2025-07-31,BBVA,consumo,12971.743000
2025-07-31,BBVA,medianas_empresas,4234.022000
2025-07-31,BBVA,microempresas,13.332000
2025-07-31,BBVA,pequenas_empresas,5598.746000
2025-07-31,BCP,consumo,88335.736000
2025-07-31,BCP,hipotecario,190.897000
2025-07-31,BCP,medianas_empresas,385.775000
2025-07-31,BCP,microempresas,819.182000
2025-07-31,BCP,pequenas_empresas,52547.415000
2025-07-31,BIF,consumo,12139.729000
2025-07-31,BIF,medianas_empresas,405.327000
2025-07-31,BIF,microempresas,6.415000
2025-07-31,BIF,pequenas_empresas,34.862000
2025-07-31,COMPARTAMOS,consumo,5867.541000
2025-07-31,COMPARTAMOS,microempresas,16890.544000
2025-07-31,COMPARTAMOS,pequenas_empresas,12356.841000
2025-07-31,FALABELLA,consumo,37976.419000
2025-07-31,GNB,consumo,4379.590000
2025-07-31,GNB,hipotecario,114.778000
2025-07-31,GNB,medianas_empresas,302.459000
2025-07-31,INTERBANK,consumo,95081.780000
2025-07-31,INTERBANK,medianas_empresas,1142.010000
2025-07-31,INTERBANK,microempresas,28.964000
2025-07-31,INTERBANK,pequenas_empresas,1605.263000
2025-07-31,MIBANCO,consumo,1885.900000
2025-07-31,MIBANCO,hipotecario,252.332000
2025-07-31,MIBANCO,microempresas,9354.604000
2025-07-31,MIBANCO,pequenas_empresas,50835.966000
2025-07-31,PICHINCHA,consumo,39456.625000
2025-07-31,PICHINCHA,medianas_empresas,1359.071000
2025-07-31,PICHINCHA,microempresas,76.536000
2025-07-31,PICHINCHA,pequenas_empresas,3371.149000
2025-07-31,RIPLEY,consumo,18160.172000
2025-07-31,SANTANDER_CONSUMER,consumo,22145.125000
2025-07-31,SANTANDER_CONSUMER,microempresas,52.405000
2025-07-31,SANTANDER_CONSUMER,pequenas_empresas,37.759000
2025-07-31,SCOTIABANK,consumo,42161.272000
2025-07-31,SCOTIABANK,medianas_empresas,4.213000
2025-07-31,SCOTIABANK,microempresas,51.284000
2025-07-31,SCOTIABANK,pequenas_empresas,6093.598000
2025-08-31,ALFIN,consumo,6231.605000
2025-08-31,BBVA,consumo,22868.187000
2025-08-31,BBVA,grandes_empresas,347.323000
2025-08-31,BBVA,medianas_empresas,13864.467000
2025-08-31,BBVA,microempresas,80.656000
2025-08-31,BBVA,pequenas_empresas,17120.164000
2025-08-31,BCI,grandes_empresas,315.161000
2025-08-31,BCP,consumo,104189.374000
2025-08-31,BCP,grandes_empresas,998.138000
2025-08-31,BCP,hipotecario,5353.501000
2025-08-31,BCP,medianas_empresas,1639.397000
2025-08-31,BCP,microempresas,630.738000
2025-08-31,BCP,pequenas_empresas,92797.808000
2025-08-31,BIF,consumo,12593.640000
2025-08-31,BIF,medianas_empresas,1273.921000
2025-08-31,BIF,microempresas,52.849000
2025-08-31,BIF,pequenas_empresas,2644.055000
2025-08-31,COMPARTAMOS,consumo,6167.416000
2025-08-31,COMPARTAMOS,microempresas,19262.055000
2025-08-31,COMPARTAMOS,pequenas_empresas,13014.943000
2025-08-31,FALABELLA,consumo,37091.541000
2025-08-31,GNB,consumo,4389.513000
2025-08-31,INTERBANK,consumo,105748.344000
2025-08-31,INTERBANK,microempresas,59.258000
2025-08-31,INTERBANK,pequenas_empresas,2626.858000
2025-08-31,MIBANCO,consumo,2259.142000
2025-08-31,MIBANCO,hipotecario,37.590000
2025-08-31,MIBANCO,microempresas,48452.428000
2025-08-31,MIBANCO,pequenas_empresas,38155.914000
2025-08-31,PICHINCHA,consumo,40492.585000
2025-08-31,PICHINCHA,microempresas,23.019000
2025-08-31,PICHINCHA,pequenas_empresas,342.282000
2025-08-31,RIPLEY,consumo,17995.512000
2025-08-31,SANTANDER_CONSUMER,consumo,23283.277000
2025-08-31,SANTANDER_CONSUMER,microempresas,13.013000
2025-08-31,SANTANDER_CONSUMER,pequenas_empresas,75.796000
2025-08-31,SCOTIABANK,consumo,52234.297000
2025-08-31,SCOTIABANK,hipotecario,414.112000
2025-08-31,SCOTIABANK,medianas_empresas,99.250000
2025-08-31,SCOTIABANK,microempresas,36.807000
2025-08-31,SCOTIABANK,pequenas_empresas,6066.982000
2025-09-30,ALFIN,consumo,11806.025000
2025-09-30,BANCOM,consumo,13445.532000
2025-09-30,BANCOM,pequenas_empresas,303.539000
2025-09-30,BBVA,consumo,16306.934000
2025-09-30,BBVA,medianas_empresas,5028.144000
2025-09-30,BBVA,microempresas,44.665000
2025-09-30,BBVA,pequenas_empresas,7873.698000
2025-09-30,BCP,consumo,86354.298000
2025-09-30,BCP,grandes_empresas,0.140000
2025-09-30,BCP,hipotecario,587.831000
2025-09-30,BCP,medianas_empresas,63421.430000
2025-09-30,BCP,microempresas,715.637000
2025-09-30,BCP,pequenas_empresas,43535.994000
2025-09-30,BIF,consumo,10737.359000
2025-09-30,BIF,grandes_empresas,2308.555000
2025-09-30,BIF,medianas_empresas,22.254000
2025-09-30,BIF,microempresas,2.102000
2025-09-30,BIF,pequenas_empresas,2062.672000
2025-09-30,COMPARTAMOS,consumo,7768.442000
2025-09-30,COMPARTAMOS,microempresas,20431.426000
2025-09-30,COMPARTAMOS,pequenas_empresas,15254.820000
2025-09-30,FALABELLA,consumo,42476.266000
2025-09-30,GNB,consumo,5236.663000
2025-09-30,GNB,hipotecario,441.990000
2025-09-30,INTERBANK,consumo,102627.869000
2025-09-30,INTERBANK,hipotecario,1058.483000
2025-09-30,INTERBANK,medianas_empresas,1104.480000
2025-09-30,INTERBANK,microempresas,59.953000
2025-09-30,INTERBANK,pequenas_empresas,1657.014000
2025-09-30,MIBANCO,consumo,2288.478000
2025-09-30,MIBANCO,hipotecario,553.182000
2025-09-30,MIBANCO,microempresas,62744.752000
2025-09-30,MIBANCO,pequenas_empresas,39559.997000
2025-09-30,PICHINCHA,consumo,21545.687000
2025-09-30,PICHINCHA,microempresas,99.957000
2025-09-30,PICHINCHA,pequenas_empresas,413.867000
2025-09-30,RIPLEY,consumo,16939.577000
2025-09-30,SANTANDER_CONSUMER,consumo,24915.258000
2025-09-30,SANTANDER_CONSUMER,microempresas,6.593000
2025-09-30,SANTANDER_CONSUMER,pequenas_empresas,43.307000
2025-09-30,SCOTIABANK,consumo,44345.286000
2025-09-30,SCOTIABANK,grandes_empresas,1867.485000
2025-09-30,SCOTIABANK,hipotecario,451.190000
2025-09-30,SCOTIABANK,medianas_empresas,3467.010000
2025-09-30,SCOTIABANK,microempresas,94.665000
2025-09-30,SCOTIABANK,pequenas_empresas,22370.612000
2025-10-31,ALFIN,consumo,6735.097000
2025-10-31,BBVA,consumo,13458.022000
2025-10-31,BBVA,medianas_empresas,494.930000
2025-10-31,BBVA,microempresas,23.381000
2025-10-31,BBVA,pequenas_empresas,6300.347000
2025-10-31,BCP,consumo,89113.820000
2025-10-31,BCP,hipotecario,930.796000
2025-10-31,BCP,medianas_empresas,243.689000
2025-10-31,BCP,microempresas,713.725000
2025-10-31,BCP,pequenas_empresas,81911.269000
2025-10-31,BIF,consumo,9702.911000
2025-10-31,BIF,medianas_empresas,2077.929000
2025-10-31,BIF,microempresas,23.976000
2025-10-31,BIF,pequenas_empresas,70.843000
2025-10-31,COMPARTAMOS,consumo,4150.076000
2025-10-31,COMPARTAMOS,microempresas,18182.501000
2025-10-31,COMPARTAMOS,pequenas_empresas,10402.258000
2025-10-31,FALABELLA,consumo,37338.603000
2025-10-31,GNB,consumo,3347.599000
2025-10-31,GNB,hipotecario,0.100000
2025-10-31,INTERBANK,consumo,87121.412000
2025-10-31,INTERBANK,medianas_empresas,232.034000
2025-10-31,INTERBANK,microempresas,42.631000
2025-10-31,INTERBANK,pequenas_empresas,3807.096000
2025-10-31,MIBANCO,consumo,1801.786000
2025-10-31,MIBANCO,hipotecario,393.921000
2025-10-31,MIBANCO,microempresas,58120.995000
2025-10-31,MIBANCO,pequenas_empresas,41208.766000
2025-10-31,PICHINCHA,consumo,31832.903000
2025-10-31,PICHINCHA,microempresas,34.028000
2025-10-31,PICHINCHA,pequenas_empresas,221.999000
2025-10-31,RIPLEY,consumo,15928.215000
2025-10-31,SANTANDER_CONSUMER,consumo,22551.156000
2025-10-31,SANTANDER_CONSUMER,microempresas,5.763000
2025-10-31,SANTANDER_CONSUMER,pequenas_empresas,7.890000
2025-10-31,SCOTIABANK,consumo,45716.592000
2025-10-31,SCOTIABANK,hipotecario,587.730000
2025-10-31,SCOTIABANK,medianas_empresas,3325.715000
2025-10-31,SCOTIABANK,microempresas,64.615000
2025-10-31,SCOTIABANK,pequenas_empresas,4732.074000
2025-11-30,ALFIN,consumo,6158.138000
2025-11-30,BBVA,consumo,9538.531000
2025-11-30,BBVA,grandes_empresas,4085.137000
2025-11-30,BBVA,medianas_empresas,6380.232000
2025-11-30,BBVA,microempresas,46.961000
2025-11-30,BBVA,pequenas_empresas,7927.184000
2025-11-30,BCP,consumo,56818.221000
2025-11-30,BCP,corporativo,0.005000
2025-11-30,BCP,hipotecario,2257.729000
2025-11-30,BCP,medianas_empresas,1006.304000
2025-11-30,BCP,microempresas,690.556000
2025-11-30,BCP,pequenas_empresas,92999.379000
2025-11-30,BIF,consumo,10711.565000
2025-11-30,BIF,medianas_empresas,3339.932000
2025-11-30,BIF,microempresas,34.872000
2025-11-30,BIF,pequenas_empresas,9452.450000
2025-11-30,COMPARTAMOS,consumo,6618.513000
2025-11-30,COMPARTAMOS,microempresas,19512.888000
2025-11-30,COMPARTAMOS,pequenas_empresas,14963.528000
2025-11-30,FALABELLA,consumo,31162.957000
2025-11-30,GNB,consumo,3042.203000
2025-11-30,GNB,hipotecario,189.466000
2025-11-30,INTERBANK,consumo,109126.327000
2025-11-30,INTERBANK,medianas_empresas,4009.829000
2025-11-30,INTERBANK,microempresas,24.821000
2025-11-30,INTERBANK,pequenas_empresas,27821.062000
2025-11-30,MIBANCO,consumo,2374.234000
2025-11-30,MIBANCO,hipotecario,136.211000
2025-11-30,MIBANCO,microempresas,38895.620000
2025-11-30,MIBANCO,pequenas_empresas,70103.347000
2025-11-30,PICHINCHA,consumo,56857.475000
2025-11-30,PICHINCHA,medianas_empresas,9192.805000
2025-11-30,PICHINCHA,microempresas,96.690000
2025-11-30,PICHINCHA,pequenas_empresas,16352.278000
2025-11-30,RIPLEY,consumo,14386.242000
2025-11-30,SANTANDER_CONSUMER,consumo,20979.928000
2025-11-30,SANTANDER_CONSUMER,microempresas,17.568000
2025-11-30,SANTANDER_CONSUMER,pequenas_empresas,80.726000
2025-11-30,SCOTIABANK,consumo,45242.682000
2025-11-30,SCOTIABANK,hipotecario,312.658000
2025-11-30,SCOTIABANK,medianas_empresas,3.149000
2025-11-30,SCOTIABANK,microempresas,40.000000
2025-11-30,SCOTIABANK,pequenas_empresas,5250.272000
2025-12-31,ALFIN,consumo,7408.217000
2025-12-31,BANCOM,consumo,4812.230000
2025-12-31,BANCOM,hipotecario,12.167000
2025-12-31,BANCOM,pequenas_empresas,244.768000
2025-12-31,BBVA,consumo,6415.743000
2025-12-31,BBVA,medianas_empresas,7370.847000
2025-12-31,BBVA,microempresas,43.619000
2025-12-31,BBVA,pequenas_empresas,21832.272000
2025-12-31,BCP,consumo,78846.518000
2025-12-31,BCP,corporativo,6.821000
2025-12-31,BCP,hipotecario,2186.361000
2025-12-31,BCP,medianas_empresas,1042.520000
2025-12-31,BCP,microempresas,3185.693000
2025-12-31,BCP,pequenas_empresas,67319.650000
2025-12-31,BIF,consumo,10546.173000
2025-12-31,BIF,grandes_empresas,962.148000
2025-12-31,BIF,medianas_empresas,620.401000
2025-12-31,BIF,microempresas,42.221000
2025-12-31,BIF,pequenas_empresas,592.418000
2025-12-31,COMPARTAMOS,consumo,3391.660000
2025-12-31,COMPARTAMOS,microempresas,14428.104000
2025-12-31,COMPARTAMOS,pequenas_empresas,9283.722000
2025-12-31,FALABELLA,consumo,39264.300000
2025-12-31,GNB,consumo,3902.688000
2025-12-31,GNB,hipotecario,229.857000
2025-12-31,INTERBANK,consumo,60766.082000
2025-12-31,INTERBANK,grandes_empresas,17378.723000
2025-12-31,INTERBANK,medianas_empresas,1.268000
2025-12-31,INTERBANK,microempresas,48.394000
2025-12-31,INTERBANK,pequenas_empresas,3633.721000
2025-12-31,MIBANCO,consumo,1834.931000
2025-12-31,MIBANCO,hipotecario,484.128000
2025-12-31,MIBANCO,microempresas,36000.840000
2025-12-31,MIBANCO,pequenas_empresas,55581.816000
2025-12-31,PICHINCHA,consumo,20403.744000
2025-12-31,PICHINCHA,microempresas,35.331000
2025-12-31,PICHINCHA,pequenas_empresas,95.479000
2025-12-31,RIPLEY,consumo,15347.305000
2025-12-31,SANTANDER_CONSUMER,consumo,22572.169000
2025-12-31,SANTANDER_CONSUMER,microempresas,6.443000
2025-12-31,SANTANDER_CONSUMER,pequenas_empresas,23.445000
2025-12-31,SCOTIABANK,consumo,46695.617000
2025-12-31,SCOTIABANK,corporativo,0.955000
2025-12-31,SCOTIABANK,hipotecario,573.827000
2025-12-31,SCOTIABANK,medianas_empresas,2.948000
2025-12-31,SCOTIABANK,microempresas,37.574000
2025-12-31,SCOTIABANK,pequenas_empresas,7872.048000
2026-01-31,ALFIN,consumo,7289.884000
2026-01-31,BBVA,consumo,13643.039000
2026-01-31,BBVA,corporativo,624.965000
2026-01-31,BBVA,grandes_empresas,189.539000
2026-01-31,BBVA,medianas_empresas,12023.556000
2026-01-31,BBVA,microempresas,11.644000
2026-01-31,BBVA,pequenas_empresas,24904.700000
2026-01-31,BCP,consumo,128560.522000
2026-01-31,BCP,grandes_empresas,754.874000
2026-01-31,BCP,hipotecario,8989.210000
2026-01-31,BCP,medianas_empresas,98.673000
2026-01-31,BCP,microempresas,1390.108000
2026-01-31,BCP,pequenas_empresas,134310.971000
2026-01-31,BIF,consumo,7015.317000
2026-01-31,BIF,medianas_empresas,108.038000
2026-01-31,BIF,pequenas_empresas,402.599000
2026-01-31,COMPARTAMOS,consumo,4434.069000
2026-01-31,COMPARTAMOS,microempresas,14804.242000
2026-01-31,COMPARTAMOS,pequenas_empresas,7603.678000
2026-01-31,FALABELLA,consumo,34591.805000
2026-01-31,GNB,consumo,4124.947000
2026-01-31,INTERBANK,consumo,81979.486000
2026-01-31,INTERBANK,medianas_empresas,19.206000
2026-01-31,INTERBANK,microempresas,77.628000
2026-01-31,INTERBANK,pequenas_empresas,2949.134000
2026-01-31,MIBANCO,consumo,1938.766000
2026-01-31,MIBANCO,hipotecario,113.306000
2026-01-31,MIBANCO,microempresas,21711.313000
2026-01-31,MIBANCO,pequenas_empresas,48570.733000
2026-01-31,PICHINCHA,consumo,24814.720000
2026-01-31,PICHINCHA,microempresas,60.991000
2026-01-31,PICHINCHA,pequenas_empresas,148.258000
2026-01-31,RIPLEY,consumo,13761.940000
2026-01-31,SANTANDER_CONSUMER,consumo,21986.160000
2026-01-31,SANTANDER_CONSUMER,microempresas,0.679000
2026-01-31,SCOTIABANK,consumo,45440.269000
2026-01-31,SCOTIABANK,hipotecario,7.808000
2026-01-31,SCOTIABANK,medianas_empresas,4045.221000
2026-01-31,SCOTIABANK,microempresas,106.843000
2026-01-31,SCOTIABANK,pequenas_empresas,6321.896000
2026-02-28,ALFIN,consumo,7142.552000
2026-02-28,BBVA,consumo,11552.339000
2026-02-28,BBVA,grandes_empresas,3312.140000
2026-02-28,BBVA,medianas_empresas,7236.711000
2026-02-28,BBVA,microempresas,150.939000
2026-02-28,BBVA,pequenas_empresas,18548.042000
2026-02-28,BCP,consumo,109439.120000
2026-02-28,BCP,hipotecario,32158.381000
2026-02-28,BCP,medianas_empresas,180.168000
2026-02-28,BCP,microempresas,852.549000
2026-02-28,BCP,pequenas_empresas,99069.468000
2026-02-28,BIF,consumo,7606.360000
2026-02-28,BIF,grandes_empresas,782.505000
2026-02-28,BIF,medianas_empresas,1.626000
2026-02-28,BIF,microempresas,32.738000
2026-02-28,BIF,pequenas_empresas,3.860000
2026-02-28,COMPARTAMOS,consumo,5436.022000
2026-02-28,COMPARTAMOS,microempresas,16489.267000
2026-02-28,COMPARTAMOS,pequenas_empresas,10402.354000
2026-02-28,FALABELLA,consumo,33073.500000
2026-02-28,GNB,consumo,3589.940000
2026-02-28,GNB,corporativo,6710.000000
2026-02-28,GNB,hipotecario,83.977000
2026-02-28,INTERBANK,consumo,90303.199000
2026-02-28,INTERBANK,medianas_empresas,70.723000
2026-02-28,INTERBANK,microempresas,7.828000
2026-02-28,INTERBANK,pequenas_empresas,4582.647000
2026-02-28,MIBANCO,consumo,1474.512000
2026-02-28,MIBANCO,hipotecario,51.817000
2026-02-28,MIBANCO,microempresas,17004.275000
2026-02-28,MIBANCO,pequenas_empresas,53547.349000
2026-02-28,PICHINCHA,consumo,15399.668000
2026-02-28,PICHINCHA,microempresas,15.929000
2026-02-28,PICHINCHA,pequenas_empresas,39.433000
2026-02-28,RIPLEY,consumo,13147.886000
2026-02-28,SANTANDER_CONSUMER,consumo,20112.159000
2026-02-28,SANTANDER_CONSUMER,microempresas,29.861000
2026-02-28,SCOTIABANK,consumo,39966.277000
2026-02-28,SCOTIABANK,hipotecario,294.717000
2026-02-28,SCOTIABANK,medianas_empresas,22.265000
2026-02-28,SCOTIABANK,microempresas,81.314000
2026-02-28,SCOTIABANK,pequenas_empresas,8025.749000
2026-03-31,ALFIN,consumo,4508.009000
2026-03-31,BANCOM,consumo,11341.539000
2026-03-31,BANCOM,microempresas,4.992000
2026-03-31,BANCOM,pequenas_empresas,1.069000
2026-03-31,BBVA,consumo,9088.549000
2026-03-31,BBVA,grandes_empresas,1368.615000
2026-03-31,BBVA,medianas_empresas,9209.607000
2026-03-31,BBVA,microempresas,59.636000
2026-03-31,BBVA,pequenas_empresas,15063.700000
2026-03-31,BCP,consumo,81606.837000
2026-03-31,BCP,hipotecario,5188.810000
2026-03-31,BCP,microempresas,1009.955000
2026-03-31,BCP,pequenas_empresas,69982.759000
2026-03-31,BIF,consumo,7389.592000
2026-03-31,BIF,grandes_empresas,372.695000
2026-03-31,BIF,medianas_empresas,190.797000
2026-03-31,BIF,microempresas,14.829000
2026-03-31,BIF,pequenas_empresas,871.745000
2026-03-31,COMPARTAMOS,consumo,3350.735000
2026-03-31,COMPARTAMOS,microempresas,12634.693000
2026-03-31,COMPARTAMOS,pequenas_empresas,7372.755000
2026-03-31,FALABELLA,consumo,36310.509000
2026-03-31,GNB,consumo,4701.331000
2026-03-31,INTERBANK,consumo,82139.724000
2026-03-31,INTERBANK,medianas_empresas,9.004000
2026-03-31,INTERBANK,microempresas,69.042000
2026-03-31,INTERBANK,pequenas_empresas,4675.350000
2026-03-31,MIBANCO,consumo,1429.775000
2026-03-31,MIBANCO,hipotecario,14.470000
2026-03-31,MIBANCO,microempresas,15038.532000
2026-03-31,MIBANCO,pequenas_empresas,23430.196000
2026-03-31,PICHINCHA,consumo,33806.619000
2026-03-31,PICHINCHA,microempresas,2.644000
2026-03-31,PICHINCHA,pequenas_empresas,151.582000
2026-03-31,RIPLEY,consumo,12986.374000
2026-03-31,SANTANDER_CONSUMER,consumo,20614.130000
2026-03-31,SANTANDER_CONSUMER,microempresas,21.211000
2026-03-31,SANTANDER_CONSUMER,pequenas_empresas,22.942000
2026-03-31,SCOTIABANK,consumo,47358.221000
2026-03-31,SCOTIABANK,medianas_empresas,21603.217000
2026-03-31,SCOTIABANK,microempresas,99.569000
2026-03-31,SCOTIABANK,pequenas_empresas,10846.676000
2026-04-30,ALFIN,consumo,6041.243000
2026-04-30,BBVA,consumo,8507.004000
2026-04-30,BBVA,grandes_empresas,1975.293000
2026-04-30,BBVA,hipotecario,799.278000
2026-04-30,BBVA,medianas_empresas,3067.124000
2026-04-30,BBVA,microempresas,28.560000
2026-04-30,BBVA,pequenas_empresas,13914.004000
2026-04-30,BCP,consumo,71766.400000
2026-04-30,BCP,corporativo,0.045000
2026-04-30,BCP,hipotecario,390.836000
2026-04-30,BCP,medianas_empresas,1.734000
2026-04-30,BCP,microempresas,776.065000
2026-04-30,BCP,pequenas_empresas,53061.004000
2026-04-30,BIF,consumo,6739.778000
2026-04-30,BIF,hipotecario,166.416000
2026-04-30,BIF,medianas_empresas,11684.453000
2026-04-30,BIF,microempresas,3.859000
2026-04-30,BIF,pequenas_empresas,420.848000
2026-04-30,COMPARTAMOS,consumo,4505.232000
2026-04-30,COMPARTAMOS,microempresas,13113.097000
2026-04-30,COMPARTAMOS,pequenas_empresas,8165.299000
2026-04-30,FALABELLA,consumo,27314.011000
2026-04-30,GNB,consumo,4400.072000
2026-04-30,INTERBANK,consumo,80349.620000
2026-04-30,INTERBANK,grandes_empresas,115.239000
2026-04-30,INTERBANK,medianas_empresas,205.412000
2026-04-30,INTERBANK,microempresas,0.134000
2026-04-30,INTERBANK,pequenas_empresas,5058.996000
2026-04-30,MIBANCO,consumo,1817.305000
2026-04-30,MIBANCO,hipotecario,139.758000
2026-04-30,MIBANCO,microempresas,15638.099000
2026-04-30,MIBANCO,pequenas_empresas,37401.799000
2026-04-30,PICHINCHA,consumo,17767.265000
2026-04-30,PICHINCHA,microempresas,18.131000
2026-04-30,PICHINCHA,pequenas_empresas,219.356000
2026-04-30,RIPLEY,consumo,12209.608000
2026-04-30,SANTANDER_CONSUMER,consumo,17744.709000
2026-04-30,SANTANDER_CONSUMER,microempresas,13.494000
2026-04-30,SCOTIABANK,consumo,37518.614000
2026-04-30,SCOTIABANK,hipotecario,1029.588000
2026-04-30,SCOTIABANK,medianas_empresas,7.561000
2026-04-30,SCOTIABANK,microempresas,148.666000
2026-04-30,SCOTIABANK,pequenas_empresas,8741.848000
2026-05-31,ALFIN,consumo,4567.070000
2026-05-31,BBVA,consumo,7437.092000
2026-05-31,BBVA,corporativo,6828.000000
2026-05-31,BBVA,grandes_empresas,5587.433000
2026-05-31,BBVA,medianas_empresas,9873.994000
2026-05-31,BBVA,microempresas,105.020000
2026-05-31,BBVA,pequenas_empresas,17743.635000
2026-05-31,BCP,consumo,63444.478000
2026-05-31,BCP,hipotecario,2287.389000
2026-05-31,BCP,medianas_empresas,746.952000
2026-05-31,BCP,microempresas,1020.355000
2026-05-31,BCP,pequenas_empresas,58637.571000
2026-05-31,BIF,consumo,6577.054000
2026-05-31,BIF,grandes_empresas,0.590000
2026-05-31,BIF,medianas_empresas,6.888000
2026-05-31,BIF,microempresas,22.859000
2026-05-31,BIF,pequenas_empresas,4.693000
2026-05-31,COMPARTAMOS,consumo,4163.286000
2026-05-31,COMPARTAMOS,microempresas,14442.864000
2026-05-31,COMPARTAMOS,pequenas_empresas,8092.255000
2026-05-31,FALABELLA,consumo,24062.782000
2026-05-31,GNB,consumo,3658.308000
2026-05-31,GNB,hipotecario,17.728000
2026-05-31,INTERBANK,consumo,70351.080000
2026-05-31,INTERBANK,medianas_empresas,109.502000
2026-05-31,INTERBANK,microempresas,30.288000
2026-05-31,INTERBANK,pequenas_empresas,3444.796000
2026-05-31,MIBANCO,consumo,1600.926000
2026-05-31,MIBANCO,hipotecario,282.808000
2026-05-31,MIBANCO,microempresas,10558.725000
2026-05-31,MIBANCO,pequenas_empresas,38305.236000
2026-05-31,PICHINCHA,consumo,17665.145000
2026-05-31,PICHINCHA,microempresas,9.360000
2026-05-31,PICHINCHA,pequenas_empresas,4.591000
2026-05-31,RIPLEY,consumo,11411.333000
2026-05-31,SANTANDER_CONSUMER,consumo,17585.594000
2026-05-31,SANTANDER_CONSUMER,microempresas,13.587000
2026-05-31,SCOTIABANK,consumo,42576.501000
2026-05-31,SCOTIABANK,grandes_empresas,192.472000
2026-05-31,SCOTIABANK,hipotecario,1592.365000
2026-05-31,SCOTIABANK,medianas_empresas,856.683000
2026-05-31,SCOTIABANK,microempresas,103.352000
2026-05-31,SCOTIABANK,pequenas_empresas,10071.860000
2026-06-30,ALFIN,consumo,4456.808000
2026-06-30,BANCOM,consumo,6812.573000
2026-06-30,BANCOM,medianas_empresas,47.788000
2026-06-30,BANCOM,pequenas_empresas,599.678000
2026-06-30,BBVA,consumo,8807.179000
2026-06-30,BBVA,grandes_empresas,4303.214000
2026-06-30,BBVA,hipotecario,1105.042000
2026-06-30,BBVA,medianas_empresas,10800.822000
2026-06-30,BBVA,microempresas,171.313000
2026-06-30,BBVA,pequenas_empresas,15038.919000
2026-06-30,BCP,consumo,77118.250000
2026-06-30,BCP,grandes_empresas,25.933000
2026-06-30,BCP,hipotecario,0.003000
2026-06-30,BCP,microempresas,828.529000
2026-06-30,BCP,pequenas_empresas,50206.741000
2026-06-30,BIF,consumo,7409.293000
2026-06-30,BIF,medianas_empresas,1635.102000
2026-06-30,BIF,microempresas,41.656000
2026-06-30,BIF,pequenas_empresas,382.037000
2026-06-30,COMPARTAMOS,consumo,4215.823000
2026-06-30,COMPARTAMOS,microempresas,15502.730000
2026-06-30,COMPARTAMOS,pequenas_empresas,9373.694000
2026-06-30,EFECTIVA,consumo,12366.191000
2026-06-30,EFECTIVA,microempresas,539.226000
2026-06-30,EFECTIVA,pequenas_empresas,660.337000
2026-06-30,FALABELLA,consumo,30882.110000
2026-06-30,GNB,consumo,4089.805000
2026-06-30,GNB,hipotecario,0.001000
2026-06-30,INTERBANK,consumo,70133.114000
2026-06-30,INTERBANK,grandes_empresas,6754.344000
2026-06-30,INTERBANK,medianas_empresas,3631.211000
2026-06-30,INTERBANK,microempresas,66.180000
2026-06-30,INTERBANK,pequenas_empresas,5508.640000
2026-06-30,MIBANCO,consumo,1727.803000
2026-06-30,MIBANCO,hipotecario,818.774000
2026-06-30,MIBANCO,microempresas,13424.141000
2026-06-30,MIBANCO,pequenas_empresas,45105.875000
2026-06-30,PICHINCHA,consumo,14083.655000
2026-06-30,PICHINCHA,microempresas,36.068000
2026-06-30,PICHINCHA,pequenas_empresas,61.063000
2026-06-30,RIPLEY,consumo,13223.165000
2026-06-30,SANTANDER_CONSUMER,consumo,17708.265000
2026-06-30,SANTANDER_CONSUMER,microempresas,17.858000
2026-06-30,SANTANDER_CONSUMER,pequenas_empresas,21.660000
2026-06-30,SCOTIABANK,consumo,30533.090000
2026-06-30,SCOTIABANK,hipotecario,353.957000
2026-06-30,SCOTIABANK,medianas_empresas,4431.018000
2026-06-30,SCOTIABANK,microempresas,75.580000
2026-06-30,SCOTIABANK,pequenas_empresas,12628.827000
2026-07-31,ALFIN,consumo,8923.614000
2026-07-31,BBVA,consumo,7575.034000
2026-07-31,BBVA,medianas_empresas,9193.887000
2026-07-31,BBVA,microempresas,17.381000
2026-07-31,BBVA,pequenas_empresas,29213.192000
2026-07-31,BCP,consumo,84302.555000
2026-07-31,BCP,grandes_empresas,13.965000
2026-07-31,BCP,hipotecario,0.003000
2026-07-31,BCP,medianas_empresas,1161.130000
2026-07-31,BCP,microempresas,921.344000
2026-07-31,BCP,pequenas_empresas,62912.529000
2026-07-31,BIF,consumo,7523.472000
2026-07-31,BIF,corporativo,0.897000
2026-07-31,BIF,grandes_empresas,3455.814000
2026-07-31,BIF,hipotecario,725.088000
2026-07-31,BIF,medianas_empresas,33.235000
2026-07-31,BIF,microempresas,12.754000
2026-07-31,BIF,pequenas_empresas,-0.388000
2026-07-31,COMPARTAMOS,consumo,4915.562000
2026-07-31,COMPARTAMOS,microempresas,17773.066000
2026-07-31,COMPARTAMOS,pequenas_empresas,9063.505000
2026-07-31,EFECTIVA,consumo,12009.536000
2026-07-31,EFECTIVA,microempresas,1090.011000
2026-07-31,EFECTIVA,pequenas_empresas,1008.860000
2026-07-31,FALABELLA,consumo,32324.711000
2026-07-31,GNB,consumo,4104.172000
2026-07-31,INTERBANK,consumo,75737.162000
2026-07-31,INTERBANK,medianas_empresas,102.005000
2026-07-31,INTERBANK,microempresas,17.581000
2026-07-31,INTERBANK,pequenas_empresas,6716.531000
2026-07-31,MIBANCO,consumo,1788.547000
2026-07-31,MIBANCO,hipotecario,293.771000
2026-07-31,MIBANCO,microempresas,10888.407000
2026-07-31,MIBANCO,pequenas_empresas,30706.600000
2026-07-31,PICHINCHA,consumo,14749.519000
2026-07-31,PICHINCHA,microempresas,44.180000
2026-07-31,PICHINCHA,pequenas_empresas,15.949000
2026-07-31,RIPLEY,consumo,13645.459000
2026-07-31,SANTANDER,corporativo,5115.165000
2026-07-31,SANTANDER_CONSUMER,consumo,15940.541000
2026-07-31,SANTANDER_CONSUMER,microempresas,13.631000
2026-07-31,SANTANDER_CONSUMER,pequenas_empresas,23.829000
2026-07-31,SCOTIABANK,consumo,39010.841000
2026-07-31,SCOTIABANK,grandes_empresas,1648.491000
2026-07-31,SCOTIABANK,medianas_empresas,5013.792000
2026-07-31,SCOTIABANK,microempresas,42.736000
2026-07-31,SCOTIABANK,pequenas_empresas,6953.820000
