fuente,cuadro,periodo,url,archivo,estado,formato,bytes,sha256,descargado_en
BCRP,PD04722MM,2015-1..2026-7,https://estadisticas.bcrp.gob.pe/estadisticas/series/api/PD04722MM/json/2015-1/2026-7,data/raw/bcrp/PD04722MM.json,ok,json,5988,57a2125e7e1bc811db645da9e5a5acd83d1db96fb2c35777ba4b0bb4c8c0c434,2026-09-22T23:14:03Z
BCRP,PN01210PM,2015-1..2026-7,https://estadisticas.bcrp.gob.pe/estadisticas/series/api/PN01210PM/json/2015-1/2026-7,data/raw/bcrp/PN01210PM.json,ok,json,7288,38f47e896fb8ac48082f4db688696382c41fac16473d95eaff782d2b464b7af8,2026-09-22T23:14:03Z
BCRP,PN01273PM,2015-1..2026-7,https://estadisticas.bcrp.gob.pe/estadisticas/series/api/PN01273PM/json/2015-1/2026-7,data/raw/bcrp/PN01273PM.json,ok,json,7688,fed15394bea055fc44dfdb849a1330030f8b22b37f9dcc9d97600b5c38239634,2026-09-22T23:14:03Z
BCRP,PN01770AM,2015-1..2026-7,https://estadisticas.bcrp.gob.pe/estadisticas/series/api/PN01770AM/json/2015-1/2026-7,data/raw/bcrp/PN01770AM.json,ok,json,7698,e7fcf4d2f7e44d05c68dbd4b9500852a8b5ecc64399a0b88a054d817973251c5,2026-09-22T23:14:03Z
SBS,B-220512,2015-01,https://intranet2.sbs.gob.pe/estadistica/financiera/2015/Enero/B-220512-en2015.XLS,data/raw/sbs/B-220512/B-220512_2015-01.xls,ok,xlsx,20534,d62916d170df049fc307420b39cd4faf4913354f9a53f95f2c93bbb651f44e96,2026-09-22T23:12:57Z
SBS,B-220512,2015-02,https://intranet2.sbs.gob.pe/estadistica/financiera/2015/Febrero/B-220512-fe2015.XLS,data/raw/sbs/B-220512/B-220512_2015-02.xls,ok,xlsx,20532,25dede752a015a6dc21da8622323451c79dcf7ea856d1b0806c355d858dc802f,2026-09-22T23:12:57Z
SBS,B-220512,2015-03,https://intranet2.sbs.gob.pe/estadistica/financiera/2015/Marzo/B-220512-ma2015.XLS,data/raw/sbs/B-220512/B-220512_2015-03.xls,ok,xlsx,20514,863df270c1247382b14e0b601b061e8011f2697a7f1e59c3c887eaaab0a240b9,2026-09-22T23:12:57Z
SBS,B-220512,2015-04,https://intranet2.sbs.gob.pe/estadistica/financiera/2015/Abril/B-220512-ab2015.XLS,data/raw/sbs/B-220512/B-220512_2015-04.xls,ok,xlsx,20445,bfca1b7493ea4061cb8a911986d0fc35a52fdbb1d6254c09fb0d6ab7977449d9,2026-09-22T23:12:57Z
SBS,B-220512,2015-05,https://intranet2.sbs.gob.pe/estadistica/financiera/2015/Mayo/B-220512-my2015.XLS,data/raw/sbs/B-220512/B-220512_2015-05.xls,ok,xlsx,21557,051d60b899b4be65ccb221ea7b4886f5dcfb800d9e4d7303f9d2911ff28803b0,2026-09-22T23:12:58Z
SBS,B-220512,2015-06,https://intranet2.sbs.gob.pe/estadistica/financiera/2015/Junio/B-220512-jn2015.XLS,data/raw/sbs/B-220512/B-220512_2015-06.xls,ok,xlsx,21564,c36b322079922ca56b798be655954fe780a556ff93f5695ce90e41e65371eee0,2026-09-22T23:12:58Z
SBS,B-220512,2015-07,https://intranet2.sbs.gob.pe/estadistica/financiera/2015/Julio/B-220512-jl2015.XLS,data/raw/sbs/B-220512/B-220512_2015-07.xls,ok,xlsx,21531,6904fe467c69bfc03df30a3ee5ce93bbe5d3481921a00a495fce027e9a35e5a6,2026-09-22T23:12:58Z
SBS,B-220512,2015-08,https://intranet2.sbs.gob.pe/estadistica/financiera/2015/Agosto/B-220512-ag2015.XLS,data/raw/sbs/B-220512/B-220512_2015-08.xls,ok,xls,43520,ada97acf00dd309439bcb3c49940bf762bf6131d4f3b9256a7fcf9246ba95fab,2026-09-22T23:12:58Z
SBS,B-220512,2015-09,https://intranet2.sbs.gob.pe/estadistica/financiera/2015/Setiembre/B-220512-se2015.XLS,data/raw/sbs/B-220512/B-220512_2015-09.xls,ok,xlsx,21557,b99797cbdd4c8116ccb778e55c949391787045907ee3ad93f9a712f8e94adb98,2026-09-22T23:12:59Z
SBS,B-220512,2015-10,https://intranet2.sbs.gob.pe/estadistica/financiera/2015/Octubre/B-220512-oc2015.XLS,data/raw/sbs/B-220512/B-220512_2015-10.xls,ok,xls,41472,81962968594b2abb26605bd2aa6993ded13fa5e764eb4144136428223cf4cc41,2026-09-22T23:12:59Z
SBS,B-220512,2015-11,https://intranet2.sbs.gob.pe/estadistica/financiera/2015/Noviembre/B-220512-no2015.XLS,data/raw/sbs/B-220512/B-220512_2015-11.xls,ok,xls,39936,46b47d7b9c52b5377c578acaf67b55bcb5f3da5ee735abff504611e2ccf437db,2026-09-22T23:12:59Z
SBS,B-220512,2015-12,https://intranet2.sbs.gob.pe/estadistica/financiera/2015/Diciembre/B-220512-di2015.XLS,data/raw/sbs/B-220512/B-220512_2015-12.xls,ok,xls,39936,f1072910eb367287b64f444cade40b12d539ee6052adc7bd1d2e4f191d9b5885,2026-09-22T23:13:00Z
SBS,B-220512,2016-01,https://intranet2.sbs.gob.pe/estadistica/financiera/2016/Enero/B-220512-en2016.XLS,data/raw/sbs/B-220512/B-220512_2016-01.xls,ok,xls,39936,dce3b824cb10a1dff251347dbb5a0265f7f74f9079adc58bbf0e6ca7a17090b5,2026-09-22T23:13:00Z
SBS,B-220512,2016-02,https://intranet2.sbs.gob.pe/estadistica/financiera/2016/Febrero/B-220512-fe2016.XLS,data/raw/sbs/B-220512/B-220512_2016-02.xls,ok,xls,39936,313779aa6dea73836ada206a22a0c8fbb415d1846576644888b3aeb60877cfe9,2026-09-22T23:13:00Z
SBS,B-220512,2016-03,https://intranet2.sbs.gob.pe/estadistica/financiera/2016/Marzo/B-220512-ma2016.XLS,data/raw/sbs/B-220512/B-220512_2016-03.xls,ok,xls,39936,c923205aabb536e880694afe23f9fbf30f1a409911f0adbd8134b1ddfabd881c,2026-09-22T23:13:01Z
SBS,B-220512,2016-04,https://intranet2.sbs.gob.pe/estadistica/financiera/2016/Abril/B-220512-ab2016.XLS,data/raw/sbs/B-220512/B-220512_2016-04.xls,ok,xls,39936,b5bb282e8c8e4737bda8cd4c44e52d8dabe2b847f0eae933e3fd1af754beb70e,2026-09-22T23:13:01Z
SBS,B-220512,2016-05,https://intranet2.sbs.gob.pe/estadistica/financiera/2016/Mayo/B-220512-my2016.XLS,data/raw/sbs/B-220512/B-220512_2016-05.xls,ok,xls,39936,c51af950853082f3ddccf335d352005f3f3dd4c7323bd5d8c6ff53542b910603,2026-09-22T23:13:01Z
SBS,B-220512,2016-06,https://intranet2.sbs.gob.pe/estadistica/financiera/2016/Junio/B-220512-jn2016.XLS,data/raw/sbs/B-220512/B-220512_2016-06.xls,ok,xls,39936,f3cb11991989cc558d673de590a69eee65374fc4c7facce302e98d011a76e189,2026-09-22T23:13:01Z
SBS,B-220512,2016-07,https://intranet2.sbs.gob.pe/estadistica/financiera/2016/Julio/B-220512-jl2016.XLS,data/raw/sbs/B-220512/B-220512_2016-07.xls,ok,xls,41472,e66b5aa589ee5f5f14484c51914e11e0d9400fe82e54e57c39f0f6fddc442b6d,2026-09-22T23:13:02Z
SBS,B-220512,2016-08,https://intranet2.sbs.gob.pe/estadistica/financiera/2016/Agosto/B-220512-ag2016.XLS,data/raw/sbs/B-220512/B-220512_2016-08.xls,ok,xls,39936,b067ebff6dd92094cd500a847a024f29baa1c7b83021c1cb76e7c33a593b7dcd,2026-09-22T23:13:02Z
SBS,B-220512,2016-09,https://intranet2.sbs.gob.pe/estadistica/financiera/2016/Setiembre/B-220512-se2016.XLS,data/raw/sbs/B-220512/B-220512_2016-09.xls,ok,xls,40448,e377c5daeba592c0f9c2fdbf00df39e2c70504da7a7ae29df29f9d89a6e1dbd0,2026-09-22T23:13:02Z
SBS,B-220512,2016-10,https://intranet2.sbs.gob.pe/estadistica/financiera/2016/Octubre/B-220512-oc2016.XLS,data/raw/sbs/B-220512/B-220512_2016-10.xls,ok,xls,39936,0f4a9c17ee469c97466569f551531bc37436faf19f967203605a50aaa7eee01f,2026-09-22T23:13:02Z
SBS,B-220512,2016-11,https://intranet2.sbs.gob.pe/estadistica/financiera/2016/Noviembre/B-220512-no2016.XLS,data/raw/sbs/B-220512/B-220512_2016-11.xls,ok,xls,39936,2a3c91017332a21ff0073791e701435ffa2e55fae04a9ac3a051d435f1368e33,2026-09-22T23:13:02Z
SBS,B-220512,2016-12,https://intranet2.sbs.gob.pe/estadistica/financiera/2016/Diciembre/B-220512-di2016.XLS,data/raw/sbs/B-220512/B-220512_2016-12.xls,ok,xls,40448,b404c538dad3841c08af1234ceeba7a8e013180a3d8f29ced3ed30c7adc6f302,2026-09-22T23:13:03Z
SBS,B-220512,2017-01,https://intranet2.sbs.gob.pe/estadistica/financiera/2017/Enero/B-220512-en2017.XLS,data/raw/sbs/B-220512/B-220512_2017-01.xls,ok,xls,39936,0f4496e287f7e8931cf4c044b12c28eabbdafb223eaf88ea5750fb823a918611,2026-09-22T23:13:03Z
SBS,B-220512,2017-02,https://intranet2.sbs.gob.pe/estadistica/financiera/2017/Febrero/B-220512-fe2017.XLS,data/raw/sbs/B-220512/B-220512_2017-02.xls,ok,xls,39936,281e6b1af2d3826270c914220f996e940239b97f3c244bc7e2576338a30c5a7f,2026-09-22T23:13:03Z
SBS,B-220512,2017-03,https://intranet2.sbs.gob.pe/estadistica/financiera/2017/Marzo/B-220512-ma2017.XLS,data/raw/sbs/B-220512/B-220512_2017-03.xls,ok,xls,39936,7164ec6dde154f2fd40a32fd8e79f4716cf2ed8b9410852d6d441b09d911c309,2026-09-22T23:13:03Z
SBS,B-220512,2017-04,https://intranet2.sbs.gob.pe/estadistica/financiera/2017/Abril/B-220512-ab2017.XLS,data/raw/sbs/B-220512/B-220512_2017-04.xls,ok,xls,39936,1f74769b5d86b737fda99ad8a481cfafdeeacd201aec77e42df4c02f1391a124,2026-09-22T23:13:04Z
SBS,B-220512,2017-05,https://intranet2.sbs.gob.pe/estadistica/financiera/2017/Mayo/B-220512-my2017.XLS,data/raw/sbs/B-220512/B-220512_2017-05.xls,ok,xls,39936,570446f295431cbd26370829247c1cb0abd7c0946dfcebcf49b871382c5d966b,2026-09-22T23:13:04Z
SBS,B-220512,2017-06,https://intranet2.sbs.gob.pe/estadistica/financiera/2017/Junio/B-220512-jn2017.XLS,data/raw/sbs/B-220512/B-220512_2017-06.xls,ok,xls,39936,f51c4fe148d94b84eece2a9d7c273dc8ad33add00971958c952f2421f8c1d9ec,2026-09-22T23:13:04Z
SBS,B-220512,2017-07,https://intranet2.sbs.gob.pe/estadistica/financiera/2017/Julio/B-220512-jl2017.XLS,data/raw/sbs/B-220512/B-220512_2017-07.xls,ok,xls,39936,9d19cadfc03bfec73a5e2ce692cf8c22fb0d0cb1e4ba803d00820f6ccb32d004,2026-09-22T23:13:04Z
SBS,B-220512,2017-08,https://intranet2.sbs.gob.pe/estadistica/financiera/2017/Agosto/B-220512-ag2017.XLS,data/raw/sbs/B-220512/B-220512_2017-08.xls,ok,xls,39936,e3335b67942a25b3ab6620e3bc0b8c6d39166cdde0234fa0d62d81de8c56d6dc,2026-09-22T23:13:05Z
SBS,B-220512,2017-09,https://intranet2.sbs.gob.pe/estadistica/financiera/2017/Setiembre/B-220512-se2017.XLS,data/raw/sbs/B-220512/B-220512_2017-09.xls,ok,xls,39424,30ab0e9e78579d249b06f748fa5c3c6d69ffab4246e5aa1de6f466fe3387126b,2026-09-22T23:13:05Z
SBS,B-220512,2017-10,https://intranet2.sbs.gob.pe/estadistica/financiera/2017/Octubre/B-220512-oc2017.XLS,data/raw/sbs/B-220512/B-220512_2017-10.xls,ok,xls,39936,7a00ef23232fdd34e34a8ebc4cf7530ae4c7f1286119f38866b8ed9e6e62ce0a,2026-09-22T23:13:05Z
SBS,B-220512,2017-11,https://intranet2.sbs.gob.pe/estadistica/financiera/2017/Noviembre/B-220512-no2017.XLS,data/raw/sbs/B-220512/B-220512_2017-11.xls,ok,xls,39936,ddc103d3e06f96b0175f2e0b90eff6445ed03c989c743a6d7aef29abf393fae6,2026-09-22T23:13:05Z
SBS,B-220512,2017-12,https://intranet2.sbs.gob.pe/estadistica/financiera/2017/Diciembre/B-220512-di2017.XLS,data/raw/sbs/B-220512/B-220512_2017-12.xls,ok,xls,39936,28e56dcbfc59d45812f799f9d997650dbcbee40b5d1492587ad76e9f1a38bb25,2026-09-22T23:13:05Z
SBS,B-220512,2018-01,https://intranet2.sbs.gob.pe/estadistica/financiera/2018/Enero/B-220512-en2018.XLS,data/raw/sbs/B-220512/B-220512_2018-01.xls,ok,xls,39936,2515a30bb6eaf864eca8c552ab3a121134649c348a59a3ff7b6950bbce61c428,2026-09-22T23:13:06Z
SBS,B-220512,2018-02,https://intranet2.sbs.gob.pe/estadistica/financiera/2018/Febrero/B-220512-fe2018.XLS,data/raw/sbs/B-220512/B-220512_2018-02.xls,ok,xls,39936,da4f77a8f93dd2d554d7be49819cdda0943159c69c9031f731aedf339b1e13d8,2026-09-22T23:13:06Z
SBS,B-220512,2018-03,https://intranet2.sbs.gob.pe/estadistica/financiera/2018/Marzo/B-220512-ma2018.XLS,data/raw/sbs/B-220512/B-220512_2018-03.xls,ok,xls,39936,5af72aad3d920a76e5b16dba414ae10d556456890d184828624d7586d3b3eb5c,2026-09-22T23:13:06Z
SBS,B-220512,2018-04,https://intranet2.sbs.gob.pe/estadistica/financiera/2018/Abril/B-220512-ab2018.XLS,data/raw/sbs/B-220512/B-220512_2018-04.xls,ok,xls,39424,3571de3654eb2e2e511d135ee3eeffa6ef37a5da193f27154140f1c37559509a,2026-09-22T23:13:06Z
SBS,B-220512,2018-05,https://intranet2.sbs.gob.pe/estadistica/financiera/2018/Mayo/B-220512-my2018.XLS,data/raw/sbs/B-220512/B-220512_2018-05.xls,ok,xls,41984,c527b6c7633f33172584eaa1db2837e5bba8c7a19dbea57d0019e51011635ce0,2026-09-22T23:13:07Z
SBS,B-220512,2018-06,https://intranet2.sbs.gob.pe/estadistica/financiera/2018/Junio/B-220512-jn2018.XLS,data/raw/sbs/B-220512/B-220512_2018-06.xls,ok,xls,39424,f7f33fcbbf0357a8a9fd36f6e73850705f843c0683e273821aa6ffc6ab8ac831,2026-09-22T23:13:07Z
SBS,B-220512,2018-07,https://intranet2.sbs.gob.pe/estadistica/financiera/2018/Julio/B-220512-jl2018.XLS,data/raw/sbs/B-220512/B-220512_2018-07.xls,ok,xls,39424,43ed402b743b6a8c8e43181c66ad9de057defedb3894050791a323b09f5a122c,2026-09-22T23:13:07Z
SBS,B-220512,2018-08,https://intranet2.sbs.gob.pe/estadistica/financiera/2018/Agosto/B-220512-ag2018.XLS,data/raw/sbs/B-220512/B-220512_2018-08.xls,ok,xls,39936,44de168f6418e88dbfa55ccb8bb434e8dc2d5d9617bbfe697811fb40fb52f103,2026-09-22T23:13:07Z
SBS,B-220512,2018-09,https://intranet2.sbs.gob.pe/estadistica/financiera/2018/Setiembre/B-220512-se2018.XLS,data/raw/sbs/B-220512/B-220512_2018-09.xls,ok,xls,39936,197f475c23b9f4def066e7cb481d093252cbdbf982494e9a1db79305a118a4af,2026-09-22T23:13:07Z
SBS,B-220512,2018-10,https://intranet2.sbs.gob.pe/estadistica/financiera/2018/Octubre/B-220512-oc2018.XLS,data/raw/sbs/B-220512/B-220512_2018-10.xls,ok,xls,39936,0d59c51c24c0bfbf6f4d02c03662f9a78ac4fa45bf2d854be29708c7fba55b87,2026-09-22T23:13:08Z
SBS,B-220512,2018-11,https://intranet2.sbs.gob.pe/estadistica/financiera/2018/Noviembre/B-220512-no2018.XLS,data/raw/sbs/B-220512/B-220512_2018-11.xls,ok,xls,39936,f9351c5dec15a6309c0b53f00e1d4fcbdd463db091023e8458791374d39cdbf9,2026-09-22T23:13:08Z
SBS,B-220512,2018-12,https://intranet2.sbs.gob.pe/estadistica/financiera/2018/Diciembre/B-220512-di2018.XLS,data/raw/sbs/B-220512/B-220512_2018-12.xls,ok,xls,39936,8c73095c0015661b3e4e0c294d45c76164aa55ea2dd95c2ea333fe967a680a60,2026-09-22T23:13:08Z
SBS,B-220512,2019-01,https://intranet2.sbs.gob.pe/estadistica/financiera/2019/Enero/B-220512-en2019.XLS,data/raw/sbs/B-220512/B-220512_2019-01.xls,ok,xls,40960,d91f2a30c7b450b96adf8caccbfef4bba57b0214614a167018927a260000e077,2026-09-22T23:13:08Z
SBS,B-220512,2019-02,https://intranet2.sbs.gob.pe/estadistica/financiera/2019/Febrero/B-220512-fe2019.XLS,data/raw/sbs/B-220512/B-220512_2019-02.xls,ok,xls,39936,94ad6047487af78bcad6de27cf9e87d5d480ba42361bd718658012733b33ee6d,2026-09-22T23:13:09Z
SBS,B-220512,2019-03,https://intranet2.sbs.gob.pe/estadistica/financiera/2019/Marzo/B-220512-ma2019.XLS,data/raw/sbs/B-220512/B-220512_2019-03.xls,ok,xls,39936,7ca7ac4f6deeec83b427c61ccf3ac73c6b8c024966624a1969262fc565e7e4ab,2026-09-22T23:13:09Z
SBS,B-220512,2019-04,https://intranet2.sbs.gob.pe/estadistica/financiera/2019/Abril/B-220512-ab2019.XLS,data/raw/sbs/B-220512/B-220512_2019-04.xls,ok,xls,39936,4a179befd7c9424bfa8b9b1517369a5fca0e6e68cef719758d5c28fa56726fb9,2026-09-22T23:13:09Z
SBS,B-220512,2019-05,https://intranet2.sbs.gob.pe/estadistica/financiera/2019/Mayo/B-220512-my2019.XLS,data/raw/sbs/B-220512/B-220512_2019-05.xls,ok,xls,39424,e820235f0f459d91533f385367ac8eacd04c190f335f3f641379b092cbd29a9e,2026-09-22T23:13:09Z
SBS,B-220512,2019-06,https://intranet2.sbs.gob.pe/estadistica/financiera/2019/Junio/B-220512-jn2019.XLS,data/raw/sbs/B-220512/B-220512_2019-06.xls,ok,xls,39936,685bc7e9d8881c29fbe23784975ec7dcefa146feaa34928603b835abe72e11d5,2026-09-22T23:13:10Z
SBS,B-220512,2019-07,https://intranet2.sbs.gob.pe/estadistica/financiera/2019/Julio/B-220512-jl2019.XLS,data/raw/sbs/B-220512/B-220512_2019-07.xls,ok,xls,39424,8488b2dfd6a224d2f470cffe5021ca02cd838ce6ab9d8d65ccade2badeb9599b,2026-09-22T23:13:10Z
SBS,B-220512,2019-08,https://intranet2.sbs.gob.pe/estadistica/financiera/2019/Agosto/B-220512-ag2019.XLS,data/raw/sbs/B-220512/B-220512_2019-08.xls,ok,xls,39424,9eb229679858701db720eeb8f49c3754a34609f67037a07b1cdff7a7b512822b,2026-09-22T23:13:10Z
SBS,B-220512,2019-09,https://intranet2.sbs.gob.pe/estadistica/financiera/2019/Setiembre/B-220512-se2019.XLS,data/raw/sbs/B-220512/B-220512_2019-09.xls,ok,xls,39424,27c40bcda5a20652224080a1ad155d8f1e763f731e3ad1fe706c0fcef2c5d7c9,2026-09-22T23:13:10Z
SBS,B-220512,2019-10,https://intranet2.sbs.gob.pe/estadistica/financiera/2019/Octubre/B-220512-oc2019.XLS,data/raw/sbs/B-220512/B-220512_2019-10.xls,ok,xls,39424,9ad58f806dc246899faf12b1099140162845656ad6d757a2772226d4dc5c906a,2026-09-22T23:13:11Z
SBS,B-220512,2019-11,https://intranet2.sbs.gob.pe/estadistica/financiera/2019/Noviembre/B-220512-no2019.XLS,data/raw/sbs/B-220512/B-220512_2019-11.xls,ok,xls,40960,0a0e6ebb7b3f34d327c993fa318024731e574337e963065b534ca7d5be7224cd,2026-09-22T23:13:11Z
SBS,B-220512,2019-12,https://intranet2.sbs.gob.pe/estadistica/financiera/2019/Diciembre/B-220512-di2019.XLS,data/raw/sbs/B-220512/B-220512_2019-12.xls,ok,xls,40960,84507d226a17f29ab2a37800eb39b4362126b6219b862e85488bfe4d7c6b275a,2026-09-22T23:13:11Z
SBS,B-220512,2020-01,https://intranet2.sbs.gob.pe/estadistica/financiera/2020/Enero/B-220512-en2020.XLS,data/raw/sbs/B-220512/B-220512_2020-01.xls,ok,xls,40960,a73c3e438615d4f03530ef4767a096d767e17bddd210bef5e93f1490b2bc7e32,2026-09-22T23:13:11Z
SBS,B-220512,2020-02,https://intranet2.sbs.gob.pe/estadistica/financiera/2020/Febrero/B-220512-fe2020.XLS,data/raw/sbs/B-220512/B-220512_2020-02.xls,ok,xls,40960,b60aad36163ea1872c8f94885700b7b337cf3f722851fe5bbad1c1259a42c231,2026-09-22T23:13:11Z
SBS,B-220512,2020-03,https://intranet2.sbs.gob.pe/estadistica/financiera/2020/Marzo/B-220512-ma2020.XLS,data/raw/sbs/B-220512/B-220512_2020-03.xls,ok,xls,40960,9773703c85d3f8b13d9854c717702268410c41161e137b9a477f6d41209058a7,2026-09-22T23:13:12Z
SBS,B-220512,2020-04,https://intranet2.sbs.gob.pe/estadistica/financiera/2020/Abril/B-220512-ab2020.XLS,data/raw/sbs/B-220512/B-220512_2020-04.xls,ok,xls,46080,05f5783bf1b1120c711adc0a4d1b4acebab989918c2deac7897a2cb71d8ef00c,2026-09-22T23:13:12Z
SBS,B-220512,2020-05,https://intranet2.sbs.gob.pe/estadistica/financiera/2020/Mayo/B-220512-my2020.XLS,data/raw/sbs/B-220512/B-220512_2020-05.xls,ok,xls,44032,fa99d4fb9bdc076fdb496aa86e89dec1275a812daa44e80dc1735f5b2588dd8b,2026-09-22T23:13:12Z
SBS,B-220512,2020-06,https://intranet2.sbs.gob.pe/estadistica/financiera/2020/Junio/B-220512-jn2020.XLS,data/raw/sbs/B-220512/B-220512_2020-06.xls,ok,xls,44032,3adc1cacaeceaac77e17b9181c9d77530fe72c4aa9407d6bca24a1c20bacb3c3,2026-09-22T23:13:12Z
SBS,B-220512,2020-07,https://intranet2.sbs.gob.pe/estadistica/financiera/2020/Julio/B-220512-jl2020.XLS,data/raw/sbs/B-220512/B-220512_2020-07.xls,ok,xls,43008,97518e0ce6cdc2a49b2532c9e74e11b9b7d5766de8d3e9ee09b6b0de4cd54361,2026-09-22T23:13:13Z
SBS,B-220512,2020-08,https://intranet2.sbs.gob.pe/estadistica/financiera/2020/Agosto/B-220512-ag2020.XLS,data/raw/sbs/B-220512/B-220512_2020-08.xls,ok,xls,42496,2b3d1466f3f312b716c8fcea09b74787e9db0ece2c69e271a3699707cfb85186,2026-09-22T23:13:13Z
SBS,B-220512,2020-09,https://intranet2.sbs.gob.pe/estadistica/financiera/2020/Setiembre/B-220512-se2020.XLS,data/raw/sbs/B-220512/B-220512_2020-09.xls,ok,xls,43008,731483bcf4f82645b7d43b1b3e9d4e11cea343d28afca649fa425ad0ff506efb,2026-09-22T23:13:13Z
SBS,B-220512,2020-10,https://intranet2.sbs.gob.pe/estadistica/financiera/2020/Octubre/B-220512-oc2020.XLS,data/raw/sbs/B-220512/B-220512_2020-10.xls,ok,xls,43008,78e37501dc8d95d2bdc96101ed4d785a0bcfd944a401b243ea8cd498f67f9688,2026-09-22T23:13:13Z
SBS,B-220512,2020-11,https://intranet2.sbs.gob.pe/estadistica/financiera/2020/Noviembre/B-220512-no2020.XLS,data/raw/sbs/B-220512/B-220512_2020-11.xls,ok,xls,43520,3c4153d6852ff7db7900fba965f8b83db28a97dc15b26ede26d5fee042a1a21a,2026-09-22T23:13:14Z
SBS,B-220512,2020-12,https://intranet2.sbs.gob.pe/estadistica/financiera/2020/Diciembre/B-220512-di2020.XLS,data/raw/sbs/B-220512/B-220512_2020-12.xls,ok,xls,41984,a86b0952365a6832e64d8575df6993c669deef8f592158237fbfdf68b2c1151a,2026-09-22T23:13:14Z
SBS,B-220512,2021-01,https://intranet2.sbs.gob.pe/estadistica/financiera/2021/Enero/B-220512-en2021.XLS,data/raw/sbs/B-220512/B-220512_2021-01.xls,ok,xls,41984,3e0c7cf9e3d0f70e0d613d7451c2f6211320390b4e1a6db6abf96942535abb66,2026-09-22T23:13:14Z
SBS,B-220512,2021-02,https://intranet2.sbs.gob.pe/estadistica/financiera/2021/Febrero/B-220512-fe2021.XLS,data/raw/sbs/B-220512/B-220512_2021-02.xls,ok,xls,41472,76c6aa793e62039b3c64872ec6d0093b15974294bee2463f538b04a8503054e3,2026-09-22T23:13:14Z
SBS,B-220512,2021-03,https://intranet2.sbs.gob.pe/estadistica/financiera/2021/Marzo/B-220512-ma2021.XLS,data/raw/sbs/B-220512/B-220512_2021-03.xls,ok,xls,41472,6f287b7ad29e3043f20498259b3b92f58a36af31c80d3510ccbaa7676c38f8e0,2026-09-22T23:13:14Z
SBS,B-220512,2021-04,https://intranet2.sbs.gob.pe/estadistica/financiera/2021/Abril/B-220512-ab2021.XLS,data/raw/sbs/B-220512/B-220512_2021-04.xls,ok,xls,41472,eadc03d85140ec05ba30138337cdc39b8997d28bd5e2f683a498f92efd769d25,2026-09-22T23:13:15Z
SBS,B-220512,2021-05,https://intranet2.sbs.gob.pe/estadistica/financiera/2021/Mayo/B-220512-my2021.XLS,data/raw/sbs/B-220512/B-220512_2021-05.xls,ok,xls,41472,8a54172a3806f5c25c5475b41af0fc0ddfa535774b78f2725efeaac7667c982d,2026-09-22T23:13:15Z
SBS,B-220512,2021-06,https://intranet2.sbs.gob.pe/estadistica/financiera/2021/Junio/B-220512-jn2021.XLS,data/raw/sbs/B-220512/B-220512_2021-06.xls,ok,xls,41472,c1d2ba5680c5ad1c770c4ce4bba050a184b412c79428f93236131c4e4e79b168,2026-09-22T23:13:15Z
SBS,B-220512,2021-07,https://intranet2.sbs.gob.pe/estadistica/financiera/2021/Julio/B-220512-jl2021.XLS,data/raw/sbs/B-220512/B-220512_2021-07.xls,ok,xls,41472,a931bbc9e9a1fc8c6c4fda13a5e824ee67a75a194cfd2b34d5a54a4daafcd7f5,2026-09-22T23:13:15Z
SBS,B-220512,2021-08,https://intranet2.sbs.gob.pe/estadistica/financiera/2021/Agosto/B-220512-ag2021.XLS,data/raw/sbs/B-220512/B-220512_2021-08.xls,ok,xls,41472,ed8c8df707d17577a6ef4292971930914954d4e77bcf20c8c4c8e3091e0bca1f,2026-09-22T23:13:16Z
SBS,B-220512,2021-09,https://intranet2.sbs.gob.pe/estadistica/financiera/2021/Setiembre/B-220512-se2021.XLS,data/raw/sbs/B-220512/B-220512_2021-09.xls,ok,xls,41472,6c93fbefb2bd4e7342ac87995e9143fee92e2b170e56cd2b2f466c8a0a40d1c6,2026-09-22T23:13:16Z
SBS,B-220512,2021-10,https://intranet2.sbs.gob.pe/estadistica/financiera/2021/Octubre/B-220512-oc2021.XLS,data/raw/sbs/B-220512/B-220512_2021-10.xls,ok,xls,40960,da56a48ec90b57111c727cbd7c8271e6c3bfd60914e6f0458c25a253beb4e200,2026-09-22T23:13:16Z
SBS,B-220512,2021-11,https://intranet2.sbs.gob.pe/estadistica/financiera/2021/Noviembre/B-220512-no2021.XLS,data/raw/sbs/B-220512/B-220512_2021-11.xls,ok,xls,41472,e6aad4e1c0654861ee8d14b3119d5b573939a1452033ee65964f1dd44aa5c18f,2026-09-22T23:13:16Z
SBS,B-220512,2021-12,https://intranet2.sbs.gob.pe/estadistica/financiera/2021/Diciembre/B-220512-di2021.XLS,data/raw/sbs/B-220512/B-220512_2021-12.xls,ok,xls,41472,c81157132bcb5fe78b602dc260cebd886926bbfc5cce6d1ae5f9dd35d6434200,2026-09-22T23:13:17Z
SBS,B-220512,2022-01,https://intranet2.sbs.gob.pe/estadistica/financiera/2022/Enero/B-220512-en2022.XLS,data/raw/sbs/B-220512/B-220512_2022-01.xls,ok,xls,41472,61394523b31bf485eedb09aded3289ce658239adb45143d0b40f7ac4d00af87b,2026-09-22T23:13:17Z
SBS,B-220512,2022-02,https://intranet2.sbs.gob.pe/estadistica/financiera/2022/Febrero/B-220512-fe2022.XLS,data/raw/sbs/B-220512/B-220512_2022-02.xls,ok,xls,41472,753d02946f592ddd06842d3e8e931128f0cb501581ee784386438eae34776d1b,2026-09-22T23:13:17Z
SBS,B-220512,2022-03,https://intranet2.sbs.gob.pe/estadistica/financiera/2022/Marzo/B-220512-ma2022.XLS,data/raw/sbs/B-220512/B-220512_2022-03.xls,ok,xls,41472,41a749175d95fe0494c6d447ab218bcc198b3a0c102e0d09e42bd7627ec11e38,2026-09-22T23:13:17Z
SBS,B-220512,2022-04,https://intranet2.sbs.gob.pe/estadistica/financiera/2022/Abril/B-220512-ab2022.XLS,data/raw/sbs/B-220512/B-220512_2022-04.xls,ok,xls,41472,62c605de8dcc64a1aaca65fd5821951e633762c74c87d3bd2a1c9041519f1359,2026-09-22T23:13:17Z
SBS,B-220512,2022-05,https://intranet2.sbs.gob.pe/estadistica/financiera/2022/Mayo/B-220512-my2022.XLS,data/raw/sbs/B-220512/B-220512_2022-05.xls,ok,xls,41472,580bb5e34c784f25495562912412492bed27044368202a48bd6570b5139d7361,2026-09-22T23:13:18Z
SBS,B-220512,2022-06,https://intranet2.sbs.gob.pe/estadistica/financiera/2022/Junio/B-220512-jn2022.XLS,data/raw/sbs/B-220512/B-220512_2022-06.xls,ok,xls,41472,82e9cdb90c80d7a0d115496d877e7fa9508206478f25f84cfae8408e165107ab,2026-09-22T23:13:18Z
SBS,B-220512,2022-07,https://intranet2.sbs.gob.pe/estadistica/financiera/2022/Julio/B-220512-jl2022.XLS,data/raw/sbs/B-220512/B-220512_2022-07.xls,ok,xls,41472,0c0784954a458af97a810ca59c20ff8084f960484c427461e6603d6c11ba9e15,2026-09-22T23:13:18Z
SBS,B-220512,2022-08,https://intranet2.sbs.gob.pe/estadistica/financiera/2022/Agosto/B-220512-ag2022.XLS,data/raw/sbs/B-220512/B-220512_2022-08.xls,ok,xls,41472,5cf323788708d3d8a55acccfc80ccb7787523943fb350c5abe67d6a597720325,2026-09-22T23:13:18Z
SBS,B-220512,2022-09,https://intranet2.sbs.gob.pe/estadistica/financiera/2022/Setiembre/B-220512-se2022.XLS,data/raw/sbs/B-220512/B-220512_2022-09.xls,ok,xls,41472,0a1e9189bab72741dd1c766257b28369ef6b18b3d85cb39ace028fa0947b0a0f,2026-09-22T23:13:19Z
SBS,B-220512,2022-10,https://intranet2.sbs.gob.pe/estadistica/financiera/2022/Octubre/B-220512-oc2022.XLS,data/raw/sbs/B-220512/B-220512_2022-10.xls,ok,xls,41472,7483c27a117323f81c175372b5dd6146d15cff69c0c489bd7e33e11f1c9fbf16,2026-09-22T23:13:19Z
SBS,B-220512,2022-11,https://intranet2.sbs.gob.pe/estadistica/financiera/2022/Noviembre/B-220512-no2022.XLS,data/raw/sbs/B-220512/B-220512_2022-11.xls,ok,xls,40960,146da564f81b3984f0b8ad25d25fc9a4ecdde9a0ed4e84e4c332d904b00bbca6,2026-09-22T23:13:19Z
SBS,B-220512,2022-12,https://intranet2.sbs.gob.pe/estadistica/financiera/2022/Diciembre/B-220512-di2022.XLS,data/raw/sbs/B-220512/B-220512_2022-12.xls,ok,xls,40960,7addfc6b0680d45462756456bd093b07e06f9d39add17bc3714241555ead618f,2026-09-22T23:13:19Z
SBS,B-220512,2023-01,https://intranet2.sbs.gob.pe/estadistica/financiera/2023/Enero/B-220512-en2023.XLS,data/raw/sbs/B-220512/B-220512_2023-01.xls,ok,xls,40960,89464d5fca5de91b722904ac7ea0372ecf647bca9e494977547ddeb771f22ddb,2026-09-22T23:13:20Z
SBS,B-220512,2023-02,https://intranet2.sbs.gob.pe/estadistica/financiera/2023/Febrero/B-220512-fe2023.XLS,data/raw/sbs/B-220512/B-220512_2023-02.xls,ok,xls,40960,97ccfb89e02eaabc95580b8063ccd8b8bd9cde9f6e4053fa4abbf57f0b70ae3f,2026-09-22T23:13:20Z
SBS,B-220512,2023-03,https://intranet2.sbs.gob.pe/estadistica/financiera/2023/Marzo/B-220512-ma2023.XLS,data/raw/sbs/B-220512/B-220512_2023-03.xls,ok,xls,40960,450aed12928b7d95cb3c8f57af716d9361526740bc46425b611d73c0dda46f05,2026-09-22T23:13:20Z
SBS,B-220512,2023-04,https://intranet2.sbs.gob.pe/estadistica/financiera/2023/Abril/B-220512-ab2023.XLS,data/raw/sbs/B-220512/B-220512_2023-04.xls,ok,xls,40960,8d88b09669d4d9576d7643a4417f8845f09c0178720e4257c081f2d52f5498f7,2026-09-22T23:13:20Z
SBS,B-220512,2023-05,https://intranet2.sbs.gob.pe/estadistica/financiera/2023/Mayo/B-220512-my2023.XLS,data/raw/sbs/B-220512/B-220512_2023-05.xls,ok,xls,43008,173f16a269d2ef8a07620c796128f388fcfa20523bfbc3be0f5b93984a42a108,2026-09-22T23:13:20Z
SBS,B-220512,2023-06,https://intranet2.sbs.gob.pe/estadistica/financiera/2023/Junio/B-220512-jn2023.XLS,data/raw/sbs/B-220512/B-220512_2023-06.xls,ok,xls,40960,236c25aa677218dedeceda359ee9ed210be3b460cfb2250e3f8913f76c2a7923,2026-09-22T23:13:21Z
SBS,B-220512,2023-07,https://intranet2.sbs.gob.pe/estadistica/financiera/2023/Julio/B-220512-jl2023.XLS,data/raw/sbs/B-220512/B-220512_2023-07.xls,ok,xls,40960,d2b39388e2350870b23e63c9a95feb8c9b6a8ebb76763600783be4a36f404e26,2026-09-22T23:13:21Z
SBS,B-220512,2023-08,https://intranet2.sbs.gob.pe/estadistica/financiera/2023/Agosto/B-220512-ag2023.XLS,data/raw/sbs/B-220512/B-220512_2023-08.xls,ok,xls,40960,9d9b65fc0babdfc254b8cc9afbde7d583f23c22bcf980aa8bc8843a48db2b9d0,2026-09-22T23:13:21Z
SBS,B-220512,2023-09,https://intranet2.sbs.gob.pe/estadistica/financiera/2023/Setiembre/B-220512-se2023.XLS,data/raw/sbs/B-220512/B-220512_2023-09.xls,ok,xls,40960,7e76198d97478b80345d6197fcbce70a3d94f383dfa60ea51ac23404ffa257b2,2026-09-22T23:13:21Z
SBS,B-220512,2023-10,https://intranet2.sbs.gob.pe/estadistica/financiera/2023/Octubre/B-220512-oc2023.XLS,data/raw/sbs/B-220512/B-220512_2023-10.xls,ok,xls,40960,e0f70fd33b117cf0017da3f5a7d2cf8baf11afb283d4a8bcb4d592df153165c9,2026-09-22T23:13:22Z
SBS,B-220512,2023-11,https://intranet2.sbs.gob.pe/estadistica/financiera/2023/Noviembre/B-220512-no2023.XLS,data/raw/sbs/B-220512/B-220512_2023-11.xls,ok,xls,41472,92ff8ef920ce915d44225a7b47d2513e0291e6304f7d04fb7300179326e3e62e,2026-09-22T23:13:22Z
SBS,B-220512,2023-12,https://intranet2.sbs.gob.pe/estadistica/financiera/2023/Diciembre/B-220512-di2023.XLS,data/raw/sbs/B-220512/B-220512_2023-12.xls,ok,xls,41472,1f664daec4ec716e0fe9e53da33a738e0a537b347e3941001cc73b96e7237486,2026-09-22T23:13:22Z
SBS,B-220512,2024-01,https://intranet2.sbs.gob.pe/estadistica/financiera/2024/Enero/B-220512-en2024.XLS,data/raw/sbs/B-220512/B-220512_2024-01.xls,ok,xls,41472,7ba5b138cf4b1737488a741506ccb60dbaaca2c9fa17cfec4a160b7212ee745b,2026-09-22T23:13:22Z
SBS,B-220512,2024-02,https://intranet2.sbs.gob.pe/estadistica/financiera/2024/Febrero/B-220512-fe2024.XLS,data/raw/sbs/B-220512/B-220512_2024-02.xls,ok,xls,41472,a81681f48823b6f6b7b6a98ecd2dc3588306b4d034e4ae392d4444c5bab04de7,2026-09-22T23:13:22Z
SBS,B-220512,2024-03,https://intranet2.sbs.gob.pe/estadistica/financiera/2024/Marzo/B-220512-ma2024.XLS,data/raw/sbs/B-220512/B-220512_2024-03.xls,ok,xls,41472,2eb3e7567d9d6389f9db0e16e81e846f71105d5f44c63909735f72d1780ee435,2026-09-22T23:13:23Z
SBS,B-220512,2024-04,https://intranet2.sbs.gob.pe/estadistica/financiera/2024/Abril/B-220512-ab2024.XLS,data/raw/sbs/B-220512/B-220512_2024-04.xls,ok,xls,41472,3fdf3a73cc9b01979fdd0d8adebe7f9c4273b8d8e29db55ca61da1e5e46035e6,2026-09-22T23:13:23Z
SBS,B-220512,2024-05,https://intranet2.sbs.gob.pe/estadistica/financiera/2024/Mayo/B-220512-my2024.XLS,data/raw/sbs/B-220512/B-220512_2024-05.xls,ok,xls,41472,200a792f1ca23963fddd10bab38e684558ad433b277e1fb91849365fa6261a8f,2026-09-22T23:13:23Z
SBS,B-220512,2024-06,https://intranet2.sbs.gob.pe/estadistica/financiera/2024/Junio/B-220512-jn2024.XLS,data/raw/sbs/B-220512/B-220512_2024-06.xls,ok,xls,41472,dbce95167f90a825a71468ece9ec99c34ed9d1c984db56da48c4bb959e14ea8f,2026-09-22T23:13:23Z
SBS,B-220512,2024-07,https://intranet2.sbs.gob.pe/estadistica/financiera/2024/Julio/B-220512-jl2024.XLS,data/raw/sbs/B-220512/B-220512_2024-07.xls,ok,xls,41472,c421cf0b829ed70e9a2ff019ae1e90c854e39be92b6a80e98f5c4580e5fb0a88,2026-09-22T23:13:24Z
SBS,B-220512,2024-08,https://intranet2.sbs.gob.pe/estadistica/financiera/2024/Agosto/B-220512-ag2024.XLS,data/raw/sbs/B-220512/B-220512_2024-08.xls,ok,xls,41984,2edf5367a5611680506ad3ee4e17a3c03f3dcb05cffcbde690b175640e7f9e84,2026-09-22T23:13:24Z
SBS,B-220512,2024-09,https://intranet2.sbs.gob.pe/estadistica/financiera/2024/Setiembre/B-220512-se2024.XLS,data/raw/sbs/B-220512/B-220512_2024-09.xls,ok,xls,44032,a13f1619781c691a95a2642d56a22ae8a4adf1ee7b21990b8b1edd0d039af40a,2026-09-22T23:13:24Z
SBS,B-220512,2024-10,https://intranet2.sbs.gob.pe/estadistica/financiera/2024/Octubre/B-220512-oc2024.XLS,data/raw/sbs/B-220512/B-220512_2024-10.xls,ok,xls,41472,10ea4d4a5351c587d7c2de7464a6878f46e83ca22c9dacbcb517caa25168ef7c,2026-09-22T23:13:24Z
SBS,B-220512,2024-11,https://intranet2.sbs.gob.pe/estadistica/financiera/2024/Noviembre/B-220512-no2024.XLS,data/raw/sbs/B-220512/B-220512_2024-11.xls,ok,xls,41472,09d6ec4f04362e38a561496c4c9199c7ab264b792e01e562e90f19098b166bdb,2026-09-22T23:13:25Z
SBS,B-220512,2024-12,https://intranet2.sbs.gob.pe/estadistica/financiera/2024/Diciembre/B-220512-di2024.XLS,data/raw/sbs/B-220512/B-220512_2024-12.xls,ok,xls,41472,2cefe0fb463be155b5e635f8646ac106440fba9082a2a619bf363faae06fb224,2026-09-22T23:13:25Z
SBS,B-220512,2025-01,https://intranet2.sbs.gob.pe/estadistica/financiera/2025/Enero/B-220512-en2025.XLS,data/raw/sbs/B-220512/B-220512_2025-01.xls,ok,xls,43008,af3504e596f9e37162d80a22b11bd6f6908cd048fb36808ed0839cb795f6c5f0,2026-09-22T23:13:25Z
SBS,B-220512,2025-02,https://intranet2.sbs.gob.pe/estadistica/financiera/2025/Febrero/B-220512-fe2025.XLS,data/raw/sbs/B-220512/B-220512_2025-02.xls,ok,xls,43008,539a654ad03b951d034fd6fb370163d0fea6ef47334bed2a24058d7f3daa7f77,2026-09-22T23:13:25Z
SBS,B-220512,2025-03,https://intranet2.sbs.gob.pe/estadistica/financiera/2025/Marzo/B-220512-ma2025.XLS,data/raw/sbs/B-220512/B-220512_2025-03.xls,ok,xls,44032,5e3422c954e4ae2cb57df9921151aa1d3c0e8e6a6b4aa3d28957c801143b1cc9,2026-09-22T23:13:26Z
SBS,B-220512,2025-04,https://intranet2.sbs.gob.pe/estadistica/financiera/2025/Abril/B-220512-ab2025.XLS,data/raw/sbs/B-220512/B-220512_2025-04.xls,ok,xls,41984,5fc5f846e1caa1f5cbc9999a9f9f23c987301ce96f588f45e5855c77ff75cc12,2026-09-22T23:13:26Z
SBS,B-220512,2025-05,https://intranet2.sbs.gob.pe/estadistica/financiera/2025/Mayo/B-220512-my2025.XLS,data/raw/sbs/B-220512/B-220512_2025-05.xls,ok,xls,41984,a3b85b60fa07be8240d6149bae370edb0926bcc5f386adb19458497a8a67d74a,2026-09-22T23:13:26Z
SBS,B-220512,2025-06,https://intranet2.sbs.gob.pe/estadistica/financiera/2025/Junio/B-220512-jn2025.XLS,data/raw/sbs/B-220512/B-220512_2025-06.xls,ok,xls,42496,5555ec5f8af132b6465d3441ea6ce7c802d00a85c7169909942e860b5caaa192,2026-09-22T23:13:26Z
SBS,B-220512,2025-07,https://intranet2.sbs.gob.pe/estadistica/financiera/2025/Julio/B-220512-jl2025.XLS,data/raw/sbs/B-220512/B-220512_2025-07.xls,ok,xls,38912,34103ff971b59b805df3793eb1132728878809b472d7a5834a13f77198f66548,2026-09-22T23:13:26Z
SBS,B-220512,2025-08,https://intranet2.sbs.gob.pe/estadistica/financiera/2025/Agosto/B-220512-ag2025.XLS,data/raw/sbs/B-220512/B-220512_2025-08.xls,ok,xls,41984,5e0b2e0a008697255f8cfe1835bfab8316c694b2e7c68eac6846169110676c74,2026-09-22T23:13:27Z
SBS,B-220512,2025-09,https://intranet2.sbs.gob.pe/estadistica/financiera/2025/Setiembre/B-220512-se2025.XLS,data/raw/sbs/B-220512/B-220512_2025-09.xls,ok,xls,41472,7b26b6a8236ed314e5e1cefe5842cc52e1174cd39a41917d5e0b363865fb5f0a,2026-09-22T23:13:27Z
SBS,B-220512,2025-10,https://intranet2.sbs.gob.pe/estadistica/financiera/2025/Octubre/B-220512-oc2025.XLS,data/raw/sbs/B-220512/B-220512_2025-10.xls,ok,xls,41472,895ea7c5ae62619209947758f308e564fec5beda1a1c4b4a280dcf8f20ba3371,2026-09-22T23:13:27Z
SBS,B-220512,2025-11,https://intranet2.sbs.gob.pe/estadistica/financiera/2025/Noviembre/B-220512-no2025.XLS,data/raw/sbs/B-220512/B-220512_2025-11.xls,ok,xls,39424,27cfcc805d9c273b76a39255ada63134cb33346577994645349dcb46327894d1,2026-09-22T23:13:27Z
SBS,B-220512,2025-12,https://intranet2.sbs.gob.pe/estadistica/financiera/2025/Diciembre/B-220512-di2025.XLS,data/raw/sbs/B-220512/B-220512_2025-12.xls,ok,xls,41472,407e4978d843f24bca261c69f38fbf2c5a2224989e736940035b09036103ac90,2026-09-22T23:13:28Z
SBS,B-220512,2026-01,https://intranet2.sbs.gob.pe/estadistica/financiera/2026/Enero/B-220512-en2026.XLS,data/raw/sbs/B-220512/B-220512_2026-01.xls,ok,xls,38400,12eee8678cb07b5be0de556da184cacadca1e5765391a7694587247237a8ca36,2026-09-22T23:13:28Z
SBS,B-220512,2026-02,https://intranet2.sbs.gob.pe/estadistica/financiera/2026/Febrero/B-220512-fe2026.XLS,data/raw/sbs/B-220512/B-220512_2026-02.xls,ok,xls,41472,72c273789ab67446527aa135f143864ae9579ead7f97dc4ef239eec301533424,2026-09-22T23:13:28Z
SBS,B-220512,2026-03,https://intranet2.sbs.gob.pe/estadistica/financiera/2026/Marzo/B-220512-ma2026.XLS,data/raw/sbs/B-220512/B-220512_2026-03.xls,ok,xls,38400,3bfc3ea2cd61c2658d397b8087bd7090e992eb4a205f3a975717549d62286eaf,2026-09-22T23:13:28Z
SBS,B-220512,2026-04,https://intranet2.sbs.gob.pe/estadistica/financiera/2026/Abril/B-220512-ab2026.XLS,data/raw/sbs/B-220512/B-220512_2026-04.xls,ok,xls,38400,3d2e56a0b528a8f9f42aabe13bc51a3ca98a54d46484b833b454c67d0d95499c,2026-09-22T23:13:29Z
SBS,B-220512,2026-05,https://intranet2.sbs.gob.pe/estadistica/financiera/2026/Mayo/B-220512-my2026.XLS,data/raw/sbs/B-220512/B-220512_2026-05.xls,ok,xls,38400,46ff603036e9afe4b801b0a7c3ddc8ca7ce008d180d05176492d533a02b051cd,2026-09-22T23:13:29Z
SBS,B-220512,2026-06,https://intranet2.sbs.gob.pe/estadistica/financiera/2026/Junio/B-220512-jn2026.XLS,data/raw/sbs/B-220512/B-220512_2026-06.xls,ok,xls,40448,fd0648e92caf3a7f917b8b9ec7b8e4e3184e38e46dc1882977bad84f0b1f37e9,2026-09-22T23:13:29Z
SBS,B-220512,2026-07,https://intranet2.sbs.gob.pe/estadistica/financiera/2026/Julio/B-220512-jl2026.XLS,data/raw/sbs/B-220512/B-220512_2026-07.xls,ok,xls,41984,53261aae3a8dec7b25b1706738543bc8bc73a9ec2ffa9d8ddc702964937cba44,2026-09-22T23:13:29Z
SBS,B-230803,2015-01,https://intranet2.sbs.gob.pe/estadistica/financiera/2015/Enero/B-230803-en2015.XLS,data/raw/sbs/B-230803/B-230803_2015-01.xls,ok,xls,44544,dfc23a9e9652479a87e9cb131fe47f6366e1c355db53b31fb667bcec315554a8,2026-09-22T23:12:24Z
SBS,B-230803,2015-02,https://intranet2.sbs.gob.pe/estadistica/financiera/2015/Febrero/B-230803-fe2015.XLS,data/raw/sbs/B-230803/B-230803_2015-02.xls,ok,xls,44544,96b913197dac0b18b92dee586a693d2f61e860c8d80bd616a713ba1ce2de4df8,2026-09-22T23:12:25Z
SBS,B-230803,2015-03,https://intranet2.sbs.gob.pe/estadistica/financiera/2015/Marzo/B-230803-ma2015.XLS,data/raw/sbs/B-230803/B-230803_2015-03.xls,ok,xls,44544,f5bd661c663215288f95d1170e535079a3e0bde08c3ff3442b5e6ceca0ba6d3b,2026-09-22T23:12:25Z
SBS,B-230803,2015-04,https://intranet2.sbs.gob.pe/estadistica/financiera/2015/Abril/B-230803-ab2015.XLS,data/raw/sbs/B-230803/B-230803_2015-04.xls,ok,xls,44544,e3a31aec18c35bd4055c8a40b09532e6014bd3f258fe3abbfdd3ff0486a4cac6,2026-09-22T23:12:25Z
SBS,B-230803,2015-05,https://intranet2.sbs.gob.pe/estadistica/financiera/2015/Mayo/B-230803-my2015.XLS,data/raw/sbs/B-230803/B-230803_2015-05.xls,ok,xls,45056,dfce62cb1e14988c0327f107f8735a28e7f0e668787d0d38babc4bd8c4508cc5,2026-09-22T23:12:25Z
SBS,B-230803,2015-06,https://intranet2.sbs.gob.pe/estadistica/financiera/2015/Junio/B-230803-jn2015.XLS,data/raw/sbs/B-230803/B-230803_2015-06.xls,ok,xls,45056,c4e7beea503f8755296602569cc44284d2e80d5c9cbc4c88901b44520bc1be93,2026-09-22T23:12:26Z
SBS,B-230803,2015-07,https://intranet2.sbs.gob.pe/estadistica/financiera/2015/Julio/B-230803-jl2015.XLS,data/raw/sbs/B-230803/B-230803_2015-07.xls,ok,xls,44544,8b081e844dd67b3e39379ffb58785f83124cdcebdca57a3016934033ab53605f,2026-09-22T23:12:26Z
SBS,B-230803,2015-08,https://intranet2.sbs.gob.pe/estadistica/financiera/2015/Agosto/B-230803-ag2015.XLS,data/raw/sbs/B-230803/B-230803_2015-08.xls,ok,xls,44544,5d399516bf43e045fedd2eab5a4cd99fd044e071582e676fe4c36bd470afaea3,2026-09-22T23:12:26Z
SBS,B-230803,2015-09,https://intranet2.sbs.gob.pe/estadistica/financiera/2015/Setiembre/B-230803-se2015.XLS,data/raw/sbs/B-230803/B-230803_2015-09.xls,ok,xls,44544,06337902cc309e365711708e18d942b8c3ac1daf777444a32e13faafc5fcf833,2026-09-22T23:12:26Z
SBS,B-230803,2015-10,https://intranet2.sbs.gob.pe/estadistica/financiera/2015/Octubre/B-230803-oc2015.XLS,data/raw/sbs/B-230803/B-230803_2015-10.xls,ok,xls,44544,edb1cf33d22fa750318c9d434d3c56358976fb1506b0fce0baa6849eb68f9fd0,2026-09-22T23:12:26Z
SBS,B-230803,2015-11,https://intranet2.sbs.gob.pe/estadistica/financiera/2015/Noviembre/B-230803-no2015.XLS,data/raw/sbs/B-230803/B-230803_2015-11.xls,ok,xls,44032,fe003f52275f88a53f539aa856211caac8d46b8daaaaf5427bc7de47a1cf5388,2026-09-22T23:12:27Z
SBS,B-230803,2015-12,https://intranet2.sbs.gob.pe/estadistica/financiera/2015/Diciembre/B-230803-di2015.XLS,data/raw/sbs/B-230803/B-230803_2015-12.xls,ok,xls,44032,fe3166c22b02d6ae098f6a1ed76661fb87b953d6abd9bf1fe00b277ccdc3a5cf,2026-09-22T23:12:27Z
SBS,B-230803,2016-01,https://intranet2.sbs.gob.pe/estadistica/financiera/2016/Enero/B-230803-en2016.XLS,data/raw/sbs/B-230803/B-230803_2016-01.xls,ok,xls,44032,dd0dc18c9620223dc9c67225b1cfb9528747ad888a1878b94aae0f3d1e0bd354,2026-09-22T23:12:27Z
SBS,B-230803,2016-02,https://intranet2.sbs.gob.pe/estadistica/financiera/2016/Febrero/B-230803-fe2016.XLS,data/raw/sbs/B-230803/B-230803_2016-02.xls,ok,xls,44032,bdba5c364848c231c0f9ad59578b378b2621540f1a8a56da186aa61bc9f8dc5a,2026-09-22T23:12:27Z
SBS,B-230803,2016-03,https://intranet2.sbs.gob.pe/estadistica/financiera/2016/Marzo/B-230803-ma2016.XLS,data/raw/sbs/B-230803/B-230803_2016-03.xls,ok,xls,44032,9639a8eb8cdf1ddd597d4a33e4b62cc74b14a1c4b1b40b30dae086e1cca81de3,2026-09-22T23:12:28Z
SBS,B-230803,2016-04,https://intranet2.sbs.gob.pe/estadistica/financiera/2016/Abril/B-230803-ab2016.XLS,data/raw/sbs/B-230803/B-230803_2016-04.xls,ok,xls,44032,0a36ff1f6850c896c300ea8d421e3e01f943a700344ed81a338107f9953c7245,2026-09-22T23:12:28Z
SBS,B-230803,2016-05,https://intranet2.sbs.gob.pe/estadistica/financiera/2016/Mayo/B-230803-my2016.XLS,data/raw/sbs/B-230803/B-230803_2016-05.xls,ok,xls,44032,693a6e8db377345bdc29cafded149cff888a32930bbc659392f4bcb18dcff948,2026-09-22T23:12:28Z
SBS,B-230803,2016-06,https://intranet2.sbs.gob.pe/estadistica/financiera/2016/Junio/B-230803-jn2016.XLS,data/raw/sbs/B-230803/B-230803_2016-06.xls,ok,xls,44032,9b2433dcb7d63f1920a5166246ffb9c65b119e5dfc9b48fcdfdb1f17457199bd,2026-09-22T23:12:28Z
SBS,B-230803,2016-07,https://intranet2.sbs.gob.pe/estadistica/financiera/2016/Julio/B-230803-jl2016.XLS,data/raw/sbs/B-230803/B-230803_2016-07.xls,ok,xls,30720,209212a2b54c83a268f8db16af89f596278daf6faa7711de96c171ec1bbbc965,2026-09-22T23:12:29Z
SBS,B-230803,2016-08,https://intranet2.sbs.gob.pe/estadistica/financiera/2016/Agosto/B-230803-ag2016.XLS,data/raw/sbs/B-230803/B-230803_2016-08.xls,ok,xls,30720,fd656c5a2d687d7c1a4229b951cbff2fbb65cea7bf6910664e7ce9813a310d11,2026-09-22T23:12:29Z
SBS,B-230803,2016-09,https://intranet2.sbs.gob.pe/estadistica/financiera/2016/Setiembre/B-230803-se2016.XLS,data/raw/sbs/B-230803/B-230803_2016-09.xls,ok,xls,30720,535f165459e89c7c7b1ea40b6aef60704a3f5fd5654e3d85923e543df9bf880e,2026-09-22T23:12:29Z
SBS,B-230803,2016-10,https://intranet2.sbs.gob.pe/estadistica/financiera/2016/Octubre/B-230803-oc2016.XLS,data/raw/sbs/B-230803/B-230803_2016-10.xls,ok,xls,30720,3b2088f0dd9b232044d1d1fd841019922f622f31e47bd151adcb0f1b59c46c29,2026-09-22T23:12:29Z
SBS,B-230803,2016-11,https://intranet2.sbs.gob.pe/estadistica/financiera/2016/Noviembre/B-230803-no2016.XLS,data/raw/sbs/B-230803/B-230803_2016-11.xls,ok,xls,30720,cc13e09c6c539be178483f5a0ef445e7b6e7ce1a8d9478f003209f4356608f7a,2026-09-22T23:12:30Z
SBS,B-230803,2016-12,https://intranet2.sbs.gob.pe/estadistica/financiera/2016/Diciembre/B-230803-di2016.XLS,data/raw/sbs/B-230803/B-230803_2016-12.xls,ok,xls,30720,394ff31be4e7c1ea82f9b2cbece47d318a684caec1b8607ade891090aef54da9,2026-09-22T23:12:30Z
SBS,B-230803,2017-01,https://intranet2.sbs.gob.pe/estadistica/financiera/2017/Enero/B-230803-en2017.XLS,data/raw/sbs/B-230803/B-230803_2017-01.xls,ok,xls,30720,819945124c7b48dd862e162991b02d1afc9a38c588fa433313c9e6d96c0afb41,2026-09-22T23:12:30Z
SBS,B-230803,2017-02,https://intranet2.sbs.gob.pe/estadistica/financiera/2017/Febrero/B-230803-fe2017.XLS,data/raw/sbs/B-230803/B-230803_2017-02.xls,ok,xls,30720,bdfddf49c6103b53ab966631c1d987ac693ad1cf74282c4d62d28e8b098d0bb6,2026-09-22T23:12:30Z
SBS,B-230803,2017-03,https://intranet2.sbs.gob.pe/estadistica/financiera/2017/Marzo/B-230803-ma2017.XLS,data/raw/sbs/B-230803/B-230803_2017-03.xls,ok,xls,30720,a967d939306596c51ab8a8b096459a663d1965e627b456b75fd7e1a6296e18a8,2026-09-22T23:12:31Z
SBS,B-230803,2017-04,https://intranet2.sbs.gob.pe/estadistica/financiera/2017/Abril/B-230803-ab2017.XLS,data/raw/sbs/B-230803/B-230803_2017-04.xls,ok,xls,30720,5290d07f027fb28f5ffae98369acc2de65ddcbfbe4062f9450b03197d5da0a94,2026-09-22T23:12:31Z
SBS,B-230803,2017-05,https://intranet2.sbs.gob.pe/estadistica/financiera/2017/Mayo/B-230803-my2017.XLS,data/raw/sbs/B-230803/B-230803_2017-05.xls,ok,xls,30720,51c7b3faa8404b75d55c9a7adc0b5c3388daf112b09144576784ded2d7770e67,2026-09-22T23:12:31Z
SBS,B-230803,2017-06,https://intranet2.sbs.gob.pe/estadistica/financiera/2017/Junio/B-230803-jn2017.XLS,data/raw/sbs/B-230803/B-230803_2017-06.xls,ok,xls,30720,3914f320996abd783efa3186a0210e8fdb74368ea870bb69c4a2da05b3af6846,2026-09-22T23:12:31Z
SBS,B-230803,2017-07,https://intranet2.sbs.gob.pe/estadistica/financiera/2017/Julio/B-230803-jl2017.XLS,data/raw/sbs/B-230803/B-230803_2017-07.xls,ok,xls,30720,c168a6dffc1b89684d8732600215dbd7087cb545012362f917c3387b56bd463d,2026-09-22T23:12:31Z
SBS,B-230803,2017-08,https://intranet2.sbs.gob.pe/estadistica/financiera/2017/Agosto/B-230803-ag2017.XLS,data/raw/sbs/B-230803/B-230803_2017-08.xls,ok,xls,30720,0afd06b903cda33d379dc5146ab8e6b8495756dca8fdbdced7d370c8ef4d9bff,2026-09-22T23:12:32Z
SBS,B-230803,2017-09,https://intranet2.sbs.gob.pe/estadistica/financiera/2017/Setiembre/B-230803-se2017.XLS,data/raw/sbs/B-230803/B-230803_2017-09.xls,ok,xls,30720,c7bece3f19a570d88b5edd26ae9fca9f031708aa2c42f5c20dac62ba04027d0e,2026-09-22T23:12:32Z
SBS,B-230803,2017-10,https://intranet2.sbs.gob.pe/estadistica/financiera/2017/Octubre/B-230803-oc2017.XLS,data/raw/sbs/B-230803/B-230803_2017-10.xls,ok,xls,30720,0c8745d87399c9433e8a28aa631cb7a9858be9ab261048d69faa097f074b9277,2026-09-22T23:12:32Z
SBS,B-230803,2017-11,https://intranet2.sbs.gob.pe/estadistica/financiera/2017/Noviembre/B-230803-no2017.XLS,data/raw/sbs/B-230803/B-230803_2017-11.xls,ok,xls,41984,775d4a172296d6eba0b9fa92a3c6a29b2d2598ba9b620a465c051a321bfcd382,2026-09-22T23:12:32Z
SBS,B-230803,2017-12,https://intranet2.sbs.gob.pe/estadistica/financiera/2017/Diciembre/B-230803-di2017.XLS,data/raw/sbs/B-230803/B-230803_2017-12.xls,ok,xls,30720,2f02af81dc25d976e9aa3b4a2f0b1aabc6a743d122749c85d518493b9ee1f86e,2026-09-22T23:12:33Z
SBS,B-230803,2018-01,https://intranet2.sbs.gob.pe/estadistica/financiera/2018/Enero/B-230803-en2018.XLS,data/raw/sbs/B-230803/B-230803_2018-01.xls,ok,xls,30720,0ed7b547afe67a6f4cd25ee0edbb7239d0ce488d84a491e6b02f56312b1225e5,2026-09-22T23:12:33Z
SBS,B-230803,2018-02,https://intranet2.sbs.gob.pe/estadistica/financiera/2018/Febrero/B-230803-fe2018.XLS,data/raw/sbs/B-230803/B-230803_2018-02.xls,ok,xls,30720,9a1109bdaa5026d4662a6a9d8cb90a6dcddfbf024058ed8729adef469a69b856,2026-09-22T23:12:33Z
SBS,B-230803,2018-03,https://intranet2.sbs.gob.pe/estadistica/financiera/2018/Marzo/B-230803-ma2018.XLS,data/raw/sbs/B-230803/B-230803_2018-03.xls,ok,xls,30720,2f56e9ed29c74d799aba5b170c581e14c034fea2958757a73ba8af23cb37ab01,2026-09-22T23:12:33Z
SBS,B-230803,2018-04,https://intranet2.sbs.gob.pe/estadistica/financiera/2018/Abril/B-230803-ab2018.XLS,data/raw/sbs/B-230803/B-230803_2018-04.xls,ok,xls,30720,b18987ca9e198f3665125d05b34dacb2d94ada7a8ba5a25205bfae59853cec77,2026-09-22T23:12:34Z
SBS,B-230803,2018-05,https://intranet2.sbs.gob.pe/estadistica/financiera/2018/Mayo/B-230803-my2018.XLS,data/raw/sbs/B-230803/B-230803_2018-05.xls,ok,xls,30720,400730e91d5d4f856d60cafc5766b1062cf205335fa7e7fac89f0f47020265c0,2026-09-22T23:12:34Z
SBS,B-230803,2018-06,https://intranet2.sbs.gob.pe/estadistica/financiera/2018/Junio/B-230803-jn2018.XLS,data/raw/sbs/B-230803/B-230803_2018-06.xls,ok,xls,30720,dbc0a4ccaa9cb54f2b8ba2f03fd3c783362775a7bf5993a3f9842ee831c3647d,2026-09-22T23:12:34Z
SBS,B-230803,2018-07,https://intranet2.sbs.gob.pe/estadistica/financiera/2018/Julio/B-230803-jl2018.XLS,data/raw/sbs/B-230803/B-230803_2018-07.xls,ok,xls,30720,e69ac50c8e21b8d1621fff70ece8af796745a22653fe51297feb042287ed39fa,2026-09-22T23:12:34Z
SBS,B-230803,2018-08,https://intranet2.sbs.gob.pe/estadistica/financiera/2018/Agosto/B-230803-ag2018.XLS,data/raw/sbs/B-230803/B-230803_2018-08.xls,ok,xls,30720,a881f78173a998ab1d939d4190e1b324101adfb15721da3a608e1b54daf42c1f,2026-09-22T23:12:35Z
SBS,B-230803,2018-09,https://intranet2.sbs.gob.pe/estadistica/financiera/2018/Setiembre/B-230803-se2018.XLS,data/raw/sbs/B-230803/B-230803_2018-09.xls,ok,xls,30720,0bc352779be695763d743b34187a967daec698106e02ce05e32133a9210d7eec,2026-09-22T23:12:35Z
SBS,B-230803,2018-10,https://intranet2.sbs.gob.pe/estadistica/financiera/2018/Octubre/B-230803-oc2018.XLS,data/raw/sbs/B-230803/B-230803_2018-10.xls,ok,xls,30720,754e9a1251c1919d055295974365aced69569766df0d17f24f706a57f1122895,2026-09-22T23:12:35Z
SBS,B-230803,2018-11,https://intranet2.sbs.gob.pe/estadistica/financiera/2018/Noviembre/B-230803-no2018.XLS,data/raw/sbs/B-230803/B-230803_2018-11.xls,ok,xls,30720,5ba924d3f0c4e8841f7576459483706a890687bc22b2a8fe4f01305dfcb227e1,2026-09-22T23:12:35Z
SBS,B-230803,2018-12,https://intranet2.sbs.gob.pe/estadistica/financiera/2018/Diciembre/B-230803-di2018.XLS,data/raw/sbs/B-230803/B-230803_2018-12.xls,ok,xls,30720,8c57a2c6f68deb66837b82ea16fa7cadb794a8ee59a5c643896935b0ad2163b7,2026-09-22T23:12:35Z
SBS,B-230803,2019-01,https://intranet2.sbs.gob.pe/estadistica/financiera/2019/Enero/B-230803-en2019.XLS,data/raw/sbs/B-230803/B-230803_2019-01.xls,ok,xls,30720,f9ce982bf0d13af3e4e29fc4b7644de5b3ed2ef8cc8363b0feb8b57409cda38f,2026-09-22T23:12:36Z
SBS,B-230803,2019-02,https://intranet2.sbs.gob.pe/estadistica/financiera/2019/Febrero/B-230803-fe2019.XLS,data/raw/sbs/B-230803/B-230803_2019-02.xls,ok,xls,30720,c00f2ca1ae33f40b64d061c5d6e7fab67d726176605676ad7ed9be80f965a422,2026-09-22T23:12:36Z
SBS,B-230803,2019-03,https://intranet2.sbs.gob.pe/estadistica/financiera/2019/Marzo/B-230803-ma2019.XLS,data/raw/sbs/B-230803/B-230803_2019-03.xls,ok,xls,30720,745f0b5ed2563ba9f71b9c39ae30e622fd2d7933aeaad5c0b1dc7ca251b7f727,2026-09-22T23:12:36Z
SBS,B-230803,2019-04,https://intranet2.sbs.gob.pe/estadistica/financiera/2019/Abril/B-230803-ab2019.XLS,data/raw/sbs/B-230803/B-230803_2019-04.xls,ok,xls,30208,ee80b55703866010c04d345818cf53c72c514c1aae27ff28db93ad339305608b,2026-09-22T23:12:36Z
SBS,B-230803,2019-05,https://intranet2.sbs.gob.pe/estadistica/financiera/2019/Mayo/B-230803-my2019.XLS,data/raw/sbs/B-230803/B-230803_2019-05.xls,ok,xls,30208,684cbe51f32c5ef806cccac6b9ddf9f9218e5d73d498db8c9e45f7be6ab2bc88,2026-09-22T23:12:37Z
SBS,B-230803,2019-06,https://intranet2.sbs.gob.pe/estadistica/financiera/2019/Junio/B-230803-jn2019.XLS,data/raw/sbs/B-230803/B-230803_2019-06.xls,ok,xls,30720,4dda06ac300d83e9a50ddebe4bda89df1dba332483eb2c2914e16cec1c86856e,2026-09-22T23:12:37Z
SBS,B-230803,2019-07,https://intranet2.sbs.gob.pe/estadistica/financiera/2019/Julio/B-230803-jl2019.XLS,data/raw/sbs/B-230803/B-230803_2019-07.xls,ok,xls,30720,b9587e71cfc98ba6803255ac6b3c3575e308fc0fa888a1f308810d4f8b4a1f47,2026-09-22T23:12:37Z
SBS,B-230803,2019-08,https://intranet2.sbs.gob.pe/estadistica/financiera/2019/Agosto/B-230803-ag2019.XLS,data/raw/sbs/B-230803/B-230803_2019-08.xls,ok,xls,30720,61d076f1ff2a04138b4f025b92a5296a71618391e51d58797ed494a0324d8046,2026-09-22T23:12:37Z
SBS,B-230803,2019-09,https://intranet2.sbs.gob.pe/estadistica/financiera/2019/Setiembre/B-230803-se2019.XLS,data/raw/sbs/B-230803/B-230803_2019-09.xls,ok,xls,30720,96227273a21816c2f6359044b0ef8f17ddb2dc8ddd30f7c1a568b208850bfd10,2026-09-22T23:12:38Z
SBS,B-230803,2019-10,https://intranet2.sbs.gob.pe/estadistica/financiera/2019/Octubre/B-230803-oc2019.XLS,data/raw/sbs/B-230803/B-230803_2019-10.xls,ok,xls,30720,9383eac9d1c1e1d8c7f79e520ee6a84ee8bc0296f081d79dfc3132fba85a49d9,2026-09-22T23:12:38Z
SBS,B-230803,2019-11,https://intranet2.sbs.gob.pe/estadistica/financiera/2019/Noviembre/B-230803-no2019.XLS,data/raw/sbs/B-230803/B-230803_2019-11.xls,ok,xls,30208,12421f4a6cf840ddd9bf0e8abe23ab38f3ad2be1096d7daa771e3eee1136b8e2,2026-09-22T23:12:38Z
SBS,B-230803,2019-12,https://intranet2.sbs.gob.pe/estadistica/financiera/2019/Diciembre/B-230803-di2019.XLS,data/raw/sbs/B-230803/B-230803_2019-12.xls,ok,xls,33280,45159ace235d5b6fd5c759c4998357b80c4fb20307d573e2da8840e0c052b19e,2026-09-22T23:12:38Z
SBS,B-230803,2020-01,https://intranet2.sbs.gob.pe/estadistica/financiera/2020/Enero/B-230803-en2020.XLS,data/raw/sbs/B-230803/B-230803_2020-01.xls,ok,xls,32256,dd35d97d75bf1c88e662dc35f16de794d43df4ace10ccd15dd1e82aea614847b,2026-09-22T23:12:38Z
SBS,B-230803,2020-02,https://intranet2.sbs.gob.pe/estadistica/financiera/2020/Febrero/B-230803-fe2020.XLS,data/raw/sbs/B-230803/B-230803_2020-02.xls,ok,xls,32256,580430497a4ac7a388e85115e29e57fcaa7663392359e0f1124f670f2c835ebc,2026-09-22T23:12:39Z
SBS,B-230803,2020-03,https://intranet2.sbs.gob.pe/estadistica/financiera/2020/Marzo/B-230803-ma2020.XLS,data/raw/sbs/B-230803/B-230803_2020-03.xls,ok,xls,32256,be7e217bfbb6bcf9a01fc17041c3ca5b30d5fc16ef0bc430974bb62d949e4682,2026-09-22T23:12:39Z
SBS,B-230803,2020-04,https://intranet2.sbs.gob.pe/estadistica/financiera/2020/Abril/B-230803-ab2020.XLS,data/raw/sbs/B-230803/B-230803_2020-04.xls,ok,xls,32256,695a52b9136c90bed811248d5ab442703eeade25f85ad550eefa0ea6f12aca08,2026-09-22T23:12:39Z
SBS,B-230803,2020-05,https://intranet2.sbs.gob.pe/estadistica/financiera/2020/Mayo/B-230803-my2020.XLS,data/raw/sbs/B-230803/B-230803_2020-05.xls,ok,xls,32256,fd5b289058ae3b3fc0c699e153b4b444cbebdeb6f188d094c3cde0ae25194a50,2026-09-22T23:12:39Z
SBS,B-230803,2020-06,https://intranet2.sbs.gob.pe/estadistica/financiera/2020/Junio/B-230803-jn2020.XLS,data/raw/sbs/B-230803/B-230803_2020-06.xls,ok,xls,32256,d461e59fb035c6720d7fd19ac53a89432e930f7817c0bf1a38aadfd12874585f,2026-09-22T23:12:40Z
SBS,B-230803,2020-07,https://intranet2.sbs.gob.pe/estadistica/financiera/2020/Julio/B-230803-jl2020.XLS,data/raw/sbs/B-230803/B-230803_2020-07.xls,ok,xls,43520,8a11fdbce6f2c1dc099bd849889703b9bc3fb2fedcbb33102db4ff99c96b80b7,2026-09-22T23:12:40Z
SBS,B-230803,2020-08,https://intranet2.sbs.gob.pe/estadistica/financiera/2020/Agosto/B-230803-ag2020.XLS,data/raw/sbs/B-230803/B-230803_2020-08.xls,ok,xls,32256,aba1653e8fba93efce7c75038424e0da6e99976f75ff7a43a4fe29c279119099,2026-09-22T23:12:40Z
SBS,B-230803,2020-09,https://intranet2.sbs.gob.pe/estadistica/financiera/2020/Setiembre/B-230803-se2020.XLS,data/raw/sbs/B-230803/B-230803_2020-09.xls,ok,xls,32256,9490d1e4f1efae8b59450083cdf093a540d37fd574954e68af7af73256d9dcbf,2026-09-22T23:12:40Z
SBS,B-230803,2020-10,https://intranet2.sbs.gob.pe/estadistica/financiera/2020/Octubre/B-230803-oc2020.XLS,data/raw/sbs/B-230803/B-230803_2020-10.xls,ok,xls,32256,58187d4b543190983c68b1a88a39e7f8c3c895a853936c9eb2a170529b65ad60,2026-09-22T23:12:41Z
SBS,B-230803,2020-11,https://intranet2.sbs.gob.pe/estadistica/financiera/2020/Noviembre/B-230803-no2020.XLS,data/raw/sbs/B-230803/B-230803_2020-11.xls,ok,xls,32256,0ecb39fd556d1338261b67753558e2978a3624cb75e4e50089a4ff738e7306b5,2026-09-22T23:12:41Z
SBS,B-230803,2020-12,https://intranet2.sbs.gob.pe/estadistica/financiera/2020/Diciembre/B-230803-di2020.XLS,data/raw/sbs/B-230803/B-230803_2020-12.xls,ok,xls,32256,b79072b8cabd5244f5a08413e5ee5d6ce178e991e1eb5cbda263380bf7e3d83c,2026-09-22T23:12:41Z
SBS,B-230803,2021-01,https://intranet2.sbs.gob.pe/estadistica/financiera/2021/Enero/B-230803-en2021.XLS,data/raw/sbs/B-230803/B-230803_2021-01.xls,ok,xls,32768,3b5440f9fb0371fa094e2a6fbcc3329ac33401a46c473e294d0319c8a52552f0,2026-09-22T23:12:41Z
SBS,B-230803,2021-02,https://intranet2.sbs.gob.pe/estadistica/financiera/2021/Febrero/B-230803-fe2021.XLS,data/raw/sbs/B-230803/B-230803_2021-02.xls,ok,xls,32768,ff788e141be066d93163452c1771fdc65f5a482b75bf86d9298643ec583c6785,2026-09-22T23:12:42Z
SBS,B-230803,2021-03,https://intranet2.sbs.gob.pe/estadistica/financiera/2021/Marzo/B-230803-ma2021.XLS,data/raw/sbs/B-230803/B-230803_2021-03.xls,ok,xls,32768,aeca822d510a438245c2c19faea963908f93cc2604e48aa7c1be72ff7136a2ee,2026-09-22T23:12:42Z
SBS,B-230803,2021-04,https://intranet2.sbs.gob.pe/estadistica/financiera/2021/Abril/B-230803-ab2021.XLS,data/raw/sbs/B-230803/B-230803_2021-04.xls,ok,xls,32768,5a31fde913747422ba285baa7282c8d5450822a58587e42c6644a6f659635eee,2026-09-22T23:12:42Z
SBS,B-230803,2021-05,https://intranet2.sbs.gob.pe/estadistica/financiera/2021/Mayo/B-230803-my2021.XLS,data/raw/sbs/B-230803/B-230803_2021-05.xls,ok,xls,32768,730116f4cf64b5fb26da240dce979aa5835ccbea646a63e0a09a1625fb619e34,2026-09-22T23:12:42Z
SBS,B-230803,2021-06,https://intranet2.sbs.gob.pe/estadistica/financiera/2021/Junio/B-230803-jn2021.XLS,data/raw/sbs/B-230803/B-230803_2021-06.xls,ok,xls,32768,06726cfc941f8107a7ed762d465d86930ed2e9082c7b93a390158bca9711dfcf,2026-09-22T23:12:42Z
SBS,B-230803,2021-07,https://intranet2.sbs.gob.pe/estadistica/financiera/2021/Julio/B-230803-jl2021.XLS,data/raw/sbs/B-230803/B-230803_2021-07.xls,ok,xls,32768,b17e0c2565c32e038b80431c2dd20ea8434040b7d57328bea4e8969471e391b4,2026-09-22T23:12:43Z
SBS,B-230803,2021-08,https://intranet2.sbs.gob.pe/estadistica/financiera/2021/Agosto/B-230803-ag2021.XLS,data/raw/sbs/B-230803/B-230803_2021-08.xls,ok,xls,32768,cf0a0c95f9b13f44441e18700b56195308268d09277b34c2c38b7ebdd48e8396,2026-09-22T23:12:43Z
SBS,B-230803,2021-09,https://intranet2.sbs.gob.pe/estadistica/financiera/2021/Setiembre/B-230803-se2021.XLS,data/raw/sbs/B-230803/B-230803_2021-09.xls,ok,xls,32768,51f8c03131eb6b813062b18c6e4740526cc4b8dd0da479660d0e992758e2a7a0,2026-09-22T23:12:43Z
SBS,B-230803,2021-10,https://intranet2.sbs.gob.pe/estadistica/financiera/2021/Octubre/B-230803-oc2021.XLS,data/raw/sbs/B-230803/B-230803_2021-10.xls,ok,xls,32768,6ff5fb46c1d228b6f1c5b48abe40a4f507b4ce83b048cd9d71ba8fedaf4e3b2b,2026-09-22T23:12:43Z
SBS,B-230803,2021-11,https://intranet2.sbs.gob.pe/estadistica/financiera/2021/Noviembre/B-230803-no2021.XLS,data/raw/sbs/B-230803/B-230803_2021-11.xls,ok,xls,32768,38b0eefa148d86843a98f45c181148c23a2b60fa2a3117e94c499b78b4256457,2026-09-22T23:12:44Z
SBS,B-230803,2021-12,https://intranet2.sbs.gob.pe/estadistica/financiera/2021/Diciembre/B-230803-di2021.XLS,data/raw/sbs/B-230803/B-230803_2021-12.xls,ok,xls,32768,c6d8a0089a6e10aaa68a5b7ff9349d03bc9cd836f3677d37082e5fe4ceba863e,2026-09-22T23:12:44Z
SBS,B-230803,2022-01,https://intranet2.sbs.gob.pe/estadistica/financiera/2022/Enero/B-230803-en2022.XLS,data/raw/sbs/B-230803/B-230803_2022-01.xls,ok,xls,34304,d12e1bd52876904dcedc25e45bf20e749003c6477788c560aab39a7adba42c64,2026-09-22T23:12:44Z
SBS,B-230803,2022-02,https://intranet2.sbs.gob.pe/estadistica/financiera/2022/Febrero/B-230803-fe2022.XLS,data/raw/sbs/B-230803/B-230803_2022-02.xls,ok,xls,34304,bd4c30b7b9209a776893672f8f615cb9b44e23fd80fe0eb22e43eaabfcbbdda6,2026-09-22T23:12:44Z
SBS,B-230803,2022-03,https://intranet2.sbs.gob.pe/estadistica/financiera/2022/Marzo/B-230803-ma2022.XLS,data/raw/sbs/B-230803/B-230803_2022-03.xls,ok,xls,33792,f358c0026a185658c37bcec626f13443fa61dde7cf1da4f853c77f453a3fb7ee,2026-09-22T23:12:44Z
SBS,B-230803,2022-04,https://intranet2.sbs.gob.pe/estadistica/financiera/2022/Abril/B-230803-ab2022.XLS,data/raw/sbs/B-230803/B-230803_2022-04.xls,ok,xls,33792,88cf0dee1ebe58437545eb34507e5377bcf5c1f13c5048827c6bf45370bb6b5c,2026-09-22T23:12:45Z
SBS,B-230803,2022-05,https://intranet2.sbs.gob.pe/estadistica/financiera/2022/Mayo/B-230803-my2022.XLS,data/raw/sbs/B-230803/B-230803_2022-05.xls,ok,xls,33792,cf6bb6a779c73e0b9ea1ba325201a2348e65060765439b43d46d2e26242d53fa,2026-09-22T23:12:45Z
SBS,B-230803,2022-06,https://intranet2.sbs.gob.pe/estadistica/financiera/2022/Junio/B-230803-jn2022.XLS,data/raw/sbs/B-230803/B-230803_2022-06.xls,ok,xls,32768,16c55ae14466c39449b438831f68aa4d1407e508d96819ee248ac6f9a17f37c5,2026-09-22T23:12:45Z
SBS,B-230803,2022-07,https://intranet2.sbs.gob.pe/estadistica/financiera/2022/Julio/B-230803-jl2022.XLS,data/raw/sbs/B-230803/B-230803_2022-07.xls,ok,xls,33280,91b784f003dd426cd6e77d60c2b86b5ba5459e1f2cc004d7e3dd2b874431661a,2026-09-22T23:12:45Z
SBS,B-230803,2022-08,https://intranet2.sbs.gob.pe/estadistica/financiera/2022/Agosto/B-230803-ag2022.XLS,data/raw/sbs/B-230803/B-230803_2022-08.xls,ok,xls,33280,8adbf91d6b2a454d555d8ea55859f724bde0f14f923eb62b933ebf9ed465a4eb,2026-09-22T23:12:46Z
SBS,B-230803,2022-09,https://intranet2.sbs.gob.pe/estadistica/financiera/2022/Setiembre/B-230803-se2022.XLS,data/raw/sbs/B-230803/B-230803_2022-09.xls,ok,xls,33280,4d3a4b7ee87db49cd8c11c07c326901085fa3e793df4cef3b8fc34701667de27,2026-09-22T23:12:46Z
SBS,B-230803,2022-10,https://intranet2.sbs.gob.pe/estadistica/financiera/2022/Octubre/B-230803-oc2022.XLS,data/raw/sbs/B-230803/B-230803_2022-10.xls,ok,xls,33280,bc02becf4e072c182104d5c1aebb1a3aa189407655d0fd5c55c2341a0d6153b3,2026-09-22T23:12:46Z
SBS,B-230803,2022-11,https://intranet2.sbs.gob.pe/estadistica/financiera/2022/Noviembre/B-230803-no2022.XLS,data/raw/sbs/B-230803/B-230803_2022-11.xls,ok,xls,33280,6ab065ca77aba4ad6f38617b21039c62d37dc4fb158e97f866dfb44ffbe3fe61,2026-09-22T23:12:46Z
SBS,B-230803,2022-12,https://intranet2.sbs.gob.pe/estadistica/financiera/2022/Diciembre/B-230803-di2022.XLS,data/raw/sbs/B-230803/B-230803_2022-12.xls,ok,xls,33280,78aecf633b021fe8fd845da937af1b48e856f53d109b4c77678eb0beb6f7098e,2026-09-22T23:12:47Z
SBS,B-230803,2023-01,https://intranet2.sbs.gob.pe/estadistica/financiera/2023/Enero/B-230803-en2023.XLS,data/raw/sbs/B-230803/B-230803_2023-01.xls,ok,xls,32768,d224b1bf1f5e82ab8b365e9d7ed0df4be6fb453aedad0762c32373226f70467f,2026-09-22T23:12:47Z
SBS,B-230803,2023-02,https://intranet2.sbs.gob.pe/estadistica/financiera/2023/Febrero/B-230803-fe2023.XLS,data/raw/sbs/B-230803/B-230803_2023-02.xls,ok,xls,32768,c1694485ba77db2350689b032305e0217aa5d6e694c96a17fb1b2792ea986127,2026-09-22T23:12:47Z
SBS,B-230803,2023-03,https://intranet2.sbs.gob.pe/estadistica/financiera/2023/Marzo/B-230803-ma2023.XLS,data/raw/sbs/B-230803/B-230803_2023-03.xls,ok,xls,32768,ccc546249d21584a9f7bdbcdad17a0dc9d6a5ed856f6878c71eb3cd27c13831f,2026-09-22T23:12:47Z
SBS,B-230803,2023-04,https://intranet2.sbs.gob.pe/estadistica/financiera/2023/Abril/B-230803-ab2023.XLS,data/raw/sbs/B-230803/B-230803_2023-04.xls,ok,xls,32768,5800d1dae5959b99e07bf76bffe16e1a32cd21ef94bae710116373b0a72e9eea,2026-09-22T23:12:47Z
SBS,B-230803,2023-05,https://intranet2.sbs.gob.pe/estadistica/financiera/2023/Mayo/B-230803-my2023.XLS,data/raw/sbs/B-230803/B-230803_2023-05.xls,ok,xls,32768,ef21ebfcb4d788f721625d7c939399c78f839a6eeaa21e32f3db429dec6b230f,2026-09-22T23:12:48Z
SBS,B-230803,2023-06,https://intranet2.sbs.gob.pe/estadistica/financiera/2023/Junio/B-230803-jn2023.XLS,data/raw/sbs/B-230803/B-230803_2023-06.xls,ok,xls,34304,377e1194d28494cb31f9b0ca3bbe0394ccc4fe353087d2de0d70138332e6921e,2026-09-22T23:12:48Z
SBS,B-230803,2023-07,https://intranet2.sbs.gob.pe/estadistica/financiera/2023/Julio/B-230803-jl2023.XLS,data/raw/sbs/B-230803/B-230803_2023-07.xls,ok,xls,34816,a26bdf5441a40e5af0867e90e9a0013df2c717d23400dd80b4aae2fc338394e2,2026-09-22T23:12:48Z
SBS,B-230803,2023-08,https://intranet2.sbs.gob.pe/estadistica/financiera/2023/Agosto/B-230803-ag2023.XLS,data/raw/sbs/B-230803/B-230803_2023-08.xls,ok,xls,32256,0a9efcc97f4f7aaf86c0d8df3410dbb7d651de677a33e9328aa658532e2c5f21,2026-09-22T23:12:48Z
SBS,B-230803,2023-09,https://intranet2.sbs.gob.pe/estadistica/financiera/2023/Setiembre/B-230803-se2023.XLS,data/raw/sbs/B-230803/B-230803_2023-09.xls,ok,xls,32768,5b69fa5b8d6177776dacafc4b2ce379381004f2d6a30523e5a838fd5726fe9f2,2026-09-22T23:12:49Z
SBS,B-230803,2023-10,https://intranet2.sbs.gob.pe/estadistica/financiera/2023/Octubre/B-230803-oc2023.XLS,data/raw/sbs/B-230803/B-230803_2023-10.xls,ok,xls,32768,efc46bb7b5773f5e14e6f023c4bb70373b2e4ef6ab8457417b371c964e3d27ad,2026-09-22T23:12:49Z
SBS,B-230803,2023-11,https://intranet2.sbs.gob.pe/estadistica/financiera/2023/Noviembre/B-230803-no2023.XLS,data/raw/sbs/B-230803/B-230803_2023-11.xls,ok,xls,32768,054c117854dc17e5419411b7b21324b42a33db9b6368d8d38950974a6b0e6883,2026-09-22T23:12:49Z
SBS,B-230803,2023-12,https://intranet2.sbs.gob.pe/estadistica/financiera/2023/Diciembre/B-230803-di2023.XLS,data/raw/sbs/B-230803/B-230803_2023-12.xls,ok,xls,32768,5a9002c3b65f2945c29a39f87bfa838902ab92a92712647dd711c6e36a437eab,2026-09-22T23:12:49Z
SBS,B-230803,2024-01,https://intranet2.sbs.gob.pe/estadistica/financiera/2024/Enero/B-230803-en2024.XLS,data/raw/sbs/B-230803/B-230803_2024-01.xls,ok,xls,32768,cbda5ca2e37e6afb4d361cfb0564b85d21370acdba84c67353bac1a74131d3cf,2026-09-22T23:12:50Z
SBS,B-230803,2024-02,https://intranet2.sbs.gob.pe/estadistica/financiera/2024/Febrero/B-230803-fe2024.XLS,data/raw/sbs/B-230803/B-230803_2024-02.xls,ok,xls,32768,13bc4df51699bb132fd0ffd2fca54b66abc7b114e6ecce4ad2cc20d6a606ef1f,2026-09-22T23:12:50Z
SBS,B-230803,2024-03,https://intranet2.sbs.gob.pe/estadistica/financiera/2024/Marzo/B-230803-ma2024.XLS,data/raw/sbs/B-230803/B-230803_2024-03.xls,ok,xls,32768,0a3b91b14a35d21a0dfc2b41a25081bd5cc5650cdfcc5a29da00e2227aace67b,2026-09-22T23:12:50Z
SBS,B-230803,2024-04,https://intranet2.sbs.gob.pe/estadistica/financiera/2024/Abril/B-230803-ab2024.XLS,data/raw/sbs/B-230803/B-230803_2024-04.xls,ok,xls,32768,8cae4329c3bdc8e97c536fc7430a640d04619bb612a6e0d2fa9456569573bf3a,2026-09-22T23:12:50Z
SBS,B-230803,2024-05,https://intranet2.sbs.gob.pe/estadistica/financiera/2024/Mayo/B-230803-my2024.XLS,data/raw/sbs/B-230803/B-230803_2024-05.xls,ok,xls,32768,270c0e36e97e56e80eddae8dfc2cee3d89eaddca8ade6539da23d98fb782c3f5,2026-09-22T23:12:50Z
SBS,B-230803,2024-06,https://intranet2.sbs.gob.pe/estadistica/financiera/2024/Junio/B-230803-jn2024.XLS,data/raw/sbs/B-230803/B-230803_2024-06.xls,ok,xls,33280,3dbf0c0bd071fafd734267f1375b3abbfb0621f8f54b4235204b0a6a9ab2b49c,2026-09-22T23:12:51Z
SBS,B-230803,2024-07,https://intranet2.sbs.gob.pe/estadistica/financiera/2024/Julio/B-230803-jl2024.XLS,data/raw/sbs/B-230803/B-230803_2024-07.xls,ok,xls,32768,50e4ca54d76015805e395e809a17cb2641885a53b8497065152b6584043c813f,2026-09-22T23:12:51Z
SBS,B-230803,2024-08,https://intranet2.sbs.gob.pe/estadistica/financiera/2024/Agosto/B-230803-ag2024.XLS,data/raw/sbs/B-230803/B-230803_2024-08.xls,ok,xls,32768,b337978384ad4e30cedb02f7b5e60a3a5ec59b9f57db929278dbe564657c7eb7,2026-09-22T23:12:51Z
SBS,B-230803,2024-09,https://intranet2.sbs.gob.pe/estadistica/financiera/2024/Setiembre/B-230803-se2024.XLS,data/raw/sbs/B-230803/B-230803_2024-09.xls,ok,xls,32768,bab4b9e66d59286e76b0c7eca3576274faf3fe7b4b9718f44d811013af3f46d1,2026-09-22T23:12:51Z
SBS,B-230803,2024-10,https://intranet2.sbs.gob.pe/estadistica/financiera/2024/Octubre/B-230803-oc2024.XLS,data/raw/sbs/B-230803/B-230803_2024-10.xls,ok,xls,32768,02f3cab7b0abbeb5114fb16775473f654d2aab8375459c05fff6299f239258e0,2026-09-22T23:12:52Z
SBS,B-230803,2024-11,https://intranet2.sbs.gob.pe/estadistica/financiera/2024/Noviembre/B-230803-no2024.XLS,data/raw/sbs/B-230803/B-230803_2024-11.xls,ok,xls,33280,869354579b2e1adf52caeb00ce19b147b6fc6a0f789c2a7c32803161bea10cfd,2026-09-22T23:12:52Z
SBS,B-230803,2024-12,https://intranet2.sbs.gob.pe/estadistica/financiera/2024/Diciembre/B-230803-di2024.XLS,data/raw/sbs/B-230803/B-230803_2024-12.xls,ok,xls,32768,dfc86d458badc5d87ce23705a8d18b96ed9aca5d5613278b7dc79536854b9c6b,2026-09-22T23:12:52Z
SBS,B-230803,2025-01,https://intranet2.sbs.gob.pe/estadistica/financiera/2025/Enero/B-230803-en2025.XLS,data/raw/sbs/B-230803/B-230803_2025-01.xls,ok,xls,34304,1351039b80f51b1a0142b7159791f6dc6308326d6385783d0f725dc54310339b,2026-09-22T23:12:52Z
SBS,B-230803,2025-02,https://intranet2.sbs.gob.pe/estadistica/financiera/2025/Febrero/B-230803-fe2025.XLS,data/raw/sbs/B-230803/B-230803_2025-02.xls,ok,xls,32768,b221b968768fd294afe4fa8311265b527b205f0371bc1f293215acc4f5c08559,2026-09-22T23:12:52Z
SBS,B-230803,2025-03,https://intranet2.sbs.gob.pe/estadistica/financiera/2025/Marzo/B-230803-ma2025.XLS,data/raw/sbs/B-230803/B-230803_2025-03.xls,ok,xls,32768,c1f82e3da5a9abcec8cb6fb21a51311ecc8e52d203ed0f9dc3b49678fcffe38a,2026-09-22T23:12:53Z
SBS,B-230803,2025-04,https://intranet2.sbs.gob.pe/estadistica/financiera/2025/Abril/B-230803-ab2025.XLS,data/raw/sbs/B-230803/B-230803_2025-04.xls,ok,xls,34816,b79a22ef92abe660f993f3ef10db8c7d13d543aa24745936f624ddefd73f948d,2026-09-22T23:12:53Z
SBS,B-230803,2025-05,https://intranet2.sbs.gob.pe/estadistica/financiera/2025/Mayo/B-230803-my2025.XLS,data/raw/sbs/B-230803/B-230803_2025-05.xls,ok,xls,32768,e5fe63ab72887cd7e29527f3578bb808f2396f78cab307cb0d4cd9c05fd2a876,2026-09-22T23:12:53Z
SBS,B-230803,2025-06,https://intranet2.sbs.gob.pe/estadistica/financiera/2025/Junio/B-230803-jn2025.XLS,data/raw/sbs/B-230803/B-230803_2025-06.xls,ok,xls,30208,a392ae3fde6bb0e33aca812a817e00c16e3be09fd9e41839720d9bc5e781a543,2026-09-22T23:12:53Z
SBS,B-230803,2025-07,https://intranet2.sbs.gob.pe/estadistica/financiera/2025/Julio/B-230803-jl2025.XLS,data/raw/sbs/B-230803/B-230803_2025-07.xls,ok,xls,30208,ee916ac5ff379912739cefcff2ad0aad27458a786fbfe72a90e339cd85322758,2026-09-22T23:12:54Z
SBS,B-230803,2025-08,https://intranet2.sbs.gob.pe/estadistica/financiera/2025/Agosto/B-230803-ag2025.XLS,data/raw/sbs/B-230803/B-230803_2025-08.xls,ok,xls,30208,b145eaeccaec8afb1610d5264e90ce7948e672236da958916ea9dcf4068956c6,2026-09-22T23:12:54Z
SBS,B-230803,2025-09,https://intranet2.sbs.gob.pe/estadistica/financiera/2025/Setiembre/B-230803-se2025.XLS,data/raw/sbs/B-230803/B-230803_2025-09.xls,ok,xls,33280,c98e577a19ea987ba9649dc566e7d7290b8bdea4ce7b84b2719079ef00dcfbd9,2026-09-22T23:12:54Z
SBS,B-230803,2025-10,https://intranet2.sbs.gob.pe/estadistica/financiera/2025/Octubre/B-230803-oc2025.XLS,data/raw/sbs/B-230803/B-230803_2025-10.xls,ok,xls,30208,483e2a070ec709cc252c80a67157db7f56ead06ed6885e972a2c987e7c06ca28,2026-09-22T23:12:54Z
SBS,B-230803,2025-11,https://intranet2.sbs.gob.pe/estadistica/financiera/2025/Noviembre/B-230803-no2025.XLS,data/raw/sbs/B-230803/B-230803_2025-11.xls,ok,xls,29696,e406401bc237f12aa7cc72f8103a02535d6036570d76d8321040389c181e1d67,2026-09-22T23:12:55Z
SBS,B-230803,2025-12,https://intranet2.sbs.gob.pe/estadistica/financiera/2025/Diciembre/B-230803-di2025.XLS,data/raw/sbs/B-230803/B-230803_2025-12.xls,ok,xls,31232,918b8bb4a864385f78d792647a7d9f532f7c2be8ecfb5e051a3bf005c058f633,2026-09-22T23:12:55Z
SBS,B-230803,2026-01,https://intranet2.sbs.gob.pe/estadistica/financiera/2026/Enero/B-230803-en2026.XLS,data/raw/sbs/B-230803/B-230803_2026-01.xls,ok,xls,29696,39178a518e07ef0c3d41b77906e8ad370dca16c2d8bbfadc30f2f0e31c161dbd,2026-09-22T23:12:55Z
SBS,B-230803,2026-02,https://intranet2.sbs.gob.pe/estadistica/financiera/2026/Febrero/B-230803-fe2026.XLS,data/raw/sbs/B-230803/B-230803_2026-02.xls,ok,xls,29696,0be9419bcaaaeccc7e483623abf337686409261d654e709c11ed65b22dc46f91,2026-09-22T23:12:55Z
SBS,B-230803,2026-03,https://intranet2.sbs.gob.pe/estadistica/financiera/2026/Marzo/B-230803-ma2026.XLS,data/raw/sbs/B-230803/B-230803_2026-03.xls,ok,xls,29696,4c481e53824afffc5c8b18d84318276f559f73a771a0e4644de6efaf65a91082,2026-09-22T23:12:55Z
SBS,B-230803,2026-04,https://intranet2.sbs.gob.pe/estadistica/financiera/2026/Abril/B-230803-ab2026.XLS,data/raw/sbs/B-230803/B-230803_2026-04.xls,ok,xls,29696,33769b3b7cf18e0d7f4ab746e6a9611650507bd4ecde5cd3614651f032d609c0,2026-09-22T23:12:56Z
SBS,B-230803,2026-05,https://intranet2.sbs.gob.pe/estadistica/financiera/2026/Mayo/B-230803-my2026.XLS,data/raw/sbs/B-230803/B-230803_2026-05.xls,ok,xls,29696,69becf19536ab7f3425c129b0148a7aa2090983340850d0c071cf7e7f8383031,2026-09-22T23:12:56Z
SBS,B-230803,2026-06,https://intranet2.sbs.gob.pe/estadistica/financiera/2026/Junio/B-230803-jn2026.XLS,data/raw/sbs/B-230803/B-230803_2026-06.xls,ok,xls,30208,0b26a0be417136bd99a53a7f7c93dfe172e30a8531c5130638b62491bdf6a3e4,2026-09-22T23:12:56Z
SBS,B-230803,2026-07,https://intranet2.sbs.gob.pe/estadistica/financiera/2026/Julio/B-230803-jl2026.XLS,data/raw/sbs/B-230803/B-230803_2026-07.xls,ok,xls,30208,d0d5f461c6c80a05f7e6e3e43a8462ce4a799d3d5d220b3d69837fdbad0326dc,2026-09-22T23:12:56Z
SBS,B-2334,2015-01,https://intranet2.sbs.gob.pe/estadistica/financiera/2015/Enero/B-2334-en2015.XLS,data/raw/sbs/B-2334/B-2334_2015-01.xls,ok,xls,47616,03fbf5e4c59ebd8ef9e51cdff5cd7ea01dcd5bb76c103c02ddcb414af9395ec0,2026-09-22T23:11:20Z
SBS,B-2334,2015-02,https://intranet2.sbs.gob.pe/estadistica/financiera/2015/Febrero/B-2334-fe2015.XLS,data/raw/sbs/B-2334/B-2334_2015-02.xls,ok,xls,47616,cc9d3586b2d5bc598c1985595001550d6f6fb6fed386840bb4a83e30c475f0d6,2026-09-22T23:11:20Z
SBS,B-2334,2015-03,https://intranet2.sbs.gob.pe/estadistica/financiera/2015/Marzo/B-2334-ma2015.XLS,data/raw/sbs/B-2334/B-2334_2015-03.xls,ok,xls,47616,e3bb1626191c9c22fa07769e3670143d86862620e7e6779a1f29cb7a5e9d66ba,2026-09-22T23:11:20Z
SBS,B-2334,2015-04,https://intranet2.sbs.gob.pe/estadistica/financiera/2015/Abril/B-2334-ab2015.XLS,data/raw/sbs/B-2334/B-2334_2015-04.xls,ok,xls,47616,e5e2e16791b71847920f12baa0b3872029a6f66db33bd564ff197119e3291b5b,2026-09-22T23:11:21Z
SBS,B-2334,2015-05,https://intranet2.sbs.gob.pe/estadistica/financiera/2015/Mayo/B-2334-my2015.XLS,data/raw/sbs/B-2334/B-2334_2015-05.xls,ok,xls,47616,3d488d4c8486106393a54ba3eadbee232cc6b56092718b5304fec8e6de760a9a,2026-09-22T23:11:21Z
SBS,B-2334,2015-06,https://intranet2.sbs.gob.pe/estadistica/financiera/2015/Junio/B-2334-jn2015.XLS,data/raw/sbs/B-2334/B-2334_2015-06.xls,ok,xls,47616,f89cf3a2ee15bd727a42e03597e19dc793b56a211d4958a17093301d04a1bb2e,2026-09-22T23:11:21Z
SBS,B-2334,2015-07,https://intranet2.sbs.gob.pe/estadistica/financiera/2015/Julio/B-2334-jl2015.XLS,data/raw/sbs/B-2334/B-2334_2015-07.xls,ok,xls,47616,b3ac718fe67d07149b42bbf152902decadfccaeabd728dacd0aa7536e99dccd1,2026-09-22T23:11:21Z
SBS,B-2334,2015-08,https://intranet2.sbs.gob.pe/estadistica/financiera/2015/Agosto/B-2334-ag2015.XLS,data/raw/sbs/B-2334/B-2334_2015-08.xls,ok,xlsx,27550,f96961c3b4f0e7741ccc3cede35db0c7984b2a6608c12457f9262eaa8f080bb0,2026-09-22T23:11:22Z
SBS,B-2334,2015-09,https://intranet2.sbs.gob.pe/estadistica/financiera/2015/Setiembre/B-2334-se2015.XLS,data/raw/sbs/B-2334/B-2334_2015-09.xls,ok,xlsx,27603,e94ee70a717d037093ed30ce1f69a7b1d263ac075bd5160117c808b4e645ae5c,2026-09-22T23:11:22Z
SBS,B-2334,2015-10,https://intranet2.sbs.gob.pe/estadistica/financiera/2015/Octubre/B-2334-oc2015.XLS,data/raw/sbs/B-2334/B-2334_2015-10.xls,ok,xls,48640,912816272a896e47271c35504a0209d2d51965143ae4f89d9479cc4c6cf3400d,2026-09-22T23:11:22Z
SBS,B-2334,2015-11,https://intranet2.sbs.gob.pe/estadistica/financiera/2015/Noviembre/B-2334-no2015.XLS,data/raw/sbs/B-2334/B-2334_2015-11.xls,ok,xls,46080,5c983bcdaded3729410937075d56dc5dff51d49f1a3b2db26fa480248e4dafdc,2026-09-22T23:11:22Z
SBS,B-2334,2015-12,https://intranet2.sbs.gob.pe/estadistica/financiera/2015/Diciembre/B-2334-di2015.XLS,data/raw/sbs/B-2334/B-2334_2015-12.xls,ok,xls,46080,9924ef3b3fb5e96496a6392131e32e87f051c2da3989b9f4a116bce4b69227fd,2026-09-22T23:11:22Z
SBS,B-2334,2016-01,https://intranet2.sbs.gob.pe/estadistica/financiera/2016/Enero/B-2334-en2016.XLS,data/raw/sbs/B-2334/B-2334_2016-01.xls,ok,xls,46080,a43fec06d7dee0fa184652998d2e28010527f125b3d97edb7acb3ed3fb2451ac,2026-09-22T23:11:23Z
SBS,B-2334,2016-02,https://intranet2.sbs.gob.pe/estadistica/financiera/2016/Febrero/B-2334-fe2016.XLS,data/raw/sbs/B-2334/B-2334_2016-02.xls,ok,xls,46080,4275db5289db76a246d06ea32f0ee0d24f17ddd1ba32f8c20e46702a43db71d5,2026-09-22T23:11:23Z
SBS,B-2334,2016-03,https://intranet2.sbs.gob.pe/estadistica/financiera/2016/Marzo/B-2334-ma2016.XLS,data/raw/sbs/B-2334/B-2334_2016-03.xls,ok,xls,46080,8582b40ef7222fac4792c7e159031b02c23f0f9f9a7722819862e9600d2754f7,2026-09-22T23:11:23Z
SBS,B-2334,2016-04,https://intranet2.sbs.gob.pe/estadistica/financiera/2016/Abril/B-2334-ab2016.XLS,data/raw/sbs/B-2334/B-2334_2016-04.xls,ok,xls,46080,02d46eb4248c4d889df98c0043298cf0515afd721000cea3ec91dbe4fa7a74bd,2026-09-22T23:11:23Z
SBS,B-2334,2016-05,https://intranet2.sbs.gob.pe/estadistica/financiera/2016/Mayo/B-2334-my2016.XLS,data/raw/sbs/B-2334/B-2334_2016-05.xls,ok,xls,46080,4b21f9c5d4c29dccf217eb7e37510ee363303e18de7c6d2739d2fefa9391c580,2026-09-22T23:11:24Z
SBS,B-2334,2016-06,https://intranet2.sbs.gob.pe/estadistica/financiera/2016/Junio/B-2334-jn2016.XLS,data/raw/sbs/B-2334/B-2334_2016-06.xls,ok,xls,46080,e72a0ff9069c7eb6ed00b49e757072ed4162fee5bded95333ed1f170d04ef90c,2026-09-22T23:11:24Z
SBS,B-2334,2016-07,https://intranet2.sbs.gob.pe/estadistica/financiera/2016/Julio/B-2334-jl2016.XLS,data/raw/sbs/B-2334/B-2334_2016-07.xls,ok,xls,47104,8d66e97f57048d74738c3281ee77c718717e73ccbb1b608aef171a1c089118d4,2026-09-22T23:11:24Z
SBS,B-2334,2016-08,https://intranet2.sbs.gob.pe/estadistica/financiera/2016/Agosto/B-2334-ag2016.XLS,data/raw/sbs/B-2334/B-2334_2016-08.xls,ok,xls,45568,0bac6cd6eac2c5e24993380fbc58afa22b28ea3cc388c3f105505844218bf88c,2026-09-22T23:11:24Z
SBS,B-2334,2016-09,https://intranet2.sbs.gob.pe/estadistica/financiera/2016/Setiembre/B-2334-se2016.XLS,data/raw/sbs/B-2334/B-2334_2016-09.xls,ok,xls,46592,95b13bdae6f68797e73c79a0e7abb8a543e2cb120fd8399db13860d8e7407e91,2026-09-22T23:11:25Z
SBS,B-2334,2016-10,https://intranet2.sbs.gob.pe/estadistica/financiera/2016/Octubre/B-2334-oc2016.XLS,data/raw/sbs/B-2334/B-2334_2016-10.xls,ok,xls,45568,f964fa8abc3cd956664f49767a2dc09fa929d81a717434090bc51a2d76296277,2026-09-22T23:11:25Z
SBS,B-2334,2016-11,https://intranet2.sbs.gob.pe/estadistica/financiera/2016/Noviembre/B-2334-no2016.XLS,data/raw/sbs/B-2334/B-2334_2016-11.xls,ok,xls,45568,e2f423c398273c8bdeb12c2ef0b66068a521ecc17cbfbf5a746e6e01c36170fc,2026-09-22T23:11:25Z
SBS,B-2334,2016-12,https://intranet2.sbs.gob.pe/estadistica/financiera/2016/Diciembre/B-2334-di2016.XLS,data/raw/sbs/B-2334/B-2334_2016-12.xls,ok,xls,47616,aa5286a69bd69303c2a8dc3307aed35d7d77d9fc8d7bab788eef8953ec258861,2026-09-22T23:11:25Z
SBS,B-2334,2017-01,https://intranet2.sbs.gob.pe/estadistica/financiera/2017/Enero/B-2334-en2017.XLS,data/raw/sbs/B-2334/B-2334_2017-01.xls,ok,xls,46080,4de7c764f4b13281dabb91faa919ab64d6c415a7c824605d2c76b9e15e31a634,2026-09-22T23:11:25Z
SBS,B-2334,2017-02,https://intranet2.sbs.gob.pe/estadistica/financiera/2017/Febrero/B-2334-fe2017.XLS,data/raw/sbs/B-2334/B-2334_2017-02.xls,ok,xls,46080,d90a7b0316063ac7cbb6f47f327dc2b22d80bd68dd0884bec39a900d2fdfc884,2026-09-22T23:11:26Z
SBS,B-2334,2017-03,https://intranet2.sbs.gob.pe/estadistica/financiera/2017/Marzo/B-2334-ma2017.XLS,data/raw/sbs/B-2334/B-2334_2017-03.xls,ok,xls,46592,7b58fea2dbeb13e80bccc8f3aa9c74833a90065dc238676232d0509eeb270257,2026-09-22T23:11:26Z
SBS,B-2334,2017-04,https://intranet2.sbs.gob.pe/estadistica/financiera/2017/Abril/B-2334-ab2017.XLS,data/raw/sbs/B-2334/B-2334_2017-04.xls,ok,xls,46592,728c939688ad193af3abc21322af6367ee5af58683da201e5a06c3ed14d0e0ec,2026-09-22T23:11:26Z
SBS,B-2334,2017-05,https://intranet2.sbs.gob.pe/estadistica/financiera/2017/Mayo/B-2334-my2017.XLS,data/raw/sbs/B-2334/B-2334_2017-05.xls,ok,xls,46080,77a12c805d38e711f8a0141d51785bd5f6c0e728bfe885dc146f86d1a5846c44,2026-09-22T23:11:26Z
SBS,B-2334,2017-06,https://intranet2.sbs.gob.pe/estadistica/financiera/2017/Junio/B-2334-jn2017.XLS,data/raw/sbs/B-2334/B-2334_2017-06.xls,ok,xls,46080,79989edbba0f470c01872c926f0a39bee40b89c4f91299583aa82e74a07d6145,2026-09-22T23:11:27Z
SBS,B-2334,2017-07,https://intranet2.sbs.gob.pe/estadistica/financiera/2017/Julio/B-2334-jl2017.XLS,data/raw/sbs/B-2334/B-2334_2017-07.xls,ok,xls,46080,98b0f492fa68477675a7be9eb408669c13eac39af3210bbc9a6057e9dfab346c,2026-09-22T23:11:27Z
SBS,B-2334,2017-08,https://intranet2.sbs.gob.pe/estadistica/financiera/2017/Agosto/B-2334-ag2017.XLS,data/raw/sbs/B-2334/B-2334_2017-08.xls,ok,xls,46592,d8ec15946f4f2d4ce1f402546b913d9ec8a877e37b085c79709ee41d42ef7952,2026-09-22T23:11:27Z
SBS,B-2334,2017-09,https://intranet2.sbs.gob.pe/estadistica/financiera/2017/Setiembre/B-2334-se2017.XLS,data/raw/sbs/B-2334/B-2334_2017-09.xls,ok,xls,46080,e10545f160c15e1e27a291ab2a46e79c4ae493caea208ff58db3aab336b346bc,2026-09-22T23:11:27Z
SBS,B-2334,2017-10,https://intranet2.sbs.gob.pe/estadistica/financiera/2017/Octubre/B-2334-oc2017.XLS,data/raw/sbs/B-2334/B-2334_2017-10.xls,ok,xls,46080,59f35d3f604503921fff71982d4c6fbbc2f43fd9a9b872e4c66709412759e290,2026-09-22T23:11:28Z
SBS,B-2334,2017-11,https://intranet2.sbs.gob.pe/estadistica/financiera/2017/Noviembre/B-2334-no2017.XLS,data/raw/sbs/B-2334/B-2334_2017-11.xls,ok,xls,46080,9a34a98b17cfa83fc48f4d60ce86f8f32a0356e122f7e7289c8a99b5f0e7fc96,2026-09-22T23:11:28Z
SBS,B-2334,2017-12,https://intranet2.sbs.gob.pe/estadistica/financiera/2017/Diciembre/B-2334-di2017.XLS,data/raw/sbs/B-2334/B-2334_2017-12.xls,ok,xls,47616,30ad440527202653a1120b65dcc394c2de1967b4160e75c64ff024ead30f335c,2026-09-22T23:11:28Z
SBS,B-2334,2018-01,https://intranet2.sbs.gob.pe/estadistica/financiera/2018/Enero/B-2334-en2018.XLS,data/raw/sbs/B-2334/B-2334_2018-01.xls,ok,xls,47616,34616b4efeb4ba76f3c3ff4e533521cd3c4a3704a98c92dead893ff8e3de0ad9,2026-09-22T23:11:28Z
SBS,B-2334,2018-02,https://intranet2.sbs.gob.pe/estadistica/financiera/2018/Febrero/B-2334-fe2018.XLS,data/raw/sbs/B-2334/B-2334_2018-02.xls,ok,xls,47616,7d4abd361a3319611b85600d12ac36a4b82bb6857608f358b1cbc6a1150e98b7,2026-09-22T23:11:29Z
SBS,B-2334,2018-03,https://intranet2.sbs.gob.pe/estadistica/financiera/2018/Marzo/B-2334-ma2018.XLS,data/raw/sbs/B-2334/B-2334_2018-03.xls,ok,xls,46080,ce5b7a923c08846adcb3e7e9799fa3aafbb823735f536fc63fb7ed6a2b394d1b,2026-09-22T23:11:29Z
SBS,B-2334,2018-04,https://intranet2.sbs.gob.pe/estadistica/financiera/2018/Abril/B-2334-ab2018.XLS,data/raw/sbs/B-2334/B-2334_2018-04.xls,ok,xls,46080,e24643975388b81c53cd4309a322c066abb625eb36e4f643b095f90c1a1e1a66,2026-09-22T23:11:29Z
SBS,B-2334,2018-05,https://intranet2.sbs.gob.pe/estadistica/financiera/2018/Mayo/B-2334-my2018.XLS,data/raw/sbs/B-2334/B-2334_2018-05.xls,ok,xls,48128,2ca7861fc1b77435dc9cb427d8de2ef034c94edc3960ff401e94a2bdb8497396,2026-09-22T23:11:29Z
SBS,B-2334,2018-06,https://intranet2.sbs.gob.pe/estadistica/financiera/2018/Junio/B-2334-jn2018.XLS,data/raw/sbs/B-2334/B-2334_2018-06.xls,ok,xls,46080,10d9aa172189932b837b86a2fdc4e63549b6948a6babf443fe01f8edf8d452a7,2026-09-22T23:11:29Z
SBS,B-2334,2018-07,https://intranet2.sbs.gob.pe/estadistica/financiera/2018/Julio/B-2334-jl2018.XLS,data/raw/sbs/B-2334/B-2334_2018-07.xls,ok,xls,46080,875c32692cdd0d4ce7328582937732d8a12c0f3176923c02ea19bbc003c675aa,2026-09-22T23:11:30Z
SBS,B-2334,2018-08,https://intranet2.sbs.gob.pe/estadistica/financiera/2018/Agosto/B-2334-ag2018.XLS,data/raw/sbs/B-2334/B-2334_2018-08.xls,ok,xls,46080,24d98e673b22e6e9b090323879e1b6c0360b5f74d1f2620793b8154a7b7e0e3f,2026-09-22T23:11:30Z
SBS,B-2334,2018-09,https://intranet2.sbs.gob.pe/estadistica/financiera/2018/Setiembre/B-2334-se2018.XLS,data/raw/sbs/B-2334/B-2334_2018-09.xls,ok,xls,46080,fbcf3e7c18277f5a7ee9f22d59029e6df896426272be5c1cb39df8f2e8768c03,2026-09-22T23:11:30Z
SBS,B-2334,2018-10,https://intranet2.sbs.gob.pe/estadistica/financiera/2018/Octubre/B-2334-oc2018.XLS,data/raw/sbs/B-2334/B-2334_2018-10.xls,ok,xls,46080,62ebc702c8826a580d995381e90cda177fbb096490fb978da1419b26c8f4a7d0,2026-09-22T23:11:30Z
SBS,B-2334,2018-11,https://intranet2.sbs.gob.pe/estadistica/financiera/2018/Noviembre/B-2334-no2018.XLS,data/raw/sbs/B-2334/B-2334_2018-11.xls,ok,xls,46080,aa2b9e5f21ee6a51fb258288fceb7dca248cd5d938e6865cd3938392759dbca0,2026-09-22T23:11:31Z
SBS,B-2334,2018-12,https://intranet2.sbs.gob.pe/estadistica/financiera/2018/Diciembre/B-2334-di2018.XLS,data/raw/sbs/B-2334/B-2334_2018-12.xls,ok,xls,46080,3c3cf1d16de0a96c2e718b52f68b068fe7040c7cde3ad5524392699fa3db7665,2026-09-22T23:11:31Z
SBS,B-2334,2019-01,https://intranet2.sbs.gob.pe/estadistica/financiera/2019/Enero/B-2334-en2019.XLS,data/raw/sbs/B-2334/B-2334_2019-01.xls,ok,xls,46080,9dd1b7ac84bcb8fbdb7933992dcc4be78796ca0e578e9db0322500fbf55b5b8c,2026-09-22T23:11:31Z
SBS,B-2334,2019-02,https://intranet2.sbs.gob.pe/estadistica/financiera/2019/Febrero/B-2334-fe2019.XLS,data/raw/sbs/B-2334/B-2334_2019-02.xls,ok,xls,46080,0ca04c340b5cd696daecece4e4bb116a3fa78925a094756d52a6de512fd81dc8,2026-09-22T23:11:31Z
SBS,B-2334,2019-03,https://intranet2.sbs.gob.pe/estadistica/financiera/2019/Marzo/B-2334-ma2019.XLS,data/raw/sbs/B-2334/B-2334_2019-03.xls,ok,xls,46080,9425a448c06fb42925fec7ce505ee9686fbce99f578158eed71fb44d4ee03196,2026-09-22T23:11:32Z
SBS,B-2334,2019-04,https://intranet2.sbs.gob.pe/estadistica/financiera/2019/Abril/B-2334-ab2019.XLS,data/raw/sbs/B-2334/B-2334_2019-04.xls,ok,xls,46080,1262e49b89112e236cf9beb325404c7cc861e186a5cbf9cc6182d2a95225b78e,2026-09-22T23:11:32Z
SBS,B-2334,2019-05,https://intranet2.sbs.gob.pe/estadistica/financiera/2019/Mayo/B-2334-my2019.XLS,data/raw/sbs/B-2334/B-2334_2019-05.xls,ok,xls,45568,3f4b8616bfaddc57698c6d33e49a27bcc8401015280d03269cf7b3131f410718,2026-09-22T23:11:32Z
SBS,B-2334,2019-06,https://intranet2.sbs.gob.pe/estadistica/financiera/2019/Junio/B-2334-jn2019.XLS,data/raw/sbs/B-2334/B-2334_2019-06.xls,ok,xls,46080,9e37774a1d3de77bc63fd7725d548db6b5d998c7b3268e0040cb00bb3f8ca85c,2026-09-22T23:11:32Z
SBS,B-2334,2019-07,https://intranet2.sbs.gob.pe/estadistica/financiera/2019/Julio/B-2334-jl2019.XLS,data/raw/sbs/B-2334/B-2334_2019-07.xls,ok,xls,45568,9c4f048bf566b0205eb6ef741ee44eafe232269c58e74936661be341875ff03a,2026-09-22T23:11:33Z
SBS,B-2334,2019-08,https://intranet2.sbs.gob.pe/estadistica/financiera/2019/Agosto/B-2334-ag2019.XLS,data/raw/sbs/B-2334/B-2334_2019-08.xls,ok,xls,45568,f3d94caf7b91354d23e54104afcbe273204ddf208a8a727b2c5cbc4e4ad25564,2026-09-22T23:11:33Z
SBS,B-2334,2019-09,https://intranet2.sbs.gob.pe/estadistica/financiera/2019/Setiembre/B-2334-se2019.XLS,data/raw/sbs/B-2334/B-2334_2019-09.xls,ok,xls,45568,435328c1adda3242fc5796144614ef95d28d4e8f88ded0f99b49e3cb3acdd692,2026-09-22T23:11:33Z
SBS,B-2334,2019-10,https://intranet2.sbs.gob.pe/estadistica/financiera/2019/Octubre/B-2334-oc2019.XLS,data/raw/sbs/B-2334/B-2334_2019-10.xls,ok,xls,45568,026967ae39ff7c71a65fc5bebc851c29399278603dd14d4edfff71b6a8cce6a9,2026-09-22T23:11:33Z
SBS,B-2334,2019-11,https://intranet2.sbs.gob.pe/estadistica/financiera/2019/Noviembre/B-2334-no2019.XLS,data/raw/sbs/B-2334/B-2334_2019-11.xls,ok,xls,47104,17d2b049800f1e36f7660deb43728096159685f10f5ae0b42cf938f4549ce227,2026-09-22T23:11:34Z
SBS,B-2334,2019-12,https://intranet2.sbs.gob.pe/estadistica/financiera/2019/Diciembre/B-2334-di2019.XLS,data/raw/sbs/B-2334/B-2334_2019-12.xls,ok,xls,47104,989a48816b3b9e51fc5e14050a8cdd61564ffcfc65b1055ec7cb26eacccb1ef8,2026-09-22T23:11:34Z
SBS,B-2334,2020-01,https://intranet2.sbs.gob.pe/estadistica/financiera/2020/Enero/B-2334-en2020.XLS,data/raw/sbs/B-2334/B-2334_2020-01.xls,ok,xls,47104,5082456710ca2771d7de23e23b81b06f5ac2d3c413764fd27844653e3f20fff3,2026-09-22T23:11:34Z
SBS,B-2334,2020-02,https://intranet2.sbs.gob.pe/estadistica/financiera/2020/Febrero/B-2334-fe2020.XLS,data/raw/sbs/B-2334/B-2334_2020-02.xls,ok,xls,47104,5c1939088e0cbfe2978af8064b3d62bb38335fa1d65dae290b1471c8dd826cd8,2026-09-22T23:11:34Z
SBS,B-2334,2020-03,https://intranet2.sbs.gob.pe/estadistica/financiera/2020/Marzo/B-2334-ma2020.XLS,data/raw/sbs/B-2334/B-2334_2020-03.xls,ok,xls,47104,1384a9653e70f7345e2fde6abf6cdd942c0b257a0c150b40e9a71e5435974611,2026-09-22T23:11:34Z
SBS,B-2334,2020-04,https://intranet2.sbs.gob.pe/estadistica/financiera/2020/Abril/B-2334-ab2020.XLS,data/raw/sbs/B-2334/B-2334_2020-04.xls,ok,xls,48640,0e42aec5964200272051ac55b41b9c410d227761f2d651a198f388870c16c0bd,2026-09-22T23:11:35Z
SBS,B-2334,2020-05,https://intranet2.sbs.gob.pe/estadistica/financiera/2020/Mayo/B-2334-my2020.XLS,data/raw/sbs/B-2334/B-2334_2020-05.xls,ok,xls,48640,f27a200ce44e4cf53d29609214f0df505ed8b45006aa710ba2ffb4fd05c97705,2026-09-22T23:11:35Z
SBS,B-2334,2020-06,https://intranet2.sbs.gob.pe/estadistica/financiera/2020/Junio/B-2334-jn2020.XLS,data/raw/sbs/B-2334/B-2334_2020-06.xls,ok,xls,48640,187b322bc5c5c3d6d1ff6ec57b73fab3e494cc16b0cfe92f6e66aecba47d651c,2026-09-22T23:11:35Z
SBS,B-2334,2020-07,https://intranet2.sbs.gob.pe/estadistica/financiera/2020/Julio/B-2334-jl2020.XLS,data/raw/sbs/B-2334/B-2334_2020-07.xls,ok,xls,49152,e0f4e19a4cabf189035f1cb951894477a0c1c792a02b35a2e23b5800ba8ec4da,2026-09-22T23:11:35Z
SBS,B-2334,2020-08,https://intranet2.sbs.gob.pe/estadistica/financiera/2020/Agosto/B-2334-ag2020.XLS,data/raw/sbs/B-2334/B-2334_2020-08.xls,ok,xls,48640,cb9929e0cbccda30c4aaf87f4b96cfb72580b9084926e5576710c661531b6d82,2026-09-22T23:11:36Z
SBS,B-2334,2020-09,https://intranet2.sbs.gob.pe/estadistica/financiera/2020/Setiembre/B-2334-se2020.XLS,data/raw/sbs/B-2334/B-2334_2020-09.xls,ok,xls,49152,c272983d1858697d6d2574121ff6fc7405d843c244d65625a587b6692e720b89,2026-09-22T23:11:36Z
SBS,B-2334,2020-10,https://intranet2.sbs.gob.pe/estadistica/financiera/2020/Octubre/B-2334-oc2020.XLS,data/raw/sbs/B-2334/B-2334_2020-10.xls,ok,xls,48640,27d33f55a19169bfb945c054cd5cfc9e8013a654972e57e31d2385a34a97260d,2026-09-22T23:11:36Z
SBS,B-2334,2020-11,https://intranet2.sbs.gob.pe/estadistica/financiera/2020/Noviembre/B-2334-no2020.XLS,data/raw/sbs/B-2334/B-2334_2020-11.xls,ok,xls,49152,e08ab585dd63fa78944ba8af2fc6af456e8895819efaa9d7ebfb5c664ca27018,2026-09-22T23:11:36Z
SBS,B-2334,2020-12,https://intranet2.sbs.gob.pe/estadistica/financiera/2020/Diciembre/B-2334-di2020.XLS,data/raw/sbs/B-2334/B-2334_2020-12.xls,ok,xls,47616,0fb5425c2343aafec447ec0c1b090e3d802496ce7b8a38405a39e7a486800be0,2026-09-22T23:11:37Z
SBS,B-2334,2021-01,https://intranet2.sbs.gob.pe/estadistica/financiera/2021/Enero/B-2334-en2021.XLS,data/raw/sbs/B-2334/B-2334_2021-01.xls,ok,xls,47616,57e8214166ed05953a5cf564f9d821abcfea53dec79a354bd8402343c7b1ed98,2026-09-22T23:11:37Z
SBS,B-2334,2021-02,https://intranet2.sbs.gob.pe/estadistica/financiera/2021/Febrero/B-2334-fe2021.XLS,data/raw/sbs/B-2334/B-2334_2021-02.xls,ok,xls,47104,3e37924c696f7b557cc494f93e26d91cd616a70e8c4c3bc58700e8f9daeedcfc,2026-09-22T23:11:37Z
SBS,B-2334,2021-03,https://intranet2.sbs.gob.pe/estadistica/financiera/2021/Marzo/B-2334-ma2021.XLS,data/raw/sbs/B-2334/B-2334_2021-03.xls,ok,xls,47104,b5cf7c16d7fc02d1ee5792ac06fd20b001ada197b1ac45942aad277bf79dbb50,2026-09-22T23:11:37Z
SBS,B-2334,2021-04,https://intranet2.sbs.gob.pe/estadistica/financiera/2021/Abril/B-2334-ab2021.XLS,data/raw/sbs/B-2334/B-2334_2021-04.xls,ok,xls,47104,5543dafe0cae8f7ba27951043b933ce00701d420fadbfdf339a96b63c0c7461d,2026-09-22T23:11:37Z
SBS,B-2334,2021-05,https://intranet2.sbs.gob.pe/estadistica/financiera/2021/Mayo/B-2334-my2021.XLS,data/raw/sbs/B-2334/B-2334_2021-05.xls,ok,xls,47104,64c9c9c2b42a890d4430ce7ade04a8f07ca0f7ee48669a6303f7c5c987a04fdf,2026-09-22T23:11:38Z
SBS,B-2334,2021-06,https://intranet2.sbs.gob.pe/estadistica/financiera/2021/Junio/B-2334-jn2021.XLS,data/raw/sbs/B-2334/B-2334_2021-06.xls,ok,xls,47104,c7455e5655131dcc7ce42ed8161675537d9622a95d7e4ac770556eae02924f6b,2026-09-22T23:11:38Z
SBS,B-2334,2021-07,https://intranet2.sbs.gob.pe/estadistica/financiera/2021/Julio/B-2334-jl2021.XLS,data/raw/sbs/B-2334/B-2334_2021-07.xls,ok,xls,47104,254fde82544272f7782d49241290b21cba33e7411626ac0973c8a98d76df8714,2026-09-22T23:11:38Z
SBS,B-2334,2021-08,https://intranet2.sbs.gob.pe/estadistica/financiera/2021/Agosto/B-2334-ag2021.XLS,data/raw/sbs/B-2334/B-2334_2021-08.xls,ok,xls,47104,b70bed097e96747df197e9f5f377fdd95466c3f57c26a1ed25fec64ecc7c7154,2026-09-22T23:11:38Z
SBS,B-2334,2021-09,https://intranet2.sbs.gob.pe/estadistica/financiera/2021/Setiembre/B-2334-se2021.XLS,data/raw/sbs/B-2334/B-2334_2021-09.xls,ok,xls,47104,3def888f48806edd656d78a67bbacd74ef85ccc5d772583ddcfeb5d0695fcff7,2026-09-22T23:11:39Z
SBS,B-2334,2021-10,https://intranet2.sbs.gob.pe/estadistica/financiera/2021/Octubre/B-2334-oc2021.XLS,data/raw/sbs/B-2334/B-2334_2021-10.xls,ok,xls,47104,05c4f6cc9d94de901dea1d18bc4979e67d068e071d730b9212c312802f760726,2026-09-22T23:11:39Z
SBS,B-2334,2021-11,https://intranet2.sbs.gob.pe/estadistica/financiera/2021/Noviembre/B-2334-no2021.XLS,data/raw/sbs/B-2334/B-2334_2021-11.xls,ok,xls,47616,4cec6aa807f32ee26e00f19aa24b6f6004131eb6c0a3f4de08122d2cd45196d8,2026-09-22T23:11:39Z
SBS,B-2334,2021-12,https://intranet2.sbs.gob.pe/estadistica/financiera/2021/Diciembre/B-2334-di2021.XLS,data/raw/sbs/B-2334/B-2334_2021-12.xls,ok,xls,47616,10dc8fbce308fe673dda26e683c3c7bc6659fe7bb7a6e0248dcce4f56d9c8260,2026-09-22T23:11:39Z
SBS,B-2334,2022-01,https://intranet2.sbs.gob.pe/estadistica/financiera/2022/Enero/B-2334-en2022.XLS,data/raw/sbs/B-2334/B-2334_2022-01.xls,ok,xls,47616,6f262440752377a3459f0274dab43c8d05c1a10522b3e4863ec27022dbd041f1,2026-09-22T23:11:40Z
SBS,B-2334,2022-02,https://intranet2.sbs.gob.pe/estadistica/financiera/2022/Febrero/B-2334-fe2022.XLS,data/raw/sbs/B-2334/B-2334_2022-02.xls,ok,xls,47616,f147550fb637ca9a827215ff1f12c694176ddf93317f5dc68bc3f0ff5c11fadf,2026-09-22T23:11:40Z
SBS,B-2334,2022-03,https://intranet2.sbs.gob.pe/estadistica/financiera/2022/Marzo/B-2334-ma2022.XLS,data/raw/sbs/B-2334/B-2334_2022-03.xls,ok,xls,47616,3bb72f5d95c36f7e0b66c034ed01ff04463ee2df5cbbe04f3e0d10ec7fc69f97,2026-09-22T23:11:40Z
SBS,B-2334,2022-04,https://intranet2.sbs.gob.pe/estadistica/financiera/2022/Abril/B-2334-ab2022.XLS,data/raw/sbs/B-2334/B-2334_2022-04.xls,ok,xls,47616,b6d3635cab1a39e0e144c5b16763b6a110cfb1af2803bccd1e49220f6d22e2b9,2026-09-22T23:11:40Z
SBS,B-2334,2022-05,https://intranet2.sbs.gob.pe/estadistica/financiera/2022/Mayo/B-2334-my2022.XLS,data/raw/sbs/B-2334/B-2334_2022-05.xls,ok,xls,47616,c6e3a45d35f8bf2cc45315e90ef6b7cb7598e9e266186f385bfd9f9983c8e7e9,2026-09-22T23:11:40Z
SBS,B-2334,2022-06,https://intranet2.sbs.gob.pe/estadistica/financiera/2022/Junio/B-2334-jn2022.XLS,data/raw/sbs/B-2334/B-2334_2022-06.xls,ok,xls,47616,957619addbd2884fddfa02b0c8b1e4e5b46d20a098a1b852f6c5ff530132a135,2026-09-22T23:11:41Z
SBS,B-2334,2022-07,https://intranet2.sbs.gob.pe/estadistica/financiera/2022/Julio/B-2334-jl2022.XLS,data/raw/sbs/B-2334/B-2334_2022-07.xls,ok,xls,48128,11dabb82ad67ecf07e0b33fc4b131d6c37a703b2db2e88cdc287412ba7979cf1,2026-09-22T23:11:41Z
SBS,B-2334,2022-08,https://intranet2.sbs.gob.pe/estadistica/financiera/2022/Agosto/B-2334-ag2022.XLS,data/raw/sbs/B-2334/B-2334_2022-08.xls,ok,xls,47616,0496f652b134110d8ead97f45c0c6ebe7d1db6fb9045bca78f398945aced31e1,2026-09-22T23:11:41Z
SBS,B-2334,2022-09,https://intranet2.sbs.gob.pe/estadistica/financiera/2022/Setiembre/B-2334-se2022.XLS,data/raw/sbs/B-2334/B-2334_2022-09.xls,ok,xls,47616,887a488b4a5f7c0f02562a7033b1504159ae16bc39e32e91545601e54d38db83,2026-09-22T23:11:41Z
SBS,B-2334,2022-10,https://intranet2.sbs.gob.pe/estadistica/financiera/2022/Octubre/B-2334-oc2022.XLS,data/raw/sbs/B-2334/B-2334_2022-10.xls,ok,xls,47616,482cfd699bd80945f10b7a0fde6d318c4327ead9d07f2a63c5a552f8b173930a,2026-09-22T23:11:42Z
SBS,B-2334,2022-11,https://intranet2.sbs.gob.pe/estadistica/financiera/2022/Noviembre/B-2334-no2022.XLS,data/raw/sbs/B-2334/B-2334_2022-11.xls,ok,xls,47616,58ade9da1aa918f04a664274af3423af9165b2b1f1f47e7e6eafdd6da07f89b5,2026-09-22T23:11:42Z
SBS,B-2334,2022-12,https://intranet2.sbs.gob.pe/estadistica/financiera/2022/Diciembre/B-2334-di2022.XLS,data/raw/sbs/B-2334/B-2334_2022-12.xls,ok,xls,47616,0064b6608f945183a89bb9d8373c19bb0d49c74c3e8a6d0b0cea4384159851f0,2026-09-22T23:11:42Z
SBS,B-2334,2023-01,https://intranet2.sbs.gob.pe/estadistica/financiera/2023/Enero/B-2334-en2023.XLS,data/raw/sbs/B-2334/B-2334_2023-01.xls,ok,xls,47616,e8cd42f5a0205f393b7e50b94c42b0c9f85fe3ed3d6a9b4923ee84c618bdb060,2026-09-22T23:11:42Z
SBS,B-2334,2023-02,https://intranet2.sbs.gob.pe/estadistica/financiera/2023/Febrero/B-2334-fe2023.XLS,data/raw/sbs/B-2334/B-2334_2023-02.xls,ok,xls,47616,9f97593af9ea8a2698c6f091206bc7e00a6722d5790547e40c6c20f7023577e5,2026-09-22T23:11:43Z
SBS,B-2334,2023-03,https://intranet2.sbs.gob.pe/estadistica/financiera/2023/Marzo/B-2334-ma2023.XLS,data/raw/sbs/B-2334/B-2334_2023-03.xls,ok,xls,47616,445c6af18901b33cb775f1e0d8147920972f49facd3d69c77c280c346ea2dfeb,2026-09-22T23:11:43Z
SBS,B-2334,2023-04,https://intranet2.sbs.gob.pe/estadistica/financiera/2023/Abril/B-2334-ab2023.XLS,data/raw/sbs/B-2334/B-2334_2023-04.xls,ok,xls,47616,cc7636347967009121722098453c6ec2991a919884e85bd8834a7bd1187a5ad7,2026-09-22T23:11:43Z
SBS,B-2334,2023-05,https://intranet2.sbs.gob.pe/estadistica/financiera/2023/Mayo/B-2334-my2023.XLS,data/raw/sbs/B-2334/B-2334_2023-05.xls,ok,xls,49664,f46c84bc0192f52080591f754903cd9d9e28575f4466bc0d90690fbe336c6614,2026-09-22T23:11:43Z
SBS,B-2334,2023-06,https://intranet2.sbs.gob.pe/estadistica/financiera/2023/Junio/B-2334-jn2023.XLS,data/raw/sbs/B-2334/B-2334_2023-06.xls,ok,xls,47616,f63ab02ed25eb199d6982b7356410a1abf940dc0bcfca35def7e8f7c0382042d,2026-09-22T23:11:43Z
SBS,B-2334,2023-07,https://intranet2.sbs.gob.pe/estadistica/financiera/2023/Julio/B-2334-jl2023.XLS,data/raw/sbs/B-2334/B-2334_2023-07.xls,ok,xls,47616,88f9bcbec10e479633a81cdd81de7ca057e1924c253dd69af41df5474e7b504f,2026-09-22T23:11:44Z
SBS,B-2334,2023-08,https://intranet2.sbs.gob.pe/estadistica/financiera/2023/Agosto/B-2334-ag2023.XLS,data/raw/sbs/B-2334/B-2334_2023-08.xls,ok,xls,47616,0794749c0feba65b077d22ef15ac526027d9e8437c5f695c41dfd002f931dabd,2026-09-22T23:11:44Z
SBS,B-2334,2023-09,https://intranet2.sbs.gob.pe/estadistica/financiera/2023/Setiembre/B-2334-se2023.XLS,data/raw/sbs/B-2334/B-2334_2023-09.xls,ok,xls,47616,2093c0c18ebe1497cfff6c7884e7ddb96b1e7f0836faaf443c3ac808c11e46f7,2026-09-22T23:11:44Z
SBS,B-2334,2023-10,https://intranet2.sbs.gob.pe/estadistica/financiera/2023/Octubre/B-2334-oc2023.XLS,data/raw/sbs/B-2334/B-2334_2023-10.xls,ok,xls,47616,0e90a0a44b6c375f9864435ac0ab25fe93abf0f4a732a45fc2cdce4b8212dfcf,2026-09-22T23:11:44Z
SBS,B-2334,2023-11,https://intranet2.sbs.gob.pe/estadistica/financiera/2023/Noviembre/B-2334-no2023.XLS,data/raw/sbs/B-2334/B-2334_2023-11.xls,ok,xls,47616,465195ddda6dd70ad7b14713a7f8c957662d37bc73202f3785637848c05885aa,2026-09-22T23:11:45Z
SBS,B-2334,2023-12,https://intranet2.sbs.gob.pe/estadistica/financiera/2023/Diciembre/B-2334-di2023.XLS,data/raw/sbs/B-2334/B-2334_2023-12.xls,ok,xls,48128,e54b6bbf5268b82b436e2a9a5a0a162875fd1c83a8d645487f9f7e50696ea00a,2026-09-22T23:11:45Z
SBS,B-2334,2024-01,https://intranet2.sbs.gob.pe/estadistica/financiera/2024/Enero/B-2334-en2024.XLS,data/raw/sbs/B-2334/B-2334_2024-01.xls,ok,xls,48128,a2aeed132ca7944f6e8b31d6286954226201d5172010c136e1ca7050439f614b,2026-09-22T23:11:45Z
SBS,B-2334,2024-02,https://intranet2.sbs.gob.pe/estadistica/financiera/2024/Febrero/B-2334-fe2024.XLS,data/raw/sbs/B-2334/B-2334_2024-02.xls,ok,xls,48128,a58a3c000223db0cdc976241ea93f1f12155deeaccac79c157cc7fc63f34f330,2026-09-22T23:11:45Z
SBS,B-2334,2024-03,https://intranet2.sbs.gob.pe/estadistica/financiera/2024/Marzo/B-2334-ma2024.XLS,data/raw/sbs/B-2334/B-2334_2024-03.xls,ok,xls,48128,8890003210d03b557abb180cb1a7e9d55de0101cd7f751be67ea2e026d4b1e75,2026-09-22T23:11:46Z
SBS,B-2334,2024-04,https://intranet2.sbs.gob.pe/estadistica/financiera/2024/Abril/B-2334-ab2024.XLS,data/raw/sbs/B-2334/B-2334_2024-04.xls,ok,xls,369664,3de12f515a542c3b0b2758727dddd751aa6dd35b9ada288d426d1a460cab5027,2026-09-22T23:11:46Z
SBS,B-2334,2024-05,https://intranet2.sbs.gob.pe/estadistica/financiera/2024/Mayo/B-2334-my2024.XLS,data/raw/sbs/B-2334/B-2334_2024-05.xls,ok,xls,48128,b9a765ec3b736adea6747da5a9eacfba980f03d8de83f3d27eaa04d494238ecf,2026-09-22T23:11:46Z
SBS,B-2334,2024-06,https://intranet2.sbs.gob.pe/estadistica/financiera/2024/Junio/B-2334-jn2024.XLS,data/raw/sbs/B-2334/B-2334_2024-06.xls,ok,xls,48128,2fc3ffa27dea30c5378280df8f3fd323c76a17c6f03ee3418f9db63455ab5d06,2026-09-22T23:11:47Z
SBS,B-2334,2024-07,https://intranet2.sbs.gob.pe/estadistica/financiera/2024/Julio/B-2334-jl2024.XLS,data/raw/sbs/B-2334/B-2334_2024-07.xls,ok,xls,48128,3c245d176badbf01b7efbe3ee02edcbbf9e98c277157ebc90a528ea54148e864,2026-09-22T23:11:47Z
SBS,B-2334,2024-08,https://intranet2.sbs.gob.pe/estadistica/financiera/2024/Agosto/B-2334-ag2024.XLS,data/raw/sbs/B-2334/B-2334_2024-08.xls,ok,xls,48128,214f91700581ae4c3972e40f01385b389123023f53635fb60735bc8b6d8b32e4,2026-09-22T23:11:47Z
SBS,B-2334,2024-09,https://intranet2.sbs.gob.pe/estadistica/financiera/2024/Setiembre/B-2334-se2024.XLS,data/raw/sbs/B-2334/B-2334_2024-09.xls,ok,xls,50176,c7a34fa989ee26e7d1ac6cd5b22d59cd0a1090112255e93e8723b7274b0fc4a4,2026-09-22T23:11:47Z
SBS,B-2334,2024-10,https://intranet2.sbs.gob.pe/estadistica/financiera/2024/Octubre/B-2334-oc2024.XLS,data/raw/sbs/B-2334/B-2334_2024-10.xls,ok,xls,49152,c05c8cb9e1ef9f991a733b3d76d2ad27cc51d4efe2fbaaa54c649e431026d04e,2026-09-22T23:11:48Z
SBS,B-2334,2024-11,https://intranet2.sbs.gob.pe/estadistica/financiera/2024/Noviembre/B-2334-no2024.XLS,data/raw/sbs/B-2334/B-2334_2024-11.xls,ok,xls,48640,51237180ca5c4bc54cd551a92a11a4ee3b7650896187db73c13b3fc20d4eb8a6,2026-09-22T23:11:48Z
SBS,B-2334,2024-12,https://intranet2.sbs.gob.pe/estadistica/financiera/2024/Diciembre/B-2334-di2024.XLS,data/raw/sbs/B-2334/B-2334_2024-12.xls,ok,xls,48640,0b85355f3a4272ebbad884127053a8ab123beec548015e08470267988ee13050,2026-09-22T23:11:48Z
SBS,B-2334,2025-01,https://intranet2.sbs.gob.pe/estadistica/financiera/2025/Enero/B-2334-en2025.XLS,data/raw/sbs/B-2334/B-2334_2025-01.xls,ok,xls,49152,a49480b0fa630033185162edccf96dabdd8b39aba14ca4039b290a5c52921da0,2026-09-22T23:11:49Z
SBS,B-2334,2025-02,https://intranet2.sbs.gob.pe/estadistica/financiera/2025/Febrero/B-2334-fe2025.XLS,data/raw/sbs/B-2334/B-2334_2025-02.xls,ok,xls,49152,a7fd4524fa8047b4dd1927658be29231df927cf1e604a9635afe1a2b50ccd63b,2026-09-22T23:11:49Z
SBS,B-2334,2025-03,https://intranet2.sbs.gob.pe/estadistica/financiera/2025/Marzo/B-2334-ma2025.XLS,data/raw/sbs/B-2334/B-2334_2025-03.xls,ok,xls,51200,8c20f2c8753cb6ee174c58a2060c3057f4c76260be846c2f4bf1e0d1956e0495,2026-09-22T23:11:49Z
SBS,B-2334,2025-04,https://intranet2.sbs.gob.pe/estadistica/financiera/2025/Abril/B-2334-ab2025.XLS,data/raw/sbs/B-2334/B-2334_2025-04.xls,ok,xls,49152,ddffbf02002841fab7f3780778c47c4e7b83f99dddbcc797ae03856c4ccfc56d,2026-09-22T23:11:49Z
SBS,B-2334,2025-05,https://intranet2.sbs.gob.pe/estadistica/financiera/2025/Mayo/B-2334-my2025.XLS,data/raw/sbs/B-2334/B-2334_2025-05.xls,ok,xls,49152,68d1a78ec6d293fd849e048b4f781abdcd3978d75c86d0cb08420b180498a2e9,2026-09-22T23:11:49Z
SBS,B-2334,2025-06,https://intranet2.sbs.gob.pe/estadistica/financiera/2025/Junio/B-2334-jn2025.XLS,data/raw/sbs/B-2334/B-2334_2025-06.xls,ok,xls,49664,e4f35dea1178b8898a7ae99407850a945af7c7dc10555a25126d7cd58e78f829,2026-09-22T23:11:50Z
SBS,B-2334,2025-07,https://intranet2.sbs.gob.pe/estadistica/financiera/2025/Julio/B-2334-jl2025.XLS,data/raw/sbs/B-2334/B-2334_2025-07.xls,ok,xls,46592,81fa3d72e298ea26959d8b399ce891a43cc01b29ff136e8ed24ce5787d8d2bb1,2026-09-22T23:11:50Z
SBS,B-2334,2025-08,https://intranet2.sbs.gob.pe/estadistica/financiera/2025/Agosto/B-2334-ag2025.XLS,data/raw/sbs/B-2334/B-2334_2025-08.xls,ok,xls,50176,2d2f3d56871e77dfa3db379c40eb5a6eaee935a2392b5504ecf6615b78ac7fb8,2026-09-22T23:11:50Z
SBS,B-2334,2025-09,https://intranet2.sbs.gob.pe/estadistica/financiera/2025/Setiembre/B-2334-se2025.XLS,data/raw/sbs/B-2334/B-2334_2025-09.xls,ok,xls,49152,8c94a9181b59958706d9bf1da5fa1bbbfd4b03f052296c9fd866fd5ed78d86de,2026-09-22T23:11:50Z
SBS,B-2334,2025-10,https://intranet2.sbs.gob.pe/estadistica/financiera/2025/Octubre/B-2334-oc2025.XLS,data/raw/sbs/B-2334/B-2334_2025-10.xls,ok,xls,49152,f28d7704b68de8ff50a808d9bd0ed2f34b3837b295a8fbab359a41504b0a56e2,2026-09-22T23:11:51Z
SBS,B-2334,2025-11,https://intranet2.sbs.gob.pe/estadistica/financiera/2025/Noviembre/B-2334-no2025.XLS,data/raw/sbs/B-2334/B-2334_2025-11.xls,ok,xls,47104,c8bf78420399b87be0ed91a3e7cd564b53adc86d03c18b8f58629c20d8c05ddf,2026-09-22T23:11:51Z
SBS,B-2334,2025-12,https://intranet2.sbs.gob.pe/estadistica/financiera/2025/Diciembre/B-2334-di2025.XLS,data/raw/sbs/B-2334/B-2334_2025-12.xls,ok,xls,49152,f597de8871ef34f587fb971d1785a0f2dca728ea8402c7bf4c907a8ca5295b27,2026-09-22T23:11:51Z
SBS,B-2334,2026-01,https://intranet2.sbs.gob.pe/estadistica/financiera/2026/Enero/B-2334-en2026.XLS,data/raw/sbs/B-2334/B-2334_2026-01.xls,ok,xls,46080,4523cb7a7263b314cb5cfd03bb5f5673e7bbf0e5097115b16835ce451f648130,2026-09-22T23:11:51Z
SBS,B-2334,2026-02,https://intranet2.sbs.gob.pe/estadistica/financiera/2026/Febrero/B-2334-fe2026.XLS,data/raw/sbs/B-2334/B-2334_2026-02.xls,ok,xls,49152,c66d1dc42869814727728f7e4d954e7c853f31884b67fa02f41582fda147a948,2026-09-22T23:11:52Z
SBS,B-2334,2026-03,https://intranet2.sbs.gob.pe/estadistica/financiera/2026/Marzo/B-2334-ma2026.XLS,data/raw/sbs/B-2334/B-2334_2026-03.xls,ok,xls,46080,cb50f7a7a6ec4b5491f80b51a89cdaf376e457a3e4db2b426ac0f1b958f30399,2026-09-22T23:11:52Z
SBS,B-2334,2026-04,https://intranet2.sbs.gob.pe/estadistica/financiera/2026/Abril/B-2334-ab2026.XLS,data/raw/sbs/B-2334/B-2334_2026-04.xls,ok,xls,46080,14ba76c845f859b47f5da499e183bbf9a216710811c572f6d8941477735b3713,2026-09-22T23:11:52Z
SBS,B-2334,2026-05,https://intranet2.sbs.gob.pe/estadistica/financiera/2026/Mayo/B-2334-my2026.XLS,data/raw/sbs/B-2334/B-2334_2026-05.xls,ok,xls,46080,147cae63602c2591af7e49a45ca7a7fb7c2c115b88cfafc8ec509b866a360e29,2026-09-22T23:11:52Z
SBS,B-2334,2026-06,https://intranet2.sbs.gob.pe/estadistica/financiera/2026/Junio/B-2334-jn2026.XLS,data/raw/sbs/B-2334/B-2334_2026-06.xls,ok,xls,48128,f59c714086821ff67625ea9fa62e6b9f229f87a2a812e4545cd1f4d7b7a6875b,2026-09-22T23:11:52Z
SBS,B-2334,2026-07,https://intranet2.sbs.gob.pe/estadistica/financiera/2026/Julio/B-2334-jl2026.XLS,data/raw/sbs/B-2334/B-2334_2026-07.xls,ok,xls,49664,146da885ee4712e1f95a2588f491df87b0c5e06195bc1decd995f15362055fa7,2026-09-22T23:11:53Z
SBS,B-2362,2015-01,https://intranet2.sbs.gob.pe/estadistica/financiera/2015/Enero/B-2362-en2015.XLS,data/raw/sbs/B-2362/B-2362_2015-01.xls,ok,xls,57344,28896096e8516c79d1644fe7360a25eac85dc23a01e37421c2fd4d396293d3ff,2026-09-22T23:13:29Z
SBS,B-2362,2015-02,https://intranet2.sbs.gob.pe/estadistica/financiera/2015/Febrero/B-2362-fe2015.XLS,data/raw/sbs/B-2362/B-2362_2015-02.xls,ok,xls,57344,78d82e78ff6b2610b264c5585c7ba7245698a5277fc25de148f2fbfdde73e2af,2026-09-22T23:13:30Z
SBS,B-2362,2015-03,https://intranet2.sbs.gob.pe/estadistica/financiera/2015/Marzo/B-2362-ma2015.XLS,data/raw/sbs/B-2362/B-2362_2015-03.xls,ok,xls,57344,4bf53a5b75360edfa5cb4b591f3b4f23218e64562b189665700aa20a5e229c44,2026-09-22T23:13:30Z
SBS,B-2362,2015-04,https://intranet2.sbs.gob.pe/estadistica/financiera/2015/Abril/B-2362-ab2015.XLS,data/raw/sbs/B-2362/B-2362_2015-04.xls,ok,xls,57344,e76aae385961bb8018f2a3b69a1b2b1d02a98a83176ff574b3a5e03adf8cf8d2,2026-09-22T23:13:30Z
SBS,B-2362,2015-05,https://intranet2.sbs.gob.pe/estadistica/financiera/2015/Mayo/B-2362-my2015.XLS,data/raw/sbs/B-2362/B-2362_2015-05.xls,ok,xls,57344,6351273a2c78d8ab025363d5402b14ea5983fe4c4e66967a002a90964b236d3a,2026-09-22T23:13:30Z
SBS,B-2362,2015-06,https://intranet2.sbs.gob.pe/estadistica/financiera/2015/Junio/B-2362-jn2015.XLS,data/raw/sbs/B-2362/B-2362_2015-06.xls,ok,xls,57344,ce44bc9463c6f6f23b1af874f07f3ed1afdf3250b39a2acffcc9a01a02a9201a,2026-09-22T23:13:31Z
SBS,B-2362,2015-07,https://intranet2.sbs.gob.pe/estadistica/financiera/2015/Julio/B-2362-jl2015.XLS,data/raw/sbs/B-2362/B-2362_2015-07.xls,ok,xls,57344,ea9ba3de2c6eb7dc0aa8f1c735ce08f36f82cdffa4e2d90a30029b60f000fff0,2026-09-22T23:13:31Z
SBS,B-2362,2015-08,https://intranet2.sbs.gob.pe/estadistica/financiera/2015/Agosto/B-2362-ag2015.XLS,data/raw/sbs/B-2362/B-2362_2015-08.xls,ok,xlsx,30252,bb64dfafa8bdafb010675367bc21731c103b345f9e757771fa512272dc64c6b1,2026-09-22T23:13:31Z
SBS,B-2362,2015-09,https://intranet2.sbs.gob.pe/estadistica/financiera/2015/Setiembre/B-2362-se2015.XLS,data/raw/sbs/B-2362/B-2362_2015-09.xls,ok,xlsx,30199,a99be39a13b8be3cc282278959d822aaccd516952315299ae559de5a50316f99,2026-09-22T23:13:31Z
SBS,B-2362,2015-10,https://intranet2.sbs.gob.pe/estadistica/financiera/2015/Octubre/B-2362-oc2015.XLS,data/raw/sbs/B-2362/B-2362_2015-10.xls,ok,xls,57856,c8ce2036f34acb4f8290e9175512fb683c5144cca8f0d48faba25ae37fcc918d,2026-09-22T23:13:32Z
SBS,B-2362,2015-11,https://intranet2.sbs.gob.pe/estadistica/financiera/2015/Noviembre/B-2362-no2015.XLS,data/raw/sbs/B-2362/B-2362_2015-11.xls,ok,xls,55808,c8931247d041b3ec21dff76b29bebec67e8396267564aea9430c9a72123b71e2,2026-09-22T23:13:32Z
SBS,B-2362,2015-12,https://intranet2.sbs.gob.pe/estadistica/financiera/2015/Diciembre/B-2362-di2015.XLS,data/raw/sbs/B-2362/B-2362_2015-12.xls,ok,xls,55808,a4c6185a2e10b6436536271bf7dc0a7da9e6693075b5098b695c7d52be225f03,2026-09-22T23:13:32Z
SBS,B-2362,2016-01,https://intranet2.sbs.gob.pe/estadistica/financiera/2016/Enero/B-2362-en2016.XLS,data/raw/sbs/B-2362/B-2362_2016-01.xls,ok,xls,55808,3bc296edef4973ec11910bda43a4f8e4546ebdc50ebaad6a99779ba1d05b920d,2026-09-22T23:13:32Z
SBS,B-2362,2016-02,https://intranet2.sbs.gob.pe/estadistica/financiera/2016/Febrero/B-2362-fe2016.XLS,data/raw/sbs/B-2362/B-2362_2016-02.xls,ok,xls,55808,2d10f632377ccc8c1ab14d7aba869c4e49b8478eb9ab5bcc15cef96cf4750c06,2026-09-22T23:13:32Z
SBS,B-2362,2016-03,https://intranet2.sbs.gob.pe/estadistica/financiera/2016/Marzo/B-2362-ma2016.XLS,data/raw/sbs/B-2362/B-2362_2016-03.xls,ok,xls,55808,1b9c9012265bb5d996dbe726cf4966adbd123e13627cc6c307c723943f9dcaf2,2026-09-22T23:13:33Z
SBS,B-2362,2016-04,https://intranet2.sbs.gob.pe/estadistica/financiera/2016/Abril/B-2362-ab2016.XLS,data/raw/sbs/B-2362/B-2362_2016-04.xls,ok,xls,55808,bfb118e1030d6c29f8f45b21c1a8016e2bcc60a9192e12a8c97704e5389c1f41,2026-09-22T23:13:33Z
SBS,B-2362,2016-05,https://intranet2.sbs.gob.pe/estadistica/financiera/2016/Mayo/B-2362-my2016.XLS,data/raw/sbs/B-2362/B-2362_2016-05.xls,ok,xls,56320,d912cfa8c4cbd5cd3996aff3c6ca30c1be34f153336ce8d98d9e7744aa0785ec,2026-09-22T23:13:33Z
SBS,B-2362,2016-06,https://intranet2.sbs.gob.pe/estadistica/financiera/2016/Junio/B-2362-jn2016.XLS,data/raw/sbs/B-2362/B-2362_2016-06.xls,ok,xls,55808,281607558e5a706c06b9b8f51ec0d2d00e76acc494bb3c65899ceca4e2f19d7f,2026-09-22T23:13:33Z
SBS,B-2362,2016-07,https://intranet2.sbs.gob.pe/estadistica/financiera/2016/Julio/B-2362-jl2016.XLS,data/raw/sbs/B-2362/B-2362_2016-07.xls,ok,xls,55808,2bb439ca88ab6afb782bd6a12aea99581c855b83e35e45e1cc9ddc954dff8865,2026-09-22T23:13:34Z
SBS,B-2362,2016-08,https://intranet2.sbs.gob.pe/estadistica/financiera/2016/Agosto/B-2362-ag2016.XLS,data/raw/sbs/B-2362/B-2362_2016-08.xls,ok,xls,55296,43d68becd8f3932bdaa3080a4da6b3defc1d42178b2af3a7e4e2532e50025107,2026-09-22T23:13:34Z
SBS,B-2362,2016-09,https://intranet2.sbs.gob.pe/estadistica/financiera/2016/Setiembre/B-2362-se2016.XLS,data/raw/sbs/B-2362/B-2362_2016-09.xls,ok,xls,55296,3d920271931990b6a497a22f1430435f71b13f5a0ce2b6ee18d7978dd2c66957,2026-09-22T23:13:34Z
SBS,B-2362,2016-10,https://intranet2.sbs.gob.pe/estadistica/financiera/2016/Octubre/B-2362-oc2016.XLS,data/raw/sbs/B-2362/B-2362_2016-10.xls,ok,xls,54784,cfab0163849f3f377a3ad921d5e397ee171f19d9c978254901bb95f5a8abd2e7,2026-09-22T23:13:34Z
SBS,B-2362,2016-11,https://intranet2.sbs.gob.pe/estadistica/financiera/2016/Noviembre/B-2362-no2016.XLS,data/raw/sbs/B-2362/B-2362_2016-11.xls,ok,xls,55296,49e7633289dc5b174a3d2fc40ea904dad9afd89949690963bcbebe60d8d42a9f,2026-09-22T23:13:35Z
SBS,B-2362,2016-12,https://intranet2.sbs.gob.pe/estadistica/financiera/2016/Diciembre/B-2362-di2016.XLS,data/raw/sbs/B-2362/B-2362_2016-12.xls,ok,xls,55296,cdfb160d72d49f31d96f5d642f23201386b303783995180a54b4ab568cffd990,2026-09-22T23:13:35Z
SBS,B-2362,2017-01,https://intranet2.sbs.gob.pe/estadistica/financiera/2017/Enero/B-2362-en2017.XLS,data/raw/sbs/B-2362/B-2362_2017-01.xls,ok,xls,55296,9cddae78ca5e9c25adafd65fbcc408796538dce22b3a261dd5dd15e971458325,2026-09-22T23:13:35Z
SBS,B-2362,2017-02,https://intranet2.sbs.gob.pe/estadistica/financiera/2017/Febrero/B-2362-fe2017.XLS,data/raw/sbs/B-2362/B-2362_2017-02.xls,ok,xls,55296,145e22c6861235adeb3d71ad6c84ef43e2024df2fd6fc6c250b754110d62f712,2026-09-22T23:13:35Z
SBS,B-2362,2017-03,https://intranet2.sbs.gob.pe/estadistica/financiera/2017/Marzo/B-2362-ma2017.XLS,data/raw/sbs/B-2362/B-2362_2017-03.xls,ok,xls,55808,0ea931fe7d40a3b9f0e03893457aebacb112560fc2125947c2d4a5a5c2b287ad,2026-09-22T23:13:35Z
SBS,B-2362,2017-04,https://intranet2.sbs.gob.pe/estadistica/financiera/2017/Abril/B-2362-ab2017.XLS,data/raw/sbs/B-2362/B-2362_2017-04.xls,ok,xls,55808,a838686fa99b0d7fce419e9fec8b24979a1af0f7af99ef0c8b304277f0fa62aa,2026-09-22T23:13:36Z
SBS,B-2362,2017-05,https://intranet2.sbs.gob.pe/estadistica/financiera/2017/Mayo/B-2362-my2017.XLS,data/raw/sbs/B-2362/B-2362_2017-05.xls,ok,xls,54784,f1ebc8e403c8a48b00f905678a5410df9e6d1e8f5d8bf2cfc228218b4bc6816d,2026-09-22T23:13:36Z
SBS,B-2362,2017-06,https://intranet2.sbs.gob.pe/estadistica/financiera/2017/Junio/B-2362-jn2017.XLS,data/raw/sbs/B-2362/B-2362_2017-06.xls,ok,xls,55296,fdc5c3ed16c7e324e55ef813a78fa551cda28f58713a7be40837e7119b13d7eb,2026-09-22T23:13:36Z
SBS,B-2362,2017-07,https://intranet2.sbs.gob.pe/estadistica/financiera/2017/Julio/B-2362-jl2017.XLS,data/raw/sbs/B-2362/B-2362_2017-07.xls,ok,xls,55808,6efd40f18643cffd6045e7460187d794b3336e2ce3db719d3b96a6a6383cf5d0,2026-09-22T23:13:36Z
SBS,B-2362,2017-08,https://intranet2.sbs.gob.pe/estadistica/financiera/2017/Agosto/B-2362-ag2017.XLS,data/raw/sbs/B-2362/B-2362_2017-08.xls,ok,xls,55808,5c7538adbd732d85d74a2ad637afdb61f65f9fac15d7ee89730a6ce71fb62cc3,2026-09-22T23:13:37Z
SBS,B-2362,2017-09,https://intranet2.sbs.gob.pe/estadistica/financiera/2017/Setiembre/B-2362-se2017.XLS,data/raw/sbs/B-2362/B-2362_2017-09.xls,ok,xls,54784,60c9ab1be12f0cfb1667817b4403ab55b8a7b9865abc57c4e410b696febec54f,2026-09-22T23:13:37Z
SBS,B-2362,2017-10,https://intranet2.sbs.gob.pe/estadistica/financiera/2017/Octubre/B-2362-oc2017.XLS,data/raw/sbs/B-2362/B-2362_2017-10.xls,ok,xls,54784,df0b5d494a9d6c0b86cd0190dbdfdd9603ff8880bad8b8d6d88e41ba98bdc0e9,2026-09-22T23:13:37Z
SBS,B-2362,2017-11,https://intranet2.sbs.gob.pe/estadistica/financiera/2017/Noviembre/B-2362-no2017.XLS,data/raw/sbs/B-2362/B-2362_2017-11.xls,ok,xls,55296,9ad4f75e5359282168abc75c475b91fb1bf99ce94757c6f187a3439513885441,2026-09-22T23:13:37Z
SBS,B-2362,2017-12,https://intranet2.sbs.gob.pe/estadistica/financiera/2017/Diciembre/B-2362-di2017.XLS,data/raw/sbs/B-2362/B-2362_2017-12.xls,ok,xls,55808,daf6be587c6fe8399ad71b454b4380fb14558fe96233f4cee9ff94fabe0a8b8c,2026-09-22T23:13:38Z
SBS,B-2362,2018-01,https://intranet2.sbs.gob.pe/estadistica/financiera/2018/Enero/B-2362-en2018.XLS,data/raw/sbs/B-2362/B-2362_2018-01.xls,ok,xls,56320,fdb3742798a3f5f72bb65020fd01601efb70bdba9398cbade2a16c6f3d42e143,2026-09-22T23:13:38Z
SBS,B-2362,2018-02,https://intranet2.sbs.gob.pe/estadistica/financiera/2018/Febrero/B-2362-fe2018.XLS,data/raw/sbs/B-2362/B-2362_2018-02.xls,ok,xls,55808,5834f951ad15189f1b79d00d440e40c3346da71eaf6c11c9bd1dd1f322d98b0c,2026-09-22T23:13:38Z
SBS,B-2362,2018-03,https://intranet2.sbs.gob.pe/estadistica/financiera/2018/Marzo/B-2362-ma2018.XLS,data/raw/sbs/B-2362/B-2362_2018-03.xls,ok,xls,54784,d4b5d82ffc330f49b0d3d92af28d2edc24a4c5510bbddc41e22055e33e9ee2e9,2026-09-22T23:13:38Z
SBS,B-2362,2018-04,https://intranet2.sbs.gob.pe/estadistica/financiera/2018/Abril/B-2362-ab2018.XLS,data/raw/sbs/B-2362/B-2362_2018-04.xls,ok,xls,55808,e64e72e31c11a232a9e3fe0e9844871e8ff63d57c366cc7a68280863ee61e119,2026-09-22T23:13:38Z
SBS,B-2362,2018-05,https://intranet2.sbs.gob.pe/estadistica/financiera/2018/Mayo/B-2362-my2018.XLS,data/raw/sbs/B-2362/B-2362_2018-05.xls,ok,xls,56832,37656c22bc1cc8bcd2e87ca1bf9aaa5cdf1e60ba25deda7244ed8f250b45cf39,2026-09-22T23:13:39Z
SBS,B-2362,2018-06,https://intranet2.sbs.gob.pe/estadistica/financiera/2018/Junio/B-2362-jn2018.XLS,data/raw/sbs/B-2362/B-2362_2018-06.xls,ok,xls,54784,3aff59e393d5639ae55487202631a8177d0f0e04e7cf14f0f8810d3b5864492f,2026-09-22T23:13:39Z
SBS,B-2362,2018-07,https://intranet2.sbs.gob.pe/estadistica/financiera/2018/Julio/B-2362-jl2018.XLS,data/raw/sbs/B-2362/B-2362_2018-07.xls,ok,xls,54784,5f6b166e755232cf0e78461b00ccf4ac36bd125116f97f795aefe132c546455a,2026-09-22T23:13:39Z
SBS,B-2362,2018-08,https://intranet2.sbs.gob.pe/estadistica/financiera/2018/Agosto/B-2362-ag2018.XLS,data/raw/sbs/B-2362/B-2362_2018-08.xls,ok,xls,55296,677d60c019fb9518f4d0c02696a2b1da243a86178d52f3f59bb302fe8d5d04cd,2026-09-22T23:13:39Z
SBS,B-2362,2018-09,https://intranet2.sbs.gob.pe/estadistica/financiera/2018/Setiembre/B-2362-se2018.XLS,data/raw/sbs/B-2362/B-2362_2018-09.xls,ok,xls,55808,eae195244e33b599204cfc3e26bdbbf4f6d3863f8eab6f22446968bf1872e4f9,2026-09-22T23:13:40Z
SBS,B-2362,2018-10,https://intranet2.sbs.gob.pe/estadistica/financiera/2018/Octubre/B-2362-oc2018.XLS,data/raw/sbs/B-2362/B-2362_2018-10.xls,ok,xls,55808,f2df7d25443378312fa3c36fb19e514dd8ee61a8f95dd717b0c310e8b5b97866,2026-09-22T23:13:40Z
SBS,B-2362,2018-11,https://intranet2.sbs.gob.pe/estadistica/financiera/2018/Noviembre/B-2362-no2018.XLS,data/raw/sbs/B-2362/B-2362_2018-11.xls,ok,xls,55808,47be09ae8217a34095f5f0225f1719932e36e81d51b574eb2a87c753b42b1811,2026-09-22T23:13:40Z
SBS,B-2362,2018-12,https://intranet2.sbs.gob.pe/estadistica/financiera/2018/Diciembre/B-2362-di2018.XLS,data/raw/sbs/B-2362/B-2362_2018-12.xls,ok,xls,55808,7814f1af40d50caf73bdfafd4762a32ebae6fae867afc6e6b440d0b6bb775e4e,2026-09-22T23:13:40Z
SBS,B-2362,2019-01,https://intranet2.sbs.gob.pe/estadistica/financiera/2019/Enero/B-2362-en2019.XLS,data/raw/sbs/B-2362/B-2362_2019-01.xls,ok,xls,55808,6bc26b0c05dc44d16d09878ce3beeb6bcbf48f81bdbdd9e82f494e5462b08d7f,2026-09-22T23:13:41Z
SBS,B-2362,2019-02,https://intranet2.sbs.gob.pe/estadistica/financiera/2019/Febrero/B-2362-fe2019.XLS,data/raw/sbs/B-2362/B-2362_2019-02.xls,ok,xls,55808,d0544758580e3e398ad86fbd1bacefd178802eac5223ca01f20ec2d8c05ae40f,2026-09-22T23:13:41Z
SBS,B-2362,2019-03,https://intranet2.sbs.gob.pe/estadistica/financiera/2019/Marzo/B-2362-ma2019.XLS,data/raw/sbs/B-2362/B-2362_2019-03.xls,ok,xls,54784,58ce2897b95bcb9a0df592e0141b23329cb3b7b198a42dd2e1d994790baa766d,2026-09-22T23:13:41Z
SBS,B-2362,2019-04,https://intranet2.sbs.gob.pe/estadistica/financiera/2019/Abril/B-2362-ab2019.XLS,data/raw/sbs/B-2362/B-2362_2019-04.xls,ok,xls,55296,ad1d088457490d141ce51910966a52fc3d7ac85e608f40f3635e883ea51a750a,2026-09-22T23:13:41Z
SBS,B-2362,2019-05,https://intranet2.sbs.gob.pe/estadistica/financiera/2019/Mayo/B-2362-my2019.XLS,data/raw/sbs/B-2362/B-2362_2019-05.xls,ok,xls,54784,f383af7d5340af7700c27dbc1bd4917eb7a3ecbd994f2516eb57d06da16c7b5a,2026-09-22T23:13:41Z
SBS,B-2362,2019-06,https://intranet2.sbs.gob.pe/estadistica/financiera/2019/Junio/B-2362-jn2019.XLS,data/raw/sbs/B-2362/B-2362_2019-06.xls,ok,xls,55296,c6fca823a3500e31959d049da28be88d43defa95ecbecf95a2ced4afe4566bfd,2026-09-22T23:13:42Z
SBS,B-2362,2019-07,https://intranet2.sbs.gob.pe/estadistica/financiera/2019/Julio/B-2362-jl2019.XLS,data/raw/sbs/B-2362/B-2362_2019-07.xls,ok,xls,54784,077e2f1008fc35f05416dda7d4a3f174ca5186d92f11e9f73e8ad680660bd364,2026-09-22T23:13:42Z
SBS,B-2362,2019-08,https://intranet2.sbs.gob.pe/estadistica/financiera/2019/Agosto/B-2362-ag2019.XLS,data/raw/sbs/B-2362/B-2362_2019-08.xls,ok,xls,54784,fe6757cf8520c96f89217f584c169777db2205c2e10222168a3f76b05b74b588,2026-09-22T23:13:42Z
SBS,B-2362,2019-09,https://intranet2.sbs.gob.pe/estadistica/financiera/2019/Setiembre/B-2362-se2019.XLS,data/raw/sbs/B-2362/B-2362_2019-09.xls,ok,xls,54272,6f5e14c904eb803b031a60630020daced410f4d48d16e45e14d0fe3bff760f96,2026-09-22T23:13:42Z
SBS,B-2362,2019-10,https://intranet2.sbs.gob.pe/estadistica/financiera/2019/Octubre/B-2362-oc2019.XLS,data/raw/sbs/B-2362/B-2362_2019-10.xls,ok,xls,54784,83b5c6acbb436ba1fec26e6ea3d35f551388bc572c354e9a8b737834e56aeb17,2026-09-22T23:13:43Z
SBS,B-2362,2019-11,https://intranet2.sbs.gob.pe/estadistica/financiera/2019/Noviembre/B-2362-no2019.XLS,data/raw/sbs/B-2362/B-2362_2019-11.xls,ok,xls,55296,37ee988db3c361b13771e2f3ff53bbdafe4934ebf5ded19d87f274ec4aed25b3,2026-09-22T23:13:43Z
SBS,B-2362,2019-12,https://intranet2.sbs.gob.pe/estadistica/financiera/2019/Diciembre/B-2362-di2019.XLS,data/raw/sbs/B-2362/B-2362_2019-12.xls,ok,xls,55808,74d261dd076164b49fe93af46248207e9d3ce5e90c9574dfe40a5c45f4785c15,2026-09-22T23:13:43Z
SBS,B-2362,2020-01,https://intranet2.sbs.gob.pe/estadistica/financiera/2020/Enero/B-2362-en2020.XLS,data/raw/sbs/B-2362/B-2362_2020-01.xls,ok,xls,54784,55ac0eaf85cd837807bb5d7971318c1d4e61dddfe41c42ce70f72148803870ab,2026-09-22T23:13:43Z
SBS,B-2362,2020-02,https://intranet2.sbs.gob.pe/estadistica/financiera/2020/Febrero/B-2362-fe2020.XLS,data/raw/sbs/B-2362/B-2362_2020-02.xls,ok,xls,54784,5ac71b6e92ea0e24f2f64ea4862daf6b8912ac23d2812a59956b616334c9704c,2026-09-22T23:13:44Z
SBS,B-2362,2020-03,https://intranet2.sbs.gob.pe/estadistica/financiera/2020/Marzo/B-2362-ma2020.XLS,data/raw/sbs/B-2362/B-2362_2020-03.xls,ok,xls,54784,e41e935d6b31aa68dacf6bcbc10cecb6809cd6355e4573fe67c431fd25e66576,2026-09-22T23:13:44Z
SBS,B-2362,2020-04,https://intranet2.sbs.gob.pe/estadistica/financiera/2020/Abril/B-2362-ab2020.XLS,data/raw/sbs/B-2362/B-2362_2020-04.xls,ok,xls,56832,c250acd69a4d4432e688a9fb5b1049e7d1a227183a7f6c3aa160ef37888b5a76,2026-09-22T23:13:44Z
SBS,B-2362,2020-05,https://intranet2.sbs.gob.pe/estadistica/financiera/2020/Mayo/B-2362-my2020.XLS,data/raw/sbs/B-2362/B-2362_2020-05.xls,ok,xls,56320,f82ae77d2bcc627670be1fb994993130498f643c111b462d869bc8f36da8ce2e,2026-09-22T23:13:44Z
SBS,B-2362,2020-06,https://intranet2.sbs.gob.pe/estadistica/financiera/2020/Junio/B-2362-jn2020.XLS,data/raw/sbs/B-2362/B-2362_2020-06.xls,ok,xls,56832,dbfb5aaf470dbb443263047ada12c2b481d27f9252dcbeb422f635b875500a90,2026-09-22T23:13:44Z
SBS,B-2362,2020-07,https://intranet2.sbs.gob.pe/estadistica/financiera/2020/Julio/B-2362-jl2020.XLS,data/raw/sbs/B-2362/B-2362_2020-07.xls,ok,xls,57856,651a87c4b8190cbfbb6855a255c3911824905767c6f3448be7f0965e1d743be1,2026-09-22T23:13:45Z
SBS,B-2362,2020-08,https://intranet2.sbs.gob.pe/estadistica/financiera/2020/Agosto/B-2362-ag2020.XLS,data/raw/sbs/B-2362/B-2362_2020-08.xls,ok,xls,57344,417cb00b567bc16e9862a357e2e981fa3aaf6b54e6d23a830768df044325fbe2,2026-09-22T23:13:45Z
SBS,B-2362,2020-09,https://intranet2.sbs.gob.pe/estadistica/financiera/2020/Setiembre/B-2362-se2020.XLS,data/raw/sbs/B-2362/B-2362_2020-09.xls,ok,xls,57856,99e14bef0dfebae5fd3ba620c520a65c406d99af64054bfabeceb378728557d4,2026-09-22T23:13:45Z
SBS,B-2362,2020-10,https://intranet2.sbs.gob.pe/estadistica/financiera/2020/Octubre/B-2362-oc2020.XLS,data/raw/sbs/B-2362/B-2362_2020-10.xls,ok,xls,57344,1e89f2e83b1afe38c89b83c42ea60ecb46dc85eb50106b824806ad5e27f982a4,2026-09-22T23:13:45Z
SBS,B-2362,2020-11,https://intranet2.sbs.gob.pe/estadistica/financiera/2020/Noviembre/B-2362-no2020.XLS,data/raw/sbs/B-2362/B-2362_2020-11.xls,ok,xls,57856,af2738aa972d6e395e0198d608eecc699b716e314dcbcfb326003a24fcb8572c,2026-09-22T23:13:46Z
SBS,B-2362,2020-12,https://intranet2.sbs.gob.pe/estadistica/financiera/2020/Diciembre/B-2362-di2020.XLS,data/raw/sbs/B-2362/B-2362_2020-12.xls,ok,xls,56320,15d99b25915e9a1e833a04a7b2eacb2e5c57b8ee2653c93297ccd0a0c07a833c,2026-09-22T23:13:46Z
SBS,B-2362,2021-01,https://intranet2.sbs.gob.pe/estadistica/financiera/2021/Enero/B-2362-en2021.XLS,data/raw/sbs/B-2362/B-2362_2021-01.xls,ok,xls,57856,aaef06f8b9c58dca0ed4a53f1fb8d03c550e193223a164b76ca2a4c402b58130,2026-09-22T23:13:46Z
SBS,B-2362,2021-02,https://intranet2.sbs.gob.pe/estadistica/financiera/2021/Febrero/B-2362-fe2021.XLS,data/raw/sbs/B-2362/B-2362_2021-02.xls,ok,xls,56320,4ec382445a295036e93c6567f675d184d2e67dd1be6893bf706f25eeb9bc23aa,2026-09-22T23:13:46Z
SBS,B-2362,2021-03,https://intranet2.sbs.gob.pe/estadistica/financiera/2021/Marzo/B-2362-ma2021.XLS,data/raw/sbs/B-2362/B-2362_2021-03.xls,ok,xls,56320,d390141a3ed2e4e51950e8e5bb8ea0452783b2ee534a5ff2428e374b69d5d7a9,2026-09-22T23:13:46Z
SBS,B-2362,2021-04,https://intranet2.sbs.gob.pe/estadistica/financiera/2021/Abril/B-2362-ab2021.XLS,data/raw/sbs/B-2362/B-2362_2021-04.xls,ok,xls,56320,0e43a72babe4f9f06c59eefec369a7cee1bd5646963ec4be905d1c4f8966d90c,2026-09-22T23:13:47Z
SBS,B-2362,2021-05,https://intranet2.sbs.gob.pe/estadistica/financiera/2021/Mayo/B-2362-my2021.XLS,data/raw/sbs/B-2362/B-2362_2021-05.xls,ok,xls,56320,2af83818b1033dc642cab8e7337d20ab81112e2f4b8b5c6af6d49e4c5f68bfb4,2026-09-22T23:13:47Z
SBS,B-2362,2021-06,https://intranet2.sbs.gob.pe/estadistica/financiera/2021/Junio/B-2362-jn2021.XLS,data/raw/sbs/B-2362/B-2362_2021-06.xls,ok,xls,56320,e7f03e92d8503e35af659dc5cea86d1ea6c4c865c43e719fd5c00b0d881ab072,2026-09-22T23:13:47Z
SBS,B-2362,2021-07,https://intranet2.sbs.gob.pe/estadistica/financiera/2021/Julio/B-2362-jl2021.XLS,data/raw/sbs/B-2362/B-2362_2021-07.xls,ok,xls,56320,3f51ea7ab4b6105856b7ff8e5ed6c12b06e91bac3aabdd44a65177b2851c4d37,2026-09-22T23:13:47Z
SBS,B-2362,2021-08,https://intranet2.sbs.gob.pe/estadistica/financiera/2021/Agosto/B-2362-ag2021.XLS,data/raw/sbs/B-2362/B-2362_2021-08.xls,ok,xls,56320,b75e439c2f34fa652d4c79d614ff677999cfde6b72fa4f9f9e7ce0d9a0ae3aaf,2026-09-22T23:13:48Z
SBS,B-2362,2021-09,https://intranet2.sbs.gob.pe/estadistica/financiera/2021/Setiembre/B-2362-se2021.XLS,data/raw/sbs/B-2362/B-2362_2021-09.xls,ok,xls,56320,8c7bcee618e86f0a5172e58860ec6b85bd43007d1123518575c64fe4044a5ef5,2026-09-22T23:13:48Z
SBS,B-2362,2021-10,https://intranet2.sbs.gob.pe/estadistica/financiera/2021/Octubre/B-2362-oc2021.XLS,data/raw/sbs/B-2362/B-2362_2021-10.xls,ok,xls,55808,efa2424371195049ec022cc4f4852333fb3a725add80134262a9008431ce7acf,2026-09-22T23:13:48Z
SBS,B-2362,2021-11,https://intranet2.sbs.gob.pe/estadistica/financiera/2021/Noviembre/B-2362-no2021.XLS,data/raw/sbs/B-2362/B-2362_2021-11.xls,ok,xls,56320,2e270b7fbf0cb97bbb031f28ac5033a22378b57ab2bae7fa89742edeaf41f8c6,2026-09-22T23:13:48Z
SBS,B-2362,2021-12,https://intranet2.sbs.gob.pe/estadistica/financiera/2021/Diciembre/B-2362-di2021.XLS,data/raw/sbs/B-2362/B-2362_2021-12.xls,ok,xls,56320,5781b925539cae6cbd03fc36bf6949603dfe4006166a911e6a3ca1e8d3606f08,2026-09-22T23:13:49Z
SBS,B-2362,2022-01,https://intranet2.sbs.gob.pe/estadistica/financiera/2022/Enero/B-2362-en2022.XLS,data/raw/sbs/B-2362/B-2362_2022-01.xls,ok,xls,55296,bf721e3ddd94f49fca424025daa7a1a10276ba1d3000dc55e87345096ab1ee3b,2026-09-22T23:13:49Z
SBS,B-2362,2022-02,https://intranet2.sbs.gob.pe/estadistica/financiera/2022/Febrero/B-2362-fe2022.XLS,data/raw/sbs/B-2362/B-2362_2022-02.xls,ok,xls,56320,80846cfc5f226b98210462f1186eb93e246431b07e1de5ddb517adf2bdef402a,2026-09-22T23:13:49Z
SBS,B-2362,2022-03,https://intranet2.sbs.gob.pe/estadistica/financiera/2022/Marzo/B-2362-ma2022.XLS,data/raw/sbs/B-2362/B-2362_2022-03.xls,ok,xls,56320,49a022cc402b53a57ee7687920a8bfae9db7b04919ca221bf6a863af3293707c,2026-09-22T23:13:49Z
SBS,B-2362,2022-04,https://intranet2.sbs.gob.pe/estadistica/financiera/2022/Abril/B-2362-ab2022.XLS,data/raw/sbs/B-2362/B-2362_2022-04.xls,ok,xls,56320,fb6baab2c306d078cdea28b3d8e828c18275d3ac694973cb1d5959b83c03e20c,2026-09-22T23:13:49Z
SBS,B-2362,2022-05,https://intranet2.sbs.gob.pe/estadistica/financiera/2022/Mayo/B-2362-my2022.XLS,data/raw/sbs/B-2362/B-2362_2022-05.xls,ok,xls,55808,0b3bbb16d5d290b141c9b07fa6209898e06d01a6226f9e34b5d526da17e78513,2026-09-22T23:13:50Z
SBS,B-2362,2022-06,https://intranet2.sbs.gob.pe/estadistica/financiera/2022/Junio/B-2362-jn2022.XLS,data/raw/sbs/B-2362/B-2362_2022-06.xls,ok,xls,56320,4804024fb4c8009e0fe9be41175575a3eb275ad73982b24801ebdeae1ed1a5c3,2026-09-22T23:13:50Z
SBS,B-2362,2022-07,https://intranet2.sbs.gob.pe/estadistica/financiera/2022/Julio/B-2362-jl2022.XLS,data/raw/sbs/B-2362/B-2362_2022-07.xls,ok,xls,57344,3b356b84524c7bcb443112b075e72ba2caf315b81e6dbd94a0e50ba814768ce1,2026-09-22T23:13:50Z
SBS,B-2362,2022-08,https://intranet2.sbs.gob.pe/estadistica/financiera/2022/Agosto/B-2362-ag2022.XLS,data/raw/sbs/B-2362/B-2362_2022-08.xls,ok,xls,57344,a08cc2467164b6e9e6518bb9dce86f0df99b3b25295210ce171a8d858019e7c5,2026-09-22T23:13:50Z
SBS,B-2362,2022-09,https://intranet2.sbs.gob.pe/estadistica/financiera/2022/Setiembre/B-2362-se2022.XLS,data/raw/sbs/B-2362/B-2362_2022-09.xls,ok,xls,56320,505b6d9834cb71ff26ebe9ceb68c436150a19b80f8f377f5e62e6b26d0656f92,2026-09-22T23:13:51Z
SBS,B-2362,2022-10,https://intranet2.sbs.gob.pe/estadistica/financiera/2022/Octubre/B-2362-oc2022.XLS,data/raw/sbs/B-2362/B-2362_2022-10.xls,ok,xls,56832,7d87f5e02839046d37d8e78e977866e32426921d41af17a7fc795e7b64758384,2026-09-22T23:13:51Z
SBS,B-2362,2022-11,https://intranet2.sbs.gob.pe/estadistica/financiera/2022/Noviembre/B-2362-no2022.XLS,data/raw/sbs/B-2362/B-2362_2022-11.xls,ok,xls,56832,01d234e8a78423289d883152b3fa7da005efa8defce9531a52cc66dbfcb54d6a,2026-09-22T23:13:51Z
SBS,B-2362,2022-12,https://intranet2.sbs.gob.pe/estadistica/financiera/2022/Diciembre/B-2362-di2022.XLS,data/raw/sbs/B-2362/B-2362_2022-12.xls,ok,xls,56832,cf2d12606050f2405a48c552a596768fe4be7174a5f70ca1e91da10d7fa2107e,2026-09-22T23:13:52Z
SBS,B-2362,2023-01,https://intranet2.sbs.gob.pe/estadistica/financiera/2023/Enero/B-2362-en2023.XLS,data/raw/sbs/B-2362/B-2362_2023-01.xls,ok,xls,56832,814911ef9076536720f960c537204e4c3c8fc4149c1ef917abece7bdacb5f5f0,2026-09-22T23:13:52Z
SBS,B-2362,2023-02,https://intranet2.sbs.gob.pe/estadistica/financiera/2023/Febrero/B-2362-fe2023.XLS,data/raw/sbs/B-2362/B-2362_2023-02.xls,ok,xls,56832,f427c34c94546ecf6c9fd73a9fd1125f993d5c4a5965d2976896d4f458ddd89c,2026-09-22T23:13:52Z
SBS,B-2362,2023-03,https://intranet2.sbs.gob.pe/estadistica/financiera/2023/Marzo/B-2362-ma2023.XLS,data/raw/sbs/B-2362/B-2362_2023-03.xls,ok,xls,56320,260c8f0daab36be8fc04f1a56ada5838926ca51f48949445c1e5d7ad55275659,2026-09-22T23:13:52Z
SBS,B-2362,2023-04,https://intranet2.sbs.gob.pe/estadistica/financiera/2023/Abril/B-2362-ab2023.XLS,data/raw/sbs/B-2362/B-2362_2023-04.xls,ok,xls,56832,aaff701a3ba9727504868cb0b76d8141f6145cc1bdad4d51248312f757e2e918,2026-09-22T23:13:52Z
SBS,B-2362,2023-05,https://intranet2.sbs.gob.pe/estadistica/financiera/2023/Mayo/B-2362-my2023.XLS,data/raw/sbs/B-2362/B-2362_2023-05.xls,ok,xls,58880,4964e2d47642c79657a98ddb7cada696515f89bc499d37ca8968c89b843209aa,2026-09-22T23:13:53Z
SBS,B-2362,2023-06,https://intranet2.sbs.gob.pe/estadistica/financiera/2023/Junio/B-2362-jn2023.XLS,data/raw/sbs/B-2362/B-2362_2023-06.xls,ok,xls,56320,619eca3c8aea1d44b2deb40ab26d10ec7e4b7b4f9d278a0c3cff14f0137da67e,2026-09-22T23:13:53Z
SBS,B-2362,2023-07,https://intranet2.sbs.gob.pe/estadistica/financiera/2023/Julio/B-2362-jl2023.XLS,data/raw/sbs/B-2362/B-2362_2023-07.xls,ok,xls,58368,625eddd5b4f1f940a3f0c1538f41bc652e4a67840723aa95a7e11509609eea38,2026-09-22T23:13:53Z
SBS,B-2362,2023-08,https://intranet2.sbs.gob.pe/estadistica/financiera/2023/Agosto/B-2362-ag2023.XLS,data/raw/sbs/B-2362/B-2362_2023-08.xls,ok,xls,58368,bbc41a76d0404620e04cf2acd6fa871b47bce4df02887164f252b57d192af9ed,2026-09-22T23:13:53Z
SBS,B-2362,2023-09,https://intranet2.sbs.gob.pe/estadistica/financiera/2023/Setiembre/B-2362-se2023.XLS,data/raw/sbs/B-2362/B-2362_2023-09.xls,ok,xls,56832,730a865b8085b2577e8c585929f58d631ad30e262906f7118747cb07ab66ad8e,2026-09-22T23:13:54Z
SBS,B-2362,2023-10,https://intranet2.sbs.gob.pe/estadistica/financiera/2023/Octubre/B-2362-oc2023.XLS,data/raw/sbs/B-2362/B-2362_2023-10.xls,ok,xls,58368,075797218bdd43ebaedbeca97cd97f316c92ef8dff718c1c2070859320fdc51c,2026-09-22T23:13:54Z
SBS,B-2362,2023-11,https://intranet2.sbs.gob.pe/estadistica/financiera/2023/Noviembre/B-2362-no2023.XLS,data/raw/sbs/B-2362/B-2362_2023-11.xls,ok,xls,58368,676c2225bd7a8a2ec8a42e5b01798cc56a61e9318734423a161318474faac178,2026-09-22T23:13:54Z
SBS,B-2362,2023-12,https://intranet2.sbs.gob.pe/estadistica/financiera/2023/Diciembre/B-2362-di2023.XLS,data/raw/sbs/B-2362/B-2362_2023-12.xls,ok,xls,57344,2ed29908efec6f3faa47f576fcfb32d7c42004b8b4f045d3615a694c5b77923e,2026-09-22T23:13:54Z
SBS,B-2362,2024-01,https://intranet2.sbs.gob.pe/estadistica/financiera/2024/Enero/B-2362-en2024.XLS,data/raw/sbs/B-2362/B-2362_2024-01.xls,ok,xls,57344,ce5eac5cc669e1cea0507e29c0a7c7adab6c885af410c4e7515bc45bcaf1ac73,2026-09-22T23:13:55Z
SBS,B-2362,2024-02,https://intranet2.sbs.gob.pe/estadistica/financiera/2024/Febrero/B-2362-fe2024.XLS,data/raw/sbs/B-2362/B-2362_2024-02.xls,ok,xls,57344,9eb828ea4478c541c61ac85e758140fbe51e87ba137c266b2b35362c830f654c,2026-09-22T23:13:55Z
SBS,B-2362,2024-03,https://intranet2.sbs.gob.pe/estadistica/financiera/2024/Marzo/B-2362-ma2024.XLS,data/raw/sbs/B-2362/B-2362_2024-03.xls,ok,xls,57344,7ad87dbde9906a8f6d1861ed3e9f0682c30eea01e7877a68c63dd3b85101e857,2026-09-22T23:13:55Z
SBS,B-2362,2024-04,https://intranet2.sbs.gob.pe/estadistica/financiera/2024/Abril/B-2362-ab2024.XLS,data/raw/sbs/B-2362/B-2362_2024-04.xls,ok,xls,378368,7a38eacb1f920984c1620b9341943dc9e0c9635f8da00a005bd6b69bca40a11c,2026-09-22T23:13:55Z
SBS,B-2362,2024-05,https://intranet2.sbs.gob.pe/estadistica/financiera/2024/Mayo/B-2362-my2024.XLS,data/raw/sbs/B-2362/B-2362_2024-05.xls,ok,xls,57344,db81b3524d1a2509f290fe06c29a6399b2b6b4ab64d8acd592d84c57c97430e7,2026-09-22T23:13:55Z
SBS,B-2362,2024-06,https://intranet2.sbs.gob.pe/estadistica/financiera/2024/Junio/B-2362-jn2024.XLS,data/raw/sbs/B-2362/B-2362_2024-06.xls,ok,xls,56832,2a19ae07408748bb1d90a09426475bf320df4d068ac62a972843e04123e2a500,2026-09-22T23:13:56Z
SBS,B-2362,2024-07,https://intranet2.sbs.gob.pe/estadistica/financiera/2024/Julio/B-2362-jl2024.XLS,data/raw/sbs/B-2362/B-2362_2024-07.xls,ok,xls,102400,68abf5643994d5ea0debc4e050537704bf0ac6fb9bcb4d97250a24b2f7b39701,2026-09-22T23:13:56Z
SBS,B-2362,2024-08,https://intranet2.sbs.gob.pe/estadistica/financiera/2024/Agosto/B-2362-ag2024.XLS,data/raw/sbs/B-2362/B-2362_2024-08.xls,ok,xls,56832,e6eb7e40072f6aa8b4307e5390c9452146dea8019f49756a311fb3306e1b589b,2026-09-22T23:13:56Z
SBS,B-2362,2024-09,https://intranet2.sbs.gob.pe/estadistica/financiera/2024/Setiembre/B-2362-se2024.XLS,data/raw/sbs/B-2362/B-2362_2024-09.xls,ok,xls,57856,aa17aa89b1e29013bc08bb4753b948e45c067d62bd103594c691ff7cbeba6cdf,2026-09-22T23:13:56Z
SBS,B-2362,2024-10,https://intranet2.sbs.gob.pe/estadistica/financiera/2024/Octubre/B-2362-oc2024.XLS,data/raw/sbs/B-2362/B-2362_2024-10.xls,ok,xls,58368,35a010dbc2f0d4e6aa375013162215f64e001f058fd3e4e841ababdd9d04e750,2026-09-22T23:13:57Z
SBS,B-2362,2024-11,https://intranet2.sbs.gob.pe/estadistica/financiera/2024/Noviembre/B-2362-no2024.XLS,data/raw/sbs/B-2362/B-2362_2024-11.xls,ok,xls,57344,c2b4c9b6a4f1047a6a472a0459dd094a96752f78f5df8c946becef56a9e35022,2026-09-22T23:13:57Z
SBS,B-2362,2024-12,https://intranet2.sbs.gob.pe/estadistica/financiera/2024/Diciembre/B-2362-di2024.XLS,data/raw/sbs/B-2362/B-2362_2024-12.xls,ok,xls,57856,69cadc8f05d27b85eca9468bdd5b9d1b5089a7b5e1e53a490004b5fb05f6e0fc,2026-09-22T23:13:57Z
SBS,B-2362,2025-01,https://intranet2.sbs.gob.pe/estadistica/financiera/2025/Enero/B-2362-en2025.XLS,data/raw/sbs/B-2362/B-2362_2025-01.xls,ok,xls,57856,455406ac9fe2f19c08c32a98711f441170e80b387386bfe20879706229d41dd7,2026-09-22T23:13:57Z
SBS,B-2362,2025-02,https://intranet2.sbs.gob.pe/estadistica/financiera/2025/Febrero/B-2362-fe2025.XLS,data/raw/sbs/B-2362/B-2362_2025-02.xls,ok,xls,57856,3e2f7c13d3b11d75e4c8b5f085ad42346dc6e24d533dd4b0f57f575a3c0afb31,2026-09-22T23:13:58Z
SBS,B-2362,2025-03,https://intranet2.sbs.gob.pe/estadistica/financiera/2025/Marzo/B-2362-ma2025.XLS,data/raw/sbs/B-2362/B-2362_2025-03.xls,ok,xls,59392,89bbf7ec1a1b6d3b2e6bbaa2f681c03e93bbd035a1336609838145712c747356,2026-09-22T23:13:58Z
SBS,B-2362,2025-04,https://intranet2.sbs.gob.pe/estadistica/financiera/2025/Abril/B-2362-ab2025.XLS,data/raw/sbs/B-2362/B-2362_2025-04.xls,ok,xls,57856,1a3f656fb929d9277e520322f8954f35575ecfe56b967a247c36cdef76df689d,2026-09-22T23:13:58Z
SBS,B-2362,2025-05,https://intranet2.sbs.gob.pe/estadistica/financiera/2025/Mayo/B-2362-my2025.XLS,data/raw/sbs/B-2362/B-2362_2025-05.xls,ok,xls,57856,5ce2b32d6a37521e8e6f6fc120f897b1dc412e9cb5b6946348f84ce35be88418,2026-09-22T23:13:58Z
SBS,B-2362,2025-06,https://intranet2.sbs.gob.pe/estadistica/financiera/2025/Junio/B-2362-jn2025.XLS,data/raw/sbs/B-2362/B-2362_2025-06.xls,ok,xls,58368,1943cf15df33c0eaab67ef61337ca93695fd370bf48c9c500c36d3b08ecf1552,2026-09-22T23:13:58Z
SBS,B-2362,2025-07,https://intranet2.sbs.gob.pe/estadistica/financiera/2025/Julio/B-2362-jl2025.XLS,data/raw/sbs/B-2362/B-2362_2025-07.xls,ok,xls,55296,68d8e918db6621d7e7357a53f46d882fc8bd319960a0b89c19542cb97f96ca45,2026-09-22T23:13:59Z
SBS,B-2362,2025-08,https://intranet2.sbs.gob.pe/estadistica/financiera/2025/Agosto/B-2362-ag2025.XLS,data/raw/sbs/B-2362/B-2362_2025-08.xls,ok,xls,58368,9d63a816d25a28dacf837793e967c216a51eab93ac1d84f46b7043710ded7340,2026-09-22T23:13:59Z
SBS,B-2362,2025-09,https://intranet2.sbs.gob.pe/estadistica/financiera/2025/Setiembre/B-2362-se2025.XLS,data/raw/sbs/B-2362/B-2362_2025-09.xls,ok,xls,58368,49dfd31ee2a7822d431defb0078674382a7092865c9c604fef9fd7ee8b0cec52,2026-09-22T23:13:59Z
SBS,B-2362,2025-10,https://intranet2.sbs.gob.pe/estadistica/financiera/2025/Octubre/B-2362-oc2025.XLS,data/raw/sbs/B-2362/B-2362_2025-10.xls,ok,xls,58368,d6181f70f71c5d5ea1c3f6e106557f9e29a9937ef7f1137c50d5c5bafdc2cf09,2026-09-22T23:13:59Z
SBS,B-2362,2025-11,https://intranet2.sbs.gob.pe/estadistica/financiera/2025/Noviembre/B-2362-no2025.XLS,data/raw/sbs/B-2362/B-2362_2025-11.xls,ok,xls,56320,4cb0084defabdb10443ce61491cc8ae813913aa951d50d341560d68421446692,2026-09-22T23:14:00Z
SBS,B-2362,2025-12,https://intranet2.sbs.gob.pe/estadistica/financiera/2025/Diciembre/B-2362-di2025.XLS,data/raw/sbs/B-2362/B-2362_2025-12.xls,ok,xls,58368,4c24e1e3c70874d853be32f176170ad68ae28e3d8563fbb4e42870e45e8eba13,2026-09-22T23:14:00Z
SBS,B-2362,2026-01,https://intranet2.sbs.gob.pe/estadistica/financiera/2026/Enero/B-2362-en2026.XLS,data/raw/sbs/B-2362/B-2362_2026-01.xls,ok,xls,54784,67942bcbe5248440f48af1f8b4c6c3418307911240ba22e5e43da7d1576c0f10,2026-09-22T23:14:00Z
SBS,B-2362,2026-02,https://intranet2.sbs.gob.pe/estadistica/financiera/2026/Febrero/B-2362-fe2026.XLS,data/raw/sbs/B-2362/B-2362_2026-02.xls,ok,xls,58368,989e3d696782d94488c7b84a1e1c420230473013b507ad7b5e6ec066d90846a2,2026-09-22T23:14:00Z
SBS,B-2362,2026-03,https://intranet2.sbs.gob.pe/estadistica/financiera/2026/Marzo/B-2362-ma2026.XLS,data/raw/sbs/B-2362/B-2362_2026-03.xls,ok,xls,54784,13ed062c0692f381aa56367131e1e3f51c21fe90304e8dce169445a3f9e76bb2,2026-09-22T23:14:00Z
SBS,B-2362,2026-04,https://intranet2.sbs.gob.pe/estadistica/financiera/2026/Abril/B-2362-ab2026.XLS,data/raw/sbs/B-2362/B-2362_2026-04.xls,ok,xls,55296,e091fa796389a3e9920b7592c071f833794f98d6506520cb34b227386f390323,2026-09-22T23:14:01Z
SBS,B-2362,2026-05,https://intranet2.sbs.gob.pe/estadistica/financiera/2026/Mayo/B-2362-my2026.XLS,data/raw/sbs/B-2362/B-2362_2026-05.xls,ok,xls,55296,ebb98b977fa02796a938261cf3c548ae02f3a571a6814f302802a4cf90fc0c16,2026-09-22T23:14:01Z
SBS,B-2362,2026-06,https://intranet2.sbs.gob.pe/estadistica/financiera/2026/Junio/B-2362-jn2026.XLS,data/raw/sbs/B-2362/B-2362_2026-06.xls,ok,xls,57856,8d93f39bbf7419607381d02bc7a85d7c8969572858c4102c2ef9c15de51a94b4,2026-09-22T23:14:01Z
SBS,B-2362,2026-07,https://intranet2.sbs.gob.pe/estadistica/financiera/2026/Julio/B-2362-jl2026.XLS,data/raw/sbs/B-2362/B-2362_2026-07.xls,ok,xls,59392,a143d2e857f6f83f92aa25b1bf8a0ecec5494334218bc1c22a334c4399fefdd8,2026-09-22T23:14:01Z
SBS,B-2369,2015-01,https://intranet2.sbs.gob.pe/estadistica/financiera/2015/Enero/B-2369-en2015.XLS,,no_publicado,,0,,2026-09-22T23:11:53Z
SBS,B-2369,2015-02,https://intranet2.sbs.gob.pe/estadistica/financiera/2015/Febrero/B-2369-fe2015.XLS,,no_publicado,,0,,2026-09-22T23:11:53Z
SBS,B-2369,2015-03,https://intranet2.sbs.gob.pe/estadistica/financiera/2015/Marzo/B-2369-ma2015.XLS,data/raw/sbs/B-2369/B-2369_2015-03.xls,ok,xlsx,19833,df477599aa95a8a38b922e2e1aa3f2117fda2acd69e3bdb7a71c05994818b16d,2026-09-22T23:11:53Z
SBS,B-2369,2015-04,https://intranet2.sbs.gob.pe/estadistica/financiera/2015/Abril/B-2369-ab2015.XLS,,no_publicado,,0,,2026-09-22T23:11:54Z
SBS,B-2369,2015-05,https://intranet2.sbs.gob.pe/estadistica/financiera/2015/Mayo/B-2369-my2015.XLS,,no_publicado,,0,,2026-09-22T23:11:54Z
SBS,B-2369,2015-06,https://intranet2.sbs.gob.pe/estadistica/financiera/2015/Junio/B-2369-jn2015.XLS,data/raw/sbs/B-2369/B-2369_2015-06.xls,ok,xls,40960,d08abc0339d4a4943cbde5e46c922411780f4341ccc92fdb4f3c1d6f64176e6c,2026-09-22T23:11:54Z
SBS,B-2369,2015-07,https://intranet2.sbs.gob.pe/estadistica/financiera/2015/Julio/B-2369-jl2015.XLS,,no_publicado,,0,,2026-09-22T23:11:54Z
SBS,B-2369,2015-08,https://intranet2.sbs.gob.pe/estadistica/financiera/2015/Agosto/B-2369-ag2015.XLS,,no_publicado,,0,,2026-09-22T23:11:54Z
SBS,B-2369,2015-09,https://intranet2.sbs.gob.pe/estadistica/financiera/2015/Setiembre/B-2369-se2015.XLS,data/raw/sbs/B-2369/B-2369_2015-09.xls,ok,xls,42496,7a4fa3ad9c8011803a36f2707e2ec31812dac0fc98082e4c0d1f30e200e3c9a6,2026-09-22T23:11:55Z
SBS,B-2369,2015-10,https://intranet2.sbs.gob.pe/estadistica/financiera/2015/Octubre/B-2369-oc2015.XLS,,no_publicado,,0,,2026-09-22T23:11:55Z
SBS,B-2369,2015-11,https://intranet2.sbs.gob.pe/estadistica/financiera/2015/Noviembre/B-2369-no2015.XLS,,no_publicado,,0,,2026-09-22T23:11:55Z
SBS,B-2369,2015-12,https://intranet2.sbs.gob.pe/estadistica/financiera/2015/Diciembre/B-2369-di2015.XLS,data/raw/sbs/B-2369/B-2369_2015-12.xls,ok,xls,41472,b13c249b1329874e517d68043086638c084e8c318777f7bd8067cd1b2d96807c,2026-09-22T23:11:55Z
SBS,B-2369,2016-01,https://intranet2.sbs.gob.pe/estadistica/financiera/2016/Enero/B-2369-en2016.XLS,data/raw/sbs/B-2369/B-2369_2016-01.xls,ok,xls,39424,2bd99f4401da76cc842db6bd7a4b2d1fb9d8ee3405ac5d5b395a1d43acd18bed,2026-09-22T23:11:56Z
SBS,B-2369,2016-02,https://intranet2.sbs.gob.pe/estadistica/financiera/2016/Febrero/B-2369-fe2016.XLS,data/raw/sbs/B-2369/B-2369_2016-02.xls,ok,xls,39424,1b9cf2423f4e9f143ddfa97d61c164ce5f1e4e86df9fe1a1d7498e98901f2783,2026-09-22T23:11:56Z
SBS,B-2369,2016-03,https://intranet2.sbs.gob.pe/estadistica/financiera/2016/Marzo/B-2369-ma2016.XLS,data/raw/sbs/B-2369/B-2369_2016-03.xls,ok,xls,39424,feb564540c056e65ea6ec396df3bc3f3d23f99e0fdb266c7838d77d59744523f,2026-09-22T23:11:56Z
SBS,B-2369,2016-04,https://intranet2.sbs.gob.pe/estadistica/financiera/2016/Abril/B-2369-ab2016.XLS,data/raw/sbs/B-2369/B-2369_2016-04.xls,ok,xls,39424,2c392a66ebadd31a43b85ded42c5422e7bc670d96ed7fc37f65e2a6866eeb164,2026-09-22T23:11:56Z
SBS,B-2369,2016-05,https://intranet2.sbs.gob.pe/estadistica/financiera/2016/Mayo/B-2369-my2016.XLS,data/raw/sbs/B-2369/B-2369_2016-05.xls,ok,xls,39424,5a4fec9469e6a5569cc3e1b4d58850c2107e83cd48a860f6da386070031b20c3,2026-09-22T23:11:56Z
SBS,B-2369,2016-06,https://intranet2.sbs.gob.pe/estadistica/financiera/2016/Junio/B-2369-jn2016.XLS,data/raw/sbs/B-2369/B-2369_2016-06.xls,ok,xls,39424,5a036729ea93fd4e8afa936c7db26efc218cacac6512b7798fcf60d989f4fbea,2026-09-22T23:11:57Z
SBS,B-2369,2016-07,https://intranet2.sbs.gob.pe/estadistica/financiera/2016/Julio/B-2369-jl2016.XLS,data/raw/sbs/B-2369/B-2369_2016-07.xls,ok,xls,39424,e4b614a3d0db45f89ef40e7648cb777cd3fd4745a85b591164b3524afdc25481,2026-09-22T23:11:57Z
SBS,B-2369,2016-08,https://intranet2.sbs.gob.pe/estadistica/financiera/2016/Agosto/B-2369-ag2016.XLS,data/raw/sbs/B-2369/B-2369_2016-08.xls,ok,xls,37888,100b299be5e801cc0c5f027fcbccfcb048e8ce8ff841de443f3326ad1dbcb49a,2026-09-22T23:11:57Z
SBS,B-2369,2016-09,https://intranet2.sbs.gob.pe/estadistica/financiera/2016/Setiembre/B-2369-se2016.XLS,data/raw/sbs/B-2369/B-2369_2016-09.xls,ok,xls,39936,176609030ac1a260034046b4ab3e1cf6b2d050a52fa7542d80c0da7d8cd6cbb2,2026-09-22T23:11:57Z
SBS,B-2369,2016-10,https://intranet2.sbs.gob.pe/estadistica/financiera/2016/Octubre/B-2369-oc2016.XLS,data/raw/sbs/B-2369/B-2369_2016-10.xls,ok,xls,37888,bb57b46f5b7794977bf3d9eb2094691a4440afbeb11ea733ac20189bae898f4e,2026-09-22T23:11:58Z
SBS,B-2369,2016-11,https://intranet2.sbs.gob.pe/estadistica/financiera/2016/Noviembre/B-2369-no2016.XLS,data/raw/sbs/B-2369/B-2369_2016-11.xls,ok,xls,37888,41c07af0413717e89f985e59c9ee0c4bc9b5c6c82755d18fd8dec07b2aff927f,2026-09-22T23:11:58Z
SBS,B-2369,2016-12,https://intranet2.sbs.gob.pe/estadistica/financiera/2016/Diciembre/B-2369-di2016.XLS,data/raw/sbs/B-2369/B-2369_2016-12.xls,ok,xls,38400,4e859948edd90996b0ecb8313a227e46751df8483357cb66c6940cdd325b5627,2026-09-22T23:11:58Z
SBS,B-2369,2017-01,https://intranet2.sbs.gob.pe/estadistica/financiera/2017/Enero/B-2369-en2017.XLS,data/raw/sbs/B-2369/B-2369_2017-01.xls,ok,xls,38912,81ad8b4623b3b7308e411a1c4502ac59d41e020e733fc0a5fe8f6642861beed2,2026-09-22T23:11:58Z
SBS,B-2369,2017-02,https://intranet2.sbs.gob.pe/estadistica/financiera/2017/Febrero/B-2369-fe2017.XLS,data/raw/sbs/B-2369/B-2369_2017-02.xls,ok,xls,38912,abbb59bc92afaa30d8649a8aa1fb7cfee3ae10630ac4dbfd7c44230be6927bae,2026-09-22T23:11:59Z
SBS,B-2369,2017-03,https://intranet2.sbs.gob.pe/estadistica/financiera/2017/Marzo/B-2369-ma2017.XLS,data/raw/sbs/B-2369/B-2369_2017-03.xls,ok,xls,40448,aa70a92aad47cdfa0455523586760319b130c5c0a28368780548263318d8ac42,2026-09-22T23:11:59Z
SBS,B-2369,2017-04,https://intranet2.sbs.gob.pe/estadistica/financiera/2017/Abril/B-2369-ab2017.XLS,data/raw/sbs/B-2369/B-2369_2017-04.xls,ok,xls,39424,2aa1f883e48cc0a9ce0c4a5dd5b684cddaa4105cfbee2d01789110c28b471e94,2026-09-22T23:11:59Z
SBS,B-2369,2017-05,https://intranet2.sbs.gob.pe/estadistica/financiera/2017/Mayo/B-2369-my2017.XLS,data/raw/sbs/B-2369/B-2369_2017-05.xls,ok,xls,38912,a81a2892a3fc7ed5300aa06c73b99e5260dabc327aa0ff5f8857433771a9e33d,2026-09-22T23:11:59Z
SBS,B-2369,2017-06,https://intranet2.sbs.gob.pe/estadistica/financiera/2017/Junio/B-2369-jn2017.XLS,data/raw/sbs/B-2369/B-2369_2017-06.xls,ok,xls,38912,c1f79d1b3e65ce1a9b6f02408593869d5db355aef5d616249baf44a933250ef7,2026-09-22T23:11:59Z
SBS,B-2369,2017-07,https://intranet2.sbs.gob.pe/estadistica/financiera/2017/Julio/B-2369-jl2017.XLS,data/raw/sbs/B-2369/B-2369_2017-07.xls,ok,xls,40960,909d161d3ddbcdff9c615d63c1c0350f20bd342b92f7c5aa14f4ee62cdaa6522,2026-09-22T23:12:00Z
SBS,B-2369,2017-08,https://intranet2.sbs.gob.pe/estadistica/financiera/2017/Agosto/B-2369-ag2017.XLS,data/raw/sbs/B-2369/B-2369_2017-08.xls,ok,xls,40448,5d2415057bd877f5c4649998507f008cfbe7e586af8ad18b229d9deeb77c7467,2026-09-22T23:12:00Z
SBS,B-2369,2017-09,https://intranet2.sbs.gob.pe/estadistica/financiera/2017/Setiembre/B-2369-se2017.XLS,data/raw/sbs/B-2369/B-2369_2017-09.xls,ok,xls,39936,350998d2c9df0ee2faac0b26e26027612dc1d7223bd855cbba5879bdda6e60ad,2026-09-22T23:12:00Z
SBS,B-2369,2017-10,https://intranet2.sbs.gob.pe/estadistica/financiera/2017/Octubre/B-2369-oc2017.XLS,data/raw/sbs/B-2369/B-2369_2017-10.xls,ok,xls,39936,1d430e0d3ec0f015983b983d65f3390dae1c9188704cd2902a316d031fc235aa,2026-09-22T23:12:00Z
SBS,B-2369,2017-11,https://intranet2.sbs.gob.pe/estadistica/financiera/2017/Noviembre/B-2369-no2017.XLS,data/raw/sbs/B-2369/B-2369_2017-11.xls,ok,xls,39424,fc75806d7b2fb3392564ecba28780c03d68d6aefd46ae8e5c0a1b169bac6b1bf,2026-09-22T23:12:01Z
SBS,B-2369,2017-12,https://intranet2.sbs.gob.pe/estadistica/financiera/2017/Diciembre/B-2369-di2017.XLS,data/raw/sbs/B-2369/B-2369_2017-12.xls,ok,xls,39936,59fb4ca807675929f836ebe37fa018b3bd05dab4f2d2c3aadc2bf2b1bc083d5a,2026-09-22T23:12:01Z
SBS,B-2369,2018-01,https://intranet2.sbs.gob.pe/estadistica/financiera/2018/Enero/B-2369-en2018.XLS,data/raw/sbs/B-2369/B-2369_2018-01.xls,ok,xls,38912,f962b8044dd0a3eaa0a8bb248b64aa1713ad4ddbb6c35cfe4d4f40529d3e0ab9,2026-09-22T23:12:01Z
SBS,B-2369,2018-02,https://intranet2.sbs.gob.pe/estadistica/financiera/2018/Febrero/B-2369-fe2018.XLS,data/raw/sbs/B-2369/B-2369_2018-02.xls,ok,xls,38912,514db2d37209130fd91fffe649a38f1be5005fa1cb1ca5bd102f6dc47f4df3a5,2026-09-22T23:12:01Z
SBS,B-2369,2018-03,https://intranet2.sbs.gob.pe/estadistica/financiera/2018/Marzo/B-2369-ma2018.XLS,data/raw/sbs/B-2369/B-2369_2018-03.xls,ok,xls,40448,1a07b343d9cc98b5f36b4959cb7dacdbe9466d47d6e1944bcb1296268859067e,2026-09-22T23:12:02Z
SBS,B-2369,2018-04,https://intranet2.sbs.gob.pe/estadistica/financiera/2018/Abril/B-2369-ab2018.XLS,data/raw/sbs/B-2369/B-2369_2018-04.xls,ok,xls,40448,d680d047fdd8a63d23cd84a9dba8b1cd46d741a6a1c6d3959ee92abe4a2d7541,2026-09-22T23:12:02Z
SBS,B-2369,2018-05,https://intranet2.sbs.gob.pe/estadistica/financiera/2018/Mayo/B-2369-my2018.XLS,data/raw/sbs/B-2369/B-2369_2018-05.xls,ok,xls,40448,4faffe45ffa315a03a230b09c2a8439402622b907ae981cb4839469028186796,2026-09-22T23:12:02Z
SBS,B-2369,2018-06,https://intranet2.sbs.gob.pe/estadistica/financiera/2018/Junio/B-2369-jn2018.XLS,data/raw/sbs/B-2369/B-2369_2018-06.xls,ok,xls,40448,5caafe36ee62957f3949cea79fd2b91e5d3440ca340f0d4e774791b038531f81,2026-09-22T23:12:02Z
SBS,B-2369,2018-07,https://intranet2.sbs.gob.pe/estadistica/financiera/2018/Julio/B-2369-jl2018.XLS,data/raw/sbs/B-2369/B-2369_2018-07.xls,ok,xls,40448,15e53de7e560eef3f13ac47b8b1f9d1dd82bc96065c98bba134085e17383c377,2026-09-22T23:12:02Z
SBS,B-2369,2018-08,https://intranet2.sbs.gob.pe/estadistica/financiera/2018/Agosto/B-2369-ag2018.XLS,data/raw/sbs/B-2369/B-2369_2018-08.xls,ok,xls,41472,59c400a88145a29dee760c10e5c048cb101024540f0b511c45d78fba8373bc4c,2026-09-22T23:12:03Z
SBS,B-2369,2018-09,https://intranet2.sbs.gob.pe/estadistica/financiera/2018/Setiembre/B-2369-se2018.XLS,data/raw/sbs/B-2369/B-2369_2018-09.xls,ok,xls,41472,47778d1ab93d300272a74cda95519cf6dc7ae424a11e39378827d1dbff1f648c,2026-09-22T23:12:03Z
SBS,B-2369,2018-10,https://intranet2.sbs.gob.pe/estadistica/financiera/2018/Octubre/B-2369-oc2018.XLS,data/raw/sbs/B-2369/B-2369_2018-10.xls,ok,xls,40448,26062aae812a649138f475c242a131d651bad0d74fd2b4a906c73b291801b757,2026-09-22T23:12:03Z
SBS,B-2369,2018-11,https://intranet2.sbs.gob.pe/estadistica/financiera/2018/Noviembre/B-2369-no2018.XLS,data/raw/sbs/B-2369/B-2369_2018-11.xls,ok,xls,41472,7acd22687d54226c63db1e31b7b357620af077b39447adf53da57d95f84cb5a5,2026-09-22T23:12:03Z
SBS,B-2369,2018-12,https://intranet2.sbs.gob.pe/estadistica/financiera/2018/Diciembre/B-2369-di2018.XLS,data/raw/sbs/B-2369/B-2369_2018-12.xls,ok,xls,41472,b460c46045133438de8383e51500c15f2dc54787dd3746932c29f305e783d218,2026-09-22T23:12:04Z
SBS,B-2369,2019-01,https://intranet2.sbs.gob.pe/estadistica/financiera/2019/Enero/B-2369-en2019.XLS,data/raw/sbs/B-2369/B-2369_2019-01.xls,ok,xls,41472,5253fe605c18f665b52df8b38e17d2c57489789d58f8214303ab1079903393cc,2026-09-22T23:12:04Z
SBS,B-2369,2019-02,https://intranet2.sbs.gob.pe/estadistica/financiera/2019/Febrero/B-2369-fe2019.XLS,data/raw/sbs/B-2369/B-2369_2019-02.xls,ok,xls,41472,18c0987e14ba7a6fd7caef558a8898f54c184a46a8349b86a773a2164c45a894,2026-09-22T23:12:04Z
SBS,B-2369,2019-03,https://intranet2.sbs.gob.pe/estadistica/financiera/2019/Marzo/B-2369-ma2019.XLS,data/raw/sbs/B-2369/B-2369_2019-03.xls,ok,xls,41472,d8eceab2632b041e4d32d0e46f5b6e6c12f87f834ffe4dae9cf1a28c0ea233e5,2026-09-22T23:12:04Z
SBS,B-2369,2019-04,https://intranet2.sbs.gob.pe/estadistica/financiera/2019/Abril/B-2369-ab2019.XLS,data/raw/sbs/B-2369/B-2369_2019-04.xls,ok,xls,41472,6c935ac16ab2809685949a28885f62b0ae697e92b0371a1d3dc56329f7328df6,2026-09-22T23:12:04Z
SBS,B-2369,2019-05,https://intranet2.sbs.gob.pe/estadistica/financiera/2019/Mayo/B-2369-my2019.XLS,data/raw/sbs/B-2369/B-2369_2019-05.xls,ok,xls,40960,a7126176c60b75b5a4ffd98325c44a0e8ee2725c6eb27073ba40c659b1ec5f0f,2026-09-22T23:12:05Z
SBS,B-2369,2019-06,https://intranet2.sbs.gob.pe/estadistica/financiera/2019/Junio/B-2369-jn2019.XLS,data/raw/sbs/B-2369/B-2369_2019-06.xls,ok,xls,41472,95fb50e42024dcae95f12ab12dc9557275ed8249775a256fa49907ef4394041f,2026-09-22T23:12:05Z
SBS,B-2369,2019-07,https://intranet2.sbs.gob.pe/estadistica/financiera/2019/Julio/B-2369-jl2019.XLS,data/raw/sbs/B-2369/B-2369_2019-07.xls,ok,xls,40960,022f1611f27389ba55134a9e144555344876d19b557889971136ff9c65e39355,2026-09-22T23:12:05Z
SBS,B-2369,2019-08,https://intranet2.sbs.gob.pe/estadistica/financiera/2019/Agosto/B-2369-ag2019.XLS,data/raw/sbs/B-2369/B-2369_2019-08.xls,ok,xls,40960,e4ec33214ac91659d36d57eeb5abcc1114e5000ca3b0418d4b78a25262af7625,2026-09-22T23:12:05Z
SBS,B-2369,2019-09,https://intranet2.sbs.gob.pe/estadistica/financiera/2019/Setiembre/B-2369-se2019.XLS,data/raw/sbs/B-2369/B-2369_2019-09.xls,ok,xls,40960,08ffb7f0da87360a1f23bba152b5fd8d09882a52e693d367717ed9f5c7eab999,2026-09-22T23:12:06Z
SBS,B-2369,2019-10,https://intranet2.sbs.gob.pe/estadistica/financiera/2019/Octubre/B-2369-oc2019.XLS,data/raw/sbs/B-2369/B-2369_2019-10.xls,ok,xls,42496,49b60af8954062e82a1fa09d3c8bdf63c0101adbaeb844c04f5bdbffc415c711,2026-09-22T23:12:06Z
SBS,B-2369,2019-11,https://intranet2.sbs.gob.pe/estadistica/financiera/2019/Noviembre/B-2369-no2019.XLS,data/raw/sbs/B-2369/B-2369_2019-11.xls,ok,xls,42496,bea53f2becdcc6343017df42139a3f8c5a870a77d4333a121dd0799886e68875,2026-09-22T23:12:06Z
SBS,B-2369,2019-12,https://intranet2.sbs.gob.pe/estadistica/financiera/2019/Diciembre/B-2369-di2019.XLS,data/raw/sbs/B-2369/B-2369_2019-12.xls,ok,xls,41984,b412fd2f4f30096b74d8dcc7288fb6b205f3595c793a446fad1b97ce0d571013,2026-09-22T23:12:06Z
SBS,B-2369,2020-01,https://intranet2.sbs.gob.pe/estadistica/financiera/2020/Enero/B-2369-en2020.XLS,data/raw/sbs/B-2369/B-2369_2020-01.xls,ok,xls,42496,bcea176deffc3b352d1afa0ff8e803d967a1a3c46cf03a5ca390a52c0904d432,2026-09-22T23:12:07Z
SBS,B-2369,2020-02,https://intranet2.sbs.gob.pe/estadistica/financiera/2020/Febrero/B-2369-fe2020.XLS,data/raw/sbs/B-2369/B-2369_2020-02.xls,ok,xls,42496,9abfb1e4071d6053b7d14113656d71508ea926de52e5a60c67b23ef203d459ce,2026-09-22T23:12:07Z
SBS,B-2369,2020-03,https://intranet2.sbs.gob.pe/estadistica/financiera/2020/Marzo/B-2369-ma2020.XLS,data/raw/sbs/B-2369/B-2369_2020-03.xls,ok,xlsx,14754,206bf2671050dca2baaed6398d8f188e6965f1d157bdd66481449f2b993d571d,2026-09-22T23:12:07Z
SBS,B-2369,2020-04,https://intranet2.sbs.gob.pe/estadistica/financiera/2020/Abril/B-2369-ab2020.XLS,data/raw/sbs/B-2369/B-2369_2020-04.xls,ok,xls,42496,37b4f401baed26e6a60b41ea72af0e4a83bc07d4b747fd81f9bf6367cf5d5ddc,2026-09-22T23:12:07Z
SBS,B-2369,2020-05,https://intranet2.sbs.gob.pe/estadistica/financiera/2020/Mayo/B-2369-my2020.XLS,data/raw/sbs/B-2369/B-2369_2020-05.xls,ok,xls,42496,698b67ba16be6869cbd3ab99ff1ef42020b8e552e0e26353cb36d77f8eb77948,2026-09-22T23:12:07Z
SBS,B-2369,2020-06,https://intranet2.sbs.gob.pe/estadistica/financiera/2020/Junio/B-2369-jn2020.XLS,data/raw/sbs/B-2369/B-2369_2020-06.xls,ok,xls,41472,f7f1976746234d4b90883412352c9496e871cbfe2a24c680b8f01ecd1fbc84ae,2026-09-22T23:12:08Z
SBS,B-2369,2020-07,https://intranet2.sbs.gob.pe/estadistica/financiera/2020/Julio/B-2369-jl2020.XLS,data/raw/sbs/B-2369/B-2369_2020-07.xls,ok,xls,40448,3b1f035ba735746ccbf65838519fa94dfbda494a1e671376ee281e0ae7fb9505,2026-09-22T23:12:08Z
SBS,B-2369,2020-08,https://intranet2.sbs.gob.pe/estadistica/financiera/2020/Agosto/B-2369-ag2020.XLS,data/raw/sbs/B-2369/B-2369_2020-08.xls,ok,xls,40448,922bb151d2217c75f71f9cce356ba16541b3892d832bf2a34b9f3bc2c87e643a,2026-09-22T23:12:08Z
SBS,B-2369,2020-09,https://intranet2.sbs.gob.pe/estadistica/financiera/2020/Setiembre/B-2369-se2020.XLS,data/raw/sbs/B-2369/B-2369_2020-09.xls,ok,xls,40448,df18b62bb7f3332702a4a6c29177b22c3689f5dd88ea0616108e1493d80b79d4,2026-09-22T23:12:08Z
SBS,B-2369,2020-10,https://intranet2.sbs.gob.pe/estadistica/financiera/2020/Octubre/B-2369-oc2020.XLS,data/raw/sbs/B-2369/B-2369_2020-10.xls,ok,xls,40448,29b302b0ce2efb82a824b2847fb400e41725ca1a014ee0cf019408b74d13564a,2026-09-22T23:12:09Z
SBS,B-2369,2020-11,https://intranet2.sbs.gob.pe/estadistica/financiera/2020/Noviembre/B-2369-no2020.XLS,data/raw/sbs/B-2369/B-2369_2020-11.xls,ok,xls,41984,689f898dd34a68bddc147069b6fe2eda7224db88a2a61f2faf6db25b2d47479f,2026-09-22T23:12:09Z
SBS,B-2369,2020-12,https://intranet2.sbs.gob.pe/estadistica/financiera/2020/Diciembre/B-2369-di2020.XLS,data/raw/sbs/B-2369/B-2369_2020-12.xls,ok,xls,40448,8df57952e984955aded540e7f68d90e2dbe143c604eb4edbd44d04d4f22fe4fc,2026-09-22T23:12:09Z
SBS,B-2369,2021-01,https://intranet2.sbs.gob.pe/estadistica/financiera/2021/Enero/B-2369-en2021.XLS,data/raw/sbs/B-2369/B-2369_2021-01.xls,ok,xls,40448,f9835014f09f7d1a401333f197487ee308923d1f2a711f69e92a5a5cd2c72f7f,2026-09-22T23:12:09Z
SBS,B-2369,2021-02,https://intranet2.sbs.gob.pe/estadistica/financiera/2021/Febrero/B-2369-fe2021.XLS,data/raw/sbs/B-2369/B-2369_2021-02.xls,ok,xls,40448,bdc7f35b5d7121d06a539af54dee396f4db6b1561773bea4450f07003f4c98b8,2026-09-22T23:12:10Z
SBS,B-2369,2021-03,https://intranet2.sbs.gob.pe/estadistica/financiera/2021/Marzo/B-2369-ma2021.XLS,data/raw/sbs/B-2369/B-2369_2021-03.xls,ok,xls,40448,db5b45238d9eb4cf8168ab6174cc135ff375cd68e405b3d52c9342092ef13ae3,2026-09-22T23:12:10Z
SBS,B-2369,2021-04,https://intranet2.sbs.gob.pe/estadistica/financiera/2021/Abril/B-2369-ab2021.XLS,data/raw/sbs/B-2369/B-2369_2021-04.xls,ok,xls,40448,d777ec8b0665c73cd021c39856325e55aefd332b3b5ddd7da6c572998cb03077,2026-09-22T23:12:10Z
SBS,B-2369,2021-05,https://intranet2.sbs.gob.pe/estadistica/financiera/2021/Mayo/B-2369-my2021.XLS,data/raw/sbs/B-2369/B-2369_2021-05.xls,ok,xls,40448,8fe3cae20784e9b8cacf12d17426ef381f8bf7cb9e90c5c8212ef5b0f2db380c,2026-09-22T23:12:10Z
SBS,B-2369,2021-06,https://intranet2.sbs.gob.pe/estadistica/financiera/2021/Junio/B-2369-jn2021.XLS,data/raw/sbs/B-2369/B-2369_2021-06.xls,ok,xls,40448,811a5babc01dd4334f92e024de17eca81db3bf50bcd6a209f1fc425efa2c7b00,2026-09-22T23:12:10Z
SBS,B-2369,2021-07,https://intranet2.sbs.gob.pe/estadistica/financiera/2021/Julio/B-2369-jl2021.XLS,data/raw/sbs/B-2369/B-2369_2021-07.xls,ok,xls,40448,888d6298e084faf26730d2b3abd272927103bba9e30db8e2e428066136b19b4b,2026-09-22T23:12:11Z
SBS,B-2369,2021-08,https://intranet2.sbs.gob.pe/estadistica/financiera/2021/Agosto/B-2369-ag2021.XLS,data/raw/sbs/B-2369/B-2369_2021-08.xls,ok,xls,40448,f97148a81bc7d4833b0cfdb61c6b0e5c1872b5053687e4ec1bd1ce737819c1f1,2026-09-22T23:12:11Z
SBS,B-2369,2021-09,https://intranet2.sbs.gob.pe/estadistica/financiera/2021/Setiembre/B-2369-se2021.XLS,data/raw/sbs/B-2369/B-2369_2021-09.xls,ok,xls,40448,a5ba68aed64f6bae94b9c85e11f34551123949b6ba108107e48cf6803911c399,2026-09-22T23:12:11Z
SBS,B-2369,2021-10,https://intranet2.sbs.gob.pe/estadistica/financiera/2021/Octubre/B-2369-oc2021.XLS,data/raw/sbs/B-2369/B-2369_2021-10.xls,ok,xls,40448,3a241fa2d5b7ea76407b343cbf9aba5007ef001e8547e7df397638065167f5e1,2026-09-22T23:12:11Z
SBS,B-2369,2021-11,https://intranet2.sbs.gob.pe/estadistica/financiera/2021/Noviembre/B-2369-no2021.XLS,data/raw/sbs/B-2369/B-2369_2021-11.xls,ok,xls,40960,bcf64552850701992cea4f8180fba63fba767cd12a200cd0ca0d1e5d85c2194a,2026-09-22T23:12:12Z
SBS,B-2369,2021-12,https://intranet2.sbs.gob.pe/estadistica/financiera/2021/Diciembre/B-2369-di2021.XLS,data/raw/sbs/B-2369/B-2369_2021-12.xls,ok,xls,40960,700457b772c94d0821370059285d65f2de03dd65bfb593b31be50889f8c58eca,2026-09-22T23:12:12Z
SBS,B-2369,2022-01,https://intranet2.sbs.gob.pe/estadistica/financiera/2022/Enero/B-2369-en2022.XLS,data/raw/sbs/B-2369/B-2369_2022-01.xls,ok,xls,40448,6e64d1bcdc738c400472f6b10dda10dd302c65bf3be726fb66da97012ca6d217,2026-09-22T23:12:12Z
SBS,B-2369,2022-02,https://intranet2.sbs.gob.pe/estadistica/financiera/2022/Febrero/B-2369-fe2022.XLS,data/raw/sbs/B-2369/B-2369_2022-02.xls,ok,xls,40448,535da38387b9416c4c6748a3c5ca0ceca205db9f56c66f924a3b5a22915af4b6,2026-09-22T23:12:12Z
SBS,B-2369,2022-03,https://intranet2.sbs.gob.pe/estadistica/financiera/2022/Marzo/B-2369-ma2022.XLS,data/raw/sbs/B-2369/B-2369_2022-03.xls,ok,xls,40960,7f363f6f015b6e35b26c82ead34784c9432b9e1efefe35f05a37e314cf597e63,2026-09-22T23:12:12Z
SBS,B-2369,2022-04,https://intranet2.sbs.gob.pe/estadistica/financiera/2022/Abril/B-2369-ab2022.XLS,data/raw/sbs/B-2369/B-2369_2022-04.xls,ok,xls,40960,91261457ff01ecdc8e8049c0ef48f874989fdb360088e1669f26cfe814e1cd78,2026-09-22T23:12:13Z
SBS,B-2369,2022-05,https://intranet2.sbs.gob.pe/estadistica/financiera/2022/Mayo/B-2369-my2022.XLS,data/raw/sbs/B-2369/B-2369_2022-05.xls,ok,xls,40960,8fc7606a3fa0220a1fb7b358d61a08c8fdbabf4818842124531eae53723719bb,2026-09-22T23:12:13Z
SBS,B-2369,2022-06,https://intranet2.sbs.gob.pe/estadistica/financiera/2022/Junio/B-2369-jn2022.XLS,data/raw/sbs/B-2369/B-2369_2022-06.xls,ok,xls,40448,1f26de1a760ea3beb42b99a12577cc4ff6c634a9bbd25ccbd9135ac4384ce145,2026-09-22T23:12:13Z
SBS,B-2369,2022-07,https://intranet2.sbs.gob.pe/estadistica/financiera/2022/Julio/B-2369-jl2022.XLS,data/raw/sbs/B-2369/B-2369_2022-07.xls,ok,xls,40960,46562f2fff2a989d5d87eb902897bb5d1c113ba8649f9e70a0e0b9dfb1bf04ac,2026-09-22T23:12:13Z
SBS,B-2369,2022-08,https://intranet2.sbs.gob.pe/estadistica/financiera/2022/Agosto/B-2369-ag2022.XLS,data/raw/sbs/B-2369/B-2369_2022-08.xls,ok,xls,40960,03c058f365fa6db48577721211103d2663cab4fd78b2715428572b8976a71ed2,2026-09-22T23:12:14Z
SBS,B-2369,2022-09,https://intranet2.sbs.gob.pe/estadistica/financiera/2022/Setiembre/B-2369-se2022.XLS,data/raw/sbs/B-2369/B-2369_2022-09.xls,ok,xls,40960,2ab8717379432e82b3b687d73013f7b88d612d658298ec6676ab57ab777f0b31,2026-09-22T23:12:14Z
SBS,B-2369,2022-10,https://intranet2.sbs.gob.pe/estadistica/financiera/2022/Octubre/B-2369-oc2022.XLS,data/raw/sbs/B-2369/B-2369_2022-10.xls,ok,xls,40960,59eb86dc9122dc12674bbf21ccdaf37bc7eb33e8850c72ecd1c95336ef0fc3ae,2026-09-22T23:12:14Z
SBS,B-2369,2022-11,https://intranet2.sbs.gob.pe/estadistica/financiera/2022/Noviembre/B-2369-no2022.XLS,data/raw/sbs/B-2369/B-2369_2022-11.xls,ok,xls,40960,1858596abb14c49ecc319dac9e1bb4a7970168c2b8404440f3cd0ef909530126,2026-09-22T23:12:14Z
SBS,B-2369,2022-12,https://intranet2.sbs.gob.pe/estadistica/financiera/2022/Diciembre/B-2369-di2022.XLS,data/raw/sbs/B-2369/B-2369_2022-12.xls,ok,xls,40960,2445b1ec89bb567d8ce975ec238956983c2f85c493d52630c765c7ab8beb46b2,2026-09-22T23:12:15Z
SBS,B-2369,2023-01,https://intranet2.sbs.gob.pe/estadistica/financiera/2023/Enero/B-2369-en2023.XLS,data/raw/sbs/B-2369/B-2369_2023-01.xls,ok,xls,40960,93ce667b7213043836a9f0245a70fb83bb0848354fc67c579407503bc59ebb3f,2026-09-22T23:12:15Z
SBS,B-2369,2023-02,https://intranet2.sbs.gob.pe/estadistica/financiera/2023/Febrero/B-2369-fe2023.XLS,data/raw/sbs/B-2369/B-2369_2023-02.xls,ok,xls,40960,6ca9a01ad2e2c8e55c01a2c546613b7be622a23998c0d17eb6ee5e61fa65fd8f,2026-09-22T23:12:15Z
SBS,B-2369,2023-03,https://intranet2.sbs.gob.pe/estadistica/financiera/2023/Marzo/B-2369-ma2023.XLS,data/raw/sbs/B-2369/B-2369_2023-03.xls,ok,xls,40960,cb928f617cc11c98c664c11776d9573e919c1befcaa21eac40674a3790a62c64,2026-09-22T23:12:15Z
SBS,B-2369,2023-04,https://intranet2.sbs.gob.pe/estadistica/financiera/2023/Abril/B-2369-ab2023.XLS,data/raw/sbs/B-2369/B-2369_2023-04.xls,ok,xls,40960,22410a218b9bd785818aa442aefac07e82690854a6e1bd7ce3728109d3631b55,2026-09-22T23:12:15Z
SBS,B-2369,2023-05,https://intranet2.sbs.gob.pe/estadistica/financiera/2023/Mayo/B-2369-my2023.XLS,data/raw/sbs/B-2369/B-2369_2023-05.xls,ok,xls,43008,6326de4fcaa6454b38298721e6874a3b4cfa5c955170b12fe1a487068a197f0a,2026-09-22T23:12:16Z
SBS,B-2369,2023-06,https://intranet2.sbs.gob.pe/estadistica/financiera/2023/Junio/B-2369-jn2023.XLS,data/raw/sbs/B-2369/B-2369_2023-06.xls,ok,xls,41984,9eaa9e4e15412672648546813eb6acf140ea83a1bef9ea0a8bc864b81735353d,2026-09-22T23:12:16Z
SBS,B-2369,2023-07,https://intranet2.sbs.gob.pe/estadistica/financiera/2023/Julio/B-2369-jl2023.XLS,data/raw/sbs/B-2369/B-2369_2023-07.xls,ok,xls,40960,9ba0783c48cc8b8711d25beafdf2e714c612cd873e18518cb3e52682926467cd,2026-09-22T23:12:16Z
SBS,B-2369,2023-08,https://intranet2.sbs.gob.pe/estadistica/financiera/2023/Agosto/B-2369-ag2023.XLS,data/raw/sbs/B-2369/B-2369_2023-08.xls,ok,xls,40960,fcba82f23030a67c19397900ca9f3c594751cc12a9549efa65a09388cbd27b51,2026-09-22T23:12:16Z
SBS,B-2369,2023-09,https://intranet2.sbs.gob.pe/estadistica/financiera/2023/Setiembre/B-2369-se2023.XLS,data/raw/sbs/B-2369/B-2369_2023-09.xls,ok,xls,40960,2c404e2ca4a449d8858eaa971cd3c5ddccdd3147b9232c40dca95d5af158032d,2026-09-22T23:12:17Z
SBS,B-2369,2023-10,https://intranet2.sbs.gob.pe/estadistica/financiera/2023/Octubre/B-2369-oc2023.XLS,data/raw/sbs/B-2369/B-2369_2023-10.xls,ok,xls,40960,0511056419316d074b9dbfe62471858c4469912a28589640206b447e8e44b890,2026-09-22T23:12:17Z
SBS,B-2369,2023-11,https://intranet2.sbs.gob.pe/estadistica/financiera/2023/Noviembre/B-2369-no2023.XLS,data/raw/sbs/B-2369/B-2369_2023-11.xls,ok,xls,40960,d3a2b3d3273c9d2c57e3ec5a38f7e6a5e9c2d7ff26ef94e29fb90cdcec275152,2026-09-22T23:12:17Z
SBS,B-2369,2023-12,https://intranet2.sbs.gob.pe/estadistica/financiera/2023/Diciembre/B-2369-di2023.XLS,data/raw/sbs/B-2369/B-2369_2023-12.xls,ok,xls,40960,02a09052a83cc1bce54375ed496a9425dad24f77f91582b898733041fdedb19d,2026-09-22T23:12:17Z
SBS,B-2369,2024-01,https://intranet2.sbs.gob.pe/estadistica/financiera/2024/Enero/B-2369-en2024.XLS,data/raw/sbs/B-2369/B-2369_2024-01.xls,ok,xlsx,18323,64a6aaad062e2e6b15e0857c40f475ca6b075b535079c2914427345294dd601e,2026-09-22T23:12:18Z
SBS,B-2369,2024-02,https://intranet2.sbs.gob.pe/estadistica/financiera/2024/Febrero/B-2369-fe2024.XLS,data/raw/sbs/B-2369/B-2369_2024-02.xls,ok,xlsx,18340,99084acee03c1613be3d716e1908b8da8e0a2f8afb4265806d23f97977f7c88b,2026-09-22T23:12:18Z
SBS,B-2369,2024-03,https://intranet2.sbs.gob.pe/estadistica/financiera/2024/Marzo/B-2369-ma2024.XLS,data/raw/sbs/B-2369/B-2369_2024-03.xls,ok,xlsx,18302,0a1302937bac55c4e3994c4e5e642025df2fb1e88df5139620b694b6a7387583,2026-09-22T23:12:18Z
SBS,B-2369,2024-04,https://intranet2.sbs.gob.pe/estadistica/financiera/2024/Abril/B-2369-ab2024.XLS,data/raw/sbs/B-2369/B-2369_2024-04.xls,ok,xlsx,18374,64ba52bb5aac932ebc7767774236a276a441810e49bcaed9d950d7a5e22b19a2,2026-09-22T23:12:18Z
SBS,B-2369,2024-05,https://intranet2.sbs.gob.pe/estadistica/financiera/2024/Mayo/B-2369-my2024.XLS,data/raw/sbs/B-2369/B-2369_2024-05.xls,ok,xlsx,18304,17e24f64e6fc7ac8736372786a73a4ef295769bcb2bc4d72ae91dfedce15a3c0,2026-09-22T23:12:18Z
SBS,B-2369,2024-06,https://intranet2.sbs.gob.pe/estadistica/financiera/2024/Junio/B-2369-jn2024.XLS,data/raw/sbs/B-2369/B-2369_2024-06.xls,ok,xlsx,18370,a634549f55fb9d9c855ac03bc5b82a3463581b4cc9c97d4fdeca51aad64e36ca,2026-09-22T23:12:19Z
SBS,B-2369,2024-07,https://intranet2.sbs.gob.pe/estadistica/financiera/2024/Julio/B-2369-jl2024.XLS,data/raw/sbs/B-2369/B-2369_2024-07.xls,ok,xlsx,18290,0ac228c487c03bee4e05b9e293ad28dcf9af1fc37c08db7f7861fecc18587d23,2026-09-22T23:12:19Z
SBS,B-2369,2024-08,https://intranet2.sbs.gob.pe/estadistica/financiera/2024/Agosto/B-2369-ag2024.XLS,data/raw/sbs/B-2369/B-2369_2024-08.xls,ok,xlsx,18342,baaa5cd99af0cb59a8fa9aa3664cbb066002f8ee02561a924f0317ff32d884b5,2026-09-22T23:12:19Z
SBS,B-2369,2024-09,https://intranet2.sbs.gob.pe/estadistica/financiera/2024/Setiembre/B-2369-se2024.XLS,data/raw/sbs/B-2369/B-2369_2024-09.xls,ok,xlsx,18301,d7e7b32cba62319f26cfa37f4de8c3324e670ee36cd8f60f28560cf600d9ece1,2026-09-22T23:12:19Z
SBS,B-2369,2024-10,https://intranet2.sbs.gob.pe/estadistica/financiera/2024/Octubre/B-2369-oc2024.XLS,data/raw/sbs/B-2369/B-2369_2024-10.xls,ok,xlsx,18310,1d0c44d5e2032d6bc3be4aa6a9932197bc4984ce1ad9ba102ec37dcdce357913,2026-09-22T23:12:20Z
SBS,B-2369,2024-11,https://intranet2.sbs.gob.pe/estadistica/financiera/2024/Noviembre/B-2369-no2024.XLS,data/raw/sbs/B-2369/B-2369_2024-11.xls,ok,xlsx,18275,6e6a10553a0b4f16b07ccf1c3ec29c56372431c06f6ea01f6e831afc0dbfa13e,2026-09-22T23:12:20Z
SBS,B-2369,2024-12,https://intranet2.sbs.gob.pe/estadistica/financiera/2024/Diciembre/B-2369-di2024.XLS,data/raw/sbs/B-2369/B-2369_2024-12.xls,ok,xlsx,18297,8716b4757c13284244c7f84ed862a6c458f3c719472034ac4b0dee5c49559c21,2026-09-22T23:12:20Z
SBS,B-2369,2025-01,https://intranet2.sbs.gob.pe/estadistica/financiera/2025/Enero/B-2369-en2025.XLS,data/raw/sbs/B-2369/B-2369_2025-01.xls,ok,xlsx,18223,5d8d7940958274be7a50fc0d8c8f080969702e62648d33665576e976fbe68b59,2026-09-22T23:12:20Z
SBS,B-2369,2025-02,https://intranet2.sbs.gob.pe/estadistica/financiera/2025/Febrero/B-2369-fe2025.XLS,data/raw/sbs/B-2369/B-2369_2025-02.xls,ok,xlsx,18283,0f21217ae643f80ebd1f2c90cc2e0e5b4af45e703ac3b0fe4402eff7d3c55b3e,2026-09-22T23:12:20Z
SBS,B-2369,2025-03,https://intranet2.sbs.gob.pe/estadistica/financiera/2025/Marzo/B-2369-ma2025.XLS,data/raw/sbs/B-2369/B-2369_2025-03.xls,ok,xlsx,18350,669d6a29f6f57beb3cb2f944c0ca15f4efeede8cdb319d01e45997917d1f2ba4,2026-09-22T23:12:21Z
SBS,B-2369,2025-04,https://intranet2.sbs.gob.pe/estadistica/financiera/2025/Abril/B-2369-ab2025.XLS,data/raw/sbs/B-2369/B-2369_2025-04.xls,ok,xlsx,18293,26adbc7eacdb51fc23ba05d2c982e3646c2c8c04c13d5daba9e66c9c18b5697c,2026-09-22T23:12:21Z
SBS,B-2369,2025-05,https://intranet2.sbs.gob.pe/estadistica/financiera/2025/Mayo/B-2369-my2025.XLS,data/raw/sbs/B-2369/B-2369_2025-05.xls,ok,xlsx,18242,228f85cec74434d8a86cf48b623b5d414e8cbc5085b4d77ef14cbcaeccf1ac10,2026-09-22T23:12:21Z
SBS,B-2369,2025-06,https://intranet2.sbs.gob.pe/estadistica/financiera/2025/Junio/B-2369-jn2025.XLS,data/raw/sbs/B-2369/B-2369_2025-06.xls,ok,xlsx,18323,35513d3d9c835fead4548e2f68a3e8837f75e3ae21bf4677a9cfdd2d02cc341e,2026-09-22T23:12:21Z
SBS,B-2369,2025-07,https://intranet2.sbs.gob.pe/estadistica/financiera/2025/Julio/B-2369-jl2025.XLS,data/raw/sbs/B-2369/B-2369_2025-07.xls,ok,xlsx,18200,50368a07f912155a89aa55960fda0bbf3d85fb8e963d1e546c3b1c3be4c09e60,2026-09-22T23:12:21Z
SBS,B-2369,2025-08,https://intranet2.sbs.gob.pe/estadistica/financiera/2025/Agosto/B-2369-ag2025.XLS,data/raw/sbs/B-2369/B-2369_2025-08.xls,ok,xlsx,18243,36e3260b74c7586ffbf9e55fdc5812612b5fb05e0573043c1f5f79e7016135a2,2026-09-22T23:12:22Z
SBS,B-2369,2025-09,https://intranet2.sbs.gob.pe/estadistica/financiera/2025/Setiembre/B-2369-se2025.XLS,data/raw/sbs/B-2369/B-2369_2025-09.xls,ok,xlsx,18338,6f71712836e4760f74562e3daefffed2407ad07073f9b88933acf7773f27df0c,2026-09-22T23:12:22Z
SBS,B-2369,2025-10,https://intranet2.sbs.gob.pe/estadistica/financiera/2025/Octubre/B-2369-oc2025.XLS,data/raw/sbs/B-2369/B-2369_2025-10.xls,ok,xlsx,18204,07e2d8a96050b47974478c0299f3c5f8dc092e84e652f3d0d283e4a4e34e0148,2026-09-22T23:12:22Z
SBS,B-2369,2025-11,https://intranet2.sbs.gob.pe/estadistica/financiera/2025/Noviembre/B-2369-no2025.XLS,data/raw/sbs/B-2369/B-2369_2025-11.xls,ok,xlsx,18322,df5743e2b7dd29111eefcde208fb56b02e9f322bc9d91916a1194f45db27a300,2026-09-22T23:12:22Z
SBS,B-2369,2025-12,https://intranet2.sbs.gob.pe/estadistica/financiera/2025/Diciembre/B-2369-di2025.XLS,data/raw/sbs/B-2369/B-2369_2025-12.xls,ok,xlsx,18417,5d8ae06543ed7c79d5d93469f849386e82b4e90b5948dd1f92904795ee36b5ff,2026-09-22T23:12:23Z
SBS,B-2369,2026-01,https://intranet2.sbs.gob.pe/estadistica/financiera/2026/Enero/B-2369-en2026.XLS,data/raw/sbs/B-2369/B-2369_2026-01.xls,ok,xls,38912,9685f867d05c63929af933f8aaf21ca151f5d3535ec0410a4fde309c20119b7d,2026-09-22T23:12:23Z
SBS,B-2369,2026-02,https://intranet2.sbs.gob.pe/estadistica/financiera/2026/Febrero/B-2369-fe2026.XLS,data/raw/sbs/B-2369/B-2369_2026-02.xls,ok,xls,42496,095ede917ca8a0e6325160c7d90ced4baae4fb380e4c4e896b124cd9b4282424,2026-09-22T23:12:23Z
SBS,B-2369,2026-03,https://intranet2.sbs.gob.pe/estadistica/financiera/2026/Marzo/B-2369-ma2026.XLS,data/raw/sbs/B-2369/B-2369_2026-03.xls,ok,xls,38400,901d3e0b9c4642f59ffe18fe8d1c9663061e30b0095084d277d78755ae5dc27d,2026-09-22T23:12:23Z
SBS,B-2369,2026-04,https://intranet2.sbs.gob.pe/estadistica/financiera/2026/Abril/B-2369-ab2026.XLS,data/raw/sbs/B-2369/B-2369_2026-04.xls,ok,xls,38400,fe33210fa817d16d672c742967921e8f83dca69f9a348d7fe9926c89c69bfde3,2026-09-22T23:12:24Z
SBS,B-2369,2026-05,https://intranet2.sbs.gob.pe/estadistica/financiera/2026/Mayo/B-2369-my2026.XLS,data/raw/sbs/B-2369/B-2369_2026-05.xls,ok,xls,38400,81b0085de32f6ac5a9ffb49e71bdee8ee53800266b75adf9295713e23b822e53,2026-09-22T23:12:24Z
SBS,B-2369,2026-06,https://intranet2.sbs.gob.pe/estadistica/financiera/2026/Junio/B-2369-jn2026.XLS,data/raw/sbs/B-2369/B-2369_2026-06.xls,ok,xls,40448,594af05638fb223793691f3bc91b39fd1dc87b0bf311aad2ee58975fbe7c75c6,2026-09-22T23:12:24Z
SBS,B-2369,2026-07,https://intranet2.sbs.gob.pe/estadistica/financiera/2026/Julio/B-2369-jl2026.XLS,data/raw/sbs/B-2369/B-2369_2026-07.xls,ok,xls,41472,e5b9d308b2bd47b538079dea1a6045ef64aca6bdc65f07e55334384f1f2a4af2,2026-09-22T23:12:24Z
